index,success,abs_start_detected,abs_start_fitted,samples_subtracted,alignment_correlation,integer_alignment_correlation,fractional_delay_samples,fitted_cfo_hz,global_gain,phr_gain,payload_gain,frame_suppression_db,clipped_component_count,fcs_pass,message
1,1,108989,108989,227565,0.987359027322978,0.97470772551142,-0.12,-1675.75561857836,99.412543489859-4413.11089698126i,0.855895239212527-0.00588851881945474i,0.872593024011217-0.0314129146414084i,14.6175855896699,0,1,
2,1,487459,487459,227565,0.986670376318761,0.915809423172934,0.36,-1651.8125964175,1051.60134587766+4381.85580099018i,0.849345824210776-0.0233611607959332i,0.873621863582672-0.0271325799096309i,14.219921261321,0,1,
3,1,865930,865930,227565,0.98684657670353,0.962532728468526,-0.2,-1664.70639357724,-1913.57033095988-4015.87297508743i,0.856172754069827-0.0157456848049064i,0.870702466560801-0.0391648027721526i,14.5506940533174,0,1,
4,1,1244401,1244401,227565,0.986591547472387,0.933666115702273,-0.31,-1683.5786033045,3188.51548068825+3165.14289539468i,0.851479760170068-0.0144017743344544i,0.874781171274295-0.0139196853081104i,14.3303289683517,0,1,
5,1,1622871,1622871,227565,0.987787230393431,0.968334758440188,0.17,-1678.35057936096,-3735.3942102532-2393.52208713313i,0.853044303556406+0.00328051174543559i,0.878469413489726-0.0270756320274582i,14.5231151772248,0,1,
6,1,2001342,2001342,227565,0.985768007694831,0.905735357974014,-0.38,-1681.78622585552,4216.06970156914+1607.62414785584i,0.850339072261555-0.00577496734842775i,0.867288631059585-0.0342418204369524i,14.2147013062555,0,1,
7,1,2379812,2379812,227565,0.987805064971353,0.978629368691573,-0.11,-1656.98799634509,-4329.35227276983-869.717183286997i,0.857176767077669-0.0364290661604537i,0.878188003119929-0.0314028567069429i,14.6720508389215,0,1,
8,1,2758282,2758282,227565,0.986422394277026,0.949578440399859,0.25,-1659.47505330465,4464.04760632596+199.783213867583i,0.8518867850801-0.00984799596289037i,0.869249909842755-0.0342890409601291i,14.4047284629096,0,1,
9,1,3136753,3136754,227565,0.980801264106902,0.898893077389904,-0.4,-1643.61664468217,-3930.61729868913+2136.12259885308i,0.837054802605834-0.041193554328304i,0.859771409723768-0.0395488250005537i,13.1764780373697,0,1,
10,1,3515224,3515224,227565,0.98728424607124,0.977445808410299,-0.0999999999999999,-1683.91695325937,3392.97633242984-2822.89192927463i,0.857417190465849-0.00276783373965588i,0.881828124077413-0.0217192638064594i,14.6645453909909,0,1,
11,1,3893694,3893694,227565,0.987714371189917,0.981525835283909,0.0599999999999999,-1650.72542809682,-3202.05741528287+3023.66239388744i,0.855678607270334-0.00814217361134956i,0.871266980154968-0.0392343805965681i,14.6027470117956,0,1,
12,1,4272165,4272165,227565,0.985793287145293,0.85858447450227,-0.48,-1660.7958771211,2503.79595153924-3772.5214499402i,0.849398499426085-0.0324376466514676i,0.871969232910691-0.0282913664586944i,14.1961796539444,0,1,
13,1,4650635,4650635,227565,0.987401342973151,0.982417865374156,0,-1648.88015993569,-1538.96987012984+4123.57071467501i,0.857893295217355-0.0447060557618379i,0.879596337058545-0.0605922776379543i,14.7960325326672,0,1,
14,1,5029105,5029105,227565,0.985691336459775,0.877979589601657,0.44,-1644.50069370225,722.748243486282-4464.39383895116i,0.846718518170151-0.024485441250575i,0.864696483401641-0.0438545982737636i,14.0341634956217,0,1,
15,1,5407576,5407576,227565,0.986005794286774,0.921689583993828,0.34,-1695.80385056734,981.391391222893+4392.24721855722i,0.847256339500524-0.014874054807633i,0.867070620566807-0.00576135303994359i,14.1761741203301,0,1,
16,1,5786047,5786047,227565,0.987130913813571,0.959198629767751,-0.22,-1628.52758175818,-1958.12858985756-4001.87825835084i,0.853818346969425-0.0280742128547175i,0.874940021115692-0.0468656347328981i,14.5788383054087,0,1,
17,1,6164517,6164517,227565,0.987420315327401,0.966048935973743,-0.18,-1653.15171589881,1971.07294107082+3980.18840666702i,0.855697724898818-0.0259799630615172i,0.877195986639495-0.0384370497083712i,14.5952346490917,0,1,
18,1,6542987,6542987,227565,0.986344190122304,0.935898276675666,0.3,-1651.74538367532,-2737.37606995216-3556.99601295707i,0.850870439917949-0.0138359966063174i,0.867382470254157-0.0334774090290382i,14.3110614538227,0,1,
19,1,6921458,6921458,227565,0.987624290858314,0.97297312270248,-0.14,-1656.21943323631,3539.97595503678+2659.8400665819i,0.856969965943051-0.0263241777629466i,0.879092831460353-0.0402588442112555i,14.7727367962073,0,1,
20,1,7299929,7299929,227565,0.986063547514793,0.909788557088672,-0.37,-1660.38677180705,-4296.28331243092-1372.60785011538i,0.850904282602144-0.0163110779019062i,0.864525398453439-0.0549538403444835i,14.1935512724148,0,1,
21,1,7678399,7678399,227565,0.986834764780777,0.954557757403112,0.24,-1649.87064158295,4464.52069714162+119.989561519214i,0.851781807812463-0.01961454493459i,0.868818926816598-0.0382949885381331i,14.4531224723446,0,1,
22,1,8056870,8056870,227565,0.986783558331033,0.930543212833654,-0.32,-1688.49756060308,-4465.61504955566+522.502064927748i,0.852737047846494-0.0332671607355683i,0.874761675889506-0.0448486222614192i,14.3827840731822,0,1,
23,1,8435340,8435340,227565,0.987304476699467,0.97016550754703,0.16,-1652.52440395584,4094.52056020578-1702.74834998087i,0.854594402645182-0.0406636376247455i,0.876681238106193-0.0535474868454893i,14.5866614393823,0,1,
24,1,8813811,8813811,227565,0.98664587215099,0.901345430602089,-0.4,-1650.41302480722,-3692.19103134482+2601.25109086122i,0.848946632374402-0.0352167583447977i,0.864403192510783-0.0684651656227851i,14.1598402433226,0,1,
25,1,9192281,9192281,227565,0.987046123194839,0.951962351833988,-0.25,-1681.5550371376,3495.225691611-2782.92930561222i,0.854438951327002-0.0200910285964077i,0.869914899694459-0.0344691135547188i,14.4573158497824,0,1,
26,1,9570751,9570751,227565,0.987028363904746,0.953787573709018,0.24,-1655.86411924718,-2727.57591017421+3532.98983923177i,0.853368087652443-0.00849590265740634i,0.876004529108987-0.0335011965154594i,14.4945228299276,0,1,
27,1,9949222,9949223,227565,0.982436380492032,0.87207064539796,-0.46,-1679.86872119762,735.519481180517-4432.1900331361i,0.839859084137979-0.0245450012317139i,0.859220148144327-0.0358854773241139i,13.3703054024292,0,1,
28,1,10327693,10327693,227565,0.986335747322714,0.88829254210619,-0.42,-1650.71949448106,-432.497705422634+4500.17297846702i,0.850265775431087-0.0571011361568917i,0.871643774205152-0.0439859845263823i,14.2067415599564,0,1,
29,1,10706163,10706163,227565,0.987828846383807,0.981760103277275,0.0399999999999999,-1662.40819288834,-602.56335639252-4361.24153736285i,0.856614964732382-0.0105860972787508i,0.881159719418683-0.00864148463273874i,14.698552410232,0,1,
30,1,11084634,11084634,227565,0.985379593922725,0.85048899043143,-0.5,-1656.21836766068,1531.01292223599+4238.47044342535i,0.847306572468589-0.0201697942424885i,0.862849598632842-0.0375579125552875i,14.0947246459176,0,1,
31,1,11463104,11463104,227565,0.987488676618908,0.982385495307712,-0.0399999999999999,-1679.93014342038,-2269.93784521992-3745.84822095137i,0.858125339995697-0.0313115737818469i,0.870603083454514-0.0485440961380439i,14.6759979037981,0,1,
32,1,11841575,11841575,227565,0.987599331301917,0.97082718540518,-0.15,-1656.91652376208,3698.05537084973+2404.0625969002i,0.855757490479175-0.0312936015970264i,0.876089835062585-0.034451608792552i,14.6992901856072,0,1,
33,1,12220045,12220045,227565,0.987759730120152,0.961839805380121,0.21,-1672.9357098556,-3973.49995347672-1963.76462419039i,0.852623278936862+0.0101454341778941i,0.876963546106874-0.0371639843007001i,14.5202854051074,0,1,
34,1,12598516,12598516,227565,0.986659330768677,0.956471492098595,-0.23,-1664.62944049446,4369.44420875009+789.712018501736i,0.856081531045582-0.0235960915421758i,0.871411415272555-0.0335036910981516i,14.4737770555942,0,1,
35,1,12976986,12976986,227565,0.987163393294679,0.980767865945816,-0.0699999999999999,-1675.16068681904,-4354.59724417543-537.846406882211i,0.85794137494612-0.0141755771469244i,0.880980937926851-0.00438002032153033i,14.7212256526224,0,1,
36,1,13355456,13355456,227565,0.985569786841939,0.896684595091145,0.4,-1654.6146182937,4466.21777125534-518.564889484932i,0.849177415825153-0.0351036511181301i,0.865391257978614-0.0376344487960616i,14.1352475874724,0,1,
37,1,13733927,13733927,227565,0.98705025356542,0.967020120147996,0.18,-1662.95182896019,-4002.18541523276+1913.17605317278i,0.855045586831631-0.0100867653905727i,0.870873845697065-0.0323742145216716i,14.5111662313019,0,1,
38,1,14112398,14112398,227565,0.987034018759673,0.948123660421876,-0.26,-1657.30963470828,3424.76699785377-2876.585091207i,0.852688694829663-0.012984887820931i,0.875042169263004-0.0442470507599203i,14.4776717822982,0,1,
39,1,14490868,14490868,227565,0.987333756880295,0.957402287294435,0.22,-1660.51119318938,-2706.32044353821+3541.90507019858i,0.852974229478319-0.00457604043081342i,0.869450387471839-0.021138206579644i,14.4988412325351,0,1,
40,1,14869339,14869339,227565,0.98624951501206,0.923517460414879,-0.34,-1677.57200293378,2097.90421638864-3984.871929459i,0.850226757255858-0.0133652695415176i,0.872041627102957-0.026622281136223i,14.2801699433309,0,1,
41,1,15247809,15247809,227565,0.985940993409786,0.932879271378693,-0.31,-1634.62982590777,-1741.59793087836+4139.28372258398i,0.852803108831817-0.0345543647673168i,0.875600174261414-0.0553109217787852i,14.3828786400643,0,1,
42,1,15626279,15626279,227565,0.986608355179949,0.936542918463367,0.3,-1649.77804094437,739.731104095666-4426.30236324234i,0.849132867070437+0.00640028156965997i,0.866669015660224-0.0354561455175259i,14.2463245730778,0,1,
43,1,16004750,16004750,227565,0.986757104550276,0.948296122306355,-0.26,-1670.36758833459,116.38261708118+4469.76832775135i,0.854172799156654-0.0332150741572045i,0.874678079430471-0.0202646717293259i,14.3898130510395,0,1,
44,1,16383220,16383220,227565,0.987020665174485,0.956633622886185,0.22,-1653.82838102731,-1027.37924144812-4334.88303806034i,0.853028917911744-0.00287251496843462i,0.870384970706345-0.0283114253701309i,14.3829775555009,0,1,
45,1,16761691,16761691,227565,0.987064528885395,0.967329011664628,0.18,-1645.74887349329,2759.82447364163+3479.54511609806i,0.854255970771993+0.00524894094574133i,0.870831751393538-0.0270769976518495i,14.5092338765578,0,1,
46,1,17140162,17140162,227565,0.9859877586778,0.881129121827109,-0.44,-1663.93591087388,-3332.60572193513-3061.94528081669i,0.848555432217475-0.0365139706411165i,0.871837298947114-0.0593487595386768i,14.1457489429147,0,1,
47,1,17518632,17518632,227565,0.987287916323667,0.968475771021744,-0.17,-1664.67164234327,3688.45937745427+2470.64300954966i,0.855370007497135-0.0219432356373183i,0.877835063875247-0.027544179845378i,14.5489800960953,0,1,
48,1,17897102,17897102,227565,0.98640836772745,0.911388937382704,0.37,-1672.42666517318,-4148.65803333905-1773.08948905471i,0.848605873191148+0.00676977827489273i,0.866272499296293-0.0298167073951238i,14.1161049161695,0,1,
49,1,18275573,18275573,227565,0.984235625648639,0.876625984653513,0.45,-1676.78960304276,3183.24858924853-3189.32818386697i,0.839302223544757-0.0199878855026136i,0.860810904742123-0.0156639448300285i,13.6536846987347,0,1,
50,1,18654044,18654044,227565,0.98712601900458,0.96860997306947,-0.17,-1676.41046000753,-4231.6670838533+1340.85715640085i,0.856394879032008-0.0114216893795499i,0.876559511851077-0.0261099674579009i,14.6647844559686,0,1,
51,1,19032514,19032514,227565,0.986711315802944,0.947914091625369,-0.26,-1651.7665176331,4283.2067063404-1294.17573387975i,0.853337060248476-0.0327177031474288i,0.86935738637371-0.0452132027909595i,14.482655830405,0,1,
52,1,19410984,19410984,227565,0.986290908979909,0.921334224356249,0.34,-1675.54398433133,-3971.14642367337+2119.67322265954i,0.848769917109603+0.0172402917211944i,0.873804209337855-0.0216346561502776i,14.1769282255126,0,1,
53,1,19789455,19789455,227565,0.987569084548663,0.979380933629963,-0.0899999999999999,-1646.86966476521,3156.30766133091-3084.71638712047i,0.857270598812008-0.0206045325180253i,0.878741582364926-0.0499371593785441i,14.6900925108502,0,1,
54,1,20167925,20167925,227565,0.986456524093595,0.94624546893296,0.27,-1665.43694290155,-2700.29599877443+3568.82978941003i,0.851283366322966-0.0268478175510703i,0.867869247972484-0.054414226369517i,14.3290959660698,0,1,
55,1,20546396,20546396,227565,0.986298023507569,0.941869056269148,0.28,-1652.78448173265,798.448474953366-4409.43688109551i,0.849809083217243-0.0151886551924376i,0.865422580044968-0.037723697024556i,14.3390364373162,0,1,
56,1,20924866,20924866,227565,0.987251969016566,0.964859596430585,0.19,-1644.43294307329,-813.727730221409+4370.33705760145i,0.852070562285827-0.0160824595880874i,0.87511525583103-0.0495538723437142i,14.5207816825232,0,1,
57,1,21303337,21303337,227565,0.986861990072817,0.960162338587183,0.21,-1648.63987706983,-1124.43459690703-4309.65295462957i,0.85361770413246-0.026333549684886i,0.874981923107804-0.0492824758494303i,14.5203051011686,0,1,
58,1,21681807,21681807,227565,0.986517349395359,0.955021438832607,0.24,-1672.89072298499,1139.61131516546+4318.33503381234i,0.851774335114425-0.0103758045297531i,0.869395741644178-0.0179124901645179i,14.420223027363,0,1,
59,1,22060278,22060278,227565,0.987247927866937,0.96264155351672,-0.2,-1681.45798341277,-2280.90676253557-3820.61997940477i,0.855272123726244-0.0293543362287479i,0.877653188234206-0.0328635531507247i,14.5813505437755,0,1,
60,1,22438748,22438748,227565,0.98679454724641,0.941302884078681,0.28,-1668.18613923341,3121.8790283048+3214.44911385865i,0.851072631287968-0.00676527097097075i,0.870111707457673-0.027220457132421i,14.2846248695708,0,1,
61,1,22817219,22817219,227565,0.987163171787808,0.945064073197543,-0.28,-1661.81219484728,-3655.99721706054-2591.97379633784i,0.853475943510086-0.0170982440618703i,0.867381308327334-0.0568462341598801i,14.4209098086898,0,1,
62,1,23195690,23195690,227565,0.985999558715826,0.907098130249634,-0.38,-1659.94756669785,4425.22614980354+868.253978588525i,0.850098041797874-0.0423248096071103i,0.870520801105631-0.0653927883469653i,14.2437285409875,0,1,
63,1,23574160,23574160,227565,0.987507126867693,0.978834759649093,0.0999999999999999,-1654.8594712919,-4410.28332878094+42.6276162004052i,0.856673014268316-0.0193174015070939i,0.879936829938573-0.0177827093874971i,14.6317448312294,0,1,
64,1,23952630,23952631,227565,0.985689529549751,0.965715095759254,-0.17,-1677.95835199262,1981.3272170236-3965.57588266815i,0.851378989558188-0.017701981244628i,0.866536233252202-0.0508463803306268i,14.3760179709729,0,1,
65,1,24331101,24331101,227565,0.987515743627749,0.984012881652806,0,-1652.33742162735,-3892.99261441525+2047.93773507209i,0.856668907467042-0.00962896744559173i,0.873867361401076-0.00647907391005735i,14.5542570317025,0,1,
66,1,24709571,24709571,227565,0.987517746371371,0.967415839670007,0.18,-1643.62290211983,3813.63552398631-2274.28622151866i,0.853045343683107+0.0407300326503559i,0.878586082044959+0.00892798030608394i,14.5721359996707,0,1,
67,1,25088042,25088043,227565,0.981446172545823,0.86925037160413,-0.47,-1670.71419534042,-2214.19960227144+3893.00300920808i,0.836503309678045-0.0229315583645535i,0.859075093871685-0.0327988370999353i,13.0499613554734,0,1,
68,1,25466512,25466512,227565,0.985872614702177,0.898257394696891,0.4,-1659.03121853685,2081.04789055159-4008.26676530512i,0.848717740284481+0.00691087748065665i,0.871228192324874+0.00696980158034338i,14.152820545936,0,1,
69,1,25844983,25844983,227565,0.987572107134345,0.981655414750502,0,-1643.59476507455,-962.311415245307+4296.50640053009i,0.859315757297641-0.0231510779675675i,0.878170721755051-0.0415379478704447i,14.7874912285074,0,1,
70,1,26223453,26223453,227565,0.986120854198732,0.877791495670698,0.45,-1682.42331153685,249.241937476608-4520.9855901189i,0.848464309091535-0.0289515800414939i,0.864700559235617-0.022172849928113i,14.0934560826563,0,1,
71,1,26601924,26601924,227565,0.98768110680072,0.976375899559327,-0.11,-1648.95710414521,818.694179199419+4340.2713788805i,0.855213962196843-0.0332864723206893i,0.877955361912555-0.0479509510874717i,14.6735391230048,0,1,
72,1,26980395,26980395,227565,0.987055838920977,0.95970676109541,-0.21,-1647.76983685497,-2522.9005412092-3667.1542018961i,0.856928689549965-0.027316928555363i,0.868886695850097-0.0480043050278335i,14.575583892724,0,1,
73,1,27358865,27358865,227565,0.987518773022969,0.947284268822529,0.27,-1681.32594131885,3133.28953191374+3195.06142525787i,0.850942475652436-0.0177574081094534i,0.867409664329954-0.0278822235646896i,14.3305367198229,0,1,
74,1,27737336,27737336,227565,0.986582279941892,0.938108076983275,-0.29,-1679.7736350386,-3677.4420581444-2562.6432864659i,0.853341925761139-0.0131744025925643i,0.874718477050474-0.0387518986991726i,14.4485773063534,0,1,
75,1,28115806,28115806,227565,0.986664611910866,0.963115617277202,0.19,-1691.0462475192,4096.92466255386+1716.26692638936i,0.852992961138264+0.00552079368227315i,0.870159610969459-0.00883471871262609i,14.465169067543,0,1,
76,1,28494276,28494276,227565,0.986363032067619,0.921577681522664,0.34,-1674.90710979287,-4331.17143210343-1216.75306800947i,0.84764143897312+0.0259227807345564i,0.873228735219221-0.00847267881546885i,14.1153089389519,0,1,
77,1,28872747,28872747,227565,0.986581096826123,0.959272989152426,-0.22,-1672.32393345008,4448.25355952529+221.926792442914i,0.853640589946537-0.0108984132456157i,0.876466791769742-0.0333052373426595i,14.4661822897024,0,1,
78,1,29251218,29251218,227565,0.985902066201807,0.852642622990539,-0.5,-1664.98445314504,-4370.43810456175+1186.3496766468i,0.847324131873821-0.00874170117196613i,0.865189501804527-0.0477754702431088i,14.0716312574727,0,1,
79,1,29629688,29629688,227565,0.986827145591784,0.97030097860101,0.16,-1653.06989388729,3683.29275712277-2467.63993509124i,0.85306928360343-0.0128855312894761i,0.871124520188877-0.0309012973189323i,14.5428536718096,0,1,
80,1,30008159,30008159,227565,0.986049758079339,0.90103097409772,-0.4,-1664.59670309174,-3216.5189085478+3171.3258113129i,0.847949638408-0.0123332588772919i,0.873431362150959-0.0269316353085201i,14.143904029796,0,1,
81,1,30386629,30386629,227565,0.985726404502496,0.912119086328952,-0.37,-1654.20962630527,3133.14465383256-3242.71203324842i,0.849859122009423-0.0152975639957821i,0.872824993200523-0.04681449479873i,14.2285284522167,0,1,
82,1,30765099,30765099,227565,0.986837731397116,0.953905759409688,0.24,-1654.98337067297,-2153.64760729049+3908.77576173394i,0.852765054576891-0.00685785092288796i,0.870154351111394-0.0266957022642999i,14.3866054385397,0,1,
83,1,31143570,31143570,227565,0.986774660247882,0.932210528968155,0.31,-1652.7188398542,30.9826019257349-4490.00984074096i,0.848506874233189-0.0277981681504922i,0.87367815252212-0.022139703539953i,14.2841022132119,0,1,
84,1,31522040,31522040,227565,0.987652875940835,0.970830732741784,0.16,-1667.30967992044,-445.819894080803+4411.01425592714i,0.855341262900314-0.0197480066760767i,0.871331461968805-0.0345034389052926i,14.5057135584843,0,1,
85,1,31900511,31900511,227565,0.987726286117785,0.979393544480374,-0.0899999999999999,-1656.83912032026,-1026.74034230394-4291.34864523987i,0.856773603647155-0.0167925721714977i,0.870903853239582-0.0510219566647969i,14.6765737961814,0,1,
86,1,32278982,32278982,227565,0.986026461904631,0.851516920330729,-0.5,-1669.64745905492,2075.01204257987+4023.41341425146i,0.848031014849258-0.0136601737053939i,0.871122559235395-0.0384218890388846i,14.1033105050141,0,1,
87,1,32657452,32657452,227565,0.987594221569393,0.981023134450522,-0.0399999999999999,-1682.05306025155,-2728.58323493076-3453.08794639383i,0.856727816524528-0.0191525741840159i,0.880291355192798-0.0405200175008584i,14.7637537644429,0,1,
88,1,33035922,33035922,227565,0.985908426488538,0.885358470101363,0.43,-1685.84372802673,3589.62240526959+2749.22579712294i,0.848682444838618-0.00284268341255453i,0.8644948366543-0.0164647413507767i,14.0901975690152,0,1,
89,1,33414393,33414393,227565,0.984852651631033,0.96208199125393,0.19,-1653.70837009504,-3922.08408998001+2041.63309524752i,0.842400290971112-0.0210192650681995i,0.861626509374609-0.0469093272022599i,13.7415710344714,0,1,
90,1,33792864,33792864,227565,0.987020865110722,0.955514142307681,-0.23,-1674.86734112631,4458.33879433797+102.516796931636i,0.854992875155031-0.0229449046379037i,0.875171344903203-0.036641956385781i,14.5913140083114,0,1,
91,1,34171334,34171334,227565,0.987238760218519,0.950724695521992,0.25,-1691.2804527182,-4395.86830194176+780.509114487402i,0.84900085934918+0.0313287923056909i,0.866852360828284+0.0243815815252697i,14.3365889575309,0,1,
92,1,34549805,34549805,227565,0.986501973309102,0.933533793178353,-0.31,-1658.32219369756,4112.17311535941-1795.23641431633i,0.852551925871823-0.0328745563982056i,0.875230773102338-0.0499372100090125i,14.3642638130636,0,1,
93,1,34928275,34928275,227565,0.987294686256156,0.970798615183471,-0.15,-1678.51348170373,-3958.46767067622+1990.85349487225i,0.858568127852324-0.0110769228822847i,0.877796005283489-0.0502090866788651i,14.7408372512972,0,1,
94,1,35306745,35306745,227565,0.987646162925155,0.962662559874917,0.2,-1676.79360306813,3581.95242071452-2633.85713544752i,0.851942502017239-0.00776788877261307i,0.870553087257728+0.00156662233473484i,14.4155983269496,0,1,
95,1,35685216,35685216,227565,0.986678026650519,0.956127684382293,-0.23,-1666.07478821002,-2714.88217446763+3538.61918198902i,0.855626381262129-0.0181299002506659i,0.870158329264527-0.0267788085958816i,14.4928561922938,0,1,
96,1,36063687,36063687,227565,0.986296247209394,0.923755305391582,-0.34,-1644.84306451706,1091.68889993645-4367.31120471997i,0.851108975510672-0.0338320173237947i,0.874159773705645-0.0422884082257869i,14.4120699206944,0,1,
97,1,36442157,36442157,227565,0.987781093156749,0.972557244879925,0.14,-1674.84322965389,-266.664732580605+4419.6208372062i,0.855209076732982+0.00405617370815701i,0.878314526009126-0.0161200421218105i,14.6506891265993,0,1,
98,1,36820627,36820627,227565,0.987181813681322,0.966893601524433,0.17,-1664.50425174236,201.83502827335-4431.08896857939i,0.852244553883916-0.0438442608759176i,0.8681959296667-0.0674728982646832i,14.4667987523883,0,1,
99,1,37199098,37199098,227565,0.986781224147051,0.947771988269071,-0.26,-1663.01227892935,981.683321135375+4363.13881348588i,0.85317305217956-0.0471460236500476i,0.875854581868641-0.0370649994338862i,14.5185510452627,0,1,
100,1,37577568,37577568,227565,0.987069048867115,0.958029699276272,0.22,-1673.67315739192,-1792.95976248018-4078.73541565063i,0.852983663023321-0.0172531949876532i,0.86775378577862-0.0240386601583464i,14.3394641157674,0,1,
101,1,37956039,37956039,227565,0.98574360669015,0.922181953505993,-0.34,-1667.12974513523,2705.65210640856+3596.53225493933i,0.850409507226611-0.0277694721925691i,0.867139254832821-0.0490271118674708i,14.2500230700078,0,1,
102,1,38334509,38334509,227565,0.98542858266964,0.877533907242173,0.44,-1678.79676640048,-3758.17184346009-2517.13150405876i,0.846805797712396+0.0135139130463896i,0.872374167683501-0.0121875874105619i,14.0916312730808,0,1,
103,1,38712980,38712980,227565,0.987145059218979,0.983188408016959,0,-1670.79155022434,4139.85368709093+1474.82305631263i,0.855061040391392-0.0170512095976321i,0.869868063984486-0.0154768654856612i,14.3380955184766,0,1,
104,1,39091451,39091450,227565,0.985810835197137,0.856072096063859,0.49,-1659.32517476667,-4509.99054041854-411.139351161033i,0.849674810912737-0.0170531078632165i,0.871841357585703-0.0373605713966836i,14.1275602059818,0,1,
105,1,39469921,39469921,227565,0.987658259758658,0.981169240816571,-0.0599999999999999,-1634.97217757977,4356.12914399618-656.493076708678i,0.855012444952995-0.0490810434773385i,0.878411749440026-0.0677665762386069i,14.7228632613711,0,1,
106,1,39848391,39848391,227565,0.987671623382567,0.977572559198232,0.11,-1626.25491381297,-4286.14440530967+1062.41317444371i,0.854208878087734-0.027396650883463i,0.870714364293953-0.0388373842261459i,14.5801105659953,0,1,
107,1,40226862,40226862,227565,0.982970642216324,0.884980558143096,0.43,-1667.22827877667,3391.88470925554-2936.98013010587i,0.836939473682949-0.0263370481180215i,0.865598343665262-0.0634227047906205i,13.2888842493855,0,1,
108,1,40605333,40605333,227565,0.986536781757029,0.952379587608086,-0.25,-1668.31764370005,-2543.07795543286+3675.1522254343i,0.851126323625144-0.0236815116507375i,0.869609497008442-0.0269678005241346i,14.4489732882937,0,1,
109,1,40983803,40983803,227565,0.987878779095172,0.977017146678782,0.11,-1665.30112490725,1846.21381121338-4013.08332034955i,0.856297048002196+0.00539734176976601i,0.871392326827308-0.0251991622840258i,14.6227489242984,0,1,
110,1,41362273,41362273,227565,0.986432246392154,0.903842129040164,0.39,-1650.26231217717,-1266.29552867846+4332.83554345896i,0.850229526175134-0.0221645137300585i,0.872056343058948-0.0572510302798758i,14.190303731144,0,1,
111,1,41740744,41740744,227565,0.987728226688528,0.968003129019444,-0.17,-1641.03778001848,393.99581081484-4420.10735745455i,0.855769982641398-0.0223865126996156i,0.878348602193677-0.0488079813435588i,14.6146672623541,0,1,
112,1,42119215,42119214,227565,0.986045945787151,0.855295303943498,0.49,-1662.06787475529,785.818580698532+4459.77076314156i,0.848856529643806-0.0391527744406275i,0.86297256078195-0.0630642736380268i,14.0733044407017,0,1,
113,1,42497685,42497685,227565,0.986966395746651,0.961735048919919,0.2,-1641.3262071364,-2162.4578018795-3889.52691165938i,0.851660720940755+0.00585829877818265i,0.867767910445329-0.031716279402097i,14.4962035427205,0,1,
114,1,42876156,42876156,227565,0.98647100053995,0.918093216634232,-0.35,-1685.4785797739,2728.78836760109+3586.49705707706i,0.850622339830953+0.020412522401733i,0.872692767995495-0.0153281231551817i,14.3216099122881,0,1,
115,1,43254626,43254626,227565,0.983468504828491,0.889308856768163,0.42,-1683.85410407373,-3567.45980355844-2726.76730425451i,0.838382300074112-0.0274243451240916i,0.859527057585109-0.0201911078125918i,13.3893802868761,0,1,
116,1,43633096,43633096,227565,0.986294986119224,0.941136384810936,0.28,-1636.34128533153,3652.39371669472+2592.05560532391i,0.850407743420088-0.0373566997506936i,0.873798126795295-0.0468687507722157i,14.3173200759942,0,1,
117,1,44011567,44011567,227565,0.987268329189944,0.977696116267624,-0.0899999999999999,-1656.45663468085,-4146.32377124977-1508.20378687306i,0.857338211003778-0.00729373921306593i,0.879867456312367-0.0222305259705604i,14.7211959753397,0,1,
118,1,44390037,44390037,227565,0.986770700426301,0.961247895369602,0.21,-1627.46704737045,4356.94837765306+912.232402787646i,0.852569775044809-0.0420063058034762i,0.868160491149041-0.050181275209127i,14.4547836663063,0,1,
119,1,44768508,44768508,227565,0.988397238917774,0.98373686142536,-0.0399999999999999,-1662.82527912988,-4375.07768815229+504.575163539271i,0.858616809668487+0.016286153347747i,0.877758958516374-0.0138299888288259i,14.7527761203499,0,1,
120,1,45146979,45146979,227565,0.985987519907866,0.87380348113323,-0.45,-1677.00677765018,4200.58339690337-1688.40806815917i,0.84918742987529-0.0117723635878659i,0.865132898811069-0.0190526219048427i,14.1295049814932,0,1,
121,1,45525449,45525449,227565,0.987355538492035,0.983844983164484,0,-1642.03911224128,-3592.00355533111+2540.83828258801i,0.857486606407677-0.00467255465056719i,0.872056418897126-0.0382905244060215i,14.7022256413633,0,1,
122,1,45903920,45903919,227565,0.986079759889173,0.864666294626309,0.47,-1643.14611004132,3041.13867568259-3353.88508269238i,0.847396190278877-0.0414848310902735i,0.870414555594957-0.049504954581531i,14.1208650643506,0,1,
123,1,46282390,46282390,227565,0.986133203033976,0.906416161836351,-0.38,-1657.70018558558,-2815.94190966778+3529.37687382893i,0.849199647153685-0.0397547356318992i,0.864576631672364-0.0400798839355828i,14.1726948458213,0,1,
124,1,46660860,46660860,227565,0.987950438273345,0.97901818079007,0.0999999999999999,-1679.190592965,1944.37504058462-3965.29395620886i,0.854116306785501+0.00499859327171608i,0.878058037935395-0.0205250576635411i,14.6518127126777,0,1,
125,1,47039331,47039331,227565,0.981523551136623,0.874750392814297,0.45,-1655.39275977599,442.518808526722+4456.83939775657i,0.83411745521724-0.0161485970967202i,0.862405557723067-0.0546558897056459i,13.0452703481191,0,1,
126,1,47417802,47417802,227565,0.986459903568611,0.905985575765769,-0.38,-1665.15921445761,-939.669322383598-4415.88524356064i,0.849952194683866-0.012111210165127i,0.864851620522037-0.0420512193110251i,14.2107625204565,0,1,
127,1,47796272,47796272,227565,0.987768999142612,0.976969237925048,-0.11,-1655.59488659544,1596.63645301965+4119.28065616164i,0.856106159375756-0.0221999396609217i,0.870515503334985-0.0294899093561896i,14.6283811268719,0,1,
128,1,48174742,48174742,227565,0.97801235068286,0.852687744208808,0.5,-1662.6607220003,-3050.17627036747-3254.43779452235i,0.832131606377821-0.0204239980571708i,0.859558560940796-0.0556588589392505i,12.5648676478888,0,1,
129,1,48553213,48553213,227565,0.98688446851396,0.972603372951528,0.14,-1674.18100603173,3555.55713467283+2637.03533079121i,0.854042813742424-0.0250479122355737i,0.877717081096128-0.00860906169193276i,14.5703780083952,0,1,
130,1,48931684,48931684,227565,0.986853040545437,0.939269103191314,-0.29,-1641.25327524945,-4244.8680058964-1452.62141036182i,0.850144534159661+0.00025724123873382i,0.865849482368219-0.0601816526359263i,14.3579397587599,0,1,
131,1,49310154,49310154,227565,0.987148766322196,0.963322071221847,0.19,-1645.45008418172,4413.55578389992+539.350686072329i,0.853015851650685+0.000520888067594715i,0.876190689306853-0.0291894880895892i,14.6146840328491,0,1,
132,1,49688625,49688625,227565,0.986429045246017,0.912325281636394,-0.37,-1655.1893385302,-4496.86894879338+346.191840933365i,0.849089651071396-0.0286361971103895i,0.866417162029084-0.0449334621839122i,14.2327305067381,0,1,
133,1,50067095,50067095,227565,0.987163778978127,0.959925720032681,-0.22,-1637.04703608432,4398.95812787901-706.762563819839i,0.853827219961174-0.0281548309037811i,0.868454503549622-0.0500578930233669i,14.4715277889366,0,1,
134,1,50445565,50445565,227565,0.987136030786016,0.946711743364352,0.27,-1680.06153736118,-4281.26318233123+1308.40369978676i,0.851101174559745+0.0082307129810993i,0.873585891392826+0.00324245110213056i,14.348425201816,0,1,
135,1,50824036,50824036,227565,0.986450778429451,0.93928694564204,-0.29,-1666.37348783442,3834.89412022009-2325.08611507181i,0.853763929370329-0.00903213181540375i,0.867821261807748-0.0437878371634667i,14.4063248148334,0,1,
136,1,51202506,51202506,227565,0.987109759970722,0.964868023814352,0.19,-1647.1238356933,-3200.26126289849+3084.34753577778i,0.852121786744954-0.021492618889338i,0.876080480084454-0.0519112544681891i,14.5559042365068,0,1,
137,1,51580977,51580977,227565,0.987942662818669,0.980228545960536,0.0799999999999999,-1666.91472669931,1764.32660560713-4041.43088510046i,0.856409442238111-0.0063917337667916i,0.878824694177808-0.0218674024993475i,14.7978046238526,0,1,
138,1,51959448,51959448,227565,0.985498201439202,0.866543752386657,-0.47,-1655.856730533,-812.633809942016+4455.39032239797i,0.8501664092849-0.00703641276480569i,0.864255274166714-0.0115873048945331i,14.1190031020541,0,1,
139,1,52337918,52337918,227565,0.987662582902984,0.982400867770271,0,-1677.66638302108,-10.5489882041131-4402.5922016046i,0.856581769740184+0.0026931475103569i,0.880547512028179-0.030871921758449i,14.7620614587407,0,1,
140,1,52716388,52716388,227565,0.987220993262801,0.970940449169355,0.16,-1636.52429983333,484.217687923722+4408.34038547595i,0.853897912164026-0.0332763002554342i,0.869924175186265-0.030147623920086i,14.5576132316681,0,1,
141,1,53094859,53094859,227565,0.987644567888177,0.980481862133725,-0.0899999999999999,-1667.30528336258,-1752.16441159162-4051.41565408038i,0.857277029809495-0.0304550218518288i,0.869807952468434-0.0330051530514794i,14.6869236460438,0,1,
142,1,53473329,53473329,227565,0.987160592812464,0.979256088817024,0.0799999999999999,-1677.92023921186,1984.59670219126+3936.97517777431i,0.856766179649322+0.0257429953581975i,0.879599493145332+0.00292972725078609i,14.6485054336816,0,1,
143,1,53851800,53851800,227565,0.987326028258494,0.981989936164433,-0.0399999999999999,-1648.10449976717,-3468.0032863821-2712.4109850378i,0.855571809979438-0.0202788675196351i,0.878128406657221-0.0536888150721056i,14.6776320795787,0,1,
144,1,54230270,54230270,227565,0.985469646773041,0.886026874443141,0.43,-1668.89735586555,4005.47832040176+2101.62992971244i,0.848899942373638-0.0249497764950981i,0.862572900249123-0.0429286980138716i,14.1013700346958,0,1,
145,1,54608741,54608741,227565,0.987322836773013,0.975345842077683,-0.12,-1653.60060016942,-4257.59873957029-1193.8492352671i,0.856984794801271+0.00102580318802863i,0.871585383931037-0.0469695992510055i,14.643514191819,0,1,
146,1,54987212,54987212,227565,0.986383643510815,0.919462472399435,-0.35,-1659.88033900589,4474.95635108827-529.632697956111i,0.85208007862747-0.0244654443382801i,0.872382319936318-0.0429054836072737i,14.3531464200433,0,1,
147,1,55365682,55365682,227565,0.985927421408217,0.954643777417518,0.23,-1669.21770165569,-2184.1363167075+3879.33020320467i,0.848426815234842+0.013265860418506i,0.865724962965226-0.0327743315554998i,14.1173514491024,0,1,
148,1,55744152,55744152,227565,0.986704948820363,0.942205562675297,0.28,-1669.48989547192,4227.32594576418-1484.39054975267i,0.852765660267799-0.000976907033341922i,0.873940423368434-0.0146436633639129i,14.3197176410531,0,1,
149,1,56122623,56122623,227565,0.985731006408183,0.899555030608405,-0.4,-1678.01497952914,-3962.8502084046+2166.68147317333i,0.8505360550296-0.00977208684945256i,0.871224448708453-0.0345792397674059i,14.2062106226026,0,1,
150,1,56501093,56501093,227565,0.986461673398812,0.927609442581906,0.33,-1676.78559638405,3075.70160409295-3283.01446571422i,0.849988801639909-0.0124609861786849i,0.868195703920813-0.0102274468211369i,14.2861627408473,0,1,
151,1,56879564,56879564,227565,0.986964805469369,0.955020763702244,-0.23,-1667.43365443441,-2245.44120904664+3855.53871832022i,0.854179148176467+0.0140149121595682i,0.869283820465436-0.00433727358679092i,14.5277300083106,0,1,
152,1,57258034,57258034,227565,0.98656586028311,0.94978004231917,0.25,-1678.58272820794,1570.76125701404-4184.53231333092i,0.850078571261183+0.0119545147865463i,0.87582808157349-0.00314792158843553i,14.4102823520561,0,1,
153,1,57636505,57636505,227565,0.986877571540936,0.93363769833482,-0.31,-1669.61629417497,-765.852174463506+4425.09196660199i,0.852608450599648-0.00576017133680616i,0.876001031814942-0.0213529494405304i,14.3703206303037,0,1,
154,1,58014976,58014976,227565,0.986123171186802,0.895393048768066,-0.41,-1665.05647206013,-1074.69642272772-4389.7822228654i,0.849728997574343-0.00166424364868044i,0.865444498605662-0.0286001606447824i,14.2162491360666,0,1,
155,1,58393446,58393446,227565,0.987546592815119,0.980672310862325,0.0599999999999999,-1668.04068984601,1814.85013691367+4013.24776499531i,0.856393087210512-0.0406298440498762i,0.879488362163726-0.0181612667964663i,14.6728474070982,0,1,
156,1,58771917,58771917,227565,0.986432688209952,0.861607652010253,-0.48,-1663.03531079769,-2688.12793226486-3647.1429939119i,0.848892181240903-0.00208467107361283i,0.864200112500264-0.0375609010889287i,14.1766428425057,0,1,
157,1,59150387,59150387,227565,0.986240048653858,0.923874936993247,-0.33,-1671.93656504449,3031.51560856801+3322.82909832729i,0.852053890319251-0.00705903655836021i,0.869622801709063-0.0341388055204692i,14.2996151796815,0,1,
158,1,59528857,59528857,227565,0.987021969019362,0.971991581585543,0.14,-1659.98943476526,-3541.42478485338-2653.96180997034i,0.854989044620011-0.00228824663444907i,0.880180557124227-0.018188897439913i,14.5987561273398,0,1,
159,1,59907328,59907328,227565,0.980218232368197,0.885538763188743,0.43,-1686.64557025564,4403.18376679067+753.065900273518i,0.835389691483803-0.0390991749785765i,0.863821118444298-0.0278263051099545i,12.8616916765308,0,1,
160,1,60285799,60285798,227565,0.986714869576855,0.858846128772488,0.49,-1678.1619547916,-4522.82915943594-248.432104341817i,0.848373424551167-0.0119209037256786i,0.865068812759692-0.0299114210432901i,14.0884859863663,0,1,
161,1,60664269,60664269,227565,0.987167063002359,0.981397572327089,-0.0599999999999999,-1660.92460131812,4352.23631816362-681.496500940505i,0.857608083987653-0.0346719371546933i,0.87158763862996-0.0420641550059845i,14.6160741439288,0,1,
162,1,61042739,61042739,227565,0.986407588853045,0.891628510964255,0.42,-1666.43889117976,-4202.9385753153+1670.01603038106i,0.847970417248607-0.026145575569517i,0.871207924537592-0.0546456051211275i,14.1996950035961,0,1,
163,1,61421210,61421210,227565,0.987002203753737,0.963153715413996,0.19,-1657.9503832585,3269.38990737807-3012.86230934907i,0.852095500721498-0.0115945802629i,0.869367757317018-0.0292696640923493i,14.5089981068835,0,1,
164,1,61799680,61799680,227565,0.987063773341849,0.981604791799459,0,-1680.02231707633,-3561.07239029946+2577.86067456465i,0.856146095004593+0.00629629702243596i,0.880146934219895+0.0103494013746423i,14.5013652349617,0,1,
165,1,62178151,62178151,227565,0.982295636462783,0.901729827872124,0.39,-1694.47634115983,1597.51779499986-4178.85454462227i,0.835668189248124-0.0314999147974778i,0.865493596585958-0.0217950190169454i,13.2465153978594,0,1,
166,1,62556622,62556622,227565,0.986499269039812,0.928880849648716,-0.32,-1677.91822064609,-561.780034804338+4459.54377337427i,0.852037168470082-0.00409293169137219i,0.867773842384753-0.014712586436378i,14.3399137909226,0,1,
167,1,62935092,62935092,227565,0.987543097926126,0.968269516620342,-0.17,-1640.61190911627,217.849005249119-4432.94327851265i,0.855659948210529-0.024155324195634i,0.878950683623295-0.0343427456116686i,14.7608949867226,0,1,
168,1,63313562,63313562,227565,0.986006420193764,0.931292477352126,0.31,-1656.1993198739,672.992378362774+4439.44642462905i,0.850109538025932-0.0339425343630209i,0.866459882419637-0.0468906285085663i,14.2639597501424,0,1,
169,1,63692033,63692033,227565,0.987627658313875,0.979335247125898,0.0799999999999999,-1650.28362126676,-2235.18912504758-3802.03257895977i,0.856567155994784-0.0205930072105024i,0.871796149961335-0.041961816008021i,14.6974556673467,0,1,
170,1,64070503,64070503,227565,0.986968704464509,0.954184686748569,0.24,-1666.06878677975,2336.69036636009+3805.01255458632i,0.852755772180992-0.0254357750833395i,0.872664423608643-0.0577432473812807i,14.3918165705909,0,1,
171,1,64448974,64448974,227565,0.987692383122596,0.975592162413909,0.13,-1647.16755665661,-3752.5851750736-2342.30975138224i,0.857187020633912+0.000273553260768759i,0.871425098254247-0.0368126124206507i,14.6165527284678,0,1,
172,1,64827445,64827445,227565,0.986426500758402,0.888254640665055,-0.42,-1663.17150711229,4192.98034387616+1699.17903033049i,0.849203448370034-0.035560594821453i,0.872141218071238-0.041465577781503i,14.2468904479821,0,1,
173,1,65205915,65205915,227565,0.987749824740773,0.980722791778738,0.0399999999999999,-1670.08181998087,-4308.78456728607-903.906337624867i,0.857142591025875-0.0162595948499541i,0.879493158160653-0.023977318791291i,14.6806471901583,0,1,
174,1,65584385,65584385,227565,0.986944938350587,0.961063777634028,0.21,-1641.56834570875,4420.15979474608+540.277352864765i,0.854975245798556-0.010779619450182i,0.869200597149318-0.0359567814586772i,14.5463340639775,0,1,
175,1,65962856,65962856,227565,0.98641699904892,0.918990932630693,-0.35,-1660.36003615356,-4488.25165266972+377.388614794809i,0.851739238383029-0.0175977654180402i,0.866647829086556-0.0298357155488716i,14.2737121211355,0,1,
176,1,66341326,66341326,227565,0.985565910600853,0.933409864522933,0.31,-1674.24624792301,4245.80307035482-1457.37943587102i,0.850736941558471-0.016905491736463i,0.873905808400926-0.0185595166488479i,14.2423328423938,0,1,
177,1,66719797,66719797,227565,0.987564120940818,0.982363477974701,0,-1664.50371110436,-3444.22342192994+2735.57677104781i,0.856047281086982-0.0310032614401807i,0.878300286641119-0.0616298732059073i,14.631384993378,0,1,
178,1,67098267,67098267,227565,0.985825948160392,0.91445092444165,0.36,-1650.09984848925,3059.61503337412-3310.08517974973i,0.849683518656763-0.0250689697824265i,0.865153931323922-0.0472224603001075i,14.225243457241,0,1,
179,1,67476738,67476738,227565,0.987348227141401,0.979480011600738,-0.0699999999999999,-1647.76681805936,-1950.11979828382+3952.54461720791i,0.858220045113739-0.0201246731529919i,0.879412636090611-0.0297999705245522i,14.6949952964057,0,1,
180,1,67855208,67855209,227565,0.985078993084138,0.969161790760778,-0.15,-1670.92386880427,-2600.85457802665-3567.05319327509i,0.844513479314446-0.022594030776329i,0.86460640649942-0.00853303792566815i,13.8982591436131,0,1,
181,1,68233679,68233679,227565,0.987066963574191,0.981790917093802,0,-1646.24606259796,287.839052624213+4392.57285999668i,0.859310671724916-0.0175753570262611i,0.874026273343488-0.0423049931811635i,14.8298733286726,0,1,
182,1,68612149,68612149,227565,0.987556459619257,0.982127209987501,0,-1640.17784934249,-192.952572762225-4392.49895958402i,0.858414944415455+0.0176905831673292i,0.88129091705648-0.0194779175665926i,14.6045776384907,0,1,
183,1,68990620,68990620,227565,0.986620271108404,0.938160809677024,-0.29,-1644.35232391769,1605.39524088759+4187.7174064938i,0.851419370296944-0.0447997086528098i,0.872866294729529-0.0572254465825075i,14.4283630364153,0,1,
184,1,69369090,69369090,227565,0.986930198576467,0.910793236191018,0.37,-1670.68815039453,-2603.3753070275-3682.14690435254i,0.847730154244493+0.00870494602126789i,0.862486179066497-0.0247068954434523i,14.1362976915372,0,1,
185,1,69747561,69747561,227565,0.987099156835955,0.965869872823901,-0.18,-1670.69032742676,3248.46003319204+3030.40030399881i,0.857570496879706-0.0342714870321404i,0.869928169562979-0.0303475552344894i,14.6554169483594,0,1,
186,1,70126032,70126032,227565,0.985899629497804,0.894241364856514,-0.41,-1669.85863077035,-4176.91708433937-1729.19727068761i,0.850421514419512-0.0189746188201821i,0.872165699375235-0.034239314933516i,14.175597317894,0,1,
187,1,70504502,70504502,227565,0.986592384607826,0.906925610110128,-0.38,-1666.24085263465,4224.47731572995+1593.30600985665i,0.850899308278345-0.0358814308548704i,0.865694269014355-0.0391033959316627i,14.2187800589756,0,1,
188,1,70882973,70882973,227565,0.986309989573156,0.912288087738003,-0.36,-1650.8923853799,-4484.17280285413+476.488609031464i,0.850228256716812-0.007982881757728i,0.873520932506988-0.032552422509039i,14.3047672128879,0,1,
189,1,71261443,71261443,227565,0.987814512751953,0.983765692427677,0,-1655.06968875348,4262.70821904565-1098.13790114021i,0.859106058786027+0.0121731735642739i,0.882006139323811-0.0322259733513752i,14.8055088060928,0,1,
190,1,71639913,71639913,227565,0.987434362339487,0.98149358144597,0,-1630.69803260102,-4266.53024136921+1071.26451462627i,0.856115051486565-0.0261145317792513i,0.871962375737175-0.0476727073101761i,14.5629628265497,0,1,
191,1,72018384,72018384,227565,0.986143559420372,0.939555964649781,-0.29,-1631.66396389968,3846.51132293005-2307.99805742624i,0.852298454842054-0.0246481090372955i,0.866280493810206-0.0659411174657896i,14.473837025501,0,1,
192,1,72396854,72396854,227565,0.987293514005136,0.96515936677999,0.19,-1675.39809759821,-3280.15219305864+3000.72377503538i,0.85290173226864-0.00671401194987426i,0.877011504529124-0.030708619856276i,14.4996733642738,0,1,
193,1,72775325,72775325,227565,0.986237176857227,0.911123268513285,-0.37,-1665.20690284117,2593.64949680701-3690.24183739138i,0.849360479334297-0.00342309469733926i,0.873854540212588-0.00459993729716127i,14.2214672758313,0,1,
194,1,73153796,73153796,227565,0.986319466337305,0.867855831313764,-0.47,-1678.89853652933,-975.236314902346+4421.99993326614i,0.848770129792181+0.00878928920174289i,0.864048559658789-0.0159274483430251i,14.0863200612956,0,1,
195,1,73532266,73532266,227565,0.985605562236133,0.880702471237821,-0.44,-1667.12914965807,742.561907075208-4463.99160040136i,0.850461661632546-0.0126169889238221i,0.869492079980575-0.0425140528752587i,14.1466774233467,0,1,
196,1,73910736,73910736,227565,0.98612653959123,0.871496423913377,0.46,-1655.361217957,1207.50346063856+4363.13824377531i,0.846614784862572+0.000992041146774239i,0.865102695163161-0.0378934960768947i,14.0805422525237,0,1,
197,1,74289207,74289207,227565,0.987866441389373,0.979777272134751,-0.0899999999999999,-1664.2340427466,-1939.50463227838-3965.54399807876i,0.857342969798419-0.000241691049700167i,0.871455341631822-0.0133931887643597i,14.7240020333251,0,1,
198,1,74667677,74667677,227565,0.987634141694873,0.979585925064106,0.0799999999999999,-1664.84386615373,2233.40423728989+3803.52233473478i,0.856352001550174-0.0162098325403675i,0.876886295391421-0.0440753325539943i,14.7272136468812,0,1,
199,1,75046148,75046148,227565,0.985866008336939,0.866431822342426,-0.47,-1679.35244960755,-3020.3239414388-3367.99436812005i,0.849869905860401-0.00627027865192422i,0.86398411103796-0.0191803586915274i,14.0599771973501,0,1,
200,1,75424618,75424618,227565,0.98726471506833,0.981029865273555,0,-1658.51201224217,3618.58418020299+2496.81833279126i,0.857885587318683-0.0210859074056572i,0.877408473647464-0.0541749146349302i,14.7940092193822,0,1,
201,1,75803089,75803089,227565,0.987409789295366,0.975519837848085,-0.12,-1689.61830650892,-4306.46776619099-1001.78671615928i,0.857060042759377+0.0307482092364702i,0.879220381467509-0.0100329045255618i,14.7266189032413,0,1,
202,1,76181559,76181559,227565,0.986244745928578,0.915751980687558,0.36,-1637.86236473402,4508.35836265188-57.5523807584308i,0.847654491175826+0.00997605412275206i,0.8646890285299-0.0184027958717276i,14.2313327114122,0,1,
203,1,76560030,76560030,227565,0.987484579476477,0.973050941094923,0.13,-1657.65205694168,-4170.94607791576+1470.69447231548i,0.852434803333435+0.0040525596625949i,0.878146461757022-0.0266110518092133i,14.7014161629763,0,1,
204,1,76938500,76938500,227565,0.988097354541945,0.982620539717735,-0.0399999999999999,-1655.77572493291,4216.29296447685-1264.08037247728i,0.857381957007763-0.0127493538589211i,0.872152725401709-0.0278016041283398i,14.7393973763488,0,1,
205,1,77316970,77316971,227565,0.984792851073343,0.940510707605862,0.28,-1681.67164057927,-3101.34577167789+3200.3523692317i,0.842193185437911-0.0135571667235546i,0.860535506891242-0.0221209036395197i,13.7060166677268,0,1,
206,1,77695442,77695442,227565,0.986009361201193,0.905554025770066,-0.38,-1654.23237160973,2208.18002866488-3934.62473869018i,0.851114563500466-0.0417528167055052i,0.868923805131945-0.0690922773019333i,14.2667937201546,0,1,
207,1,78073912,78073912,227565,0.987997612146808,0.978025214423325,0.0999999999999999,-1658.29432018884,-1435.38248298095+4172.36193449201i,0.854840806694868-0.0085925645732813i,0.879184629281692-0.0201553600782457i,14.7719438159415,0,1,
208,1,78452382,78452382,227565,0.986805571802682,0.94936641703287,0.25,-1672.59253640882,1380.83621229029-4249.11255856073i,0.848818370191537+0.00204205544142196i,0.866775938445591-0.0137333651299875i,14.2605517043454,0,1,
209,1,78830853,78830853,227565,0.987055392050212,0.933890602463154,-0.31,-1683.25657724684,-507.128334824605+4463.15859255917i,0.850259491079324-0.0238971393841156i,0.866763131486297-0.0253203458043057i,14.2723672236331,0,1,
210,1,79209323,79209323,227565,0.986877973632059,0.967333792051847,0.17,-1673.03939972275,-478.244766332253-4411.27260055615i,0.85282325212914-0.0279763350744135i,0.876501453571207-0.0507745995421265i,14.492556560904,0,1,
211,1,79587794,79587794,227565,0.987155180797122,0.981837995473818,0.0599999999999999,-1664.28226949322,2267.55994556265+3777.90091286516i,0.856202495113028-0.0431599168740341i,0.869818913486716-0.0697505803863293i,14.6109882696279,0,1,
212,1,79966265,79966265,227565,0.985762977724016,0.858931259111269,-0.48,-1640.94270056468,-3171.29113672051-3232.31492514953i,0.847371199039095-0.0379342716307781i,0.870584554546738-0.0491156955437912i,14.168247091567,0,1,
213,1,80344735,80344735,227565,0.987337906915704,0.977813443871931,0.11,-1667.59223639415,3776.51072602479+2292.83916116442i,0.855557036647435-0.0147972842590494i,0.878568755057631-0.0236159111888455i,14.711612080742,0,1,
214,1,80723205,80723205,227565,0.985912682219958,0.878102988975195,0.45,-1656.05872970948,-4116.99330383885-1880.70757657111i,0.847768422964304-0.0436779990141753i,0.86474824720558-0.0450741768164045i,14.1422580272813,0,1,
215,1,81101676,81101676,227565,0.985401303467792,0.893233751164124,-0.41,-1695.58239667888,4183.27106135658+1702.58710373586i,0.85121718890476-0.0120315022276559i,0.863309694534616-0.0331779537012073i,14.0835960080703,0,1,
216,1,81480146,81480146,227565,0.987514170992083,0.980200866237669,0.0599999999999999,-1649.75303995953,-4377.34746435054-500.546455519339i,0.857333099936999-0.000635004246084072i,0.876846093912232-0.0483584647456159i,14.6818550190132,0,1,
217,1,81858617,81858617,227565,0.98677326365556,0.965154487474842,-0.18,-1673.52030166935,4349.85386601106-895.300298745521i,0.855833493243896-0.0124951359207263i,0.878922137053971-0.0442643774042184i,14.6082156690591,0,1,
218,1,82237087,82237087,227565,0.986546289075324,0.936768581971885,0.3,-1677.25649415463,-4136.53594310286+1738.12518433835i,0.850510522844556+0.00234037447538313i,0.867411983461982-0.0350965722712795i,14.2818611938612,0,1,
219,1,82615558,82615558,227565,0.987910999912271,0.974317819585541,-0.13,-1656.80065398201,3423.1688319696-2802.65236978328i,0.858346527970758-0.0199628720429885i,0.877873142678542-0.0454357890576703i,14.7508286386627,0,1,
220,1,82994028,82994028,227565,0.986728975115853,0.957399745567945,0.22,-1653.94635973368,-3054.20240771481+3243.27713730508i,0.851477371115886-0.0342902190369731i,0.870530645780879-0.0350505762347189i,14.4252723924451,0,1,
221,1,83372499,83372498,227565,0.985754058573755,0.856609085825999,0.49,-1651.68275220147,2556.26626752931-3735.55973407381i,0.849164072128548-0.0267012555062411i,0.863946891589285-0.0466101639756439i,14.0768157842739,0,1,
222,1,83750969,83750969,227565,0.987251777401021,0.981777928083932,-0.0599999999999999,-1658.4055971975,-1705.51795474991+4059.22020647574i,0.857583382547022-0.00828238580829991i,0.879577304500857-0.0232974317891566i,14.7149539095272,0,1,
223,1,84129439,84129440,227565,0.984352877447552,0.940858625787576,0.27,-1657.42627601704,-598.160974060454-4412.90804784265i,0.840711818487838-0.0319764474873571i,0.869419135503288-0.0208310610766732i,13.7287505692732,0,1,
224,1,84507911,84507911,227565,0.986102220177905,0.900411915325169,-0.39,-1676.70172589932,1619.03204009444+4218.1701435494i,0.850567066440915-0.00736825387940053i,0.867271315724144-0.0177034025137698i,14.2103422329598,0,1,
225,1,84886381,84886381,227565,0.98705270604435,0.951110799724466,-0.25,-1687.97310392832,-1753.19836566833-4111.13451305336i,0.854634401043373-0.0175816245563389i,0.870026120197674-0.0354985178846198i,14.4579682057596,0,1,
226,1,85264852,85264852,227565,0.985641836244884,0.866667204291233,-0.47,-1665.91678272393,3224.80186235467+3174.90768446421i,0.849291882036186-0.0241134972002919i,0.874860644652851-0.0140167868101617i,14.1466709706146,0,1,
227,1,85643321,85643322,227565,0.979754206377376,0.932742560993787,-0.29,-1670.26006982141,-3789.71950476403-2298.22927959516i,0.835377432632335-0.0194941595428934i,0.857595360174978-0.0156659336649125i,12.8687210595477,0,1,
228,1,86021793,86021793,227565,0.986400099611972,0.887558322969683,-0.42,-1682.91107726248,4330.77985715292+1301.92793443118i,0.849329107051477-0.0173456482385i,0.868157468186865-0.0480385706874081i,14.1974407631542,0,1,
229,1,86400263,86400263,227565,0.986692270785152,0.943690168808082,-0.28,-1661.25764103174,-4339.61786516272-1070.05593087991i,0.850520699556317+0.00503143913251045i,0.872370328551767-0.0460069147058432i,14.3952775598833,0,1,
230,1,86778734,86778734,227565,0.985692957271086,0.85227000206089,-0.5,-1678.43887627924,4483.62547964877-441.066509926879i,0.84998383001367-0.00406185877576426i,0.865238171173046-0.0329615811594165i,14.1179323722188,0,1,
231,1,87157204,87157204,227565,0.987682321525171,0.981435051445148,-0.0399999999999999,-1652.37213325599,-4145.02208824726+1424.36143553845i,0.856649498510965-0.0113715775948647i,0.878459337167401-0.0478299026740088i,14.7512669140764,0,1,
232,1,87535674,87535674,227565,0.98756287318738,0.976216265820866,0.13,-1674.64701020633,4079.55728063623-1656.90153056457i,0.854322514460925-0.0158151980531323i,0.870502938733112-0.0378101419705073i,14.6004640739476,0,1,
233,1,87914144,87914144,227565,0.985525614668578,0.870778715237129,0.46,-1641.35043424959,-3792.01966933015+2431.0979030535i,0.846298153010581-0.036927079130914i,0.863850544345404-0.0472198812377403i,14.0547119536207,0,1,
234,1,88292615,88292615,227565,0.98721792721102,0.981347072940038,0.0399999999999999,-1677.06524280828,3143.35042189066-3053.56331485575i,0.857289989579632-0.0102654697917539i,0.878776053212962-0.0397949929949143i,14.7135148215937,0,1,
235,1,88671086,88671086,227565,0.986325913444737,0.852853905116617,-0.5,-1672.52652352987,-2400.1093970509+3815.87308542832i,0.846788380845892-0.0374440902192898i,0.864204558155075-0.0549949507574541i,14.1301194003142,0,1,
236,1,89049556,89049556,227565,0.986108143971802,0.897710372228375,0.4,-1672.74683132772,721.793514329963-4438.34926949111i,0.848816561799203-0.0109517055808531i,0.872414956723874-0.0377862001670138i,14.0832015925464,0,1,
237,1,89428026,89428026,227565,0.985118837890859,0.8819039682432,0.43,-1670.46602148559,-626.647314491692+4479.08602671437i,0.847129838925165-0.00992841764877806i,0.870736248594559-0.0127803376958042i,14.0962581263648,0,1,
238,1,89806497,89806497,227565,0.987008560843417,0.981950117309854,0,-1674.28537512786,-393.249461056496-4381.18412059158i,0.856355661969117-0.0433155296398396i,0.871807559080951-0.0458724706742931i,14.596251324763,0,1,
239,1,90184968,90184967,227565,0.985741246262921,0.863186683318019,0.47,-1668.62792648744,1420.42965292442+4298.73864102018i,0.846530320694455-0.00957280479214807i,0.865649723673295-0.0212456787856006i,14.0416700695959,0,1,
240,1,90563438,90563438,227565,0.98718944325505,0.980635426778436,-0.0699999999999999,-1669.36770270656,-2229.75659190807-3803.29568904092i,0.857283684416826+0.00193069307295058i,0.878450343645852-0.0114551312847023i,14.7147529258546,0,1,
241,1,90941908,90941909,227565,0.986454871365881,0.978863276255069,0.0499999999999999,-1648.16867475959,3848.97994459348+2132.03035704454i,0.848779101630106-0.0376372934521401i,0.872970985950817-0.0593307725943603i,14.3841232895748,0,1,
242,1,91320380,91320380,227565,0.982819007365323,0.967733406259993,-0.14,-1646.29106600864,-4277.24555691644-1041.14825015077i,0.840521863586388-0.0351220722164716i,0.861987418976851-0.0537825007500449i,13.5013347999021,0,1,
243,1,91698850,91698850,227565,0.986827507973432,0.9470524645219,-0.26,-1654.4597993598,4377.76287429352+925.333979931487i,0.853931212688416-0.0216722579404064i,0.874811842841605-0.033554040533014i,14.5554167153105,0,1,
244,1,92077320,92077320,227565,0.987313952824169,0.957819560021482,0.22,-1672.78652198929,-4456.4005882473-127.151173204845i,0.852696602073572-0.0148463050224359i,0.868891362744245-0.0148871698945252i,14.4140224918995,0,1,
245,1,92455790,92455791,227565,0.987104687124782,0.976759078019774,0.11,-1679.37003005935,1968.94172596275-3951.95777688226i,0.851589545634042-0.016087318295035i,0.869542740720304-0.0429309506609634i,14.3926599874347,0,1,
246,1,92834262,92834262,227565,0.986069851902697,0.881116402540411,-0.44,-1640.40222557516,-3570.68717938347+2781.49276289882i,0.84889157102921-0.0337884475299161i,0.871708925766979-0.0597866941850273i,14.2213578209482,0,1,
247,1,93212732,93212732,227565,0.985883308382958,0.895344599327059,-0.41,-1659.88479755149,3655.79736982795-2661.48522199876i,0.850177837708743-0.0236798400708934i,0.864355521987305-0.0461284214401486i,14.2293349572703,0,1,
248,1,93591202,93591202,227565,0.986883810354045,0.909986561176505,0.37,-1660.17434566493,-2528.08899336795+3736.20528565447i,0.848430477164371-0.0189668117333407i,0.872773761230274-0.0462557081246876i,14.2252894482589,0,1,
249,1,93969673,93969673,227565,0.986193231115505,0.912278368929264,-0.36,-1660.69222726238,2068.22625289706-4007.13914143728i,0.851689568721389-0.0232520719323438i,0.873570266522216-0.0176929953097936i,14.341804494032,0,1,
250,1,94348143,94348143,227565,0.986095377730695,0.891688132579218,0.42,-1670.72504270717,-714.129083273601+4465.81059286872i,0.847970960270741-0.0182652688819473i,0.864129023364295-0.0249366387492039i,14.1348351230841,0,1,
251,1,94726614,94726614,227565,0.985318002914097,0.879255320700216,-0.44,-1677.39788022155,450.376954404753-4503.14632492388i,0.850150538385183-0.0334311165453991i,0.872428687677571-0.0467548354974827i,14.2006553539602,0,1,
252,1,95105084,95105084,227565,0.985952055084229,0.871682465356434,0.46,-1653.61414953266,1574.80870289612+4244.48237986612i,0.848986692486593-0.00410476310634447i,0.862428330595907-0.0643457831730138i,14.093860340801,0,1,
253,1,95483555,95483555,227565,0.987945958797381,0.979803169680336,-0.0899999999999999,-1654.82506954915,-2190.87848546088-3830.67543231575i,0.856492469872081-0.034371380250948i,0.871343265417831-0.0358489950181819i,14.7583629804754,0,1,
254,1,95862025,95862025,227565,0.987113776346228,0.946276203315068,0.27,-1666.28323418031,2809.45381413498+3484.82271101896i,0.85229497960823-0.0202390224450777i,0.875864961467848-0.0133067082781021i,14.3824525550258,0,1,
255,1,96240496,96240496,227565,0.985704005259708,0.867286718675613,-0.47,-1649.15991146093,-3402.86845349067-2986.62224353675i,0.84995658457117-0.0259484022057209i,0.86970242695503-0.03077073691046i,14.0967055752409,0,1,
256,1,96618966,96618966,227565,0.987020657023259,0.963162341887365,0.19,-1660.09048393718,3987.93413636973+1963.53895617941i,0.852654937815616-0.0222441845571828i,0.86933592483256-0.0241031472358447i,14.5009420178358,0,1,
257,1,96997436,96997436,227565,0.986464486254655,0.871136963995018,0.46,-1680.10950408009,-4298.41810064546-1418.24438109832i,0.846777918490826-0.00816085312403366i,0.864217333309125-0.0249729412669137i,14.0609046653084,0,1,
258,1,97375907,97375907,227565,0.987219833471145,0.978505459994209,-0.0899999999999999,-1640.04836723059,4401.67762615402+290.442545827666i,0.857156176446974-0.0315045588581427i,0.877228814334938-0.0558495056546823i,14.7395133262268,0,1,
259,1,97754378,97754378,227565,0.98696206032602,0.963358786169413,-0.2,-1662.240286113,-4294.22662536236+1161.18226822691i,0.854836348985469-0.0168890063646792i,0.869225967975487-0.0452166078956437i,14.4552395349977,0,1,
260,1,98132848,98132848,227565,0.98710166713105,0.943823925032754,0.28,-1701.66241743875,4036.30505015699-1940.71835194492i,0.850360564685422+0.00192696328819694i,0.874918887830289-0.0152938659756207i,14.2681766426229,0,1,
261,1,98511319,98511319,227565,0.986493786428034,0.943047363029984,-0.28,-1664.80346042763,-3387.69177959719+2934.74046653011i,0.853555192124312-0.0278776003564956i,0.877439731032173-0.0459567176902914i,14.5192331769584,0,1,
262,1,98889789,98889789,227565,0.987654440436756,0.975827436063878,-0.12,-1670.02420534275,3114.4289277852-3136.02224490067i,0.857309506005248-0.00574061179707991i,0.874068676431256-0.0326794664324265i,14.5569923935233,0,1,
263,1,99268259,99268260,227565,0.984014908207447,0.950796212458426,0.24,-1688.64162727537,2113.02975206214+3905.94463705489i,0.837610460833589-0.00460064144209183i,0.869350483628305-0.0174784922665051i,13.6588139992427,0,1,
264,1,99646731,99646731,227565,0.98595802167885,0.873956332825668,-0.45,-1658.7050681638,-92.8148135474562-4526.28179804214i,0.848990789760948-0.0375423033033161i,0.866099247342716-0.0279105148174731i,14.224814189219,0,1,
265,1,100025201,100025201,227565,0.986583180539656,0.933305040635648,-0.31,-1681.03422875196,161.282464439221+4489.06772275375i,0.851435574223296-0.000121594242089833i,0.867953147126665-0.0116909298592807i,14.3714880587058,0,1,
266,1,100403671,100403671,227565,0.98754066985169,0.968274702996664,0.18,-1676.83754635952,-1029.81175985084-4316.10209086746i,0.852948682420261-0.0178526419755697i,0.879139066732694-0.0146545271137882i,14.6107338149104,0,1,
267,1,100782142,100782142,227565,0.986279673075455,0.906217913077041,-0.38,-1617.43900302426,2233.86271296347+3915.61047937883i,0.85031494139384-0.0287956671142323i,0.862329107835825-0.0720354159824534i,14.2818705530049,0,1,
268,1,101160612,101160612,227565,0.986419959573922,0.898112008529354,0.4,-1668.40418165188,-3264.08092163079-3116.95235617893i,0.847517061453527-0.0341987165062228i,0.871917508019138-0.0335575316413281i,14.1541009705447,0,1,
269,1,101539083,101539083,227565,0.987207732438941,0.983065213299129,0,-1660.92191824845,3978.3082595562+1874.43590635719i,0.858243378644329-0.041035834251867i,0.879017091252817-0.0606698685347717i,14.7329314566071,0,1,
270,1,101917553,101917553,227565,0.986175146623181,0.87743748473058,0.45,-1668.25729372172,-4347.07602265487-1249.43102532368i,0.849121183033042-0.010740793635347i,0.863758270827318-0.0392348100902154i,14.146469182754,0,1,
271,1,102296024,102296024,227565,0.987686933001802,0.97823932384249,-0.0999999999999999,-1659.27356862936,4405.40683743536+241.33419597004i,0.857291656311016-0.0221213765661115i,0.871848119300896-0.0517928652624695i,14.691876614334,0,1,
272,1,102674494,102674494,227565,0.987803158655257,0.981695418517024,0.0599999999999999,-1661.12515076709,-4401.79284757573-18.2254041089009i,0.855999745536572-0.00842905136169489i,0.877288779325434-0.0456891204904177i,14.6897808260887,0,1,
273,1,103052965,103052965,227565,0.985848848355026,0.860167237585195,-0.48,-1672.45418036836,4437.10995113797-904.446604537404i,0.84878332567227-0.0473496557192729i,0.871432383784595-0.0394329511623847i,14.0988813580775,0,1,
274,1,103431435,103431435,227565,0.986471873775504,0.9814148326516,0,-1661.71501274699,-3991.29229589759+1850.93187850177i,0.859258343931713-0.0325532119294819i,0.873406469250335-0.0389717770584796i,14.7047721700779,0,1,
275,1,103809905,103809905,227565,0.985912772339076,0.877870746052459,0.45,-1654.53135132051,3701.41957527763-2605.10695951639i,0.847332481859308-0.0246078484108346i,0.870754662763796-0.048917953900629i,14.2128454437539,0,1,
276,1,104188376,104188376,227565,0.986344277664234,0.921804613422632,0.34,-1673.25739067278,-2534.38951660616+3718.23618308858i,0.850116383023853-0.00550418234076623i,0.86724089843534-0.0303617364444719i,14.1809706650425,0,1,
277,1,104566847,104566847,227565,0.986784095223606,0.959544959249741,-0.22,-1679.43982436049,1741.51164605291-4101.17954960458i,0.85404931209008+0.00753562795976593i,0.868797280691374-0.0490417915944954i,14.5071023829059,0,1,
278,1,104945317,104945317,227565,0.986566865271767,0.947499491821325,0.27,-1628.90545653574,-515.51836033715+4444.14435188744i,0.85128303334118-0.021409375731989i,0.875050487433497-0.0580803803102353i,14.3704553178117,0,1,
279,1,105323788,105323788,227565,0.987151560772844,0.98141403620621,0,-1624.3546189588,-1034.00047433726-4271.97483920313i,0.85363925722668-0.0212572131221692i,0.878534706797907-0.0491274625036783i,14.5078634841243,0,1,
280,1,105702258,105702258,227565,0.987163704461213,0.973665455807547,-0.14,-1664.39424474282,501.469014764199+4397.55029718798i,0.85638397283479+0.00961089876026613i,0.872470575013681-0.0215572017867987i,14.6168392923059,0,1,
281,1,106080729,106080729,227565,0.98675665701137,0.912437108341157,-0.37,-1651.80512151884,-2152.19996302378-3961.52137630735i,0.850423933706685-0.0268312245201363i,0.86503362517258-0.0634863295872387i,14.2050519190085,0,1,
282,1,106459199,106459199,227565,0.986764308686631,0.954397235313995,0.24,-1665.06672496263,3029.4474178295+3277.57033224018i,0.852204010800572-0.0160117871790475i,0.875171147381637-0.0444587183404539i,14.4348685892744,0,1,
283,1,106837670,106837670,227565,0.98635143748752,0.881009031873937,-0.44,-1646.5446211447,-3603.25894079643-2735.25460843322i,0.848483643733247-0.0146576019608079i,0.864544538304071-0.0398648344972178i,14.1385097338739,0,1,
284,1,107216140,107216140,227565,0.986981351841461,0.970270995576381,0.16,-1706.73907779921,4059.44157346061+1785.55666865589i,0.855195654462144-0.0149848571558225i,0.878244387368571+0.00786659428081472i,14.5935918883835,0,1,
285,1,107594611,107594611,227565,0.986324698132989,0.900864803323708,-0.4,-1669.5370144249,-4445.49268020262-797.483710570305i,0.850106856237304+0.00121593109931915i,0.871986591479807-0.00884809112683152i,14.1199692208508,0,1,
286,1,107973082,107973082,227565,0.9858094645767,0.850186141801682,-0.5,-1681.62445741171,4425.78390370998-948.919142118644i,0.846357909228407-0.00758235447473189i,0.864034317493222-0.0167194988761791i,14.0946227354226,0,1,
287,1,108351552,108351552,227565,0.987707710158026,0.981460715348871,-0.0399999999999999,-1682.90832702438,-3936.90449883696+1964.87769490234i,0.858494904107153-0.00046545838172397i,0.870468908579359-0.0214281469447432i,14.6817288550198,0,1,
288,1,108730022,108730022,227565,0.986089823687211,0.885356683167273,0.43,-1658.48911747506,3511.95344789527-2846.01705211719i,0.848581047245663-0.012790257168868i,0.871922888809418-0.00838163153149616i,14.1544994150904,0,1,
289,1,109108493,109108493,227565,0.985726133156275,0.886608744892019,-0.42,-1635.21293410075,-3375.55134750317+3005.57154655308i,0.850519456767387-0.0166372201822533i,0.871452555288742-0.0478475993438967i,14.2099935116265,0,1,
290,1,109486963,109486963,227565,0.987751733081132,0.980997456852715,0.0399999999999999,-1671.38968431285,2691.50622303722-3481.16091561199i,0.85627103509809-0.00559652083201653i,0.874344125401024+0.000177391158650159i,14.6976078295996,0,1,
291,1,109865434,109865434,227565,0.986592127349527,0.853405293801315,-0.5,-1651.55852088716,-1987.00702884475+4067.44270217108i,0.846523216035931+0.0108588749079293i,0.872207590530058-0.0238442208798104i,14.030679649519,0,1,
292,1,110243904,110243904,227565,0.987267676296498,0.980208819876958,-0.0399999999999999,-1661.23786598633,1003.69514369241-4284.69747915089i,0.857759371634656-0.0190378176234542i,0.873157934033191-0.0458984930344994i,14.6932848944015,0,1,
293,1,110622375,110622375,227565,0.987311545341584,0.971661788947731,-0.15,-1657.02250641429,937.138075565135+4332.52990900374i,0.856788161322713-0.0317207053720586i,0.871763248686026-0.033651926358872i,14.730785212713,0,1,
294,1,111000845,111000845,227565,0.986818237501255,0.975248554184752,-0.12,-1663.59559814214,-1000.51073375725-4305.73357870349i,0.857147967287171-0.0134268531343858i,0.877278615042453-0.0363087147827955i,14.6631951005807,0,1,
295,1,111379316,111379316,227565,0.987205489520014,0.956617778603381,-0.23,-1641.6017012486,2568.10024418598+3650.65681763145i,0.852509134299141-0.0296495120888873i,0.863850795597406-0.0814369942847085i,14.464313723764,0,1,
296,1,111757786,111757786,227565,0.987274205547332,0.982997695527297,0,-1665.02696068362,-2866.74869081236-3339.93437915388i,0.858865353037691-0.0267849830430745i,0.87803895277379-0.0373513463294469i,14.7750509270446,0,1,
297,1,112136256,112136256,227565,0.985828592268677,0.89832793016602,0.4,-1654.04391359303,3456.1545670884+2909.69542512714i,0.847262231225104-0.0363668574308373i,0.872103809871383-0.0651853888645681i,14.1385194335587,0,1,
298,1,112514727,112514727,227565,0.987003124668388,0.966593306811073,0.18,-1667.48130154611,-4169.79629572374-1533.03457464523i,0.853931226579432-0.028969675234136i,0.870890010585504-0.0359072614036423i,14.472688926506,0,1,
299,1,112893198,112893198,227565,0.986907963211325,0.948134728050005,-0.26,-1656.56009104148,4466.24992668313+265.203268426262i,0.85475254128719-0.00759009683606149i,0.874432038240132-0.03602702879795i,14.4324538623166,0,1,
300,1,113271668,113271668,227565,0.986861175348985,0.956827483967548,0.22,-1666.00705549554,-4410.72288392668+648.180929459776i,0.850020782746693-0.0245187572823814i,0.870782361307395-0.0130830316553589i,14.4542839489675,0,1,
301,1,113650139,113650139,227565,0.986721077478338,0.924807144204417,-0.34,-1685.99000069493,4300.98377707886-1329.58669231459i,0.850006532661574-0.0163122479077598i,0.864979928235444-0.0639138397835818i,14.2166394752979,0,1,
302,1,114028609,114028609,227565,0.987687488457464,0.973166068623565,0.15,-1664.55911955582,-3682.11426533523+2465.87164850401i,0.854953367033615-0.0167079693912442i,0.879063544798775-0.0281944968530268i,14.6734767655214,0,1,
303,1,114407079,114407080,227565,0.987417830191917,0.978228587333902,0.0999999999999999,-1651.14076487603,-638.602458987486-4365.26605282676i,0.848227833528782-0.00781160219173712i,0.874299512679511-0.0365071959705776i,14.3973560788437,0,1,
304,1,114785551,114785550,227565,0.986004760487656,0.856595125690097,0.49,-1659.84627417531,-1612.43707415161+4231.15237331118i,0.850270068295942-0.0142283459159041i,0.862967642749033-0.053315488101416i,14.1316462374333,0,1,
305,1,115164021,115164021,227565,0.98773805038073,0.981647925152494,-0.0499999999999999,-1597.56080640342,397.542724794652-4387.85476123259i,0.856479443091121-0.0406337842458662i,0.868732327905464-0.076511468545583i,14.7813344812649,0,1,
306,1,115542491,115542491,227565,0.987617451655133,0.977340960633165,0.11,-1654.89886518579,-632.383052303565+4372.42483681241i,0.854834022127236-0.0178874658232608i,0.87823215557353-0.0293738348351318i,14.6363736727477,0,1,
307,1,115920962,115920962,227565,0.98629838967997,0.881305607242587,-0.44,-1671.72109526024,-195.490025128199-4522.75899477004i,0.848519898293415-0.0329176283101156i,0.864348610663724-0.0531728380409697i,14.117748064413,0,1,
308,1,116299432,116299432,227565,0.987142472537152,0.981843351622635,0,-1677.14891584198,973.831600246937+4287.83169562522i,0.856006292940177-0.00842636030146114i,0.879071087442004-0.0484593200948389i,14.4743854178419,0,1,
309,1,116677902,116677902,227565,0.985942731407066,0.911343851153113,0.37,-1641.62380235567,-1909.6299925558-4087.29545574346i,0.848803317179782-0.0311713112685914i,0.874592711720944-0.0317331787510254i,14.253498863102,0,1,
310,1,117056373,117056373,227565,0.985832954390256,0.903516935729801,0.39,-1650.5417695956,3521.20671783878+2829.86445167057i,0.846635964828314-0.0449542596374751i,0.865311372381649-0.0436128823123745i,14.178505937301,0,1,
311,1,117434844,117434844,227565,0.98765688290522,0.968395654667783,-0.17,-1663.43744715326,-3897.5923572476-2126.94000076163i,0.855170424965239-0.0349095561777881i,0.870192783703176-0.040241061705302i,14.5694323677556,0,1,
312,1,117813314,117813314,227565,0.987218675601406,0.97335001618429,-0.14,-1668.94022948054,3905.10786405726+2089.15982023414i,0.857339332532543-0.0268578472712592i,0.879154923047954-0.0394611745543686i,14.6319494238192,0,1,
313,1,118191785,118191785,227565,0.986615024560613,0.951369904112363,-0.25,-1660.55073782735,-4463.7845139489-253.885036349647i,0.853695527600741-0.0432332739362669i,0.873645746312141-0.0439415494290809i,14.4098297873934,0,1,
314,1,118570255,118570255,227565,0.987622498115624,0.978669860229346,-0.0899999999999999,-1674.32043756465,4411.73745045671-116.67775857434i,0.85845813448784+0.0122189022102455i,0.873116488291063-0.0378639540480881i,14.634607180376,0,1,
315,1,118948725,118948726,227565,0.979447860603276,0.925487224918998,-0.32,-1653.5936286552,-1412.05663728046+4209.04245255093i,0.83561028641664-0.035198175712967i,0.864074195353179-0.0534541331492855i,12.8959394914092,0,1,
316,1,119327196,119327196,227565,0.986980847015594,0.942321488086172,0.28,-1661.75243306345,3502.62990059136-2793.92887056671i,0.849370899690296-0.0269128187406851i,0.867873709413874-0.0459030953017195i,14.3467553132409,0,1,
317,1,119705667,119705667,227565,0.986265534408698,0.900755058615977,-0.4,-1656.22894862172,-3015.78748334414+3364.46411829235i,0.850189854558725-0.00285338980159193i,0.865588237594352-0.040568544491146i,14.2063280750974,0,1,
318,1,120084137,120084137,227565,0.986860093323177,0.960901573922964,0.2,-1678.02994106834,2142.42514048524-3899.43864975626i,0.852151030421402-0.0183788017128548i,0.87550858267582-0.0295583362122052i,14.4307606752755,0,1,
319,1,120462608,120462608,227565,0.987562664237938,0.981511071359214,-0.0399999999999999,-1680.11126918584,-693.652586678877+4348.83581566456i,0.857597356729315-0.00381788992905994i,0.880352121720997+0.00222591942978648i,14.7881201735073,0,1,
320,1,120841078,120841078,227565,0.986720657254466,0.963336013162568,-0.2,-1646.37818211239,775.736308943657-4381.37482930145i,0.856161743013305-0.00167204862066143i,0.869563424997601-0.0288998232610326i,14.5594265769384,0,1,
321,1,121219549,121219549,227565,0.987847158374686,0.976789087819443,-0.12,-1655.4544727627,1097.03314671932+4283.11428195967i,0.85660632432127-0.0245499402916684i,0.871701444714672-0.0288503210870451i,14.6524030073765,0,1,
322,1,121598020,121598019,227565,0.985625982427326,0.862486259582553,0.47,-1677.81010126437,-2210.26098155852-3952.24659703236i,0.848235039340929-0.0112330119586466i,0.871951375523448-0.0205346158650748i,14.1176261041909,0,1,
323,1,121976489,121976489,227565,0.986181715733156,0.879145627760895,0.44,-1683.82350328901,2123.15877977464+3994.97283575437i,0.848293515474242-0.000277891451285193i,0.865586774827438-0.0125947155620413i,14.0728297663514,0,1,
324,1,122354960,122354960,227565,0.987689985086855,0.979343681451234,0.0899999999999999,-1658.80605526198,-3089.57167461596-3149.10133622533i,0.855170870521728-0.0122943628320186i,0.878055629094308-0.0267803508754413i,14.6101426017436,0,1,
325,1,122733431,122733431,227565,0.987392967047787,0.972935560733499,-0.15,-1676.27699324443,4006.74204457879+1892.28253356372i,0.855938030219602-0.0349057088572157i,0.876122234005435-0.0648309653673695i,14.6834614792765,0,1,
326,1,123111901,123111901,227565,0.986941017611616,0.974926035242919,-0.12,-1676.39059332096,-4041.20830128751-1793.04688054463i,0.856625759294089+0.0152614392313036i,0.872794771157458-0.0401596596300486i,14.6510823747104,0,1,
327,1,123490372,123490372,227565,0.987426608092259,0.976864685143553,-0.0999999999999999,-1643.76038239784,4399.82982318207-382.947009751443i,0.856253353733983-0.0401485987916532i,0.877411356954615-0.0458717604058885i,14.7981430621486,0,1,
328,1,123868842,123868842,227565,0.987375276095303,0.979595530367882,-0.0699999999999999,-1636.16466328078,-4385.2153366694+430.36792137693i,0.857660206451598-0.027366980459318i,0.871807322468025-0.0457678634851676i,14.7261135866077,0,1,
329,1,124247312,124247312,227565,0.986202493462418,0.897303144710575,0.4,-1659.67523948485,4325.56417626059-1299.83884847065i,0.848041013954164-0.0103846565654179i,0.86414241628622-0.0364304526615286i,14.1083013876777,0,1,
330,1,124625783,124625783,227565,0.986747808858138,0.981690606725416,0,-1635.14230097893,-3671.02759513949+2427.20508064405i,0.857826634974326-0.029971672864912i,0.876909842521192-0.0600463570702873i,14.7792317103708,0,1,
331,1,125004253,125004253,227565,0.985815590160638,0.878867335554072,0.45,-1675.97518728803,3328.47577468304-3060.45706928704i,0.848034385435091-0.00111592638342753i,0.865310113121974-0.0151592678214376i,14.0994559291419,0,1,
332,1,125382724,125382724,227565,0.987397327608977,0.977333261594185,-0.0999999999999999,-1655.13879763162,-2561.84288721525+3591.20406509483i,0.857005564793531-0.0139491836343913i,0.879661164325765+0.00492186675901427i,14.7160725578249,0,1,
333,1,125761195,125761195,227565,0.986768138908553,0.959734696471046,-0.22,-1665.3168970719,1056.87503414737-4323.77717768581i,0.853801261267501-0.0168185902734928i,0.87647013620637-0.0305652988418242i,14.4885026678646,0,1,
334,1,126139665,126139665,227565,0.986933220540027,0.946462166883386,0.27,-1666.04576360932,-255.772056059094+4464.60760415166i,0.85157544979796-0.0167350963977583i,0.868167352135982-0.0467382962178777i,14.3106380019386,0,1,
335,1,126518136,126518136,227565,0.987274413796704,0.940425696186668,-0.29,-1660.91329647328,-871.51581183157-4396.30198163322i,0.852843817915165-0.00530886103975184i,0.868202880035059-0.0270543916035128i,14.4088852519836,0,1,
336,1,126896606,126896606,227565,0.987484293465099,0.972832347396322,-0.14,-1657.50592541496,1055.22297772342+4293.63981747775i,0.858125301784535-0.0361644039054646i,0.879542321402866-0.0219671767059075i,14.6317643271564,0,1,
337,1,127275076,127275076,227565,0.986575722296271,0.922298130083608,0.34,-1676.36781855031,-1908.19065325026-4074.98727666855i,0.850240198634772-0.0168170477374941i,0.875056864171225-0.00365077048038715i,14.2481209175513,0,1,
338,1,127653547,127653547,227565,0.987171915592976,0.960190898830864,-0.22,-1690.71936992029,2519.22205536078+3676.13739662012i,0.854994942673766-0.0244967093003965i,0.871255023642155-0.0306734137362313i,14.488799346712,0,1,
339,1,128032017,128032018,227565,0.987469261298028,0.982011907835994,-0.0499999999999999,-1634.10691836825,-4074.42722974964-1664.17803414374i,0.854158911500579-0.0103382176160529i,0.877002080310643-0.0101251233049456i,14.5851583105328,0,1,
340,1,128410488,128410488,227565,0.987719978068137,0.978995948084286,0.0899999999999999,-1695.48873377022,4091.04566432177+1649.77258379052i,0.854515674951411+0.016795251694818i,0.873476201434516-0.0244702529334831i,14.5867725152135,0,1,
341,1,128788959,128788959,227565,0.986031457783502,0.900338331668827,-0.4,-1674.91550312277,-4500.13347197268-384.722058683618i,0.850091059758964-0.0237838583563433i,0.865890763809518-0.0471326356308529i,14.1901652342588,0,1,
342,1,129167429,129167429,227565,0.986467456000573,0.904663427848971,0.39,-1661.02566569392,4313.49524047706-1335.87103572438i,0.847178297946247-0.00430397313841293i,0.871073486026705-0.0303068863001129i,14.2736612436261,0,1,
343,1,129545899,129545900,227565,0.987802660042419,0.982369684220803,-0.0399999999999999,-1671.8612234621,-1250.82490380339+4221.01534393024i,0.854883407720221-0.0118154536755087i,0.876669808906752-0.0356623255410759i,14.7236205862853,0,1,
344,1,129924370,129924370,227565,0.98645157827224,0.931325388461028,0.31,-1671.25865844955,3398.2879391922-2931.09611347969i,0.850502477911835+0.000959997828038201i,0.865676577663911-0.0341145725821363i,14.2235250780283,0,1,
345,1,130302841,130302841,227565,0.987945740414299,0.977086148308094,-0.12,-1647.08600516213,-2347.86958297819+3746.51511845447i,0.858081980677657-0.00694279505723125i,0.870334040959045-0.0280197546232805i,14.6861195195875,0,1,
346,1,130681311,130681311,227565,0.987487220333461,0.980083673006067,-0.0899999999999999,-1633.7272512382,2191.83855896789-3828.29690490125i,0.855263173781998-0.0336754898075575i,0.878192468918906-0.0381236949996841i,14.6558677443881,0,1,
347,1,131059781,131059781,227565,0.985609412487431,0.878449411997391,0.44,-1680.21475254975,-1440.2609817671+4289.86422324668i,0.847826993011746-0.015168804654361i,0.862995205196055-0.0219697407556223i,14.0530522973044,0,1,
348,1,131438252,131438252,227565,0.987185702692067,0.942748725974994,0.28,-1659.17308878237,-162.797620404692-4477.21349913994i,0.849598917315632-0.0107087106739036i,0.87528202523792-0.0344952884083958i,14.3006801166115,0,1,
349,1,131816722,131816722,227565,0.98561239788496,0.884568178524964,0.43,-1685.4915662655,389.317749256696+4505.5309846283i,0.848959560626639-0.025318339728926i,0.871374345507993-0.0393245264420054i,14.0808788454718,0,1,
350,1,132195193,132195193,227565,0.986957032552764,0.927311331553146,0.33,-1678.94604903046,-2160.83361850466-3947.18058904454i,0.849905702582828-0.00129365593803231i,0.866610185120228-0.0180637463613767i,14.2749959131892,0,1,
351,1,132573664,132573664,227565,0.986449073379813,0.955546214941242,-0.23,-1671.08227913916,2888.2710532727+3398.89505800502i,0.854245590548531-0.0140490498193775i,0.869553377535868-0.0127156599124696i,14.4694837063096,0,1,
352,1,132952134,132952134,227565,0.98684205145251,0.950064921694773,0.25,-1672.01039020341,-3519.63212665007-2752.04150225225i,0.850055142921566-0.0318448568746066i,0.876745045683434-0.0354011200828901i,14.4173531617743,0,1,
353,1,133330605,133330605,227565,0.986883580672894,0.934483427476202,-0.31,-1662.32880469349,4074.43894740114+1891.17815388199i,0.852067893215219+0.00476935865404194i,0.873734446218655-0.0336953214047136i,14.4401771415487,0,1,
354,1,133709075,133709075,227565,0.98735923646211,0.971193103437585,-0.15,-1678.83059700204,-4125.80979942306-1616.78188577843i,0.856577521754821-0.0269273362406285i,0.873039528196712-0.0125662719695832i,14.6548508705077,0,1,
355,1,134087545,134087545,227565,0.986250911530463,0.927336766624419,0.33,-1666.45083026983,4443.98703774848+696.270861929484i,0.850075120498858-0.00107596973468312i,0.87186877422801-0.0427372550262898i,14.2295850893148,0,1,
356,1,134466016,134466016,227565,0.986854521277152,0.955607483432001,-0.23,-1670.88645060613,-4459.21049222448+153.508162177223i,0.8554963772301+0.0154704039140899i,0.870024981509041-0.0175006987307893i,14.4909423189392,0,1,
357,1,134844487,134844487,227565,0.986726006207466,0.924125095902466,-0.34,-1681.65699851085,4084.05553857347-1895.43367677093i,0.850905590772979-0.0248817194446118i,0.867221059673929-0.0420667675817372i,14.2752123442977,0,1,
358,1,135222957,135222957,227565,0.987252374820952,0.972407590650847,0.14,-1661.33872294108,-3432.96473572525+2788.44676597444i,0.855941843857506-0.0106376498953987i,0.877640929942054-0.0589249376266987i,14.6257787705951,0,1,
359,1,135601428,135601428,227565,0.987877146818377,0.977876531570449,-0.11,-1651.31375161283,2192.76884795943-3831.1320114956i,0.858210666024752-0.0221860440751205i,0.86914174400541-0.0449740015436858i,14.6176291742058,0,1,
360,1,135979898,135979898,227565,0.986957476437308,0.947620857675624,-0.26,-1680.45912075103,-2639.5010497011+3612.11518921486i,0.855324133395602-0.00469713484559055i,0.874539900359684-0.0304234376246444i,14.4481656926307,0,1,
361,1,136358368,136358369,227565,0.985367516342486,0.976640741166565,0.0999999999999999,-1669.86327070525,-2688.07811958705-3488.89595046719i,0.843333354370653-0.0289792982187424i,0.871664418713139-0.0350733569365957i,14.0398531688118,0,1,
362,1,136736839,136736839,227565,0.986070277752583,0.890815311414582,0.42,-1650.86886687156,671.355153937933+4473.86923147931i,0.84917811238087+0.00526526402845698i,0.86324267189242-0.0342828005317617i,14.1825212529377,0,1,
363,1,137115309,137115309,227565,0.985606508419505,0.877535378750384,0.44,-1667.12265495319,-588.348374592585-4485.37503740462i,0.847790818679346-0.00944106691080553i,0.872152343245974-0.00340661055391594i,14.0947140609077,0,1,
364,1,137493780,137493780,227565,0.987474064345471,0.982286944607292,0,-1658.34221446984,1612.43733789397+4090.80565579862i,0.853195059300577-0.0314884320712698i,0.871070749702356-0.0487343022678397i,14.429957140439,0,1,
365,1,137872250,137872250,227565,0.986196207316615,0.884757222054413,0.43,-1647.86689088333,-2512.64880726122-3761.03269834256i,0.848543873438811-0.0182942152687838i,0.862637557395979-0.0525704956342235i,14.0276729733097,0,1,
366,1,138250721,138250721,227565,0.987798730527806,0.981204161056179,-0.0599999999999999,-1654.66264183369,3146.97730093035+3085.62405995239i,0.857062063544036-0.00127867076724212i,0.88031813399832-0.0345033156594354i,14.6795151032474,0,1,
367,1,138629192,138629192,227565,0.986935695256729,0.967293991638764,-0.17,-1676.24981596759,-4171.49619144663-1517.50297531424i,0.854421907378036-0.0118772367422593i,0.877906849779564-0.0242645933224395i,14.6329071904269,0,1,
368,1,139007662,139007662,227565,0.986215806289163,0.93208536610809,0.31,-1637.01512222641,4462.99032658143+497.593892723214i,0.848536866279847-0.00349218594501796i,0.865582278824461-0.048354228200793i,14.2640622228689,0,1,
369,1,139386133,139386133,227565,0.986772970842001,0.950940911536319,-0.25,-1657.02153125941,-4453.90342458761+359.184577128417i,0.852297503546141-0.0416056149166509i,0.865059562075518-0.0456470132520323i,14.4354200200151,0,1,
370,1,139764603,139764603,227565,0.987199059955588,0.977198188331082,0.11,-1653.17899593904,4262.06379884309-1160.66664539549i,0.854910164100699-0.0123778147559832i,0.877839197857485-0.0353370905082616i,14.6494985367684,0,1,
371,1,140143073,140143073,227565,0.985852431332446,0.903138146969176,0.39,-1654.17294956673,-4231.9889742951+1570.51441105523i,0.848455456337033-0.00695952689385527i,0.864454472072856-0.0151440651911177i,14.1367030062556,0,1,
372,1,140521544,140521544,227565,0.987244520418483,0.966866964492769,-0.17,-1680.32106099051,3786.85146097495-2309.5366092276i,0.854584740459444+0.0214367154072008i,0.87732906933675-0.0418580429558878i,14.6589838105136,0,1,
373,1,140900015,140900015,227565,0.98700212614644,0.94434139847501,-0.28,-1657.97139738938,-2342.8519620383+3819.68455401242i,0.852261750062159-0.0273290786325045i,0.874522628553577-0.0341436835905256i,14.4616965123949,0,1,
374,1,141278485,141278485,227565,0.986610142339187,0.952356582101677,-0.25,-1655.69983218075,2381.64686488896-3781.93532441003i,0.851832186331265-0.0423121604748834i,0.86777289923132-0.052376960316861i,14.4176963658004,0,1,
375,1,141656956,141656956,227565,0.985890680718112,0.918089055189182,-0.35,-1669.09462770032,-844.498867937346+4426.5738061294i,0.849390559095492+0.00248044600883739i,0.870448284477204-0.0444941997257916i,14.2856740225626,0,1,
376,1,142035426,142035427,227565,0.982737528877493,0.880136536775703,-0.45,-1680.49777113227,-3528.90612589899-2775.70701973247i,0.839457533276028-0.0198455867442886i,0.85790804824104-0.0510461904364588i,13.3451638918098,0,1,
377,1,142413896,142413896,227565,0.986672374324017,0.942789303752987,0.28,-1658.0056898523,586.137742107767+4442.00354103152i,0.85009965137454-0.00546955960939272i,0.866625784513522-0.0496192744083458i,14.3141428106321,0,1,
378,1,142792367,142792367,227565,0.987045565588865,0.981691584906615,0.0499999999999999,-1667.49861078831,-1893.58362802855-3977.27290151994i,0.856330761289526-0.0488354596518776i,0.877919396115682-0.0638124146366921i,14.7243709684761,0,1,
379,1,143170838,143170838,227565,0.985967411277873,0.928500189692576,-0.32,-1624.64971281732,3162.11112721298+3193.21072458611i,0.853569229373772-0.0274896026862861i,0.864732848817632-0.0665271608890384i,14.3321880691885,0,1,
380,1,143549308,143549308,227565,0.987549964334774,0.981457539023436,-0.0399999999999999,-1625.88814086967,-3450.06384824002-2736.57789364169i,0.856318217565965-0.039404398534056i,0.876565866732955-0.0851840300606892i,14.7984195168361,0,1,
381,1,143927779,143927779,227565,0.98769017316583,0.971151686118144,-0.15,-1642.51389184205,4272.28966377148+1178.02479447691i,0.857258579672335-0.0332234642508086i,0.877902970681237-0.0453674632183374i,14.7330536512845,0,1,
382,1,144306249,144306249,227565,0.98721089592041,0.975852179167363,-0.12,-1684.75570622084,-4216.25702489108-1326.05001823577i,0.858313065111488+0.000878068956258163i,0.872401305287864+0.000923223456061078i,14.6827503610436,0,1,
383,1,144684720,144684719,227565,0.986087374876374,0.863192657469475,0.47,-1674.33560626089,4521.06478771495+264.618977001221i,0.847862018347062-0.0161265016092529i,0.863821544219113-0.0291991794903993i,14.0326233888858,0,1,
384,1,145063190,145063190,227565,0.986027134705835,0.909490252668435,0.37,-1677.369578172,-4162.56579032161+1729.19706889088i,0.849340672549697-0.0100864293145639i,0.872182121905974-0.0127209483108434i,14.140061187093,0,1,
385,1,145441661,145441661,227565,0.9875044806496,0.966136023019448,-0.19,-1651.15949665859,3627.48861794181-2571.67735698469i,0.854445416071723-0.024790877360959i,0.876114473485475-0.0391460248204256i,14.590245288636,0,1,
386,1,145820131,145820131,227565,0.987253115168161,0.971401322096915,-0.15,-1659.3388973975,-3588.70446209654+2598.53154263103i,0.856581523665625-0.0220256575252543i,0.871068674085507-0.0434626835756543i,14.5711324417161,0,1,
387,1,146198602,146198602,227565,0.986033226982122,0.906916820340466,-0.38,-1683.07949552821,2616.04811757129-3677.3759332673i,0.850684139994269-0.0106656054736812i,0.873137911514078-0.0208491109336945i,14.2639990601424,0,1,
388,1,146577072,146577072,227565,0.987519859316139,0.97728773729011,-0.0999999999999999,-1660.43898426383,-1934.13398969354+3968.77624404831i,0.857832593470745-0.0153161047262951i,0.871514061861332-0.0387935465591183i,14.7598701927478,0,1,
389,1,146955543,146955543,227565,0.986439557416704,0.923887103374297,-0.34,-1679.70284671703,582.045817007165-4463.01046210265i,0.851662410356129+0.00119605961788061i,0.865532073816479-0.0431337882052302i,14.2606270214439,0,1,
390,1,147334013,147334013,227565,0.986850919995773,0.945176145735732,0.27,-1680.87538679503,604.61076823687+4436.44456364684i,0.849152720573247-0.00492303124014348i,0.875950420056305-0.0156266684992682i,14.4055759121447,0,1,
391,1,147712484,147712484,227565,0.9872265449179,0.938326904147317,-0.29,-1653.01945282465,-1729.53115994144-4138.80162353641i,0.853833182277158-0.0284166731103708i,0.867158789514885-0.0361576303799038i,14.5024368700682,0,1,
392,1,148090954,148090954,227565,0.987229728121271,0.963387360787542,0.19,-1662.85689175419,2378.95498628023+3753.85058508237i,0.852135828316839+0.000583929992842478i,0.875671532275683-0.0170426262283356i,14.5082566557856,0,1,
393,1,148469425,148469425,227565,0.986023259013372,0.911755996137321,-0.37,-1648.95222046478,-3160.38485494569-3217.76025165018i,0.851030536908007-0.0259972611261164i,0.870977536722047-0.0384785837305926i,14.289451536168,0,1,
394,1,148847895,148847895,227565,0.98714553108903,0.959056776481309,-0.22,-1692.3234953422,3277.30426656481+3019.93525114071i,0.855306224716688-0.0235391195574973i,0.870917044867337-0.0217080118655388i,14.5232090862041,0,1,
395,1,149226366,149226366,227565,0.986111366659675,0.881713355733467,-0.44,-1666.07863265763,-4186.40861712372-1714.59939287935i,0.848422346124948-0.0413573819092054i,0.872441401576174-0.0329091856988017i,14.1036332291271,0,1,
396,1,149604836,149604836,227565,0.986493424564281,0.938426307163088,-0.29,-1676.16448056379,4240.14021455656+1455.96999307762i,0.85298926838613-0.023190412455391i,0.866293616153416-0.0469783209630681i,14.3649926916686,0,1,
397,1,149983306,149983307,227565,0.980273589129332,0.927679780637324,-0.31,-1676.76409492788,-4346.1645692436+919.946631445902i,0.83988129844817-0.0049209522968048i,0.858633302504156-0.0421608026996796i,13.0503762011361,0,1,
398,1,150361777,150361777,227565,0.987709122660788,0.979915556174254,0.0799999999999999,-1663.48199220452,4244.8622478307-1176.55868121879i,0.856151892011247-0.0399197815068779i,0.877514774545001-0.0462626095752395i,14.7520210994685,0,1,
399,1,150740248,150740248,227565,0.986003437861121,0.866379899747741,-0.47,-1673.90875025123,-4053.64248372324+2015.65294875581i,0.848403795614183-0.0333732724247631i,0.868875509706561-0.0539844304662981i,14.1417287992549,0,1,
400,1,151118718,151118718,227565,0.987832798483308,0.983550392562873,0,-1651.17536560169,3325.50010764948-2871.64388747375i,0.859311232860746-0.029049624777028i,0.873383151034692-0.0265836459943044i,14.7145026640593,0,1,
401,1,151497188,151497189,227565,0.986736010281459,0.982007215029953,0,-1666.54485910878,1167.92272844826+4241.3820427395i,0.850559803261082+0.00507421809194012i,0.866726649676492-0.0381066118890954i,14.4794913447391,0,1,
402,1,151875659,151875659,227565,0.985912224596362,0.915606867459105,0.36,-1681.42089301787,1105.74496798073-4370.01746198559i,0.85001248778682-0.00876214103933213i,0.872609939976978-0.0116966751307897i,14.1845820222071,0,1,
403,1,152254129,152254129,227565,0.986153784339411,0.905755982978097,0.39,-1665.80451534981,-1023.05860033324+4397.60900147077i,0.850052740039561-0.0188684372805109i,0.865883706904418-0.00845021802817174i,14.1863678335913,0,1,
404,1,152632600,152632600,227565,0.987609539095592,0.981097075116083,-0.0399999999999999,-1635.19567665408,-151.846528022673-4400.56059298738i,0.855551776380354-0.0414323878612058i,0.878563982259501-0.051214259980538i,14.8023712832392,0,1,
405,1,153011070,153011070,227565,0.98608349338802,0.884982486442012,0.43,-1644.49245807124,990.973216104183+4414.38525236125i,0.847869463019376-0.0152596661519256i,0.871853959725378-0.0387033549050615i,14.0910148682671,0,1,
406,1,153389541,153389541,227565,0.987325009155258,0.975458886916722,-0.12,-1658.74374233974,-1682.58487342717-4089.30027145878i,0.856294750590885-0.00778868477965603i,0.872654111165827-0.0270111603426531i,14.640944867349,0,1,
407,1,153768012,153768012,227565,0.986191741947677,0.917990710550344,-0.35,-1669.56420457536,3072.12288127009+3297.52147640906i,0.849068786274982-0.0180734101181736i,0.865508762630344-0.0364871199092198i,14.2343176474018,0,1,
408,1,154146482,154146482,227565,0.986958618678056,0.950446500760422,0.25,-1656.24409332194,-3845.45882987202-2278.76882777949i,0.851068751645555-0.0313941439494832i,0.873912560379004-0.0447874037658915i,14.4336882246305,0,1,
409,1,154524953,154524953,227565,0.985951591612136,0.933092623348292,-0.31,-1663.29830699413,4256.22071832765+1438.66964708981i,0.851878772504444-0.0161003575691682i,0.876283886235127+0.00254656324152713i,14.3836649395628,0,1,
410,1,154903423,154903423,227565,0.987400486568402,0.967936082300308,0.18,-1698.90072709236,-4380.52639607889-739.497468868773i,0.851953454618705+0.0194666420821542i,0.870884615035593+0.0187766942352357i,14.4975223760436,0,1,
411,1,155281893,155281893,227565,0.986731680094546,0.927196246880313,0.33,-1683.08271694043,4475.80866570936+462.689950418735i,0.851334766289998-0.00120978844840004i,0.873215191329317-0.00576739047097043i,14.3457683164226,0,1,
412,1,155660364,155660364,227565,0.986966438441765,0.954697209903734,-0.23,-1659.72651173912,-4412.75581217657+662.147903609964i,0.85348557012326-0.00261776167318766i,0.869893644646783-0.00727411058488763i,14.5149633348667,0,1,
413,1,156038834,156038834,227565,0.987410522512018,0.951452249508223,0.25,-1670.27094602384,4266.94112419855-1326.9170817588i,0.853078889540958-0.0107403711147202i,0.868466191535682-0.0358845130426203i,14.378316163043,0,1,
414,1,156417305,156417305,227565,0.987007587827986,0.933740701798478,-0.31,-1662.75211152169,-3838.50175112971+2334.60797589413i,0.852347349136987-0.0336747509118547i,0.874464204553906-0.0436867386637115i,14.4082907049906,0,1,
415,1,156795776,156795776,227565,0.98593855984005,0.894560124452077,-0.41,-1655.30468045856,2618.40358977316-3684.7985884761i,0.847876326182109-0.0629046880635561i,0.869531627016706-0.0783750632634785i,14.1743105148524,0,1,
416,1,157174246,157174246,227565,0.987642415056612,0.981808848628671,0.0599999999999999,-1644.61319035083,-1785.2564689719+4029.24775398631i,0.855377023701426-0.026143293013128i,0.871315482348475-0.0412775012230842i,14.6789335906223,0,1,
417,1,157552717,157552717,227565,0.985631652404076,0.859381876543442,-0.48,-1667.23384653216,916.963066074714-4434.41539020126i,0.847980663884367-0.0175776495356944i,0.865146311268302-0.0316258014595652i,14.1066028507386,0,1,
418,1,157931187,157931187,227565,0.985831027486763,0.923469639705402,-0.34,-1663.96443220623,-528.464714122306+4469.86392211704i,0.850899656543194-0.0265066971505942i,0.87256097782694-0.04849751255169i,14.286398590598,0,1,
419,1,158309657,158309658,227565,0.985878687228437,0.981949236292323,0,-1673.02897873438,-3964.28669295805-1888.28567817916i,0.843781873692436-0.032219422601212i,0.86308023481339-0.0625039677273026i,14.0182333553143,0,1,
420,1,158688128,158688128,227565,0.986910304458069,0.959324605263195,0.22,-1676.72325524606,2358.14133265565+3782.43015476859i,0.850995413156418-0.0159416613140582i,0.874736908844583-0.0399051981164076i,14.4424525462452,0,1,
421,1,159066599,159066598,227565,0.985701779228758,0.855363527495001,0.49,-1657.43145831606,-2927.65826361312-3455.22713288206i,0.845537387164661-0.0412002159178548i,0.869688459460397-0.0660817384217648i,14.0793699545742,0,1,
422,1,159445069,159445069,227565,0.987820678658189,0.981336932412957,-0.0599999999999999,-1691.27436375662,3317.37381784331+2902.22035437205i,0.85631451758726-0.00954099331238371i,0.872114385189521-0.0302149333822489i,14.6584835268176,0,1,
423,1,159823539,159823539,227565,0.986149841279597,0.891544426673505,0.42,-1684.44732313443,-4067.2682930246-1975.42861541556i,0.84710242802359-0.0144908125113365i,0.871857787172403-0.0476985652522309i,14.1630629069932,0,1,
424,1,160202010,160202010,227565,0.987214783390997,0.963234050895501,0.19,-1658.04986239743,4432.42031004157+342.373021978423i,0.851995271850217-0.0299454641660471i,0.868571621902357-0.0344520460488433i,14.5125302531883,0,1,
425,1,160580481,160580481,227565,0.986557774513132,0.952042899976664,-0.25,-1672.36164642208,-4401.67501670386+775.69153381837i,0.852649358270584-0.0145671255780705i,0.869306475542351-0.0254206035146278i,14.3819801465047,0,1,
426,1,160958951,160958951,227565,0.987213266613203,0.958934642135307,-0.22,-1663.57039307766,4363.06179399165-910.600610778347i,0.854539924373235+0.000796015823095271i,0.876121357440337-0.0306060108019226i,14.5397718713803,0,1,
427,1,161337422,161337422,227565,0.986370675992728,0.928349400850426,-0.32,-1666.59880949597,-3653.18920151771+2619.53272096756i,0.852648118931643-0.0116321249962671i,0.866787833066629-0.0248564730114129i,14.3173478559303,0,1,
428,1,161715892,161715892,227565,0.987384862174294,0.969436891476559,-0.17,-1650.6195428618,3493.29669219313-2734.26903258554i,0.855418019678086-0.0405397816739405i,0.876522453914905-0.0741949298281529i,14.5489594400145,0,1,
429,1,162094362,162094362,227565,0.986992717535856,0.932013228862876,0.31,-1654.10484700351,-2897.19140599967+3429.13209433565i,0.849174376071578-0.0298664482886998i,0.874877156665021-0.0278800833931253i,14.2685419345749,0,1,
430,1,162472833,162472833,227565,0.986737564626216,0.952200900586819,-0.25,-1671.32572100033,2101.55611627799-3942.89459148489i,0.854680501900138-0.00510808612879192i,0.868168596941199-0.0364594296161774i,14.4091563330179,0,1,
431,1,162851303,162851303,227565,0.986660708637794,0.95489253965248,0.24,-1655.4606879214,-1208.18505511179+4297.18654833969i,0.852044012438721-0.0296249127751143i,0.866812201545173-0.0308827808683849i,14.3951240463823,0,1,
432,1,163229774,163229774,227565,0.987594590628615,0.974737412745714,0.13,-1678.24197357352,-373.778488815481-4406.65255437227i,0.85491968308157-0.00679164493497016i,0.876437194588695-0.0365922711992838i,14.6447869816958,0,1,
433,1,163608245,163608245,227565,0.985729724935938,0.88762662979732,-0.42,-1644.64011391905,1674.12754711684+4197.74440558551i,0.850496786755023-0.00109930230595534i,0.872423045697096-0.0192579824642915i,14.1765687812648,0,1,
434,1,163986715,163986715,227565,0.987408015433419,0.982680359599574,0.0499999999999999,-1648.54864829514,-2340.09996012024-3731.59837157191i,0.854170103354288-0.0237432285536515i,0.870132571683422-0.0315078969891602i,14.7132916394761,0,1,
435,1,164365185,164365185,227565,0.986636177510335,0.961062792129386,0.21,-1695.61340865279,2389.83049619047+3731.57608962815i,0.853420858645513-0.0100391041431442i,0.876166856118563-0.00889198876030339i,14.4434115849502,0,1,
436,1,164743656,164743656,227565,0.986524130174422,0.918645301901257,-0.35,-1667.21897144725,-3338.5277900414-2991.36948769736i,0.849780841348864-0.0333811720945338i,0.866565684962031-0.0474089356418486i,14.2022991941181,0,1,
437,1,165122126,165122126,227565,0.986416554428715,0.932215848103481,0.31,-1692.82493325638,3977.52082202424+2035.92462400628i,0.848956882831469+0.0107831753110443i,0.868097035288496-0.0267024529643714i,14.2102389904039,0,1,
438,1,165500597,165500597,227565,0.987589046774596,0.981904538590972,0,-1673.25896425347,-4337.81222207578-607.74017172072i,0.857148268086932-3.13121627532728e-07i,0.879862506905462-0.036358880120899i,14.7495533327932,0,1,
439,1,165879068,165879068,227565,0.987099361601557,0.95619324746395,-0.23,-1662.84162076507,4316.81983453551-1041.90167359117i,0.854876250859216+0.00375288878063678i,0.874515205354736-0.0248846580822755i,14.5896961558729,0,1,
440,1,166257538,166257538,227565,0.986796490416366,0.979898469929385,-0.0699999999999999,-1658.81745882427,-4231.50604128699+1158.70228497333i,0.858193766319627-0.00960852934235916i,0.869642484717853-0.0369560829475364i,14.7018313544908,0,1,
441,1,166636009,166636009,227565,0.986554411915877,0.934620966761643,-0.31,-1656.74733024933,3565.35919776229-2698.13325024338i,0.851451684410604-0.0105355583067521i,0.864825570928019-0.0500917600197757i,14.3127651657099,0,1,
442,1,167014479,167014479,227565,0.98747351801574,0.971833843451092,-0.15,-1661.16243127268,-3375.15338257943+2867.65523621487i,0.85796794647258-0.0194988370060887i,0.878150971034457-0.0556944065771454i,14.6689423837315,0,1,
443,1,167392950,167392950,227565,0.987066788758012,0.947112291322158,-0.26,-1648.98901486862,1989.31096943459-4006.00854992672i,0.853423722167228-0.0388639617632437i,0.86627171966406-0.0569514161003315i,14.4976276049461,0,1,
444,1,167771420,167771420,227565,0.986999997710371,0.981205015660705,-0.0399999999999999,-1682.77200003508,-1701.55192083257+4060.70368262159i,0.856736445353537-0.000816116913759606i,0.878364103310797-0.0169291000182214i,14.7332296095184,0,1,
445,1,168149890,168149890,227565,0.986602675235172,0.911726997804101,0.37,-1654.13534330211,799.414551478575-4437.03758136363i,0.848175952222002-0.0103914662087141i,0.872751515145584-0.0372498329046334i,14.1842884570977,0,1,
446,1,168528361,168528361,227565,0.986890755484941,0.965227638038123,-0.18,-1686.19898917606,170.363274776448+4437.58943677469i,0.85603273189817+0.00769834513311733i,0.871777573473956-0.0137571986767332i,14.5973865351022,0,1,
447,1,168906832,168906832,227565,0.986087310071488,0.8952538050947,-0.41,-1689.92654669754,-1735.9292514709-4172.19836016823i,0.850485339102161-0.00716303340657337i,0.865459442746538-0.0137033844828856i,14.1517663764574,0,1,
448,1,169285302,169285302,227565,0.98633124477984,0.907594141840342,-0.38,-1661.57364388316,1966.18152919437+4063.17156076967i,0.850460994329947-0.00155667709879513i,0.872717948288804-0.0426884954266204i,14.1881480897669,0,1,
449,1,169663773,169663773,227565,0.986553853704707,0.913674782767763,-0.37,-1658.38490256845,-3460.3213477938-2893.88926624163i,0.849032109511144-0.0299310814506062i,0.8712671298465-0.0357139358972875i,14.27937748934,0,1,
450,1,170042243,170042243,227565,0.987579316319686,0.976699081671847,0.11,-1656.41577836464,3943.53401450214+1989.32354493304i,0.854543239033454-0.0227946128223164i,0.869493549591838-0.0455474963137343i,14.5774383163544,0,1,
451,1,170420713,170420713,227565,0.986967666611616,0.972248190681456,0.14,-1657.42781143887,-3981.4679635507-1931.4359899401i,0.854487796796851+0.0013265034296986i,0.875986606516389-0.0337357047424209i,14.5622749168463,0,1,
452,1,170799184,170799184,227565,0.986281013473651,0.938727860272487,-0.29,-1659.9990649996,4374.18405330015+991.572082342185i,0.853724549312181-0.0292874619866171i,0.867016045817928-0.0613234615558892i,14.378544492642,0,1,
453,1,171177654,171177654,227565,0.987321977774525,0.963451691768314,0.19,-1675.23538569135,-4445.21228752811+7.46946534328144i,0.854039008832385+0.0120617483299091i,0.868979805462953-0.0148557998420522i,14.4680334029396,0,1,
454,1,171556125,171556125,227565,0.986375154338741,0.912647214579448,-0.37,-1677.25792796033,4425.73525826404-864.801702208935i,0.85048499635558-0.00905442193604802i,0.871849136327563-0.0390594969979551i,14.146896560624,0,1,
455,1,171934596,171934596,227565,0.986055991342143,0.867911127789054,-0.47,-1644.90922002601,-3752.71638420371+2532.59210195613i,0.847022060635032-0.015838790778253i,0.861985847188577-0.043512833190529i,14.0853512954458,0,1,
456,1,172313066,172313066,227565,0.983179688705307,0.97424274214049,0.0799999999999999,-1660.46185345636,-400.689696866554-4371.6871166737i,0.840088862187824-0.00932231266958825i,0.869924134396392-0.0337970144844897i,13.6156133904493,0,1,
457,1,172691536,172691536,227565,0.986797167439174,0.942324003100589,0.28,-1666.79827675257,-2654.08402074918+3608.0666457751i,0.848791858934822+0.0101183496148292i,0.874167511634872-0.0237983671381952i,14.3165763113849,0,1,
458,1,173070007,173070007,227565,0.987316205453636,0.978575257814119,-0.0899999999999999,-1651.87207492673,1518.77234015959-4141.45507689614i,0.857682913878578-0.00202903953198001i,0.871290836108223-0.0208242972708993i,14.5999841272047,0,1,
459,1,173448477,173448478,227565,0.985684466580855,0.979979812761667,-0.0499999999999999,-1669.7424012893,302.218313349413+4384.46246753785i,0.846635086514441-0.0350425147770966i,0.869206221884465-0.06530851297331i,14.1095968443693,0,1,
460,1,173826948,173826948,227565,0.986928738995411,0.941504540774198,0.28,-1632.58326375883,-1365.49923713644-4266.90735554752i,0.849563588578728-0.0120901620211612i,0.865116988727267-0.040457104209875i,14.2992146977364,0,1,
461,1,174205419,174205419,227565,0.986553828274178,0.942986658360608,-0.28,-1693.25308367288,2073.43300789645+3971.16661974991i,0.853388682517871+0.00734732438416727i,0.866848113840019-0.0223961359690851i,14.3473507427399,0,1,
462,1,174583889,174583889,227565,0.987620093553844,0.976013525447231,-0.12,-1668.61872098633,-2340.53573789568-3750.78959975543i,0.856673415541637-0.00642477907356773i,0.877722866996569-0.0414734270671348i,14.7285560836439,0,1,
463,1,174962359,174962359,227565,0.985962152489713,0.91636267272422,0.36,-1657.74479692119,3226.85660048415+3146.427411064i,0.849583025994016-0.0244722054385241i,0.872795319608276-0.0244944257122078i,14.1962262897939,0,1,
464,1,175340830,175340830,227565,0.986763197214369,0.962194212445512,-0.2,-1662.79941231572,-3766.42050982328-2371.87258035314i,0.85598241237776-0.0263768751460104i,0.86832189643097-0.0477841518195228i,14.5945405436438,0,1,
465,1,175719301,175719301,227565,0.986440429154915,0.933652514837278,-0.31,-1669.70814041109,4433.97343574771+714.651537991263i,0.85072275635795+0.00693745549394187i,0.8655943785551-0.0253540772721506i,14.3442569889871,0,1,
466,1,176097771,176097771,227565,0.98786092005685,0.968916760945644,0.17,-1682.4828064845,-4433.63923808841+0.466658220482805i,0.853379937188332-0.00592627506657827i,0.87706369411936-0.0308222186327652i,14.5087411172287,0,1,
467,1,176476242,176476242,227565,0.986021938743022,0.906874031437192,-0.38,-1656.46628516794,4373.03461633069-1104.43386708563i,0.848671690237815-0.0429042766894871i,0.86308045031709-0.0730657959558242i,14.2704246173204,0,1,
468,1,176854712,176854712,227565,0.986304163199534,0.919399528976529,-0.35,-1665.17528344195,-4344.26666249149+1179.01917008903i,0.85155426309261-0.00553513885192141i,0.872673174343415-0.0397316705691098i,14.3061305349627,0,1,
469,1,177233182,177233182,227565,0.986461729053972,0.950576464894262,0.25,-1663.16938677055,3832.74353655677-2293.35529230407i,0.851365803297853-0.0171488983455679i,0.872874793763825-0.0639554997620596i,14.3404524026432,0,1,
470,1,177611653,177611653,227565,0.98650033805696,0.934495841869598,-0.31,-1649.66967374855,-3219.57656944371+3128.74037057147i,0.850372224423588-0.0549684572355437i,0.867154085915206-0.0530178358630074i,14.3245483426894,0,1,
471,1,177990123,177990123,227565,0.987467688124482,0.968400900713296,0.18,-1650.69244526834,2526.73741328193-3651.29693313922i,0.853085993013706-0.0575950532197343i,0.867472207895456-0.0547582119387923i,14.5729701548483,0,1,
472,1,178368594,178368594,227565,0.987795113531253,0.980099092160244,0.0599999999999999,-1660.93721195135,-886.088750294694+4317.96170303555i,0.856668033035017-0.0072043284838667i,0.877665347572102-0.0267148565361513i,14.6928141866496,0,1,
473,1,178747065,178747065,227565,0.986177669450617,0.858720488428777,-0.48,-1655.63474471881,122.06881928861-4527.21695859322i,0.847962041638387-0.0376102358935538i,0.870173477148707-0.0503292544299939i,14.1513677992807,0,1,
474,1,179125535,179125535,227565,0.987549021207675,0.982392172199083,0,-1679.67562423936,818.793303866835+4322.82691688426i,0.859986255724009-0.0078296254547209i,0.874920515379048-0.00413956706631552i,14.7258119841702,0,1,
475,1,179504005,179504005,227565,0.985730078650393,0.878523115849604,0.44,-1689.31316809085,-1698.86532382061-4192.65868377069i,0.847574225385132+0.0242701798336191i,0.870275230885781-0.000348238207179595i,14.0938665577739,0,1,
476,1,179882476,179882476,227565,0.985974640799123,0.895363444846421,-0.41,-1649.66892959449,2132.49697104894+3985.62841832378i,0.849998662843473-0.0210263043350511i,0.864760529760265-0.0518468074261084i,14.1323690805698,0,1,
477,1,180260946,180260947,227565,0.985903841455465,0.979313869221702,-0.0599999999999999,-1667.72999818257,-3801.89652827466-2209.80795735197i,0.845190714944579+0.00470831202368006i,0.866732797242899-0.0118874777125484i,14.0588269262209,0,1,
478,1,180639417,180639417,227565,0.986711233928307,0.946721891662105,0.27,-1668.93360589079,4263.37793632224+1367.15563613381i,0.852101915965054-0.00112105016982378i,0.875569734271476-0.0160847498002939i,14.4023932153235,0,1,
479,1,181017887,181017887,227565,0.986785239539203,0.935776737424448,0.3,-1664.24201800697,-4282.94868779619-1341.92162637632i,0.84944580367129-0.0303067010623141i,0.873422528811423-0.043837890706377i,14.3711474719104,0,1,
480,1,181396358,181396358,227565,0.98746902442793,0.972330877238123,-0.14,-1702.43164145662,4420.30849225117+245.588650930962i,0.854386627827976+0.0265392215226474i,0.872342740722262+0.00881659257219357i,14.6381753173927,0,1,
481,1,181774828,181774828,227565,0.986914808424893,0.922417020822941,0.34,-1623.41169855888,-4408.47731507328+907.92904326841i,0.847699589931477-0.0148164319761655i,0.865345491079177-0.0538329686826738i,14.2402801775366,0,1,
482,1,182153299,182153299,227565,0.987469789506372,0.953682404755615,0.24,-1680.47296919175,3757.25381423377-2414.52231687962i,0.850499806323682+0.0115907268680666i,0.87616544118143-0.00622638296620558i,14.4718173079619,0,1,
483,1,182531770,182531770,227565,0.987278610998254,0.929175423097293,-0.32,-1659.03263987676,-3140.19184387784+3218.71514364289i,0.853125722322717-0.0218362533819828i,0.865914011190486-0.063303179337143i,14.4231182657777,0,1,
484,1,182910240,182910240,227565,0.987370623667523,0.970612877058541,0.16,-1657.79112446814,2453.84582237329-3694.26579637432i,0.853475448676207-0.03248383777105i,0.873840061092184-0.0731898077214127i,14.632126344744,0,1,
485,1,183288710,183288710,227565,0.987100319530762,0.963915875439933,0.19,-1699.43029322729,-2452.85206688726+3705.60109969801i,0.851907706908884+0.00843390059632728i,0.876600412414224+0.00588822621919768i,14.4568017712533,0,1,
486,1,183667181,183667181,227565,0.986053595959284,0.951784524855982,-0.25,-1692.72948870323,1413.75670819076-4237.25454624069i,0.852055603334904-0.00367746680342201i,0.869997228421677-0.0335681686189647i,14.3715306010507,0,1,
487,1,184045651,184045651,227565,0.987166639371958,0.955196456211747,0.24,-1677.15295352438,-528.421176386342+4433.37455265817i,0.851212547639717-0.00354822185357727i,0.874514151680537-0.0185586158773316i,14.4499634156812,0,1,
488,1,184424122,184424122,227565,0.986346290555972,0.928483694157231,-0.32,-1684.77700798955,-558.784273132846-4459.28803005639i,0.852692251777872-0.00758471475357354i,0.866533919490388-0.0192130144420352i,14.310231443834,0,1,
489,1,184802593,184802593,227565,0.986300727735043,0.887943269771918,-0.42,-1676.8695105047,2329.05753041418+3875.75048292127i,0.850280459673301-0.0171171466044333i,0.864871835227987-0.0332563049476048i,14.2397530565397,0,1,
490,1,185181063,185181063,227565,0.987342233878273,0.981382784774159,0.0499999999999999,-1660.28166759977,-2915.11673649133-3301.21681542772i,0.858198241536592+0.00285255122381561i,0.878905667756998-0.00397480134305951i,14.7946683455351,0,1,
491,1,185559534,185559534,227565,0.9856986562622,0.852435977902351,-0.5,-1675.34840456874,3661.31543523678+2661.3918081i,0.847454452457282-0.0103634511930482i,0.862374277973786-0.05918040844502i,14.0618144017255,0,1,
492,1,185938004,185938004,227565,0.987882143267279,0.981118715046689,-0.0399999999999999,-1669.62264918539,-4037.66999631968-1753.19965075748i,0.856577117798723-0.0150973434257369i,0.880207245299291-0.0387303178555412i,14.7234289479857,0,1,
493,1,186316474,186316474,227565,0.987205750719121,0.974839022020662,0.13,-1656.16980505205,4228.22956910082+1297.15002334824i,0.85430961156958-0.0255991023294878i,0.877960606370346-0.0153778209596123i,14.6550939785708,0,1,
494,1,186694945,186694945,227565,0.987007309440045,0.960518308432252,0.21,-1672.21808243973,-4387.7271533401+743.015176347528i,0.851140903838115-0.00757107058291134i,0.868884542178167-0.04141264015131i,14.4434886988654,0,1,
495,1,187073415,187073416,227565,0.986390167368528,0.942442876676417,-0.28,-1668.82652883807,4077.69719921698-1833.640726452i,0.846912783310284-0.029952386751215i,0.863745581643931-0.0610411866909353i,14.2350185726705,0,1,
496,1,187451886,187451886,227565,0.986808988325904,0.979580352575821,-0.0699999999999999,-1664.90423238932,-3860.68852893058+2126.763763449i,0.858152301709012+0.00165442685764417i,0.878943086904288-0.0120933156503125i,14.7680389773783,0,1,
497,1,187830356,187830356,227565,0.985842268848641,0.897530596666093,0.4,-1661.6632098296,3495.02213151591-2862.36742912587i,0.848617346546408-0.0153175055356384i,0.870112893044525-0.0526608566560404i,14.1814486908642,0,1,
498,1,188208827,188208827,227565,0.986616914574423,0.9681920149619,0.18,-1708.82518016423,-2336.53975448411+3777.2426454239i,0.853062641596947+0.0178261571509726i,0.871126125696252-0.0109786639174826i,14.5237760371613,0,1,
499,1,188587297,188587298,227565,0.986017787154551,0.949397043834702,-0.26,-1685.90756670232,-1958.03837559149-4009.56833788629i,0.849180159511368-0.0210374691078895i,0.872383419979905-0.0389880644893019i,14.2108385833906,0,1,
500,1,188965768,188965768,227565,0.987485791740096,0.958461217924183,0.22,-1656.8649919606,-122.387321686576+4455.07440563281i,0.851481579443491-0.0430350930143348i,0.868547279773471-0.037732367089912i,14.4425592838063,0,1,
501,1,189344239,189344239,227565,0.985953075952972,0.923307108905084,-0.34,-1683.28037630511,-593.147249785569-4460.88003261718i,0.850733102971682+0.000328878079648808i,0.866905365959479-0.0260578133330214i,14.1924067396167,0,1,
502,1,189722709,189722709,227565,0.986179353251666,0.934453113671027,-0.31,-1654.74932945796,757.785533843266+4425.64806047985i,0.851046046124187-0.00363954538204134i,0.875853362696213-0.00684728902707262i,14.3777827134418,0,1,
503,1,190101180,190101180,227565,0.986618738616488,0.895461612722122,-0.41,-1674.98004851961,-2399.20148774698-3829.65450994426i,0.848409227490446-0.00244982415241427i,0.864508227448153-0.0302027238610739i,14.1835480532497,0,1,
504,1,190479650,190479650,227565,0.987847347029982,0.982188086614989,0.0599999999999999,-1693.0900072882,3033.1540956815+3195.0891111445i,0.856728982387389-0.0215620471030797i,0.881115389542501+0.00903909984068874i,14.6971895877807,0,1,
505,1,190858120,190858120,227565,0.987135422557391,0.958922792191565,0.22,-1644.66406683527,-3437.01036907581-2833.34987511953i,0.852809302980579-0.0302918722403942i,0.874832417859784-0.047211082102193i,14.4387370272601,0,1,
506,1,191236591,191236591,227565,0.98696930138559,0.977120151203227,0.11,-1659.66176890541,4194.19657609704+1384.24283888362i,0.853986855966079-0.0591436597544517i,0.867340495292968-0.071817597856101i,14.584438730592,0,1,
507,1,191615062,191615062,227565,0.986261605774465,0.880789985082985,-0.44,-1661.70146179372,-4508.97711230998-378.919258222419i,0.850261067023357-1.48135756054533e-06i,0.871942307470745-0.021809106221466i,14.1829184592074,0,1,
508,1,191993532,191993532,227565,0.98602506281508,0.894401970284874,-0.41,-1672.64930812646,4504.70887614021+351.250160070282i,0.851017453255078-0.0219890368905922i,0.865643900246634-0.0392049321866427i,14.1569827120646,0,1,
509,1,192372002,192372002,227565,0.98746432926253,0.981382811901975,0.0599999999999999,-1664.67811964416,-4359.34215261218+639.113476346156i,0.855219567505691-0.0204927439184111i,0.870923156799973-0.0338684217923946i,14.6404706785103,0,1,
510,1,192750473,192750473,227565,0.986259017906621,0.911446590995852,-0.37,-1670.50921886012,4109.55932543492-1856.33886344889i,0.850063713741006-0.0200186922421775i,0.873868776319239-0.0245442758575154i,14.2062023503276,0,1,
511,1,193128944,193128944,227565,0.985486188946293,0.964959748069768,-0.18,-1663.27319522146,-2533.96173099899+3630.54616646841i,0.847851253961458-0.0208590848729456i,0.870781480599743-0.0264461155238139i,14.0470845226737,0,1,
512,1,193507414,193507414,227565,0.986785925054757,0.947386617526414,-0.26,-1641.21092327759,2598.94250174531-3641.80127758332i,0.854477824625737-0.0243809396162053i,0.866647991684059-0.0523140084170474i,14.5024447936565,0,1,
513,1,193885885,193885885,227565,0.986702119700031,0.889033649306019,-0.43,-1676.12953697102,-1237.77893486518+4351.10621577573i,0.848305327698317-0.037169844146445i,0.864979922711391-0.0524368439153113i,14.1491532232608,0,1,
514,1,194264355,194264355,227565,0.986830364194101,0.978492508370167,-0.0899999999999999,-1658.00961856215,433.388900058573-4389.78927783892i,0.858019928043211-0.010537993138521i,0.876296098562619-0.0346811468867477i,14.6519427286161,0,1,
515,1,194642825,194642825,227565,0.986358775577796,0.945594900234826,0.27,-1688.75920832981,198.266423584843+4471.52538525937i,0.851380002155413+0.00607117440631944i,0.867389704390251-0.00525022337192773i,14.3088802454648,0,1,
516,1,195021296,195021296,227565,0.985931687960789,0.867722243593458,-0.47,-1633.68117034455,-1000.75114435018-4414.06563715888i,0.849045336305191-0.0236753642923532i,0.871413842017248-0.0391576745857176i,14.0833519094792,0,1,
517,1,195399766,195399766,227565,0.987072837984642,0.964492476034836,0.19,-1667.65502440105,1996.91836370971+3970.70356363468i,0.85336651104965-0.0235783179041589i,0.876180105600193-0.061016453168947i,14.5093056507447,0,1,
518,1,195778237,195778237,227565,0.986617314185357,0.960404983399835,0.21,-1675.22435085408,-3610.79746310563-2604.98799212425i,0.852643051587381-0.0251158222253857i,0.870212757091727-0.0184698626090365i,14.4292065227169,0,1,
519,1,196156707,196156707,227565,0.986937278250203,0.954138664156849,0.24,-1676.60312086701,3536.02475304284+2730.23575117449i,0.853444034852127-0.00503601604150895i,0.875101419148301-0.0259865618083062i,14.4825540611776,0,1,
520,1,196535178,196535178,227565,0.987194766440828,0.963415497538613,-0.2,-1644.90720183332,-4128.25698464153-1664.38966740823i,0.855251701165977+0.00651138101546102i,0.868902476071745-0.0539096845233402i,14.6107290950689,0,1,
521,1,196913648,196913648,227565,0.986818149729138,0.941989944072216,0.28,-1662.68216992869,4403.5498045787+821.349964302265i,0.850407197582465-0.008722740838061i,0.86679838726639-0.0442269447899086i,14.3349608897249,0,1,
522,1,197292119,197292119,227565,0.986271550842251,0.942460673337532,-0.28,-1687.22627169158,-4480.55999999416-67.33304824734i,0.853818485014086+0.0163634432237777i,0.87623215139571-0.030144921664313i,14.3635434530942,0,1,
523,1,197670590,197670590,227565,0.986073869616449,0.907051885828796,-0.38,-1686.63246629441,4122.24327033261-1835.94922927355i,0.850950917390838-0.00532641837672826i,0.865055941660924-0.0278350273721612i,14.2191590227013,0,1,
524,1,198049060,198049060,227565,0.987931999608783,0.978466144496696,0.0999999999999999,-1671.5404571525,-3505.83653923993+2685.64274819117i,0.854148909820404-0.0222123950416868i,0.87882350110621-0.0417408620780392i,14.7425678365334,0,1,
525,1,198427531,198427531,227565,0.986201625981135,0.87452187315293,-0.45,-1685.19748754028,2925.1292164176-3456.01067675144i,0.849561450389122+0.0125504218032869i,0.872385273087393-0.0105969944056665i,14.1793798431505,0,1,
526,1,198806001,198806001,227565,0.985737432483483,0.887892926786708,-0.42,-1654.29506009359,-2873.9856688631+3493.65168607693i,0.850627137300428-0.0200027474069748i,0.863221490036204-0.0614892217353148i,14.1876882243336,0,1,
527,1,199184471,199184471,227565,0.987228554672719,0.966485962473769,0.17,-1655.30057849258,1915.32000561062-4005.07300011924i,0.851816838427576-0.0042916479366326i,0.867748294688451-0.0490928127188434i,14.4825895276503,0,1,
528,1,199562942,199562942,227565,0.985989616753967,0.906481683644385,-0.38,-1636.346815722,-936.981794899529+4414.96332421492i,0.850140783643166-0.0361143491619326i,0.869751563584638-0.0322314830488392i,14.1961956977561,0,1,
529,1,199941412,199941412,227565,0.985687593051963,0.896558895559302,0.4,-1669.50344628334,-331.052908362131-4505.55330305274i,0.849950708857356+0.0074309379484422i,0.871602769138937-0.0262311074943046i,14.1911386476663,0,1,
530,1,200319883,200319883,227565,0.98718503357359,0.982480240274606,0,-1671.5840350963,1596.70066736831+4101.33370476572i,0.859507594569027-0.00324161396148243i,0.87277636611917-0.0521657294218871i,14.7629620792145,0,1,
531,1,200698353,200698353,227565,0.985433089642888,0.877262298437983,0.44,-1672.48521517036,-2425.59013082454-3819.5943573305i,0.847285618101332-0.0154642475634552i,0.870112944065082-0.0507758216560156i,14.056917836185,0,1,
532,1,201076824,201076824,227565,0.987349132028079,0.976926653569963,-0.0999999999999999,-1654.73840310046,3152.21104796458+3094.48085465089i,0.858345122174394-0.00913958190007219i,0.872456766323794-0.0361267534136496i,14.7923323838326,0,1,
533,1,201455294,201455294,227565,0.987356223341197,0.980922054130899,0.0599999999999999,-1675.14374817075,-3257.31506636719-2966.48455046852i,0.856116817341469+0.00881082996103723i,0.872653284342702-0.0209500998262792i,14.6268839139995,0,1,
534,1,201833765,201833765,227565,0.985757734210803,0.858916039158215,-0.48,-1669.60682691791,3998.43361970669+2126.20871105741i,0.849100097393747+0.0094460784057687i,0.871803947454681-0.0247920832384085i,14.0616651333145,0,1,
535,1,202212235,202212236,227565,0.985842323014915,0.953394742659273,-0.24,-1692.83415263898,-4453.8781407451+78.83884301735i,0.847432133007291-0.0304418027602808i,0.873102722074376-0.00842251284913452i,14.1596097105213,0,1,
536,1,202590706,202590706,227565,0.987284662027725,0.98299933633189,0,-1646.04802966323,4315.68752631052-858.051806100882i,0.857827091304558-0.032854456155376i,0.871820840933592-0.0498410644848374i,14.7420054558703,0,1,
537,1,202969176,202969176,227565,0.986449879265958,0.922359389955556,0.34,-1660.13115207741,-4260.71357072735+1453.76163170261i,0.849129010822252+9.61842325963129e-05i,0.866759529988715-0.0155806029494953i,14.1591112239132,0,1,
538,1,203347647,203347647,227565,0.987206444229371,0.959986737144046,-0.22,-1701.72226543642,3935.489408998-2093.74087071382i,0.855420459722221+0.0264849935373846i,0.876824659801573-0.00201404804283851i,14.5264096177334,0,1,
539,1,203726117,203726117,227565,0.97861626005804,0.8924448589502,0.41,-1685.54592883921,190.254774783835+4449.18744025301i,0.832253863856152-0.0351154592820645i,0.854746465717006-0.0455694274335218i,12.5952742984882,0,1,
540,1,204104588,204104588,227565,0.987742151259181,0.982777726347766,0,-1651.35696178501,2042.55608841821-3890.93825369153i,0.855350792428895-0.00360957910865327i,0.880065324326576-0.0181661578699461i,14.5002048915623,0,1,
541,1,204483059,204483059,227565,0.986400040826304,0.901007583727248,-0.39,-1687.9628162064,-887.091987817246+4429.67237537191i,0.8506776065749-0.0169987828731879i,0.872608884946415-0.0169035932177607i,14.3177691053523,0,1,
542,1,204861529,204861529,227565,0.986592981529709,0.912771356501847,-0.37,-1656.48884462405,717.185666455151-4454.01426671295i,0.849935984783428-0.0291927981277195i,0.864202940563105-0.0518176897123862i,14.2940565286842,0,1,
543,1,205239999,205239999,227565,0.987248179470928,0.955034446427768,0.24,-1662.6993444152,437.617742101061+4444.66134886665i,0.851903936954959-0.00830744276205277i,0.867039757859619-0.032107117606481i,14.3542833798846,0,1,
544,1,205618470,205618470,227565,0.986092254461894,0.880880925161313,-0.44,-1672.28360986912,-943.019100936106-4425.95968858274i,0.847344701330213-0.0297310786473945i,0.87185713494855-0.0366555786166377i,14.087060889388,0,1,
545,1,205996940,205996940,227565,0.987094114332043,0.971055172878873,0.16,-1654.5840303974,2120.08863604314+3893.77852167647i,0.853606835051178-0.00757703371485195i,0.878948035353233-0.0259861761406795i,14.5578651361704,0,1,
546,1,206375411,206375411,227565,0.987778853358916,0.978291042821809,-0.0899999999999999,-1672.99201290517,-3204.47321384245-3033.83912919295i,0.856081269533356+0.00017352760702614i,0.872180026651925-0.0311257604225608i,14.6599242646556,0,1,
547,1,206753882,206753882,227565,0.985394057721338,0.853417860321201,-0.5,-1681.07932061227,3930.84522975446+2246.72111093909i,0.848905326085418-0.016485122747101i,0.871459634920027-0.0396616937339847i,14.0749713811535,0,1,
548,1,207132352,207132352,227565,0.98782643269295,0.982944997348705,-0.0399999999999999,-1674.82132586396,-4224.71287754379-1240.74113242745i,0.85735207260322-0.0320023681629331i,0.873759395865595-0.0262615699789859i,14.733461369618,0,1,
549,1,207510822,207510822,227565,0.985945208722702,0.885345334651136,0.43,-1686.38062046577,4499.59093870384+465.774878795873i,0.847979898350635+0.0239749580548497i,0.864329855450556-0.0145274787415617i,14.1557728775152,0,1,
550,1,207889293,207889293,227565,0.986223202263183,0.888306843009123,-0.42,-1649.79776175824,-4521.35909641877+40.8239170747561i,0.846977089834564-0.0318528965491876i,0.870897896529537-0.0403649747129755i,14.1858367050234,0,1,
551,1,208267763,208267763,227565,0.98733035518873,0.980500839974572,0.0499999999999999,-1648.19953490104,4289.45483842934-994.88178874584i,0.855855104254641-0.034678407930685i,0.869499426952529-0.0548652289360474i,14.6589182781354,0,1,
552,1,208646234,208646234,227565,0.985410652847148,0.851064509266659,-0.5,-1656.60692260066,-4110.24316280658+1900.81942107037i,0.847079404306523-0.0103519522753373i,0.867766932087329-0.0392907643874291i,14.09652772708,0,1,
553,1,209024704,209024704,227565,0.978673826025474,0.911306768120028,0.36,-1672.34046587837,2731.94974498342-3501.04033748025i,0.831992019249377-0.00249273371856315i,0.863636258206608-0.0192875461719317i,12.5821624219249,0,1,
554,1,209403175,209403175,227565,0.987569944601419,0.972140417401795,-0.15,-1673.82273416082,-2232.78210243034+3828.36809201087i,0.856112536477591-0.0282811039094537i,0.872293121069593-0.0388326319027731i,14.7088264359932,0,1,
555,1,209781646,209781646,227565,0.986139523957225,0.907275606940371,-0.38,-1693.96128427191,801.746617618163-4441.38753484477i,0.849372917752524-0.0376934857692953i,0.871120635308031-0.0339636184614273i,14.2587464733193,0,1,
556,1,210160116,210160116,227565,0.987244759407701,0.955911401868852,-0.23,-1641.5623071359,-406.603605873504+4441.31688173441i,0.854290926320595-0.02483141612521i,0.867355991738382-0.0575979168026483i,14.4907562653929,0,1,
557,1,210538586,210538587,227565,0.985571059042443,0.946050872066308,-0.27,-1660.56312429223,-3836.46213598235-2276.81750124895i,0.846759496203051-0.049955614185942i,0.863671522481959-0.0453987104563708i,14.0135623180837,0,1,
558,1,210917057,210917057,227565,0.986809274620852,0.972255662592985,0.14,-1676.15059151965,2092.53926913938+3900.19487008247i,0.854343117955514-0.00525393101455346i,0.878323342167377-0.0349140420421031i,14.6175819785591,0,1,
559,1,211295528,211295528,227565,0.985738546539648,0.894556037620188,-0.41,-1661.08824447686,-2914.74781941043-3453.48384231065i,0.849056839749203-0.0228844978592607i,0.871160394750019-0.0319392898122458i,14.238239357281,0,1,
560,1,211673998,211673998,227565,0.987401602672088,0.947870231976451,-0.26,-1685.41038982828,3001.43375200103+3315.59282050188i,0.854057595778247+0.00514972855205348i,0.867496020721089-0.0248834458289995i,14.4479090897753,0,1,
561,1,212052468,212052468,227565,0.986617940848761,0.957066637833513,0.22,-1669.69754814474,-3763.83494011946-2385.99052141619i,0.853681839494461-0.0128919070916697i,0.86769326769196-0.0087258091135543i,14.4555316752695,0,1,
562,1,212430939,212430939,227565,0.986355629184527,0.922587157553292,-0.34,-1684.40798978162,4186.54739519832+1653.1386399503i,0.849755263078016+0.0185143059784527i,0.8731894063223-0.0028833457314051i,14.3022705208069,0,1,
563,1,212809409,212809409,227565,0.986022489948594,0.878157638754026,0.45,-1687.8356708713,-4523.7570150309-82.0450096743548i,0.847473582057821-0.00342698326246807i,0.865514043233028-0.00343506368509753i,14.0911513104135,0,1,
564,1,213187880,213187880,227565,0.987147410640286,0.983007495150207,0,-1675.30583350705,4285.90245993227-976.880298169673i,0.854832600327781-0.0143184476467559i,0.878498221181703-0.053798343403042i,14.4957456518404,0,1,
565,1,213566351,213566350,227565,0.986959107391047,0.857158343481735,0.49,-1666.72137454622,-3981.91504447917+2158.35716355938i,0.848139242679244-0.0301917040431228i,0.87178401069534-0.0325134645953085i,14.214669714259,0,1,
566,1,213944821,213944821,227565,0.987327288773951,0.982443991117578,-0.0599999999999999,-1668.94465523848,3389.69910421477-2814.69932733306i,0.855939459838839+0.00946105423798643i,0.872962328211232-0.0377991158091485i,14.6690635120312,0,1,
567,1,214323291,214323291,227565,0.987474329241641,0.976845465900475,0.11,-1680.08125126,-3192.44002623857+3053.4672051475i,0.855068440496743-0.0117281793042895i,0.870475682788109-0.0380734844103044i,14.5659650879665,0,1,
568,1,214701762,214701762,227565,0.9856096109715,0.881402011416665,-0.44,-1655.13720229478,2403.0944154814-3834.65291128242i,0.849569960164058-0.0118583230758307i,0.87079539650651-0.0243219490521303i,14.2085996441853,0,1,
569,1,215080232,215080232,227565,0.98625293644305,0.921517802447932,0.34,-1663.38635819831,-1132.61678269177+4356.63819140941i,0.848560347696233-0.0171916116730039i,0.873172102393357-0.0108971898442009i,14.1579350780708,0,1,
570,1,215458703,215458703,227565,0.987229415905655,0.959226539557155,-0.22,-1679.36659817724,290.098853919098-4446.90375979428i,0.853824325967117-0.0217497865548047i,0.870598673499853-0.0296525097869622i,14.4677812784868,0,1,
571,1,215837173,215837173,227565,0.986829331223347,0.904357540702213,0.39,-1667.73014065328,1065.5844055454+4389.47329122565i,0.849116358366624-0.0128845917785982i,0.872444685207371-0.0273322223547943i,14.28955175031,0,1,
572,1,216215644,216215644,227565,0.987489970414521,0.968573645728094,-0.17,-1649.99101664255,-2010.89663033396-3956.34987688614i,0.854865233080044-0.0141348366793625i,0.871967175278866-0.0369586742594536i,14.6183031339969,0,1,
573,1,216594114,216594114,227565,0.986990180175795,0.964009715946332,0.19,-1651.86222068832,2518.14133847961+3664.99706984788i,0.853455612094775-0.0265915390051727i,0.868783445051066-0.0600855329823905i,14.559550603543,0,1,
574,1,216972585,216972585,227565,0.986926546042991,0.975129198382445,-0.12,-1672.03499686817,-3437.59108739368-2779.61796770118i,0.857043104813825-0.024783993237624i,0.877520490814431-0.0283351131483589i,14.6537189249878,0,1,
575,1,217351055,217351056,227565,0.984192318948612,0.965670254853616,-0.18,-1684.75943385015,4158.79696252197+1495.56391071666i,0.84381852028292-0.0155793271123612i,0.868021137391636-0.0379082897591865i,13.6497247885539,0,1,
576,1,217729526,217729526,227565,0.987559050613252,0.981627742915567,0,-1689.98705603397,-4330.66257947892-791.959501810521i,0.858146521260945-0.00362028900732271i,0.872741231040456-0.0201658288135227i,14.7585051216432,0,1,
577,1,218107996,218107996,227565,0.986700857602039,0.942647375451179,0.28,-1659.92191914184,4474.77308876811+215.45532595833i,0.851524266601432-0.0177081656092491i,0.86738273471092-0.0310809336944996i,14.2922382644599,0,1,
578,1,218486467,218486467,227565,0.987608281086367,0.979532064682645,-0.0899999999999999,-1660.91499796337,-4253.09020107159+1182.19263227652i,0.854891792616405-0.0241631161665292i,0.880644483483055-0.00926336298221586i,14.807406146325,0,1,
579,1,218864937,218864937,227565,0.986697198679859,0.959935088517431,0.21,-1655.83503338097,4112.69770720121-1709.43918347699i,0.853239391295452-0.00595279067837117i,0.869422664310127-0.0230546342273458i,14.4567650658537,0,1,
580,1,219243408,219243408,227565,0.986721898699109,0.981250609662092,-0.0399999999999999,-1636.25506218733,-3156.72698345135+3069.21392009939i,0.857311892080513-0.0232624788558858i,0.877235815169188-0.0549112876270197i,14.6461859069398,0,1,
581,1,219621879,219621879,227565,0.986306622679191,0.873844088057218,-0.45,-1652.24844199246,2287.45297279189-3907.6383536151i,0.847307850246514-0.0328537806504182i,0.870279921839189-0.0350179188131956i,14.1707880334004,0,1,
582,1,220000349,220000349,227565,0.987227515351968,0.975938410172104,-0.12,-1633.36790650008,-1640.6729032105+4107.74960205301i,0.855828008545991-0.0369140363015278i,0.870506528983476-0.0599710919026309i,14.7234378028166,0,1,
583,1,220378820,220378819,227565,0.985682738124177,0.865124024958842,0.47,-1643.40993552871,576.973697809613-4492.50558173503i,0.845424254900803-0.0524598670860818i,0.867644612700282-0.0557325143053073i,14.0952779988017,0,1,
584,1,220757290,220757290,227565,0.98598637270894,0.907203498400707,-0.38,-1664.62051614219,-285.930765865444+4504.51018403288i,0.851306784777624-0.0142428284172601i,0.86463487175795-0.0157363548466696i,14.1395337188198,0,1,
585,1,221135760,221135760,227565,0.987484823693018,0.97875959104235,0.0899999999999999,-1631.97825126594,-667.472293340599-4361.71560274488i,0.854754848926512-0.0407900279787414i,0.87057421174388-0.0688165685852641i,14.5609797182832,0,1,
586,1,221514231,221514231,227565,0.98736835441883,0.970621575235582,-0.15,-1680.818773563,1943.61961319621+3983.94594977858i,0.855736858948843-0.0404841819682124i,0.878472232218905-0.02803074518949i,14.6326482820387,0,1,
587,1,221892701,221892701,227565,0.987898138931908,0.983239376812392,0,-1656.28312769449,-2328.38526714158-3733.36118065826i,0.856263652547832-0.0149233617873258i,0.872923085259787-0.0168067458273053i,14.6085742738815,0,1,
588,1,222271172,222271172,227565,0.987912567909144,0.978283270597772,-0.0999999999999999,-1675.18716690064,3590.64358750515+2572.55598733927i,0.856672156443314-0.00108613388503545i,0.878668099668212-0.0222610946431249i,14.7188261546974,0,1,
589,1,222649642,222649642,227565,0.987276941107665,0.949979253940239,0.25,-1653.17820085233,-4029.23196744318-1933.47192017604i,0.850312642312034-0.0179515786367167i,0.874739419603988-0.0365777549140828i,14.3947080937505,0,1,
590,1,223028113,223028113,227565,0.987867663154453,0.983029191250657,0,-1686.99821545167,4351.83420840115+658.690421815357i,0.856917871795689+0.00319307749937274i,0.875356238224038-0.0222412170644625i,14.662713820669,0,1,
591,1,223406583,223406583,227565,0.987154842327098,0.983116740341841,0,-1659.65898753257,-4369.22872161529-535.043892283553i,0.857976852017774-0.0241079420807638i,0.873460182647435-0.0315739183192787i,14.7486869927677,0,1,
592,1,223785053,223785053,227565,0.985972505586194,0.878438457888855,0.45,-1681.502399782,4524.6943027064-150.051684297938i,0.849521404688678-0.0133145420721961i,0.870845352761282-0.0152676494076331i,14.1064727452598,0,1,
593,1,224163524,224163525,227565,0.984831836126703,0.89695677228725,-0.4,-1676.40480335998,-3681.48899734418+2599.47849815785i,0.845571567958655-0.00181651361727514i,0.870064834869718-0.000670906128458103i,13.9710871209472,0,1,
594,1,224541995,224541995,227565,0.986646286752824,0.958688252243867,-0.22,-1673.88184287891,3520.94713935339-2733.81686946481i,0.853934796736584-0.0108502492636639i,0.869956051769802-0.0180078316553672i,14.4398515445001,0,1,
595,1,224920465,224920465,227565,0.986869258393538,0.946785535740857,0.27,-1692.1479503102,-3011.96345286643+3313.00594766135i,0.851486355141509-0.00518906434222003i,0.874442021944499-0.0240251262082444i,14.3693609196853,0,1,
596,1,225298936,225298936,227565,0.986621372824115,0.938542375429243,-0.29,-1679.91523685902,2030.6944268321-4000.20377497242i,0.853145043374482+0.000393082559865791i,0.867455297919718-0.0279441247458489i,14.4167264814531,0,1,
597,1,225677406,225677406,227565,0.987178928175489,0.964848126684695,0.19,-1654.8636924326,-1257.74808026149+4264.10602368591i,0.851487081157246-0.0122360945599585i,0.866881054668192-0.0702883627346431i,14.4583143923331,0,1,
598,1,226055877,226055877,227565,0.987187935309173,0.97954343782722,0.0799999999999999,-1680.42250631142,-642.676635299251-4358.59095587991i,0.856693964505761-0.0010948240339766i,0.880100826139627+0.000966525409225689i,14.7222804358787,0,1,
599,1,226434348,226434348,227565,0.986136797045064,0.86737511962534,-0.47,-1658.33154399239,1644.41023408235+4215.57062351591i,0.848388954729329+0.00242732809185406i,0.87212819195393-0.00569586098027227i,14.2146534407625,0,1,
600,1,226812818,226812818,227565,0.987854498020418,0.982169100623945,0,-1691.88179809391,-2294.60604904237-3757.50826209451i,0.857582512384086-0.00491170331660666i,0.872748409380258-0.0226896966977686i,14.7600355331398,0,1,
601,1,227191288,227191288,227565,0.98722580692918,0.97031110655991,0.16,-1675.37842471809,2678.55460607266+3536.0455028759i,0.853275570523301+0.00348190738495405i,0.870476492944146-0.00417650831287496i,14.5047115871601,0,1,
602,1,227569759,227569759,227565,0.986042188499698,0.90035966936755,-0.4,-1672.77313268684,-3419.85701888172-2952.10914124211i,0.849701361194387-0.00478642511965224i,0.872159949087442+0.000466820093613043i,14.1449115707881,0,1,
603,1,227948229,227948229,227565,0.986064563100448,0.905593117833701,0.39,-1655.51922050521,4217.82048876904+1613.49282282159i,0.849036991178551-0.00795851328036724i,0.864222795266798-0.0319280646125911i,14.1625993828805,0,1,
604,1,228326700,228326700,227565,0.987467546606395,0.982206555518048,-0.0399999999999999,-1662.98548835747,-4372.46927807094-523.327482206637i,0.856784346725278-0.0226349749131037i,0.881069803946482-0.0203130771021413i,14.7554290692996,0,1,
605,1,228705170,228705170,227565,0.98702619982225,0.932605540324112,0.31,-1663.21693903736,4485.72037093294-206.539151172838i,0.849825729427145-0.0173628534485759i,0.876345622450101-0.0135716749733734i,14.3010990566019,0,1,
606,1,229083641,229083641,227565,0.987403182917373,0.974912358758563,-0.12,-1681.85913195394,-4211.09971316933+1349.69075627698i,0.858060856078648+0.0097810231270978i,0.872823741495321-0.0136575015263766i,14.6623015823498,0,1,
607,1,229462111,229462111,227565,0.987464007955364,0.979623879340944,-0.0899999999999999,-1672.20245326999,4188.45211727837-1390.11378024923i,0.858145742696613-0.00179405351421335i,0.872743830742595-0.0373091070201464i,14.7268173821378,0,1,
608,1,229840582,229840582,227565,0.985763964804856,0.853464162852024,-0.5,-1670.7801111287,-3760.72395530352+2522.34606053155i,0.847546410000768-0.0129590972462792i,0.871372158955838-0.0161706029640114i,14.0560686857802,0,1,
609,1,230219052,230219052,227565,0.986466453397701,0.941364712553381,0.28,-1645.60394527532,2768.01109366773-3521.21916591424i,0.848476838088147-0.0144739294913296i,0.874795514175816-0.0211783629154936i,14.2748616766878,0,1,
610,1,230597522,230597522,227565,0.986130484477883,0.885096844558683,0.43,-1678.71394217997,-2560.98911600202+3727.68462362033i,0.846152443472345-0.0127890144134085i,0.864501514784462-0.0303862194507436i,14.0278148291343,0,1,
611,1,230975993,230975993,227565,0.986374774536452,0.927557424389083,0.33,-1668.93188436362,869.15988796252-4412.50492420204i,0.848810592493394-0.0306899808017677i,0.87315385751555-0.0588344465868861i,14.2470017570675,0,1,
612,1,231354464,231354464,227565,0.986849688941505,0.955702379723481,-0.23,-1695.90894075916,104.82751705481+4460.43700660216i,0.853217736312711-0.024043927498616i,0.867198536826215-0.0480171647127879i,14.4730454588697,0,1,
613,1,231732934,231732934,227565,0.986298964720044,0.95059761868454,0.25,-1644.83050161783,-1272.90314184099-4282.61345624564i,0.851595588166337-0.0172150999625451i,0.865923007766674-0.066388153955995i,14.4401602033857,0,1,
614,1,232111405,232111405,227565,0.986389640212712,0.93527221686357,-0.31,-1638.10820552346,2219.95645444622+3904.07894162525i,0.851620412092994-0.0430041287719506i,0.873702697874483-0.0381106691936842i,14.3660225517442,0,1,
615,1,232489875,232489876,227565,0.982706743659305,0.947037441266795,-0.26,-1689.23543461888,-3393.64001394858-2872.00181332787i,0.842396222166918-0.0418967019388342i,0.859512001795726-0.0284087566338201i,13.5446451059254,0,1,
616,1,232868346,232868346,227565,0.988181388482539,0.980264906671639,0.0599999999999999,-1645.95878810508,3982.59110824541+1888.04745959356i,0.855632105233019-0.0222946454501173i,0.87702490950089-0.0591865590365483i,14.7882881572079,0,1,
617,1,233246817,233246817,227565,0.986197345317563,0.859506401843766,-0.48,-1663.84965835718,-4396.02735888974-1091.02038756294i,0.848137815298525-0.0242747554309606i,0.871807577293954-0.0381255761311787i,14.1623314870765,0,1,
618,1,233625287,233625287,227565,0.986773620229616,0.925048086644497,-0.34,-1661.44908752096,4402.73564878672+937.00686138368i,0.849592668024542-0.0551619751763277i,0.864743663983573-0.0491150064148198i,14.2633026692261,0,1,
619,1,234003757,234003757,227565,0.987656117147462,0.973272462323297,0.14,-1652.23403281066,-4425.31624883679-16.8851317624034i,0.854422192931595-0.0243499314516283i,0.877294791725524-0.0499209812141321i,14.6634188254187,0,1,
620,1,234382228,234382228,227565,0.987543392658064,0.979042114265315,-0.0999999999999999,-1681.17714101948,4178.39341107005-1422.93895022732i,0.857828751029296-0.0219101848094868i,0.873501480095661-0.0150075589536095i,14.6386213051572,0,1,
621,1,234760699,234760698,227565,0.98546001765085,0.858360500899482,0.49,-1662.93965302977,-3674.31886472778+2646.96588740531i,0.849044268118027-0.0193138301069344i,0.862896724807244-0.0572028314576748i,14.1010619060023,0,1,
622,1,235139169,235139169,227565,0.987255363880421,0.979647737966563,-0.0499999999999999,-1662.27678629418,2966.82944266663-3254.94278881537i,0.857154880445717-0.0227035992389263i,0.881305823402106-0.0155261097280115i,14.8095927026522,0,1,
623,1,235517639,235517639,227565,0.986094898943421,0.892660134277929,0.42,-1678.48613775833,-2398.18685164499+3831.33305748126i,0.848510112719389-0.0102611884264422i,0.871639156733271-0.0399201500326202i,14.1209626356415,0,1,
624,1,235896109,235896109,227565,0.986002253975651,0.878340921002771,0.44,-1677.81268595868,2472.32288377781-3786.91015710514i,0.847543304396813-0.0236644324995503i,0.864029746325557-0.024524448591515i,13.9894442265195,0,1,
625,1,236274580,236274580,227565,0.987777227180514,0.983118131116031,0,-1684.56459564827,-1259.65310037687+4211.12301671515i,0.854741801679834-0.0323882985087697i,0.873232788407173-0.0174429751524289i,14.4656229529115,0,1,
626,1,236653051,236653050,227565,0.986241567926553,0.856351097438415,0.49,-1664.35259864111,260.84792830138-4520.91438967893i,0.847475049767939+0.0157429129060234i,0.870050774451622-0.0351126813133116i,14.1338536194278,0,1,
627,1,237031521,237031521,227565,0.987790783099398,0.981789525557228,-0.0599999999999999,-1667.9457430466,547.630313225867+4372.56087514239i,0.85783936419443-0.0140247838330445i,0.870350399682928-0.0440479145918688i,14.7109742872049,0,1,
628,1,237409992,237409992,227565,0.987340573259839,0.969184597040707,-0.17,-1674.08395082504,-2234.22880633546-3821.77586761677i,0.854680723122245-0.0117611976246924i,0.874702724806907-0.0393203397739594i,14.6563678366729,0,1,
629,1,237788462,237788462,227565,0.986708049308941,0.932629777664631,0.31,-1689.75073035416,3009.50538936148+3303.49340697339i,0.850358162832863-0.0209079884264007i,0.872119296730594-0.0226657930706139i,14.2130831022377,0,1,
630,1,238166933,238166933,227565,0.986872714901972,0.951107818953126,-0.25,-1700.03491084425,-3511.88914726732-2732.23530436995i,0.854214520679742-0.0081995693256597i,0.868895817094248-0.00341341629221297i,14.4589712299529,0,1,
631,1,238545403,238545403,227565,0.986767864434706,0.953232833844089,0.24,-1653.44843061439,4091.21431738691+1735.02365288406i,0.851832444245814-0.00334048151763921i,0.874226258394842-0.0217869141502935i,14.4674035978919,0,1,
632,1,238923873,238923873,227565,0.985723934050368,0.903137346463226,0.39,-1670.04517867478,-4284.14062131159-1357.58996304875i,0.847954253313993+0.0160981580716437i,0.86445574500897-0.0124610944267305i,14.2159300493011,0,1,
633,1,239302344,239302345,227565,0.983157921362626,0.93703721277165,-0.29,-1667.30718890471,4318.06993435438-1022.37151711086i,0.842917630977683-0.0383716503288054i,0.861310682075661-0.0407226070249699i,13.5539408107181,0,1,
634,1,239680815,239680815,227565,0.986678757986113,0.900437260527259,-0.4,-1654.42135262216,-4370.86270561372+1061.06122478348i,0.849571592993212-0.0151718442425198i,0.87048898418216-0.0198128106403194i,14.2837519557061,0,1,
635,1,240059285,240059285,227565,0.987771562191611,0.979594712536281,0.0799999999999999,-1670.36715637188,3986.36721563141-1842.24760649044i,0.855269638472189-0.0189347208137348i,0.870944372362003+0.00843274678233302i,14.6221233563967,0,1,
636,1,240437756,240437756,227565,0.986358230765935,0.917654831018199,-0.35,-1672.76750300867,-3454.47242578133+2892.14636642652i,0.850675104364277-0.0310695269836968i,0.872864798413098-0.0328211720135312i,14.3634038282053,0,1,
637,1,240816226,240816226,227565,0.985840655158299,0.883202071045232,0.43,-1655.07791665079,2193.79127951529-3957.40151736069i,0.846796464630935-0.0162116542258496i,0.871516653986461-0.0341026774212414i,14.1478906270534,0,1,
638,1,241194697,241194697,227565,0.987627432854772,0.983040644347304,0,-1681.30119368599,-1147.07081129367+4248.38629193689i,0.856087039479768+0.00828779319073577i,0.872604068322275-0.000905486292095232i,14.58556920292,0,1,
639,1,241573168,241573167,227565,0.986860786640472,0.862970641302836,0.48,-1663.07783003181,128.442508781337-4529.28832415492i,0.848820244016847-0.00976249479743085i,0.86430685500065-0.0181704516229555i,14.1813337832652,0,1,
640,1,241951638,241951638,227565,0.987426008126189,0.979429677852425,-0.0699999999999999,-1649.51187950428,837.107754896419+4328.79793194735i,0.858249461141819-0.0339542590340965i,0.879423435976544-0.0343338154220336i,14.790935701036,0,1,
641,1,242330108,242330108,227565,0.987173507129334,0.982753636227721,-0.0399999999999999,-1683.34313398273,-696.151568471654-4348.64191380089i,0.856829074654067+0.00729113666946594i,0.87786106057654-0.0186644301152427i,14.728044129706,0,1,
642,1,242708579,242708579,227565,0.988025824671489,0.97304038214392,-0.15,-1694.73083687431,2388.9586006368+3732.99050164738i,0.856066418769574-0.0239587933801699i,0.871000440514109-0.0327869648577377i,14.6608892789616,0,1,
643,1,243087049,243087049,227565,0.986927509126893,0.927861288831137,0.33,-1668.47298730999,-3259.40726132104-3103.02602819824i,0.847856762163808+0.0026436208777704i,0.87197739288214-0.0307389566909896i,14.3045980684266,0,1,
644,1,243465520,243465519,227565,0.985676345173126,0.864177617963982,0.47,-1669.97268756565,3505.6093587465+2866.33231101118i,0.845119163780235-0.0243718299265653i,0.861160957481499-0.0625178107477374i,14.0632362028691,0,1,
645,1,243843990,243843990,227565,0.986113465596189,0.91033964125648,0.37,-1633.58114795074,-4371.68098106703-1110.22773888807i,0.847321910182222+0.0011897459285634i,0.863532034826981-0.0402036313204907i,14.1895901178502,0,1,
646,1,244222461,244222461,227565,0.98739939572993,0.966378171105606,-0.18,-1701.88730547954,4425.70423571138+355.974175690503i,0.855670594073212-0.0378507040600819i,0.878012499041454-0.0224934252102032i,14.6348000126582,0,1,
647,1,244600931,244600931,227565,0.986870413722909,0.970530067500114,-0.15,-1640.73895485041,-4427.97845631366-115.848174642152i,0.857246000508903+0.00337210456939448i,0.869684184712641-0.0385998533967542i,14.5933683038695,0,1,
648,1,244979401,244979402,227565,0.983989925721776,0.956191041141791,0.21,-1669.6377814899,3940.7346845882-2022.65437032043i,0.838837457312381-0.0300522775277216i,0.868786311149063-0.0200625303606128i,13.6664418754012,0,1,
649,1,245357872,245357872,227565,0.98700028794648,0.976878809316294,-0.0999999999999999,-1630.50155741659,-3987.98669932146+1898.39692797938i,0.857759208163074-0.0229411339658777i,0.877448126565521-0.0480575240024305i,14.7245348663031,0,1,
650,1,245736343,245736343,227565,0.987461208155867,0.983075124814172,0,-1668.7717385388,2629.52133227398-3531.12656740562i,0.859548821839482-0.0180441905616121i,0.872699582460378-0.0238675905520463i,14.7144530868476,0,1,
651,1,246114813,246114813,227565,0.981465238641123,0.891669602738885,0.42,-1661.11554177464,-1908.59498344444+4053.78072050875i,0.837681174426051-0.0131895494914977i,0.864697326832262-0.036178251061414i,13.2200485539975,0,1,
652,1,246493284,246493284,227565,0.987935745804959,0.982058643895421,-0.0399999999999999,-1647.180260408,926.704390052813-4306.50719269086i,0.857770066899009-0.0215223721376741i,0.870504606497905-0.0487567175060953i,14.7482166006785,0,1,
653,1,246871754,246871754,227565,0.986706278982486,0.96466570671781,0.19,-1691.74271793659,-786.998324112062+4375.82023196832i,0.853243989658976+0.00753011144037584i,0.86966627022056-0.00720886967885298i,14.4207465968686,0,1,
654,1,247250225,247250225,227565,0.985696058777533,0.91233720220266,-0.37,-1655.35613400594,-381.627970636772-4494.22692861724i,0.850699554757054-0.0197837533881986i,0.869957439296249-0.0468803190694494i,14.228544038422,0,1,
655,1,247628695,247628696,227565,0.984695850391101,0.880083977679995,-0.44,-1642.0914385087,4229.26230518877+1573.64786386159i,0.844203515492487-0.0365114305492753i,0.867814747563515-0.0586770405624791i,13.8824015237871,0,1,
656,1,248007166,248007166,227565,0.985887148229584,0.881696708288727,-0.44,-1661.46371060092,-2063.57311986217-4027.15492980582i,0.849590291840884-0.0063727618981421i,0.863586640766003-0.0387779659185588i,14.0854843995254,0,1,
657,1,248385636,248385636,227565,0.985792625178304,0.8709307806699,0.46,-1642.44307999471,3573.33818274336+2781.52268939661i,0.847422568728575-0.0327920023366173i,0.864240131646466-0.057080263801403i,14.1138407883685,0,1,
658,1,248764107,248764107,227565,0.987955951581164,0.979869658122829,-0.0899999999999999,-1662.16748246728,-3952.49806818549-1964.93628626615i,0.857146558126408-0.0122489995396152i,0.876777370291663-0.0464472289640398i,14.6947557710121,0,1,
659,1,249142577,249142577,227565,0.987502545491804,0.980190661636296,0.0799999999999999,-1655.18542179271,4063.48225456693+1716.16194658644i,0.857389849622238-0.0318773879376294i,0.869603891955022-0.0573560227696753i,14.7286244445156,0,1,
660,1,249521048,249521048,227565,0.985299953233003,0.866798804824095,-0.47,-1669.51754043808,-4439.83172833698-883.400577272842i,0.848834131668343-0.00282195928127813i,0.871137899162512-0.0128502337255574i,14.0439036562661,0,1,
661,1,249899518,249899518,227565,0.987281973524487,0.984174239078585,0,-1666.70158622563,4398.92217706393-196.812520221821i,0.857359613871552-0.024963775355098i,0.87762710888533-0.031457319682547i,14.8204836363813,0,1,
662,1,250277989,250277989,227565,0.987830853294511,0.975534795559007,-0.12,-1662.12804106154,-4002.24531772742+1880.34371858473i,0.857322099059772-0.0288124848928481i,0.871582029086167-0.0369069411220728i,14.7157357964429,0,1,
663,1,250656459,250656459,227565,0.986222944323514,0.915667395539841,0.36,-1673.65406147419,3674.77048301955-2611.65756799242i,0.849389400069918+0.00779322180546546i,0.86339043418394-0.043050874060161i,14.1656813069535,0,1,
664,1,251034929,251034929,227565,0.986048722424899,0.904344063596161,0.39,-1630.14360203339,-3539.32528453851+2805.57961111985i,0.847208223263369-0.0258657369913241i,0.869053128001752-0.0558398031603066i,14.1832999647535,0,1,
665,1,251413400,251413400,227565,0.987783061233752,0.981677240320738,-0.0399999999999999,-1653.77280372257,2760.96960967699-3423.86030972264i,0.856511285378662-0.0165229391104329i,0.879298942273449-0.0486589270843312i,14.7175902999001,0,1,
666,1,251791870,251791870,227565,0.986340507538191,0.886048590371122,0.43,-1660.16900889346,-1995.1650144981+4055.22257745088i,0.84682673443239-0.0271354377512635i,0.86433169777677-0.0412680069728975i,14.060890655355,0,1,
667,1,252170341,252170341,227565,0.986969178100987,0.974039743663465,-0.12,-1668.23786598245,889.812910479131-4327.51928398887i,0.857538020214525+0.00927450057770908i,0.876744295334406-0.0281282777541719i,14.6852462625155,0,1,
668,1,252548812,252548812,227565,0.986669593261967,0.919141103753274,-0.35,-1661.49802547042,593.721386747894+4463.107125581i,0.850422249938434-0.0200123517939026i,0.864043259453647-0.0550850515435141i,14.2883179551318,0,1,
669,1,252927282,252927282,227565,0.986770434333502,0.951369619675108,0.25,-1658.20128304396,-1773.86966546287-4099.81986937523i,0.850556547159849-0.00804072860251749i,0.869183666282813-0.0296679716892771i,14.3358129411523,0,1,
670,1,253305753,253305753,227565,0.986202540585504,0.933316288879676,-0.31,-1654.74587487048,2627.54469215928+3639.81807084992i,0.852063236427716-0.0166300725854135i,0.875214641856777-0.0316709143838676i,14.3745188251884,0,1,
671,1,253684223,253684223,227565,0.987176658101649,0.967865140666535,0.18,-1659.64658768552,-3277.04674806283-2996.71364752446i,0.852394327955391-0.0314736018348581i,0.875269809234568-0.0597074964837605i,14.5364261782062,0,1,
672,1,254062693,254062693,227565,0.98552010600023,0.927366430470357,0.33,-1691.48200775055,3451.55637966275+2883.59899898762i,0.848690335408116-0.00410347980760799i,0.865734396948676-0.0230719350573593i,14.2170974707674,0,1,
673,1,254441164,254441165,227565,0.982246920273302,0.933790033155658,-0.3,-1667.40529134162,-4420.42482388185-519.436793985609i,0.840788952269526-0.0199730395367606i,0.858796735583871-0.0369424194824298i,13.3453905152865,0,1,
674,1,254819635,254819635,227565,0.985829516381429,0.873532146315464,-0.45,-1700.98065825429,4495.00471582199+531.62937758572i,0.848104146072216+0.00440558181430085i,0.871217191839642+0.00617030614935672i,14.1351810926128,0,1,
675,1,255198105,255198105,227565,0.985890171175764,0.878097766879852,0.45,-1656.07772354026,-4299.22143565412+1419.53485326716i,0.847915798120483-0.0131128396328239i,0.864032563601099-0.0214636220821183i,14.1520684433967,0,1,
676,1,255576576,255576576,227565,0.98666803541844,0.893661954539103,-0.41,-1669.11609023118,4306.37110539952-1377.55069652853i,0.850265332906293-0.0224637154623352i,0.870882828751135-0.0478757210815292i,14.2261975303573,0,1,
677,1,255955046,255955046,227565,0.987452777895332,0.980874052347199,0.0599999999999999,-1659.21447264318,-3813.45758381865+2206.98528386354i,0.857064788647644-0.0443889644719842i,0.879063722186188-0.0411378316220486i,14.7344757078708,0,1,
678,1,256333517,256333517,227565,0.985672948936333,0.860733599133063,-0.48,-1650.43286613216,3282.17186965823-3119.87254908636i,0.847320610270161-0.0228434511836598i,0.865209018970232-0.0189313247234327i,14.099585988184,0,1,
679,1,256711987,256711987,227565,0.986488793778867,0.891791642075683,0.42,-1650.62844971545,-1613.10123194387+4223.67855247604i,0.846992714710529-0.0278724216651299i,0.872440282860138-0.0200613937223583i,14.1809882914907,0,1,
680,1,257090458,257090458,227565,0.987416066123707,0.973676325551282,-0.14,-1662.6915261722,748.831665691436-4365.90461754447i,0.856620114181296+0.00457500598016611i,0.87078304397428+0.00323312020063832i,14.667057934119,0,1,
681,1,257468928,257468928,227565,0.987279436334763,0.975856085542809,-0.11,-1670.31685343553,-814.22918869787+4343.40791753698i,0.856286307819076+0.00863354403639191i,0.870632620690835-0.0269038078197596i,14.6640381870465,0,1,
682,1,257847399,257847398,227565,0.985449082184889,0.855934492213433,0.49,-1680.61284554864,-186.677599631398-4524.61937554283i,0.84813574937579-0.00197005193634923i,0.869833654091723-0.0307564565766256i,14.1000311218738,0,1,
683,1,258225869,258225869,227565,0.987684189154191,0.98163934765795,-0.0599999999999999,-1663.85008265256,1174.86665956528+4247.46179074992i,0.856405045035034-0.037257513055201i,0.869067959732077-0.0661063380159853i,14.6582614956831,0,1,
684,1,258604339,258604339,227565,0.985592022560164,0.891060569084937,0.41,-1654.84896544001,-2225.15607093236-3930.96875981844i,0.847679158969556-0.0119976895944111i,0.871675950372524-0.0279509003333731i,14.1335691074739,0,1,
685,1,258982810,258982810,227565,0.987011075676387,0.973402286407425,-0.14,-1658.41643602599,2909.04353426991+3333.90931634985i,0.85519605464614-0.0240479165394928i,0.87771338255173-0.0394779295505314i,14.6524705868721,0,1,
686,1,259361281,259361281,227565,0.987013901541343,0.951685583879382,-0.25,-1647.43663027635,-4052.33184976667-1882.11951500548i,0.850888956445442-0.031629811517853i,0.86891527866794-0.0305629414198846i,14.448567771763,0,1,
687,1,259739751,259739751,227565,0.986702666587478,0.954223491521826,0.24,-1673.58938286173,4328.80661181728+1080.44754230429i,0.851140261531298-0.026630031043309i,0.867598264916148-0.0317341951373628i,14.3433027079663,0,1,
688,1,260118222,260118222,227565,0.985858299726545,0.928534499705693,-0.32,-1647.49254500176,-4493.65148839888+55.550001708127i,0.852007307836281-0.0287768651577014i,0.871845416532201-0.0398041135321181i,14.3666347193432,0,1,
689,1,260496692,260496692,227565,0.986890600862016,0.968931196743468,-0.17,-1639.07930737817,4431.35566760792-202.772485043072i,0.853350908469988-0.035674155565083i,0.87385090579686-0.0794522404856694i,14.5818043198325,0,1,
690,1,260875162,260875162,227565,0.986594762241067,0.932519024454494,0.31,-1660.66302866976,-4374.41523207529+1012.21812348598i,0.8490115668381-0.00944936388733597i,0.866238610099388-0.0431935419980988i,14.2791352854021,0,1,
691,1,261253633,261253634,227565,0.98461118957624,0.884053135819765,-0.44,-1644.43094435429,3173.36288026119-3195.41965672763i,0.842141086402757-0.0510179627740004i,0.867459757772652-0.0555746416615417i,13.780493706697,0,1,
692,1,261632104,261632104,227565,0.987656639263297,0.983370680156459,0,-1668.00387098501,-2405.54242391241+3683.50633607098i,0.852210136878083+0.000530334654460582i,0.870162543395849-0.0185914282335046i,14.5468387018,0,1,
693,1,262010574,262010574,227565,0.987686292024753,0.97423858269826,0.13,-1661.33313654312,2143.30955600991-3871.64342284012i,0.853870663270876-0.0237103783369465i,0.871685602082094-0.0283143524937869i,14.6466207810019,0,1,
694,1,262389044,262389044,227565,0.985644175906427,0.872121074755669,0.46,-1671.75002520147,-1661.34979736495+4210.51705814407i,0.84818625280597-0.0160151820546245i,0.867670025114922-0.0745027786696963i,14.058495385844,0,1,
695,1,262767515,262767515,227565,0.987702951372723,0.982019041434723,0.0399999999999999,-1666.81554366561,562.687062602899-4366.42068594021i,0.857149700880881-0.00303717007700886i,0.879051893349663-0.0126400527765046i,14.6258908955527,0,1,
696,1,263145986,263145986,227565,0.987604424269165,0.97893479934401,-0.0699999999999999,-1629.6881246612,1387.07189393922+4183.05811461783i,0.857350859170886-0.0421493560088769i,0.867388714079981-0.0703714100575025i,14.7962630206473,0,1,
697,1,263524456,263524456,227565,0.986079410677852,0.898953235796799,0.4,-1630.83398639238,-2210.13645087939-3939.85009474516i,0.848926776377036-0.0276244533751216i,0.863327676493484-0.0485131869693697i,14.1079954152737,0,1,
698,1,263902927,263902927,227565,0.987042839724693,0.9721437198028,-0.15,-1652.10363894218,2866.50751075964+3379.16571410152i,0.856284425573884-0.0199777449757366i,0.877793931701854-0.0429451760170493i,14.7039167638399,0,1,
699,1,264281397,264281397,227565,0.987558312699837,0.982739119479548,0,-1672.22417899601,-2887.0284133501-3319.41302825839i,0.855635983955-0.00293089212974346i,0.872694416142688-0.027341624849436i,14.6034031798237,0,1,
700,1,264659868,264659868,227565,0.98721601575409,0.955552713866728,-0.23,-1659.69231849552,3980.68397277671+2015.02492961123i,0.853302826904992-0.0405032997592873i,0.875325184560855-0.0558168781464428i,14.5151801519597,0,1,
701,1,265038338,265038338,227565,0.987473118635431,0.980138067600629,-0.0699999999999999,-1669.7089103582,-4077.59705348576-1680.13811742607i,0.857461741370908-0.0223501355033595i,0.879341346148863-0.0397881287074377i,14.8311920321281,0,1,
702,1,265416808,265416808,227565,0.986630873000846,0.899804236359619,0.4,-1691.35745306605,4419.18126482505+938.721997355128i,0.847673603333227-0.00248296765146627i,0.865336246662452-0.0222977203119037i,14.094087424315,0,1,
703,1,265795279,265795279,227565,0.987076587054909,0.971998768209657,-0.15,-1673.89367933969,-4428.85221270858+132.304363179666i,0.857038205735417+0.00262880094375965i,0.87066272241456-0.00757733120009283i,14.5143862614145,0,1,
704,1,266173750,266173750,227565,0.987144542608362,0.948001835422004,-0.26,-1665.95669552703,4033.51433650685-1942.42243627166i,0.853150659494503-0.0191685916256037i,0.874623438870579-0.0349110478463273i,14.5745612265304,0,1,
705,1,266552220,266552220,227565,0.987328311567763,0.958421804168911,0.22,-1653.79529513292,-3562.8408333954+2677.83019254493i,0.850245728850095-0.0542432156989294i,0.872857838643959-0.0581191367490784i,14.4593393111124,0,1,
706,1,266930690,266930690,227565,0.986543975595566,0.910621027905481,0.37,-1693.26232055151,3558.75964089395-2769.23732193744i,0.847252736397172+0.0420930194336805i,0.863072812492894+0.0177422626818005i,14.0216344129106,0,1,
707,1,267309161,267309161,227565,0.986970381249039,0.964886137697248,-0.19,-1677.26300978732,-2710.30085943113+3524.5603516334i,0.853673941571816+0.0216901857716661i,0.876172144337465-0.00210944995759964i,14.5296653910615,0,1,
708,1,267687632,267687632,227565,0.986312533353953,0.894426936609293,-0.41,-1683.93086079976,1475.40424219625-4271.63780173192i,0.849388582893362-0.00503791266668317i,0.866653469142985-0.0245240747411929i,14.1173542707326,0,1,
709,1,268066102,268066102,227565,0.986119447000428,0.909627270389887,0.37,-1671.89254961263,170.509352771364+4507.83825063543i,0.848094387816632+0.0144376199953965i,0.863739826902572-0.0173685638888052i,14.1668284257397,0,1,
710,1,268444573,268444573,227565,0.986257256140028,0.9132309997838,-0.36,-1676.29648408112,-626.360782548671-4467.20065583521i,0.850490057362843-0.0131386951451824i,0.871763387786717-0.0368151186129446i,14.3010098840493,0,1,
711,1,268823043,268823043,227565,0.987289447804012,0.982674369782653,0,-1688.23460371815,1312.96617424247+4202.0239526209i,0.858420803424529-0.00770114534203723i,0.872739239072869-0.00410414213471483i,14.6086336831532,0,1,
712,1,269201514,269201514,227565,0.987500371167332,0.949409034536236,-0.26,-1658.04272339861,-2759.59184383443-3522.6035477781i,0.853131042786457-0.0387444177409547i,0.875050896140409-0.0613205218771699i,14.574286010522,0,1,
713,1,269579984,269579985,227565,0.983196666150941,0.887775199180889,-0.43,-1678.43064769046,4451.57187666673-607.795462345799i,0.840332548942249-0.0066765068017091i,0.866779927223636-0.0237082525257706i,13.4640486828839,0,1,
714,1,269958455,269958455,227565,0.987131526675122,0.977437007717218,-0.0899999999999999,-1682.77095903409,-4070.35915354953-1706.7564864066i,0.85760750326024-0.0114140116036466i,0.871125084771985-0.0108361570309361i,14.6724802257597,0,1,
715,1,270336925,270336925,227565,0.98719272000488,0.947425896841533,0.27,-1677.07314137402,4344.58029453771+1084.10768082615i,0.849619548843647-0.0224403744820284i,0.873290041043177-0.019613379980619i,14.3557836932189,0,1,
716,1,270715396,270715396,227565,0.986125591187002,0.867742467091994,-0.47,-1652.87421843666,-4516.42707581381-318.128461277367i,0.848067525066328-0.0154554151261724i,0.862201322482655-0.0188974244637842i,14.1003787372899,0,1,
717,1,271093866,271093866,227565,0.986782518370241,0.964871714089479,0.19,-1675.44141357595,4358.27502170474-874.37638471125i,0.852029461115887-0.0187828431543454i,0.869570946510388-0.00856848008242423i,14.4575267003267,0,1,
718,1,271472336,271472336,227565,0.985898452698406,0.872515743551251,0.46,-1665.29606996624,-4306.48883886359+1396.10223019365i,0.848441701810696-0.0442936410211165i,0.869893541356024-0.049519207618558i,14.1273195440186,0,1,
719,1,271850807,271850807,227565,0.987018029027453,0.978151687135633,-0.0899999999999999,-1663.26345576438,3821.60711284113-2206.45435108191i,0.856306311967427-0.0310998808891952i,0.879270920976692-0.0283147411536725i,14.6606689766936,0,1,
720,1,272229278,272229278,227565,0.986738597575609,0.962519985769186,-0.2,-1654.74399441467,-2627.40843890695+3592.16257932164i,0.854719354939952+0.00104713914346999i,0.870079010322618-0.0403813093382782i,14.5459228700916,0,1,
721,1,272607748,272607748,227565,0.986675560416086,0.942232358686182,0.28,-1680.03106372975,1973.08762234546-4023.25814902855i,0.848444567685273-0.00308168009360878i,0.867210939875965-0.0124666642746364i,14.2938191001488,0,1,
722,1,272986219,272986219,227565,0.986767290639967,0.944335651096427,-0.28,-1683.49162710031,-884.077795063563+4391.59650205863i,0.854248276023008-0.00535208691981006i,0.876579730246313-0.00908005964861746i,14.4186225085545,0,1,
723,1,273364689,273364689,227565,0.987659162135875,0.975940033743512,-0.12,-1642.44464827423,409.713541719348-4401.86455831275i,0.855874812426812-0.0153219997663764i,0.868749365302905-0.04864896975592i,14.6749670757895,0,1,
724,1,273743159,273743159,227565,0.986278418990563,0.916148724474534,0.36,-1661.93369945687,329.145925526652+4493.25605936357i,0.849813630168408+0.00620905876744798i,0.872251399465694-0.0355072171745819i,14.1874383005543,0,1,
725,1,274121630,274121630,227565,0.987002991416622,0.961423390886325,-0.2,-1680.89838537071,-1102.01906857332-4311.33892430119i,0.856096619809549-0.0138784072794704i,0.876583378160543-0.0360155150808927i,14.5698434189466,0,1,
726,1,274500101,274500101,227565,0.986129578438028,0.934478543713355,-0.31,-1667.59414841491,2837.31594093316+3482.6542812969i,0.851645512427887-0.0238259707007893i,0.867136013713259-0.0119651691412107i,14.3254788469018,0,1,
727,1,274878571,274878571,227565,0.987190656619034,0.967042861302192,0.18,-1695.34035934602,-3266.37086260945-3008.46244573389i,0.854181567094908+0.0194140205425341i,0.869159547262404-0.00554104373130363i,14.459548789858,0,1,
728,1,275257042,275257042,227565,0.985811849185998,0.907089826416655,-0.38,-1696.30977781591,3952.80304649771+2177.3233611268i,0.84939758889531-0.0202731116266382i,0.871125586549082-0.0324090224944567i,14.1590821031583,0,1,
729,1,275635512,275635512,227565,0.986069436463942,0.896881132340136,0.4,-1673.35641166874,-4482.79740013606-541.396135692217i,0.847612085581086-0.00566823172206242i,0.873407442630082-0.0130719095117804i,14.1725599872566,0,1,
730,1,276013982,276013982,227565,0.987001544943915,0.950343815019499,0.25,-1680.88487108443,4393.93511423156+781.621770133418i,0.850830601054246-0.00550532437117108i,0.867736504770237-0.0221615003128931i,14.346295671337,0,1,
731,1,276392453,276392454,227565,0.981778792401697,0.893639134383209,-0.41,-1674.37060699108,-4137.81417987094+1703.18283414492i,0.839439973858962-0.0231211420655971i,0.864937367155411-0.0187763440368708i,13.3138035997941,0,1,
732,1,276770924,276770924,227565,0.987495538854072,0.978160369058634,-0.11,-1668.79639006632,3574.64806786891-2589.13824525497i,0.855622883108942-0.00192586068318852i,0.872876943429854-0.0388880345856669i,14.6323989121603,0,1,
733,1,277149394,277149394,227565,0.987803313570897,0.980457094139988,0.0599999999999999,-1656.8492016515,-3400.82286462771+2796.98666117108i,0.855945249518621-0.00657028330876519i,0.87005989586849-0.0424198048239753i,14.7124557779587,0,1,
734,1,277527865,277527865,227565,0.985808269317468,0.859328327837891,-0.48,-1665.3358770276,2811.6146307335-3543.95904032025i,0.849269909363464+0.0101971220232596i,0.872083334136278-0.0225833823941948i,14.1407957297282,0,1,
735,1,277906335,277906335,227565,0.986904101910185,0.981514405384996,0,-1654.50183313067,-1862.01677820388+3983.47792596564i,0.858266596869154-0.0282913408101758i,0.87954590287024-0.0349080071141204i,14.8503888879041,0,1,
736,1,278284805,278284805,227565,0.986438223299414,0.878329926015003,0.45,-1656.94601548658,1326.7539030045-4328.04571901251i,0.848992833714881-0.0250005991986899i,0.866183409935354-0.0259795246264847i,14.154559671695,0,1,
737,1,278663276,278663276,227565,0.986207994304993,0.921064811345364,0.34,-1675.01298712081,472.722675147726+4475.86979161963i,0.848517241735329-0.0261034699938434i,0.867308341924759-0.0398007100855617i,14.2213858523916,0,1,
738,1,279041747,279041747,227565,0.98672853389387,0.959595366220592,-0.22,-1657.74281750366,-1526.63019259475-4188.82620331571i,0.853494970541677-0.0152930154738376i,0.877549462127259-0.0319012022012723i,14.5830117965493,0,1,
739,1,279420217,279420217,227565,0.987290103520041,0.94679939453479,0.27,-1666.36137237911,2280.58610872571+3854.99564434854i,0.850965809020466-0.00918022976766321i,0.867723531505205-0.0278785503202512i,14.3883950504287,0,1,
740,1,279798687,279798687,227565,0.986799106814208,0.937717359154642,0.3,-1663.3603196577,-2451.19098826959-3760.04163995603i,0.848826122581902-0.0292843778645299i,0.871727210972525-0.0351874967369457i,14.3048008044302,0,1,
741,1,280177158,280177158,227565,0.98726470984948,0.972972250292773,-0.14,-1679.72528329913,3163.50047610707+3097.92117672693i,0.855640860211577-0.0267628784680363i,0.876155445771973-0.0578374051908411i,14.6239535306331,0,1,
742,1,280555629,280555629,227565,0.985645527826681,0.912600585222596,-0.37,-1657.32697021815,-4196.07865545054-1659.08356017774i,0.849734946214132-0.00689385564749451i,0.86698537431739-0.0324536825076119i,14.1926479817608,0,1,
743,1,280934099,280934099,227565,0.986520925025858,0.953585823983502,0.24,-1688.13879853725,4400.93973163918+769.910123769084i,0.851255659235591-0.00642152600630817i,0.872797871302806-0.0436386502096895i,14.4094602161134,0,1,
744,1,281312569,281312569,227565,0.987177939196076,0.947402246215368,0.27,-1670.92217432976,-4438.75557630768-582.473923621927i,0.850599910410318-0.015260723551177i,0.866498519561381-0.0187711850176765i,14.3143651510733,0,1,
745,1,281691040,281691040,227565,0.987665963301984,0.970952332893091,0.16,-1680.56116819721,4271.20292565526-1195.90779913736i,0.854388696103832+0.00218739031025097i,0.869636459629959-0.0209675197703316i,14.5497334070225,0,1,
746,1,282069510,282069511,227565,0.985648731573864,0.977386606549752,0.0799999999999999,-1671.20746827678,-3566.03873560543+2580.45546355449i,0.844380955185762-0.00892369336018355i,0.870292021742973-0.0317567005263722i,14.0465480989811,0,1,
747,1,282447981,282447981,227565,0.987040594509354,0.952369576334436,-0.25,-1672.90376349346,3782.42447613441-2380.86062600492i,0.853632058619141+0.0141485680114749i,0.869804687653431+0.00927133577642239i,14.3882359372258,0,1,
748,1,282826451,282826451,227565,0.986918646333273,0.954466529053198,0.24,-1638.68782723623,-3161.35130529307+3152.2830896621i,0.851105052478551-0.045132984685132i,0.873741482927774-0.0446009616398657i,14.4181929262357,0,1,
749,1,283204922,283204922,227565,0.984222820744519,0.9203652810201,0.35,-1691.32391057624,1375.90691669025-4267.40992255036i,0.838934333689452+0.00802487446730723i,0.868108058415296-0.0150605667206992i,13.6491049096677,0,1,
750,1,283583393,283583393,227565,0.986290948081358,0.889934912498976,-0.42,-1656.37053928305,-798.762938956837+4452.18683642246i,0.850021746694517-0.0235533079524972i,0.865723124455748-0.0380054393209726i,14.1813581424068,0,1,
751,1,283961863,283961863,227565,0.986544787386748,0.980268002924049,0.0399999999999999,-1669.87307082633,-26.8802717871579-4403.70717194733i,0.856778432858865-0.0101169918345226i,0.869422940321046-0.0626870388185455i,14.6754300899743,0,1,
752,1,284340334,284340334,227565,0.985799444685041,0.853434923564207,-0.5,-1637.24494144805,1069.28816493919+4400.36701395241i,0.847567541602101-0.0541931110759519i,0.867444967280742-0.0641600640707488i,14.0917812085689,0,1,
753,1,284718804,284718804,227565,0.987522755244133,0.981522328552262,-0.0399999999999999,-1646.76885002741,-1940.31748497355-3954.02277137053i,0.857194990696193-0.0348329369452172i,0.878188783652492-0.0612183542256092i,14.720252442813,0,1,
754,1,285097275,285097275,227565,0.987482107497283,0.971237129152047,-0.15,-1668.39513837307,3349.84308279201+2903.50992662074i,0.857013152069171-0.0123119792922998i,0.872552559274277-0.0102226098758764i,14.7278209659233,0,1,
755,1,285475745,285475745,227565,0.987073214061868,0.961695142084636,0.21,-1661.70034447865,-3704.00705802115-2471.73608646001i,0.852585963589596-0.0364763736487668i,0.875803651207229-0.0240695582502276i,14.4461243519429,0,1,
756,1,285854216,285854216,227565,0.987293634048104,0.955727339196153,-0.23,-1667.99033303205,4226.12058451173+1429.7679316464i,0.85429413837953-0.0397853336758886i,0.867648243428707-0.0494378288055453i,14.5147712382297,0,1,
757,1,286232686,286232686,227565,0.987540123711696,0.980157626989927,-0.0699999999999999,-1700.18122905734,-4243.71616954225-1194.72342982574i,0.858918557452764+0.00253498018552911i,0.872811018075924-0.0157212968306612i,14.6478774280389,0,1,
758,1,286611156,286611156,227565,0.985946786809799,0.897318490325433,0.4,-1635.01646809749,4515.03174010129+57.8278112620058i,0.847424404852475-0.0403699436443089i,0.871358281307968-0.0531559560606021i,14.147404407875,0,1,
759,1,286989627,286989627,227565,0.987334927199024,0.968638774928255,0.17,-1689.89440805254,-4295.41668688784+1119.26401159062i,0.851990299209136+0.00315824838071177i,0.869219964946347-0.0128703539468408i,14.4340565206455,0,1,
760,1,287368098,287368098,227565,0.986792584065045,0.947756143140271,-0.26,-1677.02468140441,3754.37715753632-2435.35797730602i,0.85426764901842-0.0167151870827177i,0.875096894394577-0.029637047114376i,14.5049994987304,0,1,
761,1,287746568,287746568,227565,0.986757946698947,0.956165716402391,0.22,-1675.20721900188,-3164.59719782582+3139.57954972647i,0.851028598099829-0.019674640853106i,0.874961911859073-0.0288562726590632i,14.4327079314979,0,1,
762,1,288125039,288125039,227565,0.985811075572607,0.922943783139052,-0.34,-1659.03590575115,2436.01734969844-3785.63263664324i,0.852272418255919-0.00533819840633996i,0.865463667177893-0.0308305932429867i,14.2925222657162,0,1,
763,1,288503509,288503509,227565,0.987826588442361,0.973246860810911,0.15,-1663.63787440891,-1625.07088365218+4124.91939052384i,0.854658654554037-0.0101963754851712i,0.878735405039834-0.0159903073647996i,14.6733814457962,0,1,
764,1,288881979,288881979,227565,0.986668874429257,0.936400244426961,0.3,-1681.8898142738,1413.65203853584-4258.94361056531i,0.850141315419709-0.0133462162697937i,0.866782690833535-0.0281359204327689i,14.2919621928177,0,1,
765,1,289260450,289260450,227565,0.986731808694429,0.947206212160197,-0.26,-1651.84951224475,-321.038780000623+4461.29686856667i,0.853473149340485-0.0197992045202912i,0.867711469536949-0.0508203095708478i,14.4049098603566,0,1,
766,1,289638920,289638920,227565,0.986679040384672,0.957417991059873,0.22,-1663.83230084944,-474.759004076879-4430.97407842257i,0.851630100815651-0.00853759166323462i,0.875804878419053-0.0318065552367126i,14.4719141623552,0,1,
767,1,290017391,290017391,227565,0.98732437601686,0.976690062383689,0.11,-1675.02912833397,2008.51359673881+3934.35140362151i,0.854979007165252+0.0121146964564916i,0.877401398059735-0.0162038618901874i,14.6301812072306,0,1,
768,1,290395862,290395862,227565,0.985576115602251,0.88221408476882,-0.44,-1659.73519959835,-2882.21391177754-3487.96973659267i,0.847503235744431-0.0400988787068667i,0.862910342862222-0.0457345710708978i,14.151431020223,0,1,
769,1,290774332,290774332,227565,0.985697852697753,0.921085322965337,0.34,-1667.16305655336,3898.01369072344+2251.16300883743i,0.849440050473102-0.0189338108337366i,0.864386718992829-0.0679277203058967i,14.1749438124706,0,1,
770,1,291152802,291152802,227565,0.985962584507164,0.909676022122492,0.37,-1663.44989622183,-3866.51548389942-2323.87336581105i,0.847855596237714-0.0101093799350131i,0.871408718373041-0.0185364504781411i,14.1703202082132,0,1,
771,1,291531273,291531274,227565,0.981768765776142,0.866837614973375,-0.47,-1687.91200984106,3522.84784603073-2777.35710080948i,0.838945082925507-0.0157385028840149i,0.857453197122961-0.0297204690236214i,13.1830534024042,0,1,
772,1,291909744,291909744,227565,0.987422745640727,0.969174226833873,-0.17,-1672.189466503,-4373.75987250724+760.76641642349i,0.855066149384696-0.0246598349515849i,0.878530235342958-0.0338418955604685i,14.6740751029085,0,1,
773,1,292288214,292288214,227565,0.98638519362726,0.948031507891625,-0.26,-1661.86395267697,4436.61455214587-562.770063040368i,0.855835385164133-0.0107012556857683i,0.876673630856447-0.0288073451434771i,14.5187957264007,0,1,
774,1,292666684,292666684,227565,0.986451367707517,0.871630130245047,0.46,-1661.12819394072,-4072.29165673135+1977.68853361703i,0.84891666907315-0.00298418463949056i,0.865296081257756-0.0292716786058359i,14.1192919373972,0,1,
775,1,293045155,293045155,227565,0.987290886506059,0.978959282791697,-0.0899999999999999,-1668.41959315388,3485.85412200336-2705.75333661361i,0.856917723619212-0.0104029942925407i,0.877825710368867-0.0512338810556522i,14.617715404724,0,1,
776,1,293423625,293423625,227565,0.986038816761332,0.90448745280756,0.39,-1652.9053845416,-2781.00823276767+3556.78481280757i,0.84952766115642-0.0132576468058655i,0.865100635798532-0.0416466325412531i,14.1378760118066,0,1,
777,1,293802096,293802096,227565,0.987109743647575,0.942990850406532,0.28,-1650.43252598829,1197.585241219-4317.50242137414i,0.850617410989977-0.0180914789644592i,0.86473792709891-0.0665815271817387i,14.2582832187426,0,1,
778,1,294180566,294180566,227565,0.987368595244914,0.963639669063521,0.19,-1679.19992000626,-1437.09939018596+4207.06273135967i,0.852895575036874-0.0269746784884762i,0.877076785163275-0.0372172506278666i,14.5674221717945,0,1,
779,1,294559037,294559037,227565,0.986790258658169,0.961086464775774,0.21,-1672.88731775335,-629.171408763837-4408.89818807217i,0.853566624804323-0.0173672993614627i,0.868316672656322-0.0170619811108587i,14.445680646425,0,1,
780,1,294937507,294937507,227565,0.986900704248369,0.955513328600766,0.24,-1667.70084676591,628.508010121775+4419.33897258137i,0.852992393778497-0.0136696185139422i,0.873897500341024-0.0345422545339374i,14.4092192584623,0,1,
781,1,295315978,295315978,227565,0.986457630740863,0.963581661055602,-0.2,-1665.97428140383,-1655.79371690988-4129.28976038452i,0.854641684146696-0.0290745894801533i,0.878018038382707-0.0243184764413828i,14.5289388980997,0,1,
782,1,295694448,295694448,227565,0.986873236639113,0.942548623549338,0.28,-1682.94211409609,2471.03919991654+3736.23987018596i,0.849275257040147-0.0161895736006755i,0.867012932846248-0.0390737943699333i,14.2516353191235,0,1,
783,1,296072919,296072919,227565,0.9861691538799,0.94278167985387,-0.28,-1646.27290570478,-3390.45436139335-2927.24658583312i,0.851323014647545-0.0268987486041325i,0.867577224886666-0.0447645665180093i,14.3758470221282,0,1,
784,1,296451390,296451390,227565,0.986755440223385,0.906941901968485,-0.38,-1664.02888512006,4272.32933898573+1444.72346603558i,0.850360805963889-0.0214745838029991i,0.871021720651343-0.0271980320841344i,14.2609694498799,0,1,
785,1,296829860,296829860,227565,0.986721421722847,0.97638717369593,0.0999999999999999,-1668.87054372502,-4367.7021423742-640.599041207595i,0.854708775920276-0.0202581014679942i,0.878665860609533-0.0249204721513265i,14.6744734152603,0,1,
786,1,297208331,297208331,227565,0.985852443232666,0.874185962151412,-0.45,-1670.91764467646,4507.3475974664-407.434772934306i,0.849080458469793-0.0109663686083048i,0.865385366202493-0.0196944214710896i,14.1046022279884,0,1,
787,1,297586801,297586801,227565,0.987364104686687,0.97631269101351,-0.12,-1663.8334217023,-4296.59707226281+1038.18662125785i,0.857052896229228-0.0142214259771278i,0.878686275769335-0.0313836447314989i,14.6786965232755,0,1,
788,1,297965271,297965271,227565,0.986912798475788,0.966613178880183,0.18,-1657.82191702125,4104.11182031171-1695.3725985657i,0.853149950055766-0.01153306854993i,0.870281735752576-0.0202228572919605i,14.5299639506906,0,1,
789,1,298343742,298343742,227565,0.987622906174737,0.975291022098737,0.13,-1653.5809275749,-3066.64751170957+3190.07951371352i,0.855930438325205+0.005555418148677i,0.872045880065113-0.0236778233998642i,14.666839080144,0,1,
790,1,298722212,298722212,227565,0.985887172230017,0.922361244679388,0.34,-1676.7386742153,2799.51193620199-3522.8590142401i,0.849294172880772+0.0110068398115673i,0.873366346425325-0.00605843955328127i,14.194369592391,0,1,
791,1,299100683,299100683,227565,0.987897297424318,0.982693314702355,0,-1684.89270763105,-1641.12991980011+4082.99576044601i,0.859268757826496+0.00746824157320066i,0.881459722259928-0.0226889320617338i,14.8039598236881,0,1,
792,1,299479153,299479153,227565,0.985728292706073,0.879311127786799,0.44,-1709.3954249034,954.223909673579-4423.04488942895i,0.846884134169194-1.48749913495836e-05i,0.865596285481262-0.0251118785668617i,14.0221318085098,0,1,
793,1,299857624,299857624,227565,0.986907540109387,0.977816556345425,-0.0999999999999999,-1673.1402578669,223.389909611688+4408.97431097316i,0.857628397705299-0.00138078283415542i,0.871473229044163-0.0378662586534277i,14.6599684091569,0,1,
794,1,300236095,300236095,227565,0.987537731101646,0.960589506795573,-0.21,-1678.96038537655,-1994.51298211591-3984.24706067412i,0.854983705378315-0.00408451249208766i,0.876619885437281-0.00984291457211608i,14.573449828551,0,1,
795,1,300614565,300614565,227565,0.986937908093456,0.947071329093214,0.27,-1689.88062190252,2621.87618041627+3628.70414201402i,0.850339434876032-0.02210921275948i,0.86657796389053+7.067365586443e-05i,14.3007079581917,0,1,
796,1,300993036,300993036,227565,0.986731442234312,0.939411527441782,-0.29,-1684.74470878057,-3387.23887831279-2940.08499621693i,0.852508744922008-0.0334847152587999i,0.875894724728144-0.0305966676922879i,14.4616241976021,0,1,
797,1,301371506,301371506,227565,0.987580061549645,0.964278958665422,0.19,-1654.42862457551,3983.89397404933+1955.82652245654i,0.853103965195519-0.0194801978052194i,0.877350037409495-0.0285844492190064i,14.5208963197325,0,1,
798,1,301749976,301749976,227565,0.986387711130792,0.920331016365704,0.34,-1671.3181097082,-4057.3306547134-1948.76351690276i,0.848458814516901+0.0140804631235695i,0.863466519503598+0.0155138237665627i,14.0966371708745,0,1,
799,1,302128447,302128447,227565,0.987096143836627,0.95844519754424,-0.22,-1682.71595958841,4334.23387094486+1023.05150351281i,0.854905759637821-0.00910623458534585i,0.86803965208097-0.0309731541832336i,14.449285021379,0,1,
800,1,302506917,302506917,227565,0.986932222107411,0.945909266260293,0.27,-1666.64769981724,-4477.69989023304-47.8356699876655i,0.850452434818971+0.00497104312415033i,0.873265748207373-0.03013694750634i,14.4190107206058,0,1,
801,1,302885388,302885388,227565,0.987428910141525,0.982195848198322,0,-1688.18571015294,4226.18761814147-1215.77309713454i,0.855034818223292-0.0123628330059661i,0.880676255937743-0.00182192604368476i,14.4645517321769,0,1,
802,1,303263859,303263859,227565,0.986388161438437,0.89928299909867,-0.4,-1661.30076020014,-3709.19372504801+2578.63878585681i,0.849092045664912-0.0197445038430488i,0.864852652793827-0.0467581005517302i,14.1766124899176,0,1,
803,1,303642329,303642329,227565,0.986298887358123,0.913666713935139,-0.36,-1660.23422876148,3659.03357974016-2634.77803964003i,0.85099272470024-0.0365215299881975i,0.873065154149005-0.038312409772174i,14.314364510469,0,1,
804,1,304020799,304020799,227565,0.98675222373881,0.953575774191687,0.24,-1672.08089595431,-2874.43691938126+3418.11654191749i,0.85269229424159-0.02156426878773i,0.868860934901818-0.0420152663337374i,14.3894281039483,0,1,
805,1,304399270,304399270,227565,0.986388488370789,0.932333769957584,0.31,-1657.25414780035,709.915626188588-4433.81259945365i,0.850033246543905+0.000252891049221495i,0.867352391515047-0.0122611560888409i,14.2876640340447,0,1,
806,1,304777740,304777740,227565,0.987806288439382,0.971049338069223,0.16,-1672.72498805472,-1258.71234822871+4251.74120858193i,0.853983910556794-0.0142384570797352i,0.87661876239209-0.0173823868588416i,14.5374577754555,0,1,
807,1,305156211,305156211,227565,0.987125798224179,0.977207918506341,-0.0899999999999999,-1695.02247373236,-20.2731215369871-4413.41520606214i,0.857611842732248-0.0126712803697595i,0.871852317339772-0.033222998195964i,14.6562307050621,0,1,
808,1,305534682,305534682,227565,0.985518344780489,0.853105955127984,-0.5,-1678.13357989722,1399.8853906314+4308.61489021942i,0.847280574872956-0.0365738041208714i,0.869431231641745-0.0492698094566055i,14.1013070146061,0,1,
809,1,305913152,305913152,227565,0.983336028087042,0.87812865994464,0.45,-1675.62197079625,-2922.15568616527-3415.07667541794i,0.839699286410171-0.0165598390736755i,0.867423493838956-0.0329387323763361i,13.4187644566293,0,1,
810,1,306291622,306291622,227565,0.985719342060987,0.886425003378499,0.43,-1666.17164839091,3086.06964955045+3306.91629046724i,0.848477250153536-0.0083153019966867i,0.864621990783818-0.045008837668598i,14.0710563940023,0,1,
811,1,306670093,306670093,227565,0.983286377437237,0.883967537107168,0.43,-1644.58092239413,-4224.95266491045+1525.21725400484i,0.838504690213105-0.0277080403928257i,0.864015970991804-0.0513254121739486i,13.4156388957943,0,1,
812,1,307048564,307048564,227565,0.987230379897716,0.956053622210485,-0.23,-1658.35574802494,4385.14061297091+828.731898304552i,0.854371127353233-0.0225047274651917i,0.870635130007831-0.0296165648042578i,14.5917897387488,0,1,
813,1,307427034,307427034,227565,0.987114987895822,0.951093541603431,0.25,-1660.98548227871,-4467.1113562624+131.65840359186i,0.851868196691318-0.0225895056128677i,0.867805081298224-0.0436448954460417i,14.4472042574033,0,1,
814,1,307805505,307805505,227565,0.986507491597158,0.933649888697606,-0.31,-1665.02143764524,4385.73756672704-969.723275739839i,0.852892195270119+0.00119678675120561i,0.876052884153183-0.0271268008739122i,14.379016871307,0,1,
815,1,308183975,308183975,227565,0.987753391744103,0.971711541548037,-0.15,-1678.72221318547,-4306.48145018742+1052.17467332914i,0.858045890153735-0.0106145168522869i,0.877507646243726-0.0234805241674702i,14.7050036663729,0,1,
816,1,308562445,308562445,227565,0.986138238452774,0.927236819109188,0.33,-1688.33894884824,4083.9101325165-1883.02600547108i,0.850348962679853-0.0341411497825866i,0.865825653947659-0.0167179726492419i,14.1268056154447,0,1,
817,1,308940916,308940916,227565,0.98709020611646,0.955705362009517,-0.23,-1701.96574720909,-3510.93189766345+2756.56269551999i,0.854492887162344-0.0172049339856263i,0.869233921444492-0.0170004225084714i,14.5207034709097,0,1,
818,1,309319387,309319387,227565,0.986563677327423,0.924005211230212,-0.34,-1637.80371168658,1915.96991548881-4076.1474134586i,0.850920710853509-0.0190209050789266i,0.87130188183243-0.0527255755429367i,14.3843298331187,0,1,
819,1,309697857,309697857,227565,0.987150571462763,0.972572594173438,0.14,-1681.93302161972,-1224.35292070298+4254.12498671589i,0.855573469425058-0.0184561017722984i,0.872127141455101-0.0275205866599773i,14.5374415734208,0,1,
820,1,310076327,310076327,227565,0.986904485052017,0.966785715406946,0.17,-1690.80692781499,1168.25276519879-4281.21178173348i,0.853569046290336+0.020028296805067i,0.878361131264913-0.0239675018346779i,14.5942462363558,0,1,
821,1,310454798,310454798,227565,0.985099467255685,0.917102738784479,0.35,-1646.98360966507,3768.43046689135+2442.05994799381i,0.841959012793559-0.0417686823328089i,0.869383802780538-0.0539350191983032i,13.9588588014525,0,1,
822,1,310833268,310833268,227565,0.987465668117416,0.95805965041403,0.22,-1667.03972438357,-992.256766580076-4346.32560074652i,0.85324207843137-0.0140424447257659i,0.868964368804258-0.00947048303955044i,14.4145165306582,0,1,
823,1,311211739,311211739,227565,0.986102668945811,0.922488584122616,-0.34,-1627.67818454999,1931.80723817313+4067.98981483389i,0.85108866031942-0.00764569877584904i,0.86462833051208-0.049840097122577i,14.2889979974217,0,1,
824,1,311590209,311590209,227565,0.98592966259868,0.878891225911742,0.45,-1660.0746342082,-3091.5625903259-3305.35822494124i,0.846779965708204-0.0187382589005356i,0.870271691315819-0.0376729862485169i,14.1200725268559,0,1,
825,1,311968680,311968680,227565,0.986723770264115,0.894659736971621,-0.41,-1645.34967375366,3489.18919901724+2875.56181700037i,0.849857359031113-0.00920168398924004i,0.870602694771269-0.0527779365964712i,14.2414344847791,0,1,
826,1,312347151,312347150,227565,0.985320882780051,0.856537870432176,0.49,-1641.65659576004,-4333.60922417227-1316.33468826546i,0.848950230287265+0.00599422248559778i,0.864635623998281-0.0279939178758699i,14.0371938452931,0,1,
827,1,312725621,312725621,227565,0.987359292823696,0.979670864713125,-0.0499999999999999,-1677.14944360304,4356.40772482463+649.873320970509i,0.85746953608013-0.0037036778406868i,0.879184740425832-0.0414667066624156i,14.642486677737,0,1,
828,1,313104091,313104091,227565,0.986934314001237,0.976070805617435,0.11,-1657.37968174517,-4393.62341088807-146.973342903968i,0.854971332794142-0.027486794802854i,0.872678618867439-0.0483342258626321i,14.6259833504406,0,1,
829,1,313482562,313482562,227565,0.981998750372811,0.870101381472884,0.46,-1650.99753637251,3926.09198250084-2116.88654514497i,0.835785475349448-0.0404744964830904i,0.857222205196576-0.0571152929796745i,13.098190319523,0,1,
830,1,313861032,313861032,227565,0.986080407952771,0.921888548267446,0.34,-1665.49534185038,-3948.01225979306+2119.46709823799i,0.848536129097215-0.00242044939179188i,0.87154355676086-0.0286891114984144i,14.2331015233459,0,1,
831,1,314239503,314239503,227565,0.986304236395594,0.975421003875674,0.11,-1681.48856092387,2990.93161407897-3224.0099594624i,0.854238455674616+0.00540801963650431i,0.877741486988193-0.00502239234601322i,14.612221424609,0,1,
832,1,314617973,314617973,227565,0.985676727123245,0.903739606207857,0.39,-1690.01863952896,-2513.3326451681+3725.50965278051i,0.848743774924202+0.00792649431015666i,0.865130047163816-0.0206483355460033i,14.1226526240309,0,1,
833,1,314996444,314996444,227565,0.987283737722278,0.969067362996278,-0.17,-1665.35302327672,1725.57466760812-4067.93816035474i,0.855908062805244-0.0114417238657979i,0.869995317543609-0.0307507362918788i,14.5528976956736,0,1,
834,1,315374914,315374914,227565,0.987511586150741,0.964599190704438,0.19,-1647.97702810914,-1070.87156956064+4294.31785801525i,0.851870446225678-0.0480601679798838i,0.876145717834893-0.0410712738863886i,14.5301547573203,0,1,
835,1,315753385,315753385,227565,0.985787731871552,0.912918962700538,-0.36,-1652.40270292495,110.904670293159-4504.17104277524i,0.85251780107359-0.0126582517808038i,0.866961221812277-0.0151898011330748i,14.2644903839894,0,1,
836,1,316131855,316131855,227565,0.986956375662024,0.966772526640448,0.18,-1676.73845716028,845.283266008699+4358.66604324688i,0.854046386650027+0.000886920407994648i,0.875941469597154-0.0179053294874143i,14.5382237190758,0,1,
837,1,316510326,316510326,227565,0.98556522539491,0.928890019722405,-0.32,-1662.1751064088,-1892.64129304151-4076.04773898812i,0.85218622783873-0.0287675049029393i,0.873247137480317-0.0542523970145348i,14.3412968900903,0,1,
838,1,316888796,316888796,227565,0.986527038261501,0.941863065875971,0.28,-1672.05978124753,2845.36924747122+3460.28831697912i,0.851005132223232-0.0256741078296163i,0.867495158738602-0.0411918272556281i,14.3160343023534,0,1,
839,1,317267267,317267267,227565,0.987494732599229,0.981151057751298,0.0499999999999999,-1666.07372468302,-3824.97841559943-2179.64047830031i,0.856193773392292+0.00261825991782917i,0.879717835614371-0.00583995527341816i,14.6958717094176,0,1,
840,1,317645737,317645737,227565,0.987046993442308,0.961657087410924,0.21,-1669.25563251055,4026.00321654363+1899.98544712224i,0.851444692605881-0.0444600778035074i,0.868235809674076-0.0318686536987069i,14.4613611749314,0,1,
841,1,318024208,318024208,227565,0.988192092586487,0.981920779930708,-0.0399999999999999,-1644.64606419346,-4386.09492656081-355.450095001837i,0.855551773012443-0.0435343916342743i,0.86938436511385-0.0540745759218456i,14.705059586928,0,1,
842,1,318402679,318402679,227565,0.986144302989008,0.874638426955334,-0.45,-1650.14021567146,4454.07281163075-810.298282552541i,0.848191569635645-0.0117772543384755i,0.871442513051491-0.0238307875418868i,14.2010518323117,0,1,
843,1,318781149,318781149,227565,0.985585593049397,0.888887569266994,-0.43,-1665.60983239055,-4441.83016575699+844.740500450228i,0.847213845617476-0.0381929034527608i,0.86345981755287-0.0514641874203554i,14.0502857501438,0,1,
844,1,319159620,319159619,227565,0.985670862538721,0.864152166541371,0.47,-1679.29262063053,3819.08995256315-2431.25336631406i,0.847577995946525-0.00623400686045074i,0.871147669213833-0.0205530995471308i,14.0951568076991,0,1,
845,1,319538090,319538090,227565,0.985919077531395,0.905477035065545,-0.38,-1682.54927832052,-3570.22889726584+2762.2408209212i,0.850672537623518+0.00764299917993786i,0.873281191830989-0.000874626049245791i,14.2060698532914,0,1,
846,1,319916560,319916560,227565,0.987431226776694,0.978154757847156,0.0999999999999999,-1634.93253564314,2713.008826572-3484.70803450569i,0.85572648590874-0.0289634351678006i,0.871302078091235-0.0610701750908939i,14.7119944266558,0,1,
847,1,320295031,320295031,227565,0.986954142775597,0.971627651613784,-0.15,-1682.21797932021,-1593.22456960313+4134.88582456191i,0.855372352001118-0.0423853297337853i,0.871151715329301-0.0454959118252995i,14.6284025903035,0,1,
848,1,320673502,320673502,227565,0.986493193235594,0.907731005544279,-0.38,-1655.59331574022,-48.3872122307782-4513.1390041601i,0.850778850574842-0.0202308660244407i,0.872246513037559-0.0480436920226646i,14.2636609254734,0,1,
849,1,321051972,321051972,227565,0.987118200905932,0.976529032964063,-0.0999999999999999,-1681.46298631694,580.320555778126+4377.89486148438i,0.857245712957297-0.00480149961754176i,0.879451430474137-0.00773746688354659i,14.7588154009077,0,1,
850,1,321430442,321430442,227565,0.986610559347786,0.948437098980138,0.25,-1645.5342922844,-1242.31276719539-4291.65777737178i,0.850713693734918-0.0210669883191372i,0.867474116662863-0.0394008095359427i,14.3451328613424,0,1,
851,1,321808913,321808913,227565,0.987458147462988,0.982890825282962,0,-1659.47222580268,2494.00268185129+3624.64515014635i,0.854723491793969-0.0272283931162438i,0.878730370755578-0.0264109021073687i,14.6744067177308,0,1,
852,1,322187384,322187384,227565,0.986240851281572,0.939568553613804,-0.29,-1686.04676287496,-3625.74708643508-2641.0797583064i,0.853195315218218-0.0133642818808647i,0.866930534601454-0.0493579143416079i,14.3566717614796,0,1,
853,1,322565854,322565854,227565,0.987662390195754,0.974573141206252,-0.14,-1652.29591957252,3774.62635685196+2313.74652061788i,0.855711068158052-0.0142741066258441i,0.87187512782672-0.0444472929503623i,14.5393324108551,0,1,
854,1,322944325,322944325,227565,0.986474074428631,0.913282478673271,-0.37,-1656.55394276571,-4419.86515251605-905.824970493649i,0.850017772255606-0.00572508024690553i,0.871938080658907-0.029967471705662i,14.2627275682356,0,1,
855,1,323322795,323322795,227565,0.986718638046653,0.958554939270143,-0.22,-1675.75159516756,4393.07527500761+762.111164132047i,0.853583718311454-0.00576779861642671i,0.875678699073346-0.0281915887704117i,14.5029245383227,0,1,
856,1,323701265,323701265,227565,0.986592868573824,0.947035878702188,0.27,-1665.38254798704,-4465.71414484985+311.837622824379i,0.850093663256998-0.00869331136493286i,0.866946833538485-0.0355306116632661i,14.2718011718645,0,1,
857,1,324079736,324079736,227565,0.987782918673868,0.971042507618207,0.16,-1676.12746674327,3996.58686734604-1920.27249038428i,0.853978045892149-0.0314245404755431i,0.867620073219058-0.0405140686065106i,14.5359024235687,0,1,
858,1,324458206,324458206,227565,0.986787523120205,0.965785877294156,0.19,-1672.59431366685,-3973.01030819554+1994.61941483734i,0.853989638895341+0.00380342909671088i,0.875712242706496-0.0267571212062795i,14.4472558732546,0,1,
859,1,324836677,324836677,227565,0.987351469027157,0.979958849161428,0.0799999999999999,-1659.04858566887,2800.05173493175-3408.32548358196i,0.855319015854543-0.0382656163079373i,0.87196444049289-0.0256770505442534i,14.68165748246,0,1,
860,1,325215148,325215148,227565,0.985926926583301,0.867764110788369,-0.47,-1656.12273759661,-2136.52669559206+3993.34423617828i,0.848294737532955+0.00706466491900453i,0.870214242529826-0.039992665892565i,14.1404627606331,0,1,
861,1,325593618,325593618,227565,0.987530927684662,0.982173079105533,0,-1648.01648835839,1098.47343350074-4262.28161946159i,0.857025008070613-0.0190417927052174i,0.880773779768261-0.023118583261882i,14.8137289763586,0,1,
862,1,325972088,325972088,227565,0.986649559362489,0.968401358009145,0.16,-1644.76603531371,-662.198744780585+4384.04706281481i,0.85403484853197-0.0127485783967551i,0.87061398035879-0.0414327420728817i,14.5631894583947,0,1,
863,1,326350559,326350559,227565,0.987061718252259,0.978795237090172,-0.0899999999999999,-1656.90025342289,-790.586803585183-4342.10746845092i,0.857523418381622-0.00521964113671479i,0.871383539925282-0.0485238512625778i,14.6689324654258,0,1,
864,1,326729029,326729029,227565,0.986558710113662,0.903723801537135,0.39,-1651.10278504637,1754.37136446151+4158.88459064652i,0.848428520370433-0.0112160184644514i,0.87146134009469-0.0319153575987509i,14.2129576506651,0,1,
865,1,327107500,327107500,227565,0.987661244805803,0.981877956564972,-0.0399999999999999,-1665.91667220426,-2486.84682232352-3631.4912804225i,0.857948648948096-0.0113297642912838i,0.879381645455299-0.0438219140788319i,14.8429761574258,0,1,
866,1,327485970,327485970,227565,0.985770979033187,0.884983952680063,0.43,-1668.1983217498,3276.2044776223+3112.91195657858i,0.848675471240312-0.0211545716094442i,0.86263479274155-0.0548719137836991i,14.0450493134928,0,1,
867,1,327864441,327864441,227565,0.987519257873132,0.976007229203775,-0.12,-1652.88260955657,-3790.22393180719-2271.25504775828i,0.856460422780214-0.0251104277752781i,0.87734154026611-0.0557784382709501i,14.7415385533061,0,1,
868,1,328242912,328242911,227565,0.985531224211737,0.86380899308205,0.47,-1655.35354401605,4307.95809294836+1383.51223577699i,0.844746386455134-0.0224226068432746i,0.863410025068412-0.032988334166766i,14.0551627522874,0,1,
869,1,328621382,328621382,227565,0.981113999733947,0.885888732156585,0.43,-1674.7306305954,-4472.07812235007+70.4154309003806i,0.836278738073111-0.0172507015446792i,0.856535988323326-0.0496296355084946i,13.0236844294846,0,1,
870,1,328999852,328999852,227565,0.98661401924816,0.942646409381268,0.28,-1647.99735586407,4460.29821488663-383.434022601488i,0.849049387965738-0.047936453866202i,0.873573913252599-0.0353622303129203i,14.3415265191238,0,1,
871,1,329378323,329378323,227565,0.986847210582327,0.967944074293085,0.17,-1649.28870133949,-3965.24756430697+1992.665613171i,0.85256251958542+0.00244310225184375i,0.866177335140586-0.0247155966886006i,14.4741051259126,0,1,
872,1,329756793,329756793,227565,0.986454127585497,0.92821669940179,0.33,-1674.61561412581,3901.75651159881-2232.90223286216i,0.848999096015842-0.00312139733561243i,0.873117889540463-0.00138634482952011i,14.2014308138716,0,1,
873,1,330135264,330135264,227565,0.986846158794696,0.957104782451409,-0.23,-1666.85894701388,-3345.15751835251+2951.29023726521i,0.854711140171212-0.0104008353413444i,0.876712136178782-0.030005118598613i,14.551954032569,0,1,
874,1,330513734,330513734,227565,0.986685365578415,0.950545358007607,0.25,-1661.82152429257,2596.79076743666-3637.11916530224i,0.851466977461353+0.00324946099783039i,0.867728355136718-0.0121730916298472i,14.3583516902647,0,1,
875,1,330892205,330892205,227565,0.986000478419117,0.933573097686567,-0.31,-1679.20762768868,-1979.76854918362+4031.95003742148i,0.851268578945955-0.0268138245767826i,0.874079359726254-0.0396739906326382i,14.35293696824,0,1,
876,1,331270676,331270676,227565,0.986281408752256,0.895070894026981,-0.41,-1678.65320628143,116.211390616436-4520.09683894023i,0.849524206039634-0.00725982295680238i,0.864632306576241-0.0290319120311298i,14.2327450526507,0,1,
877,1,331649146,331649146,227565,0.987045579858944,0.980318549859298,0.0599999999999999,-1666.17196660225,738.08281201245+4344.32635906475i,0.856211480723092-0.0256209938722002i,0.872119512783808-0.0163237092302394i,14.6087050820105,0,1,
878,1,332027617,332027617,227565,0.985892399859607,0.860379456733645,-0.48,-1643.02551983756,-1747.81465285423-4176.5089416947i,0.849207707012994-0.0287250866818971i,0.870834578953524-0.060071929444267i,14.1578492004673,0,1,
879,1,332406087,332406087,227565,0.985905195435328,0.922415944431221,-0.34,-1682.0189320845,1915.75861070639+4072.81218005085i,0.850825139024894-0.0406692549279297i,0.870108206195143-0.0730934285123738i,14.2217172691611,0,1,
880,1,332784557,332784557,227565,0.987321159448527,0.973701001033556,0.14,-1679.69213858026,-2781.81379304328-3444.17534144725i,0.855082892983529-0.00670833770850803i,0.87034885183337-0.00855481791407371i,14.5589338397708,0,1,
881,1,333163028,333163028,227565,0.986353091464278,0.939288537539794,-0.29,-1675.52952217259,3613.58216869528+2656.68864326514i,0.851029953656746-0.0335046086730158i,0.865969198997976-0.0466308167891202i,14.2866400103648,0,1,
882,1,333541499,333541498,227565,0.985609685171263,0.855219568074031,0.49,-1637.08867200115,-4393.87945987253-1101.98793814437i,0.848629006489807-0.0268158235310068i,0.869105200137464-0.0507713383328036i,14.1813557227058,0,1,
883,1,333919969,333919969,227565,0.987554667181948,0.9809762179078,-0.0499999999999999,-1663.68862502728,4396.75559154518+304.334141147133i,0.857939165209971-0.0144323948016638i,0.871852456275068-0.0149046517052537i,14.7129025983575,0,1,
884,1,334298439,334298439,227565,0.985144351220105,0.890515663470426,0.42,-1675.8160375042,-4487.84669061645+533.710959477416i,0.846642868019702-0.0226253404023029i,0.870796163094859-0.0265345269636654i,14.0995564745639,0,1,
885,1,334676910,334676910,227565,0.987028558035839,0.964999842779938,0.19,-1670.80923231101,3910.23920010341-2114.05748367446i,0.852250253647329-0.00292027048250269i,0.876090568280452-0.0404502101799282i,14.5241746767696,0,1,
886,1,335055380,335055380,227565,0.987466865604708,0.984030919613495,0,-1666.20282043819,-4013.6791440571+1794.00398382633i,0.855519082244876-0.00888080019190907i,0.872412177434919-0.0106265177730387i,14.3499859958639,0,1,
887,1,335433851,335433851,227565,0.985815658730258,0.946059866950183,0.27,-1652.49557966714,2427.84521619142-3749.47015533793i,0.845749789832755+0.00327381425101877i,0.870092754760081+0.000464961484767509i,14.1208289952746,0,1,
888,1,335812322,335812322,227565,0.986129952889117,0.932851872656252,-0.31,-1632.89403443511,-1493.73951406109+4232.6815150264i,0.851297239887731+0.00871984612859359i,0.865299922816582-0.0235615068885818i,14.3324772576551,0,1,
889,1,336190792,336190792,227565,0.987261352802031,0.968544455447883,-0.17,-1670.09948417175,1534.36020500494-4161.92629171636i,0.855765804896108-0.00399291506207086i,0.872249101828182-0.0256421507815595i,14.583185183549,0,1,
890,1,336569262,336569262,227565,0.986781622925825,0.931991036923129,0.31,-1686.03088795414,-674.587226453033+4436.85770002319i,0.849886925359865+0.00189132307238801i,0.872414736801481-0.0163046624582005i,14.1720373938753,0,1,
891,1,336947733,336947733,227565,0.986788761787313,0.952453953806507,-0.25,-1695.52291936522,-358.227042209156-4455.99847983306i,0.854765505545939-0.0115529574688209i,0.868513124197107-0.0265572945610491i,14.4387591293158,0,1,
892,1,337326203,337326203,227565,0.986908329903769,0.955412372925177,0.24,-1666.12461098008,1403.85038828897+4239.30311779415i,0.850763390036081-0.019396023362644i,0.873576726698391-0.034605493018134i,14.4775340801043,0,1,
893,1,337704674,337704674,227565,0.986909381574949,0.974622900731388,0.13,-1657.1062759443,-2984.0760148695-3267.70843720168i,0.854291778357936-0.0136412903995314i,0.878506897270891-0.0175494506303155i,14.7108216513403,0,1,
894,1,338083144,338083144,227565,0.987152211689375,0.968846718408129,0.16,-1657.85421631876,3007.4302968103+3257.14826030175i,0.852187541830001-0.010560989399943i,0.868775049387499-0.02891128409727i,14.5274579591634,0,1,
895,1,338461615,338461615,227565,0.987957355838297,0.979405299999898,-0.0899999999999999,-1665.03170372841,-3887.58342106207-2085.75518031605i,0.85688574780279+0.0104362139901356i,0.872592419661457-0.00927910051459097i,14.7110748867754,0,1,
896,1,338840085,338840085,227565,0.987747353336013,0.979157671141695,0.0799999999999999,-1686.51028756084,3972.44946778843+1916.93189306202i,0.856327043685175-0.0189752682567074i,0.880228338067121-0.00107467123014978i,14.7294701275406,0,1,
897,1,339218556,339218556,227565,0.986138906451337,0.91760891817534,-0.35,-1680.97221750736,-4423.42043445773-856.857181110098i,0.851633475482828-0.0252799915087167i,0.873231178908476-0.0212761228765572i,14.3153105377843,0,1,
898,1,339597026,339597026,227565,0.987188824404714,0.981417168764364,0,-1637.45080479488,4399.14742673206-76.1840673741622i,0.857337759888456-0.0402868319172878i,0.872087224477878-0.0498732383199738i,14.751083747436,0,1,
899,1,339975497,339975497,227565,0.987685712054441,0.982568473184469,0,-1632.91718849238,-3948.78774876667+1941.95916645986i,0.856383761331518-0.0295816103813849i,0.878525134276532-0.0502009801418751i,14.7322657805056,0,1,
900,1,340353967,340353967,227565,0.985851433643973,0.916189945982416,0.36,-1655.3939023386,3674.26809089269-2611.29788746282i,0.847908864156005-0.0285862712827155i,0.862026254954765-0.0628741091417466i,14.1462351745526,0,1,
901,1,340732438,340732438,227565,0.986803732467012,0.979700961454902,-0.0699999999999999,-1632.44379543153,-2753.37455770776+3443.51218491329i,0.856714519944788-0.0541419846585294i,0.869213005983036-0.0570779565890067i,14.7101162457487,0,1,
902,1,341110908,341110909,227565,0.986003840231843,0.956078638483731,-0.23,-1651.24962224696,1563.00482632425-4165.23324942318i,0.848783613425301-0.0347426681393722i,0.870918089325531-0.0460045160812137i,14.1150704287028,0,1,
903,1,341489379,341489378,227565,0.985691262894266,0.855259638469939,0.49,-1662.07098511429,-1901.60803730286+4111.23951385855i,0.848674546603903-0.0286995622107759i,0.863992267786746-0.0399782828093815i,14.2001051628173,0,1,
904,1,341867850,341867850,227565,0.985957674678321,0.906464307639197,-0.38,-1667.20319802534,-373.905344948452-4498.31547292179i,0.850524439884649-0.0241093674710459i,0.873479063653155-0.028428667366357i,14.2924767203917,0,1,
905,1,342246320,342246320,227565,0.982096387301722,0.965976601718787,-0.15,-1678.00750664859,1266.15985776584+4212.45911386264i,0.838701014742313-0.0257399340420975i,0.864678346088889-0.0484436272480318i,13.2779136526063,0,1,
906,1,342624790,342624790,227565,0.985886740824057,0.910665119476712,0.37,-1678.63823696294,-1711.33057008427-4172.82020851517i,0.849360281867426-0.0215480006396189i,0.864138678203234-0.0349122006308752i,14.0703594171544,0,1,
907,1,343003261,343003261,227565,0.986621148297041,0.9661877488582,-0.18,-1646.95560547824,2544.86457820649+3640.66821170996i,0.855763715909114-0.0261456014917236i,0.877020993221462-0.0464638468617295i,14.6273605179806,0,1,
908,1,343381732,343381732,227565,0.986365927325822,0.894174678930695,-0.41,-1669.93855468108,-3683.99772471816-2617.13382762298i,0.848905571422398-0.0338805251576718i,0.8634033630446-0.049161967262037i,14.1322945129344,0,1,
909,1,343760202,343760202,227565,0.98636999263871,0.947905811186681,-0.26,-1667.20264598418,3926.60494143691+2143.78257391169i,0.854339329331113-0.0294296820935415i,0.868048995336708-0.0173856273352988i,14.4379740217092,0,1,
910,1,344138673,344138673,227565,0.986246147206901,0.911828599817913,-0.37,-1648.27168251178,-4498.48420932525-343.201023338564i,0.851280259551334-0.00453536677157705i,0.86978609846305-0.015184092939238i,14.2812216394702,0,1,
911,1,344517143,344517143,227565,0.987472107506291,0.982090089976877,0,-1684.6715361521,4400.99416283116+50.4274486461001i,0.86072438839928+0.0209183391549105i,0.880062250918932-0.0156982710812594i,14.8390993802872,0,1,
912,1,344895614,344895614,227565,0.986345040787495,0.882476470539772,-0.44,-1658.35963623959,-4322.28490561791+1338.20762521974i,0.848475544863687-0.0281086622941322i,0.864308376805337-0.035565483312133i,14.0973426876025,0,1,
913,1,345274084,345274084,227565,0.987047343339658,0.939169913028452,-0.29,-1646.14506523644,4213.0833417008-1538.23937131637i,0.850282255745784-0.0362912530629282i,0.867502434260838-0.0507943012520237i,14.4331605489884,0,1,
914,1,345652554,345652554,227565,0.987605325797497,0.964938483545278,0.19,-1682.2109963785,-3826.23950074106+2263.39977409467i,0.852666286807469-0.00644577370095253i,0.875520484952121-0.0297550027666783i,14.4739872931745,0,1,
915,1,346031025,346031025,227565,0.986449933407832,0.91251034337006,-0.37,-1691.85510316926,3318.76474855418-3054.11300584251i,0.851024408597328-0.00311815099282158i,0.86614692710063-0.00896172194439706i,14.201665743671,0,1,
916,1,346409496,346409496,227565,0.985951364317255,0.869816370758782,-0.47,-1685.26181698022,-1844.24834601189+4135.13193105284i,0.84891079873296-0.0111337651952943i,0.870838039349426-0.0281384365429911i,14.1554951152128,0,1,
917,1,346787966,346787966,227565,0.985120836806086,0.879958016489914,-0.44,-1687.92051661237,1878.74720996514-4115.39643543123i,0.848048293634957-0.00847789776112863i,0.87161862975307-0.0356306463616103i,14.1312051674027,0,1,
918,1,347166436,347166436,227565,0.985644507669241,0.872224367393569,0.46,-1677.33943812237,67.7727330253832+4526.80478761986i,0.848169562662109-0.0272183258277624i,0.864811270871592-0.0179317916256495i,14.1171687844783,0,1,
919,1,347544907,347544907,227565,0.987528274190251,0.978611121578797,-0.0899999999999999,-1668.94925972906,-959.633622172048-4308.29266216432i,0.857486317343269-0.017518060630604i,0.872455399653023-0.00277941654165758i,14.7427882107517,0,1,
920,1,347923377,347923377,227565,0.987633395676432,0.979012731165164,0.0799999999999999,-1698.12972112247,1183.71602067453+4250.74645494386i,0.854133484463843-0.00125736219740065i,0.877602490427008-0.00295465688114313i,14.6110893808592,0,1,
921,1,348301848,348301848,227565,0.985457401726936,0.866408175791302,-0.47,-1664.01381008165,-2356.00769091296-3866.62940176639i,0.847564445285014-0.0441077406569222i,0.872672684516231-0.0359409892896782i,14.1618765876876,0,1,
922,1,348680318,348680318,227565,0.987170486895388,0.981910031452448,0,-1647.71204064639,2989.3050045922+3232.92812582056i,0.856703259161455-0.0387060240698998i,0.872261649140242-0.0394979447649124i,14.7015278759877,0,1,
923,1,349058789,349058789,227565,0.987745051442847,0.976224085295311,-0.12,-1671.3708804566,-4024.75167207642-1831.21218687453i,0.858304322682107-0.00301998050035734i,0.879033287081629-0.0301906876984223i,14.7416903314366,0,1,
924,1,349437259,349437259,227565,0.985633337636398,0.914619580105839,0.36,-1655.50321797667,4432.08239308807+826.653075332061i,0.850921052443527+0.00389860929919547i,0.866394483332037-0.0106491173368549i,14.170607640934,0,1,
925,1,349815730,349815730,227565,0.987291106081112,0.96334534641929,-0.2,-1652.7056228856,-4451.33994573845-6.85599473252457i,0.854808659687437-0.0403336430833751i,0.871538816168361-0.0385177296546949i,14.5694847368784,0,1,
926,1,350194200,350194200,227565,0.987281302982134,0.981337958836701,-0.0399999999999999,-1691.43968918026,4403.24860013842-115.713802253128i,0.856493282467809+0.0275184525417173i,0.880508288989856+0.0170887905302008i,14.72844302389,0,1,
927,1,350572670,350572671,227565,0.983062786392098,0.928782582964276,0.32,-1653.50435567735,-3649.96857527662+2572.269263702i,0.840202614824704-0.00699987844749954i,0.865909523097709-0.0503432286825732i,13.4958630213682,0,1,
928,1,350951142,350951142,227565,0.98644811213969,0.907917734902107,-0.38,-1686.36931155469,3286.19923836036-3096.83291626703i,0.84885474210501+0.000239873820918727i,0.866407159542809-0.0127536728299781i,14.1731421799232,0,1,
929,1,351329612,351329612,227565,0.986282611023864,0.917203902240643,-0.35,-1684.89562256669,-3280.9185031901+3086.51402721724i,0.850518159510361-0.0150312054938602i,0.865687047560439-0.0254364223230015i,14.2867612453596,0,1,
930,1,351708082,351708082,227565,0.986431286752534,0.948240322674352,0.25,-1709.74560336143,2414.93768187397-3758.17889792743i,0.850770766922548-0.00776884333691564i,0.873989408367982-0.0361403522228236i,14.2684485068787,0,1,
931,1,352086553,352086553,227565,0.987060439723685,0.93359781196585,-0.31,-1647.62895895289,-1365.68660810044+4280.12771001395i,0.849902688912741-0.0495402584383191i,0.866518634192901-0.0315775659642985i,14.3558558278974,0,1,
932,1,352465023,352465023,227565,0.987079689692697,0.967152780224562,0.18,-1677.32775294305,588.998735100488-4402.76043828186i,0.85531661982864-0.0264318457945556i,0.876785733838025-0.0320451568519334i,14.6457885981657,0,1,
933,1,352843494,352843494,227565,0.987963102592385,0.981016049798437,0.0599999999999999,-1636.69345775097,1287.56361154277+4214.68877103882i,0.857389615290612-0.0217698055345887i,0.878412972965725-0.0519550456732098i,14.7657513118191,0,1,
934,1,353221965,353221965,227565,0.98582722162293,0.859122940398237,-0.48,-1638.17832302592,-2233.82394254161-3939.62965202111i,0.848593790516163-0.032268582676398i,0.864420891255126-0.0353551431159454i,14.149536495989,0,1,
935,1,353600435,353600435,227565,0.986694681797278,0.982992282696134,0,-1665.78772943493,2896.4005052792+3314.10935925743i,0.859028869957083-0.0343863309300807i,0.881360804445271-0.0345920396605001i,14.7854448335741,0,1,
936,1,353978905,353978905,227565,0.986170699418649,0.878724131203779,0.45,-1661.09232693329,-3596.56224818872-2751.07751073803i,0.848277426483545-0.013013609765329i,0.863510458356913-0.0255726525259075i,14.1525446335564,0,1,
937,1,354357376,354357376,227565,0.986112552134488,0.89395894544623,-0.41,-1665.24852958901,3782.11526777697+2474.14092537768i,0.850533063291615-0.0185057154781573i,0.864741174610655-0.0440951284883853i,14.1239295358271,0,1,
938,1,354735846,354735846,227565,0.98761384174315,0.982355075585893,0.0599999999999999,-1691.53209333252,-4118.40201749202-1570.7603272454i,0.855744090415348+0.00978622731420526i,0.879087595235353-0.0177594407973423i,14.7198408955242,0,1,
939,1,355114316,355114316,227565,0.98597933459689,0.870363484467117,0.46,-1667.45475161635,4468.16413213657+729.363477114133i,0.849659747188255-0.0286726515901606i,0.862797487978138-0.0498473649079835i,14.1396962583583,0,1,
940,1,355492787,355492787,227565,0.986204407082965,0.892276617788541,0.42,-1661.2275682357,-4374.87724013604+1143.95398568625i,0.849647032348578-0.0174057542315331i,0.871463540118728-0.0434765165050615i,14.208770631963,0,1,
941,1,355871258,355871258,227565,0.987968029878153,0.97426335141861,-0.14,-1684.43618423324,3917.67206765561-2062.41617778071i,0.858174227912803-0.0185900778314544i,0.879665573438145-0.0334466316184768i,14.6994053148667,0,1,
942,1,356249728,356249729,227565,0.983993203232135,0.959948479719783,-0.2,-1647.900891704,-2943.30708718423+3306.20504880418i,0.844917478637144-0.0206248703136221i,0.859749638454077-0.0587397320448877i,13.6414806631925,0,1,
943,1,356628199,356628198,227565,0.985909841552138,0.855679476688203,0.49,-1653.64448299011,3287.22817225052-3115.77144291375i,0.847483678348688-0.0266019434057669i,0.864176585846438-0.00469154197272798i,14.104391610756,0,1,
944,1,357006670,357006670,227565,0.98630787927283,0.882309767454953,-0.44,-1677.43112290611,-1452.49606344474+4286.09085411519i,0.848173721934658-0.0477628615141366i,0.871064772639744-0.032612094314797i,14.1384379014305,0,1,
945,1,357385139,357385140,227565,0.986507260730426,0.981160650090478,0.0499999999999999,-1683.13492151501,457.828392875469-4375.25992943815i,0.847358197385564-0.00308611978270975i,0.873461353405391-0.0299521092152153i,14.218125387782,0,1,
946,1,357763610,357763610,227565,0.986770461295395,0.96397204529324,0.19,-1668.01871688259,-346.291256496236+4431.86452061141i,0.852671648355805-0.017394724852515i,0.869211646030636-0.0495343622370504i,14.4590587877748,0,1,
947,1,358142081,358142081,227565,0.986820174358675,0.952099688201695,-0.25,-1667.50001945273,-1040.79976322762-4347.4601988205i,0.852148458951829-0.0115827231410419i,0.875366605296225-0.0249249888247566i,14.4503552544832,0,1,
948,1,358520552,358520552,227565,0.985681614516838,0.867217243877352,-0.47,-1667.17400145666,2468.58301133814+3795.95771710708i,0.847496811502616-0.0231266846664834i,0.864220694843956-0.0413444497418506i,14.0411086966588,0,1,
949,1,358899022,358899022,227565,0.986802093528746,0.930674614764002,-0.32,-1655.06962958308,-2675.06433492446-3612.963414578i,0.851731290968155-0.010906030409898i,0.867428899463923-0.043374501521075i,14.2859022508686,0,1,
950,1,359277492,359277492,227565,0.986246258297835,0.923493357736299,0.34,-1680.8396189626,3549.22192542031+2771.24626510342i,0.846600385063034-0.00390978007146889i,0.873096780040247-0.0291376499409486i,14.2684187380327,0,1,
951,1,359655963,359655963,227565,0.987644316005188,0.981139130853808,0.0499999999999999,-1646.88873087303,-4203.80605201077-1316.57222183801i,0.855988707333393-0.0234451244164263i,0.877530655018786-0.0336774418360836i,14.7914593140763,0,1,
952,1,360034434,360034434,227565,0.986085780002848,0.852995124599571,-0.5,-1673.27005994032,4503.55104951692+468.868152935363i,0.849630029261497-0.00898954242306794i,0.862167861821895-0.0197971033326832i,14.0509579348528,0,1,
953,1,360412904,360412904,227565,0.98719120708625,0.983519515534575,-0.0399999999999999,-1701.44931472987,-4381.53164254914+438.923813731177i,0.85720997941245+0.00847522392223801i,0.871045926557837-0.0226122522358246i,14.6435218521851,0,1,
954,1,360791374,360791374,227565,0.987810807530159,0.976009989101182,0.13,-1654.86334066573,4326.6208677697-920.549809147584i,0.855573678159288-0.0251844281881439i,0.879137845911528-0.0372123668933627i,14.6567433214354,0,1,
955,1,361169844,361169844,227565,0.985476698416296,0.871275762006689,0.46,-1655.18919356021,-4285.50366081356+1460.74419416897i,0.848731373691796-0.0251343885317685i,0.863952207593567-0.0297380455461819i,14.0473531734075,0,1,
956,1,361548315,361548315,227565,0.987658814363479,0.982127595389484,0.0499999999999999,-1654.30460618245,3649.67700739727-2466.40594594603i,0.856239667754791-0.0424163314494386i,0.877670551382296-0.0474678527880556i,14.7916031204286,0,1,
957,1,361926786,361926786,227565,0.98696693006794,0.980169005031579,-0.0699999999999999,-1658.64863508005,-2372.79362939382+3716.47569625363i,0.856011968354064-0.0166527062436925i,0.881144675021801-0.0339360695721872i,14.7866117018682,0,1,
958,1,362305256,362305256,227565,0.986078366210771,0.899037131924349,0.4,-1646.27135774388,1578.17592892948-4232.07764025002i,0.848958396284418-0.0337564337054654i,0.864053255785223-0.0529391030315263i,14.1149307980798,0,1,
959,1,362683727,362683727,227565,0.986873883115924,0.942203081522501,-0.28,-1678.99870295469,-1002.87716482771+4366.67174451331i,0.853668667765996-0.0138187151718793i,0.867302538898776-0.0431730032865412i,14.410176329164,0,1,
960,1,363062197,363062197,227565,0.986941341738577,0.981250913048605,0,-1644.78902517557,370.117615272123-4382.57440113893i,0.856224791812569+0.00896172167319934i,0.878564455388126-0.0310953816320726i,14.5983221568343,0,1,
961,1,363440668,363440667,227565,0.985492694010451,0.864043596743967,0.47,-1665.47669462593,346.458439162163+4513.52997918619i,0.84873099174121-0.0188938910090917i,0.870434432828801-0.0309191587581619i,14.0615481121015,0,1,
962,1,363819138,363819138,227565,0.987436333805302,0.980372192046739,-0.0699999999999999,-1660.25751229728,-1405.52117800312-4178.66149200161i,0.857478371041488-0.0216102086598653i,0.871873320026373-0.0177140512424856i,14.7194866166838,0,1,
963,1,364197609,364197609,227565,0.986344335608786,0.934679066556051,-0.31,-1676.23952498174,2596.25189190882+3663.69290037578i,0.852443574656858-0.0202485241717144i,0.871451742929796-0.0451099635685704i,14.3138640776828,0,1,
964,1,364576079,364576080,227565,0.985025392458068,0.900726400942523,-0.4,-1698.25867537297,-4445.37248191902+735.688109473304i,0.845613140363295-0.0182544453899423i,0.863747502727748-0.0301394466883947i,13.9104452896566,0,1,
965,1,364954550,364954550,227565,0.987195133127077,0.94842679831468,-0.26,-1681.14002768882,4009.92524548049+1984.14513253372i,0.853525166519406-0.0314279292718111i,0.86793549046203-0.0335010002195126i,14.5066877461329,0,1,
966,1,365333020,365333020,227565,0.987011830766216,0.958277737801353,0.22,-1634.87586833197,-4343.44589404106-995.860996606834i,0.850054992844096-0.0406875343647383i,0.875767174848891-0.0345647891813315i,14.4731837282282,0,1,
967,1,365711490,365711491,227565,0.983269323150783,0.940991183141381,0.27,-1675.23637274691,4400.07467424981-629.962589377006i,0.839604000014094-0.00117206584751555i,0.860168642057936-0.0182620116773828i,13.4291469577472,0,1,
968,1,366089961,366089961,227565,0.987122024925419,0.981557423924888,0,-1646.05728331333,-4353.88825880855+628.317219464271i,0.856520003292938-0.00752792100125969i,0.87837573436552-0.0331849529056959i,14.632193242385,0,1,
969,1,366468432,366468432,227565,0.985900912792778,0.89389564505795,-0.41,-1679.79743791141,4263.6328376947-1499.04099274155i,0.849707878666302-0.0110175736759672i,0.872639504334994-0.0286990373015916i,14.1491968072699,0,1,
970,1,366846902,366846902,227565,0.986280016967653,0.910121753810701,0.37,-1676.87077415965,-3506.58852112111+2835.17196538831i,0.847946573656711-0.0192971864267094i,0.864935907366766-0.00852669706303859i,14.0925990870064,0,1,
971,1,367225373,367225373,227565,0.98567314003423,0.911857953389741,-0.37,-1685.58034648995,3088.30552313104-3288.54741818757i,0.851244318137089-0.0130153481307176i,0.872837126990533-0.0265537642098708i,14.2457581027789,0,1,
972,1,367603843,367603843,227565,0.98765120476218,0.976549151103756,0.11,-1652.22081792212,-2154.94097644477+3856.96864929375i,0.855333258609112+0.00800716531553942i,0.870473154761456-0.0195859035282776i,14.5674216931107,0,1,
973,1,367982314,367982314,227565,0.987186207655051,0.94913243079748,-0.26,-1675.50173960366,1222.38036960514-4304.11931244907i,0.854223646876582+0.00407180948310055i,0.867980806917192-0.0182830917502397i,14.4602793011582,0,1,
974,1,368360784,368360784,227565,0.986705558975302,0.922324956447581,0.34,-1649.21061094173,250.554865014062+4493.790261329i,0.849350462231524-0.00764002208052652i,0.872312327570269-0.0351224019218943i,14.2598330781572,0,1,
975,1,368739255,368739255,227565,0.987318688496639,0.979200215511415,-0.0899999999999999,-1675.41372117562,-1168.44841492158-4254.81444720245i,0.855887549029903-0.0264812350681536i,0.879172926941327-0.0470127738238957i,14.6716286159416,0,1,
976,1,369117725,369117725,227565,0.987588968065686,0.981024997885174,-0.0599999999999999,-1672.13847023026,1301.75896511127+4210.45275838788i,0.855192362193462-0.0367101002007213i,0.871286671974257-0.0397038476639879i,14.6337387335227,0,1,
977,1,369496196,369496196,227565,0.985338386834857,0.866757622655493,-0.47,-1676.71733016912,-2532.37000699475-3755.06078921611i,0.849260463185798+0.000939072982012829i,0.863671847489162-0.0162808734057255i,14.0695280894442,0,1,
978,1,369874666,369874666,227565,0.986668892965489,0.932287820448995,0.31,-1673.83148096635,3576.97990559155+2717.91581784494i,0.849670403294074-0.020439754259964i,0.872680981370556-0.0350193469108363i,14.1780174705673,0,1,
979,1,370253136,370253136,227565,0.985503896138114,0.871438368528026,0.46,-1678.49463863425,-3888.02115576817-2322.60529171727i,0.848565736149931-0.019291911472536i,0.862392557665043-0.042119177034984i,14.0922544719885,0,1,
980,1,370631607,370631607,227565,0.987090690077717,0.978168506214615,-0.0899999999999999,-1663.65902666226,4224.23051744272+1283.65656145528i,0.856147139412607-0.044759348940679i,0.878417995453613-0.0517260847574505i,14.6830151548913,0,1,
981,1,371010078,371010078,227565,0.987709594656115,0.963486702783883,-0.2,-1678.88412669489,-4443.49856190696+272.300415169895i,0.855754741890712+0.00552515736137199i,0.877492002704147-0.01569800692755i,14.6405286202762,0,1,
982,1,371388548,371388548,227565,0.986707836231155,0.941165381609661,0.28,-1667.05560446861,4300.36581973259-1262.273966723i,0.850237431239732-0.0317827541946668i,0.86735729920084-0.0280565094734151i,14.3306666295962,0,1,
983,1,371767019,371767019,227565,0.987215069514896,0.944782352402354,-0.28,-1662.73138881887,-3921.20530800035+2167.93448384551i,0.853354265223724+0.013776056172513i,0.868498254864095-0.0267769769608368i,14.3195648958288,0,1,
984,1,372145489,372145489,227565,0.987145366071013,0.975665095184073,-0.12,-1641.10700693376,3683.76849590318-2446.13442502802i,0.857038065443997-0.0279239120159216i,0.877225988733054-0.0365436640041371i,14.6757603752479,0,1,
985,1,372523959,372523960,227565,0.987471432474403,0.975064449500458,0.13,-1667.1195740271,-2036.70318615624+3926.20189853848i,0.849291683470785-0.0272015159752464i,0.8751375058608-0.0465349421134002i,14.467327126893,0,1,
986,1,372902431,372902431,227565,0.986366664244293,0.873613300297274,-0.45,-1677.42846956255,951.55900635158-4428.81626601983i,0.849165273655059-0.0169672074140953i,0.864349969959987-0.0346667189771619i,14.1228493084266,0,1,
987,1,373280901,373280901,227565,0.987750890293093,0.983173333176746,0,-1649.64670154214,77.4566415335069+4401.79936945056i,0.855610965617092-0.00244051966306844i,0.878663075447689-0.031408247114438i,14.6702358605468,0,1,
988,1,373659371,373659371,227565,0.987036593461331,0.967296421388198,0.17,-1678.90285570306,-103.940749260046-4436.93541656458i,0.853761515619591+0.00281203830765582i,0.870081085501474-0.0185067459147406i,14.4560871514586,0,1,
989,1,374037842,374037842,227565,0.985949082912677,0.90686921073545,-0.38,-1672.28100214998,1132.70242529039+4370.158155597i,0.848575801037681-0.0300299746042331i,0.866322322723756-0.0148422546013117i,14.1541328364684,0,1,
990,1,374416312,374416312,227565,0.985686400156371,0.897715789727722,0.4,-1659.74382548491,-2589.38006589343-3701.74664420269i,0.847985293861183+0.00470819732507352i,0.873873362742152-0.0085754971046608i,14.1745256812913,0,1,
991,1,374794783,374794783,227565,0.98753847865383,0.984156332307683,0,-1682.05061590026,3291.32507431228+2925.27550313195i,0.859252306022014+0.0105985933871861i,0.879133977870864-0.0125005785638082i,14.820023311388,0,1,
992,1,375173253,375173253,227565,0.986287081813677,0.87848819768476,0.44,-1663.3184959079,-3989.7427265492-2134.58117873145i,0.846810712616128+0.0098145538613305i,0.86567904704124-0.0113902396516998i,14.1141822578614,0,1,
993,1,375551724,375551724,227565,0.988055186800495,0.977917983254863,-0.0999999999999999,-1688.42995180518,4181.32267785614+1425.09357609996i,0.857370902201301-0.000757827918052162i,0.873090794485368-0.0273658156931243i,14.7424436062428,0,1,
994,1,375930194,375930194,227565,0.987457783013608,0.980526474274475,0.0599999999999999,-1671.46491300304,-4305.52245312422-934.603666203085i,0.856695521446273-0.00603431728114857i,0.880439138432892-0.0235277301880208i,14.6864307764051,0,1,
995,1,376308665,376308665,227565,0.985339146702834,0.859953621784589,-0.48,-1681.92720448285,4527.56111995477-70.1491040334042i,0.84990410377109-0.00302664267763266i,0.864904415057822-0.0281297302757586i,14.0890552346035,0,1,
996,1,376687135,376687135,227565,0.987537929482598,0.982560966380906,0,-1648.94462038945,-4256.1678294184+1117.65236034278i,0.858331933555189-0.0298375219247887i,0.877800466808955-0.0388156833956571i,14.7401905844905,0,1,
997,1,377065605,377065605,227565,0.986256543059407,0.878167233356494,0.45,-1674.39546201202,4121.02279827663-1863.89696691142i,0.849134281719442-0.0107834135602713i,0.871893654214347-0.0345118961199619i,14.1676595021202,0,1,
998,1,377444076,377444076,227565,0.986375345985753,0.922611863717211,0.34,-1654.35866696502,-2980.79082449195+3365.63189497756i,0.845356013333792-0.0256072287240821i,0.865625051131707-0.0463367833394398i,14.1978588912755,0,1,
999,1,377822547,377822547,227565,0.987090924647696,0.959737657023306,-0.22,-1661.67789560272,2246.52692035677-3850.16608075195i,0.853756370149141-0.0133651456252173i,0.876882192994968-0.0168293743531678i,14.471866410284,0,1,
1000,1,378201017,378201017,227565,0.986715667563136,0.945658400437939,0.27,-1658.97386354499,-1412.97734534362+4248.58793909312i,0.850845691305487-0.0203202967946186i,0.865411099006461-0.0571053544283774i,14.3553327215121,0,1,
1001,1,378579488,378579488,227565,0.98681743644253,0.981365340447125,0,-1651.19341186393,-182.732667930671-4393.7754177939i,0.85549026494953-0.0200284088668464i,0.87185220787636-0.0340962832499828i,14.52468066986,0,1,
1002,1,378957958,378957958,227565,0.987221252424361,0.972269932981726,-0.14,-1663.91590117169,-215.513413963503+4422.69149631694i,0.857042221934473-0.0129585724725647i,0.876751006533406-0.0433681824403765i,14.7166672670291,0,1,
1003,1,379336429,379336429,227565,0.985887162263423,0.911583848167383,-0.37,-1694.10875020443,-1245.78647133137-4336.06306450306i,0.850284071537075-0.0339843485671248i,0.865366862429024-0.0564788219137117i,14.1780152014535,0,1,
1004,1,379714899,379714899,227565,0.987428621586153,0.954006029630488,0.24,-1667.09730638523,2419.06895765473+3752.55760955077i,0.850423384001126+0.0182884889242428i,0.8750474069427+0.022808415606696i,14.4102095740723,0,1,
1005,1,380093370,380093370,227565,0.986974872176214,0.929424678706338,-0.32,-1659.29517448584,-3168.54949288423-3190.16880101367i,0.850610872465122-0.0560122544972219i,0.874177718109948-0.0507117420296182i,14.4056411294799,0,1,
1006,1,380471840,380471840,227565,0.987070192390816,0.97077013366866,0.16,-1691.71203976071,3583.32787209473+2611.79414021824i,0.853549895823866-0.0295241444454806i,0.870604267679762-0.0407385094376751i,14.5585057399972,0,1,
1007,1,380850311,380850311,227565,0.986941102532751,0.977064979051683,-0.0899999999999999,-1671.24085163651,-4308.0556794073-948.456732476861i,0.856278317654826-0.00673287155359713i,0.871416010281523-0.0231121124987602i,14.6509897580462,0,1,
1008,1,381228782,381228782,227565,0.986142933578991,0.852078528940918,-0.5,-1639.27137941191,4512.68681477984-365.330837549757i,0.847683081247797-0.0262185300748023i,0.868989099075025-0.0355072556416824i,14.1277375060742,0,1,
1009,1,381607252,381607252,227565,0.987396978712506,0.981332391065728,-0.0399999999999999,-1673.30531373214,-4259.88717368479+1115.30536384169i,0.856188815680636-0.0291702126568397i,0.879663966576355-0.0325432322602276i,14.7828332612034,0,1,
1010,1,381985722,381985722,227565,0.986157299072442,0.885408781833707,0.43,-1647.99499691813,4000.95508326712-2109.69040623819i,0.846652299346901-0.0317454103226645i,0.865365363597007-0.0384440727163366i,14.1802102332101,0,1,
1011,1,382364193,382364193,227565,0.985808917068759,0.887732272354426,-0.42,-1675.82221004515,-3902.36531600842+2282.98367367198i,0.850242158308044-0.0365208149390953i,0.871940658808243-0.023193779165501i,14.2173276530475,0,1,
1012,1,382742663,382742663,227565,0.987170153396998,0.982306868679949,0.0399999999999999,-1686.42422325633,3256.82389932779-2963.98649547728i,0.85662273068486+0.00440310671397016i,0.872089184410656-0.0102162186563178i,14.6583649008093,0,1,
1013,1,383121134,383121134,227565,0.985994290665068,0.851952553501966,-0.5,-1654.44011273415,-2448.53484313837+3807.69977361812i,0.84713021602773-0.0361803864957334i,0.864011283864772-0.0550791271470827i,14.1292743458787,0,1,
1014,1,383499604,383499604,227565,0.987889335918708,0.981717172780831,-0.0399999999999999,-1654.15766203213,1525.39071339352-4129.78458854058i,0.858202820289061-0.00871364617037047i,0.879063130861335-0.0525818175483514i,14.7892845335587,0,1,
1015,1,383878075,383878075,227565,0.986877616300334,0.969903478690419,-0.15,-1661.17051389914,205.644047790832+4426.50541679104i,0.856279716418837-0.0351276995755237i,0.869901782223371-0.051567347038231i,14.6167820255907,0,1,
1016,1,384256545,384256545,227565,0.987033723737048,0.961243176237905,0.21,-1672.8483695034,-718.109040608419-4395.27220388325i,0.852496306031158-0.0139346761861505i,0.875624800244634-0.0262008645094803i,14.4574964532501,0,1,
1017,1,384635016,384635016,227565,0.987046649995413,0.955302590772938,-0.23,-1671.13921671602,1939.80911263791+4016.57260326662i,0.855780232691542-0.0172477681067196i,0.874709183136566-0.0428846676197978i,14.5523220440094,0,1,
1018,1,385013486,385013486,227565,0.98771132697109,0.9810147390827,-0.0699999999999999,-1678.37991023776,-2163.25406093925-3839.72217561896i,0.858298665019331-0.0049481774431653i,0.872211817615495-0.0134198847086865i,14.5949552022634,0,1,
1019,1,385391956,385391956,227565,0.985947201838275,0.898512243478415,0.4,-1676.56848897281,3072.61743950277+3308.5451755844i,0.847722370126019-0.0114971741535835i,0.872078782029455-0.0288374859298322i,14.2063542827423,0,1,
1020,1,385770427,385770427,227565,0.986937841258155,0.967212957295756,0.17,-1671.97498911652,-3911.33919854896-2093.44981215285i,0.853089131236063+0.00852824057635187i,0.869717196812741-0.0165313394622345i,14.5458304242525,0,1,
1021,1,386148898,386148898,227565,0.986711129957549,0.948198998107399,-0.26,-1685.47574843011,4372.77461088218+938.904433294069i,0.854420091781433-0.0312866802782293i,0.868617334160705-0.000516849492733902i,14.4300548666235,0,1,
1022,1,386527368,386527368,227565,0.987478063517642,0.958977224075337,0.22,-1648.32096175123,-4457.06954636939+35.3181114552292i,0.850551976184224-0.016924613213594i,0.874687492035397-0.040105947576492i,14.4155716910895,0,1,
1023,1,386905839,386905839,227565,0.986224392784075,0.922732518109052,-0.34,-1636.82116751701,4429.04953639116-793.58930241256i,0.850640683005182-0.0319457707768344i,0.871115708264716-0.0556839038197044i,14.2239734497578,0,1,
1024,1,387284309,387284309,227565,0.98589395883707,0.877878552255281,0.44,-1649.52806798156,-3888.24717994946+2312.87939953702i,0.846465251999263-0.0374940134291337i,0.861924889565562-0.0620113839165797i,14.1019336374335,0,1,
1025,1,387662780,387662780,227565,0.986277687001245,0.895726048046464,-0.41,-1651.97080979885,3729.09900347252-2551.59227893712i,0.850355780369402-0.0229666300715453i,0.862355603714966-0.0691046145949891i,14.1257981168236,0,1,
1026,1,388041251,388041250,227565,0.986432849879482,0.857564129826515,0.49,-1684.49415789814,-2431.05029561972+3822.63412681239i,0.848446855348-0.00679546191877871i,0.871032298246672-0.0305481226230808i,14.175446446972,0,1,
1027,1,388419721,388419721,227565,0.987362766401336,0.979754878189025,-0.0599999999999999,-1668.16595396549,1337.38239267851-4196.15661356944i,0.856199496463819-0.002746516841814i,0.870755145885664-0.0429493179514539i,14.648707694175,0,1,
1028,1,388798191,388798191,227565,0.987254714574981,0.976075097192238,0.11,-1694.58050459931,-1239.39039870275+4239.20642466166i,0.855053500941259+0.00916629993741416i,0.878428597516801-0.015238529215883i,14.642759092049,0,1,
1029,1,389176662,389176662,227565,0.985980541391565,0.88067043699341,-0.44,-1680.4673484032,348.299462930705-4497.99315628099i,0.84694259212721-0.0116094531435962i,0.871545521492402-0.0288049249141665i,14.0523916550171,0,1,
1030,1,389555132,389555132,227565,0.986511471487863,0.921796670616666,0.34,-1649.80160307918,1325.3364054898+4277.65659767814i,0.848146330561995-0.0189732580804668i,0.867582598444864-0.0525499560076286i,14.2323525257493,0,1,
1031,1,389933602,389933602,227565,0.986438483229672,0.909210189982647,0.37,-1692.86744623459,-1270.32831586028-4306.46883031782i,0.847209673650915+0.000777386445886432i,0.870998673827876-0.013596468261948i,14.1713403134074,0,1,
1032,1,390312073,390312073,227565,0.986244843873951,0.904469587359527,0.39,-1677.49047943674,3092.9187698277+3261.93175648648i,0.848134923087761+0.0220120718192198i,0.867200598942024+0.00853593929692053i,14.1515332584104,0,1,
1033,1,390690544,390690544,227565,0.987910910879674,0.968599343792529,-0.17,-1665.44541334079,-3639.17933660908-2504.52526448541i,0.854818965923217-0.0394253233971138i,0.869355060271242-0.0703392626919591i,14.5226688647887,0,1,
1034,1,391069015,391069015,227565,0.981687996501831,0.924341522514282,-0.33,-1644.21377449642,4298.07457285746+1097.61072350343i,0.838358041745017-0.0321748573708706i,0.864815159791783-0.0495240006245314i,13.2347319605333,0,1,
1035,1,391447484,391447484,227565,0.985859886242533,0.870695510017275,0.46,-1638.24690626361,-4258.92563206994-1473.56774330414i,0.8477363851106-0.0311296900087525i,0.863178660709378-0.0555462786239582i,14.1092153842644,0,1,
1036,1,391825955,391825955,227565,0.987284359751537,0.977070233500444,-0.0899999999999999,-1641.04481434092,4361.65687076201+521.520972511889i,0.856951973961412-0.0214785703175995i,0.878469115275043-0.0389220227884i,14.7076687729617,0,1,
1037,1,392204426,392204426,227565,0.986510541579195,0.928879199600999,-0.32,-1657.78134394364,-4391.67301260032+959.631226158277i,0.85001372836256-0.0286450269340882i,0.874521340819069-0.0171382674713071i,14.3585511684897,0,1,
1038,1,392582896,392582896,227565,0.986978307895605,0.942669226123942,0.28,-1672.32494602104,4004.7771221528-2008.31737065579i,0.849112946458346-0.00906351020831216i,0.867814854871195-0.0285118105859896i,14.3039162447848,0,1,
1039,1,392961367,392961367,227565,0.986093314210505,0.900404988940131,-0.4,-1687.72938680403,-3660.55081442179+2650.09235236674i,0.848228816780376-0.0196840007294429i,0.863663235619055-0.0502085630422469i,14.1049823333143,0,1,
1040,1,393339837,393339837,227565,0.986871350222057,0.959597428678118,0.21,-1673.05155115265,2667.15016205519-3565.03424670335i,0.851337969731093-0.00271020667827311i,0.874844231125589-0.00714601235588464i,14.4168722316012,0,1,
1041,1,393718308,393718308,227565,0.988223403495122,0.983415128821819,-0.0399999999999999,-1708.87532514767,-1358.86293431331+4188.88171543338i,0.857600807389352-0.00575651963183006i,0.879724997147593-0.00227676822753711i,14.7382849276595,0,1,
1042,1,394096778,394096778,227565,0.986988357010699,0.961490973707424,-0.2,-1691.32775103467,1525.42717331224-4181.38579075166i,0.855764229025861+0.017703400626143i,0.870292712865256-0.0255461518169486i,14.5343264541336,0,1,
1043,1,394475249,394475249,227565,0.987706903850772,0.975424846884787,-0.12,-1657.82440134226,710.6342696393+4365.20753752173i,0.856214750130281-0.00864395234205982i,0.878892928119309-0.0292037341051235i,14.6956690741038,0,1,
1044,1,394853720,394853719,227565,0.985665072950199,0.855316528477135,0.49,-1671.71256963231,-1815.64201811947-4145.48595549524i,0.846239762459781-2.97351704435623e-06i,0.863335604948756-0.00843593283118318i,14.047373991467,0,1,
1045,1,395232190,395232190,227565,0.986114384348116,0.906189797497721,-0.38,-1666.37166280213,2007.24915851559+4042.31008964787i,0.850797080808269-0.00485357215250035i,0.867698057906437-0.0263164489942955i,14.2153745755396,0,1,
1046,1,395610660,395610660,227565,0.987245656062594,0.977544466233543,0.0999999999999999,-1629.25863960168,-2828.74563171763-3391.26532398592i,0.855645741075313-0.0317229896174793i,0.879252768065025-0.0491292637566316i,14.7209127467509,0,1,
1047,1,395989131,395989131,227565,0.987880758693032,0.973102402231916,-0.15,-1690.53226948937,3593.54325541273+2596.53854823894i,0.856380139621627-0.00975921485354391i,0.878755526520637-0.0236003779106893i,14.6730655917473,0,1,
1048,1,396367601,396367601,227565,0.986751980342579,0.974856177306268,-0.12,-1649.48411960053,-3828.30641561242-2212.03952791084i,0.855457002605606-0.0519215151261881i,0.871689707782637-0.0258592231662464i,14.5995389532933,0,1,
1049,1,396746072,396746072,227565,0.98724472943597,0.977864982090055,-0.0999999999999999,-1656.60129740778,4394.49335347948+436.725840657314i,0.857908175785454-0.0142896622068098i,0.870706788416583-0.0612325647263099i,14.6765151806376,0,1,
1050,1,397124542,397124542,227565,0.986510264988751,0.910238461411296,0.37,-1650.04117361509,-4488.54315252909+451.766348351435i,0.848475572172035-0.0333956089919437i,0.873679384085716-0.0216821335529722i,14.2201268301424,0,1,
1051,1,397503013,397503013,227565,0.986539648487319,0.976769661413407,0.0899999999999999,-1632.20301235077,4370.38763463712-576.51298229602i,0.847377136991345-0.0399430550992128i,0.865044672384735-0.0547076763412368i,14.3218776737918,0,1,
1052,1,397881483,397881483,227565,0.986375318639708,0.917699512119655,0.36,-1632.75056554684,-3887.64811828307+2285.77194830526i,0.848382711544542-0.0396867440071283i,0.869663886611328-0.0505303269908242i,14.2067491452698,0,1,
1053,1,398259953,398259953,227565,0.985698429371412,0.878046101187564,0.44,-1673.17548354661,3865.7595813045-2350.34834479027i,0.846645663472561-0.0152726993729655i,0.871436442690086-0.0225580056148771i,14.0478322845419,0,1,
1054,1,398638424,398638424,227565,0.987307073980608,0.977290235770356,-0.0999999999999999,-1673.43935212225,-3167.38964405185+3078.50533356229i,0.857791231634925-0.0300151342397623i,0.870295565970444-0.042175257468874i,14.7031464064192,0,1,
1055,1,399016895,399016895,227565,0.987810194357328,0.979092373550594,-0.0899999999999999,-1671.33877197186,1429.55679077566-4175.1426481582i,0.857400137934639-0.013950546032719i,0.871155456682451-0.0384560889818249i,14.6909774555728,0,1,
1056,1,399395365,399395365,227565,0.987395815545028,0.94677341627037,0.27,-1659.58650443283,-749.07203636411+4414.75237061943i,0.848503032279661-0.0267736564659787i,0.873212236886952-0.0124303937507849i,14.3443191587889,0,1,
1057,1,399773836,399773836,227565,0.986083624226134,0.938559167213493,-0.29,-1662.98811037741,-198.085847130873-4481.67797097777i,0.853568783281253-0.0445895733087889i,0.874865462445757-0.0399937724451233i,14.4193997440794,0,1,
1058,1,400152306,400152306,227565,0.987107597241443,0.964356511181055,0.19,-1639.0000647983,1146.99274945141+4293.16067722577i,0.852094870272818-0.00443440859918029i,0.869882228037123-0.0365322210134856i,14.5145169797341,0,1,
1059,1,400530776,400530776,227565,0.986046067898014,0.921269257091364,0.34,-1641.37307505494,-1352.91216813783-4284.37462865584i,0.849709558191949-0.0273041517460982i,0.87337538271755-0.05062372012178i,14.2128270592323,0,1,
1060,1,400909247,400909247,227565,0.986320126042992,0.958482639013429,-0.22,-1647.61384707819,2208.28766242304+3870.90751793162i,0.856521971603022+0.00478771564575512i,0.870212061620174-0.0381751517515803i,14.4418818437746,0,1,
1061,1,401287718,401287718,227565,0.982750925977896,0.956850923604143,0.22,-1685.90683613324,-3012.58931770248-3239.48571872899i,0.83744133785407-0.0353211826441216i,0.860270645837872-0.0286490577268506i,13.3330117145563,0,1,
1062,1,401666188,401666188,227565,0.987614730885438,0.970190786548813,0.16,-1683.33181873699,3919.18388554628+2074.55985099177i,0.854318996478972-0.00637110333700133i,0.87715193302752-0.0101841704032958i,14.5751281689691,0,1,
1063,1,402044659,402044659,227565,0.986252617506488,0.900957456348951,-0.39,-1672.55539265477,-4333.3239202163-1275.78078175186i,0.850541609468152-0.0339927239089489i,0.862852887805714-0.0465478499697482i,14.2517021360434,0,1,
1064,1,402423129,402423129,227565,0.986850471501317,0.975833953210154,-0.12,-1692.11838013907,4342.57101570889+803.560940433912i,0.858254609508245+0.0257108609240232i,0.879128327190242-0.00543850038052851i,14.6670603224394,0,1,
1065,1,402801600,402801599,227565,0.985640352110248,0.862762024988433,0.47,-1682.97609173166,-4506.43010839135+383.601307436056i,0.848802446038763-0.00597594816693309i,0.873008200248598+0.00928297593108103i,14.0778848002901,0,1,
1066,1,403180070,403180070,227565,0.986684227624037,0.931549961921062,0.31,-1661.9069197837,3986.89632358263-2060.47529951019i,0.849222443427394-0.00256139567493729i,0.865551522348368-0.056073785516815i,14.2313237926372,0,1,
1067,1,403558541,403558541,227565,0.987447491176589,0.975323028767659,-0.12,-1676.30208259515,-3286.48503240713+2953.24224604194i,0.857540971141347-0.0298964899182244i,0.877616863824429-0.0172574342893375i,14.7517374723432,0,1,
1068,1,403937011,403937011,227565,0.986504950734238,0.918511532642915,0.36,-1673.2736931081,2614.53763545881-3666.9870995924i,0.847221391942702-0.0376344738992234i,0.865489656914097-0.0327188141023572i,14.1053929763973,0,1,
1069,1,404315482,404315482,227565,0.985734706681904,0.85206731481419,-0.5,-1641.94056921254,-2246.48471185458+3926.7176858386i,0.847956017955618-0.0310391262188704i,0.86217517678908-0.049062620255265i,14.0293680501636,0,1,
1070,1,404693952,404693952,227565,0.987434399066503,0.981416799718723,-0.0399999999999999,-1662.78457551833,1384.18640186688-4176.84214621734i,0.857594397304662-0.00892493519364244i,0.881160870460885-0.0226340407412193i,14.710179828676,0,1,
1071,1,405072422,405072422,227565,0.985858876476488,0.883497863734955,0.43,-1671.53131285397,-382.731962428842+4507.82115472843i,0.84706236275986-0.0281237892588589i,0.871398958633687-0.0508056979529606i,14.1468002561914,0,1,
1072,1,405450893,405450893,227565,0.986038513292773,0.925923683272112,0.33,-1658.83887983235,-1691.17804653539-4167.70360240357i,0.850546697401798-0.0190805926094625i,0.864798430326811-0.0347694273570063i,14.2944513419877,0,1,
1073,1,405829364,405829364,227565,0.98770135604664,0.95686873817555,-0.23,-1676.91707305489,2386.21112631052+3769.73062583753i,0.853955587620943-0.0105701586343229i,0.867384698190528-0.0192078093052923i,14.4322141289478,0,1,
1074,1,406207834,406207834,227565,0.986577775672568,0.94977105281491,0.25,-1669.20800712154,-3087.23395129374-3229.17914545238i,0.850016562420789-0.0439121476874945i,0.872370968871972-0.0475691983649142i,14.3732096324701,0,1,
1075,1,406586305,406586305,227565,0.985903146338509,0.933901683811246,-0.31,-1655.44523555526,3789.95012114745+2411.57533955849i,0.854142045237189-0.00846558794415619i,0.867790393695776-0.040658161056497i,14.3931687801674,0,1,
1076,1,406964775,406964775,227565,0.986651040213352,0.972389338549879,-0.15,-1664.48125821879,-3852.75240879209-2185.7230632265i,0.85579824114313+0.0133675890265238i,0.879243358756917-0.0286984570782426i,14.6091738002166,0,1,
1077,1,407343245,407343245,227565,0.986166734456542,0.928400305344277,0.33,-1683.64370659942,4261.62495300395+1437.57379442152i,0.850589909398442-0.00243671703706111i,0.875127936712433-0.0193963157507371i,14.2543202078498,0,1,
1078,1,407721716,407721716,227565,0.987024880869497,0.956174393531346,-0.23,-1676.80821057966,-4448.1315682763-328.530170688223i,0.854370133475276-0.0431037955106822i,0.868837441543981-0.0463898797025584i,14.51972923721,0,1,
1079,1,408100187,408100187,227565,0.98637357513227,0.922981316865671,-0.34,-1686.81463924694,4282.23259013165-1390.52214082978i,0.851237839964594+0.00080127277355921i,0.865875336605086-0.00703358311506064i,14.2485145531629,0,1,
1080,1,408478657,408478657,227565,0.987820718570068,0.97386666809025,0.14,-1668.92140782378,-3815.70713484755+2241.35359702336i,0.853550507050452-0.00250710624503298i,0.877078473893119-0.0297036818146054i,14.5469236890937,0,1,
1081,1,408857128,408857128,227565,0.987553696146263,0.977760290880156,-0.0999999999999999,-1660.76742300835,2894.23555573133-3334.0293106337i,0.857984282000809-0.00634344716798727i,0.878896343550891-0.0410869641048552i,14.8110036165353,0,1,
1082,1,409235598,409235598,227565,0.987249122812894,0.947754533389999,-0.26,-1660.82048573236,-3130.81339617238+3196.16987674509i,0.852240590599632-0.0116847355934087i,0.86882479298983-0.0253880212816928i,14.4760432072312,0,1,
1083,1,409614068,409614069,227565,0.985555112775959,0.976828975654631,0.0799999999999999,-1660.82795280178,1041.28636077065-4273.90686961363i,0.845412854107066-0.0245801465412411i,0.872107108341683-0.0464490855953024i,14.1508088079284,0,1,
1084,1,409992539,409992539,227565,0.986157912902973,0.890174645547446,0.42,-1682.69387144153,-176.543741380902+4515.62384124528i,0.848582178921543-0.0180392535309714i,0.866711242419608-0.0400167150812897i,14.1504625423347,0,1,
1085,1,410371009,410371009,227565,0.986037048199198,0.87951254271531,0.44,-1653.21914766605,38.183412826234-4518.77393946812i,0.849202104621362-0.0125691483565574i,0.864580101538542-0.0348790266655447i,14.0477639687862,0,1,
1086,1,410749480,410749480,227565,0.986575157410703,0.922135264346146,0.34,-1674.56996691971,1577.60570746359+4213.12497852959i,0.849114421468168-0.0104276340646859i,0.872338462849655-0.023136648480029i,14.2247995922397,0,1,
1087,1,411127951,411127950,227565,0.986255733068264,0.85597212610832,0.49,-1654.2275313448,-2008.55158212924-4055.6917414373i,0.847625549207231-0.0328078751167546i,0.8705608482434-0.0422132200661248i,14.1454720085553,0,1,
1088,1,411506421,411506421,227565,0.98730999857693,0.980808969920785,-0.0499999999999999,-1670.40735907399,2607.65784105008+3547.09537646447i,0.856418011661493+0.00259502640719323i,0.872286070849882-0.0190319951281046i,14.725631565962,0,1,
1089,1,411884892,411884892,227565,0.987267154828941,0.969682350650419,-0.17,-1683.98214837242,-3788.63565090866-2308.85573283133i,0.855509289249864-0.0251893112684049i,0.868303360079427-0.0684422398952126i,14.5564022314104,0,1,
1090,1,412263362,412263362,227565,0.98695464630845,0.932109825565834,0.31,-1682.88570407412,4236.15990411078+1492.71432284796i,0.847665659987983-0.00174179060167355i,0.874041978678664-0.018799794992195i,14.3173011415351,0,1,
1091,1,412641833,412641833,227565,0.986830478117382,0.953630620243564,-0.24,-1682.54896463041,-4431.71841094393-542.953378947676i,0.854615726526306+0.00103292531183706i,0.866730801982034+0.0135208247745988i,14.5960987879521,0,1,
1092,1,413020303,413020303,227565,0.987048072676164,0.958955817390144,-0.21,-1677.45711507476,4438.1296054265+373.691384865212i,0.855272466467795-0.0307820418695077i,0.876370170188197-0.0346019329118514i,14.5869726296269,0,1,
1093,1,413398773,413398773,227565,0.985417718251865,0.904364187884706,0.38,-1663.48515969873,-4430.76708996542+853.028881311425i,0.847848338866851-0.0121955656210721i,0.870511199398599-0.0480605467981054i,14.1240831182669,0,1,
1094,1,413777244,413777244,227565,0.987485707662655,0.968055847113786,-0.17,-1679.57950905939,4140.22728274401-1602.35299992561i,0.8562779584292+0.0212428447328218i,0.871228754941548+0.00191575027639653i,14.6281925983813,0,1,
1095,1,414155714,414155715,227565,0.986225743576882,0.979395792839832,0.0399999999999999,-1653.51731395001,192.980192419338+4393.21316530015i,0.847565076123514-0.0199544397924199i,0.872252142213075-0.0188101337680206i,14.2803631230016,0,1,
1096,1,414534185,414534185,227565,0.988261283551561,0.97964107487015,0.0799999999999999,-1663.58382601663,2631.37258324567-3540.40294052171i,0.855532891813961+0.00112428643553475i,0.87166701479138-0.0227783950477087i,14.733404311698,0,1,
1097,1,414912655,414912655,227565,0.986956193877724,0.937145335597352,0.3,-1660.7119984361,-2302.96571407971+3852.7794723377i,0.850977193155986-0.023251714972429i,0.865925022969339-0.0403834357094418i,14.3306096736741,0,1,
1098,1,415291126,415291127,227565,0.981948677998399,0.888663096203489,-0.42,-1658.85964616934,-24.8352706036001-4479.5128251024i,0.838717740495514-0.0381271466713969i,0.862988382552789-0.0701001704683145i,13.2542954022095,0,1,
1099,1,415669596,415669596,227565,0.986457126737798,0.942162023299248,0.28,-1661.21461396355,-245.250472192931+4472.03648591776i,0.851379183377035-0.0378644274863824i,0.864504187640318-0.0506556015813081i,14.2575582154556,0,1,
1100,1,416048067,416048067,227565,0.987270092109316,0.978966014673035,-0.0899999999999999,-1646.62664494615,-975.979282379069-4302.55761735266i,0.856127409964798-0.0233735313452596i,0.878287335417407-0.0463387716962121i,14.7118532686194,0,1,
1101,1,416426537,416426538,227565,0.985861200879351,0.965966144638491,-0.18,-1690.76611942077,2709.1273376525+3503.30855870986i,0.846696067135992+0.00533076566522139i,0.871478608010511-0.0153276793257866i,14.0880706695724,0,1,
1102,1,416805008,416805008,227565,0.987545618999444,0.981722552830995,-0.0399999999999999,-1664.50369265271,-2890.86286399421-3321.86740175582i,0.85706378515232-0.00833155436738415i,0.873782395728704-0.0263556352675059i,14.7390023859402,0,1,
1103,1,417183479,417183479,227565,0.986159601550439,0.876027211845404,-0.45,-1670.67275416017,3639.1390455798+2694.10529175077i,0.849824059211135-0.0257479727778173i,0.86536460851811-0.0341192251640112i,14.1305158539169,0,1,
1104,1,417561949,417561949,227565,0.986957697164362,0.975832143240432,-0.12,-1651.41479429154,-3979.45776394148-1924.43581525384i,0.85797911855466-0.0322529921372997i,0.877348680267466-0.0528402279020957i,14.7088719473955,0,1,
1105,1,417940420,417940419,227565,0.98632013966523,0.863784652841212,0.48,-1650.27432656421,4426.57909177644+967.660600270337i,0.848587576334969-0.0245546502201816i,0.871149528532569-0.0331358731847185i,14.188052924369,0,1,
1106,1,418318890,418318890,227565,0.986456563718539,0.91073954745939,0.37,-1665.41943361517,-4418.46854666645+905.285480587484i,0.848748816839998-0.00258258095992884i,0.86503589125404-0.0571936868000807i,14.2466461239287,0,1,
1107,1,418697361,418697361,227565,0.987105198443333,0.966717229515566,-0.18,-1663.69655214351,4066.7105779103-1788.43358027443i,0.856139842754792-0.0147459278458101i,0.877645504431194-0.0236031352245203i,14.6611842855036,0,1,
1108,1,419075831,419075831,227565,0.987039273253258,0.970944191128332,-0.15,-1670.77716585215,-4063.82097158302+1765.48721809267i,0.857825769207533-0.00874399750665719i,0.871406932946223-0.018207773558153i,14.6045376700772,0,1,
1109,1,419454302,419454302,227565,0.985770517446553,0.906667833949006,-0.38,-1652.81921835756,3287.64856205749-3092.52130267627i,0.850201162964679-0.0251388290254806i,0.865995484211848-0.0422120951066588i,14.225389436648,0,1,
1110,1,419832772,419832772,227565,0.987525241856829,0.977891862431546,-0.0999999999999999,-1670.18623949343,-2772.28654121804+3435.75616576594i,0.858405571243011-0.0107961066577092i,0.87894212625652-0.000907978631519093i,14.7235335529753,0,1,
1111,1,420211242,420211242,227565,0.986240298749102,0.94989200605409,0.25,-1653.03067705208,2223.44384049422-3875.93888122708i,0.849354415433823-0.0243353299636532i,0.874551498919884-0.0557672665167577i,14.3552178390736,0,1,
1112,1,420589713,420589713,227565,0.987074761380015,0.981941307287354,0,-1675.55774710563,-858.513056877417+4315.20035080377i,0.856070769101569+0.00327930812747304i,0.871325831434944-0.0244084885687901i,14.5858589065987,0,1,
1113,1,420968183,420968183,227565,0.986249362717203,0.891390291806212,0.42,-1673.80764373867,145.394136541945-4518.26811302917i,0.848259331801847-0.0355085355401302i,0.862987499429142-0.0588854420782765i,14.0735179479783,0,1,
1114,1,421346654,421346654,227565,0.987316202567203,0.964674240112831,0.19,-1648.98310622158,1640.6225768727+4131.71810258494i,0.853173773206734-0.0176593697393827i,0.876423835986814-0.0153471104865466i,14.4795633447856,0,1,
1115,1,421725125,421725125,227565,0.98597157872877,0.912879054730912,-0.37,-1673.28399778111,-2227.33257627037-3921.76907962715i,0.85149230989893+0.00660657375370797i,0.865945789459819-0.0178674427433482i,14.1839502502401,0,1,
1116,1,422103595,422103595,227565,0.986948118453984,0.958667865771279,-0.21,-1647.12963694975,2650.452673723+3577.76897546337i,0.854904511713729-0.0331812534312214i,0.876610244381643-0.0612716280918559i,14.6133629415516,0,1,
1117,1,422482066,422482066,227565,0.986608759047445,0.881713582293865,-0.44,-1645.47829889761,-3773.12483453355-2498.40921093028i,0.847045203596995-0.0232238438292977i,0.871965750948779-0.0254771718673275i,14.1789793461054,0,1,
1118,1,422860536,422860536,227565,0.986774001473317,0.937971296459226,-0.29,-1644.48764039354,3905.53777432375+2203.62743129233i,0.851427332735049+0.0191195342656583i,0.869305028683066-0.0308588918913824i,14.3253694226617,0,1,
1119,1,423239006,423239006,227565,0.98702275612097,0.964972836766646,0.19,-1663.971844992,-4184.21866190583-1496.30908585683i,0.852981036476401-0.0191315912309297i,0.870102991667679-0.0221287740577634i,14.4359388544873,0,1,
1120,1,423617477,423617477,227565,0.987400995024751,0.979802371767904,0.0799999999999999,-1685.54231703278,4402.68228798424-257.662350105529i,0.854830321330056+0.00391365116992374i,0.879857703826109-0.0258180480101813i,14.6994962305578,0,1,
1121,1,423995948,423995948,227565,0.985827243061605,0.867433058432685,-0.47,-1662.59399512519,-4367.13816773951+1195.00764115238i,0.847208983701384-0.0314792945926739i,0.870689539948816-0.0615369093584507i,14.1369597254765,0,1,
1122,1,424374418,424374418,227565,0.987641833086277,0.980872288958537,0,-1688.35808518547,3909.3139781701-2021.12656894794i,0.857859186275163-0.0119515582047763i,0.874145651326959-0.0272352175180305i,14.6730712241061,0,1,
1123,1,424752888,424752889,227565,0.985133746950018,0.979582712773892,0.0499999999999999,-1630.11825492893,-2580.57581106777+3558.90790003325i,0.843938383895954-0.0302793435041894i,0.871182807305745-0.0548893697574178i,14.0897367829649,0,1,
1124,1,425131359,425131359,227565,0.986061867961815,0.914978358173747,0.36,-1668.88953395573,1948.01199482158-4065.55926700963i,0.850164586154654-0.00712500224813496i,0.865171049774742-0.0307047818771284i,14.1838535430006,0,1,
1125,1,425509829,425509829,227565,0.985620004058106,0.904130689199328,0.39,-1680.69210888749,-2001.29770205708+4046.36137242109i,0.848341268226604-0.0118181719036239i,0.863557116135544-0.0521491385140686i,14.0830327805544,0,1,
1126,1,425888300,425888300,227565,0.987746470828202,0.981892366658895,-0.0399999999999999,-1671.35859669769,820.962930044982-4327.71491532014i,0.85623071696197-0.0104882323811584i,0.880337036041088-0.019980184556469i,14.760860335685,0,1,
1127,1,426266770,426266770,227565,0.986083189584374,0.885422886973766,0.43,-1670.32020623854,106.515323775556+4522.59941268739i,0.848961055252545-0.00652773249390155i,0.862380062609697-0.0194410146774631i,14.0638511808807,0,1,
1128,1,426645241,426645241,227565,0.987310951064603,0.976024337481687,-0.12,-1663.01667388481,-1067.58681187551-4288.57623714621i,0.856722723790336-0.00674223994472808i,0.877113859783433-0.0326859084506913i,14.6866056746682,0,1,
1129,1,427023712,427023712,227565,0.986405505875679,0.919611506043787,-0.35,-1656.58665952389,2437.86159997364+3783.07825895478i,0.851844997420632-0.0236723812328542i,0.873696621282214-0.0344433440952038i,14.3283170425044,0,1,
1130,1,427402182,427402182,227565,0.98700251562367,0.950674262733719,0.25,-1684.91378693712,-3220.46192789612-3090.72590087238i,0.851000732224964+0.0138435493027919i,0.867763823352068-0.0257463676848531i,14.3600543639951,0,1,
1131,1,427780652,427780652,227565,0.986657493181569,0.941028148609487,0.28,-1686.54796693399,3324.27884103449+2994.96145167169i,0.85064902950582-0.0100100269750121i,0.87551771892916-0.0149818281362124i,14.3467133057421,0,1,
1132,1,428159123,428159123,227565,0.98731957616824,0.966246564091102,0.18,-1637.63913048032,-4269.45462771889-1207.69292223867i,0.854443510189973-0.0212239017643051i,0.870358926998141-0.0164459934588174i,14.6205773185107,0,1,
1133,1,428537593,428537593,227565,0.986429811234295,0.927245477930094,0.33,-1665.98931888404,4381.3394520377+994.199576783109i,0.849987209575224-0.0130772539102157i,0.864690892189825-0.0259210807097342i,14.2560682782311,0,1,
1134,1,428916064,428916064,227565,0.987557404076598,0.955848230575242,-0.23,-1658.07354818296,-4455.66361124193-88.2929672080609i,0.853236039547006-0.00529593210876494i,0.877512273695465-0.0422273321665974i,14.5477400300234,0,1,
1135,1,429294534,429294534,227565,0.987023149076793,0.950561124908463,0.25,-1672.03773750807,4388.83907715912-839.419791437909i,0.851207533414463+0.00289138545184162i,0.875085929517916-0.0251710973216919i,14.3775365278119,0,1,
1136,1,429673005,429673005,227565,0.986281126292768,0.933708923500613,-0.31,-1669.06941569364,-4160.83443342549+1688.26333193456i,0.851792847756262-0.009697384065351i,0.865752018940096-0.043397116952881i,14.2683104567149,0,1,
1137,1,430051476,430051476,227565,0.986500677366296,0.895702097187536,-0.41,-1653.97918065861,3111.97299658415-3277.19579943729i,0.850183554147356-0.0203916564339724i,0.864557326484152-0.0168215383214362i,14.1814269603591,0,1,
1138,1,430429946,430429946,227565,0.987381706499846,0.98097578470549,0.0599999999999999,-1673.4062983931,-2536.81431104652+3602.73145111908i,0.855016051069489-0.0418702527420439i,0.877086652342229-0.0668327650280276i,14.7614052770427,0,1,
1139,1,430808417,430808417,227565,0.985647746073848,0.860363375582393,-0.48,-1660.30137542744,1727.92196773366-4186.27502994645i,0.848355033561134-0.0295362713326492i,0.863163272196942-0.0395969045092578i,14.0449295032796,0,1,
1140,1,431186887,431186887,227565,0.986304943751889,0.923501669642913,-0.34,-1668.03234405254,-1264.0399130994+4319.49136103195i,0.851207323183652-0.01057088426979i,0.874445671278039-0.0381413687435372i,14.2807641295504,0,1,
1141,1,431565357,431565358,227565,0.987462113578525,0.971749211572135,-0.16,-1651.70354507034,-1036.17915798081-4307.42499049161i,0.85273517563118-0.00204802229608185i,0.875516360430648-0.0367206302365662i,14.5099832453878,0,1,
1142,1,431943828,431943828,227565,0.987078348975372,0.958042603920589,0.22,-1683.69216190633,1615.5038271346+4152.98192662134i,0.851410627037073-0.0112869523731514i,0.86718223958737-0.0371972689636733i,14.4536697099208,0,1,
1143,1,432322299,432322298,227565,0.986126374563512,0.856022514676614,0.49,-1683.06034341991,-2132.82186247003-3993.9809328858i,0.848600441993813-0.0221993093855723i,0.870194256255179-0.0180096497082398i,14.1095000800473,0,1,
1144,1,432700769,432700769,227565,0.987976629318645,0.980749345278612,-0.0599999999999999,-1664.45495823934,2897.37771207916+3319.22385656831i,0.855523916796681-0.0229893298785161i,0.870197279360746-0.0347436603540048i,14.6579410811724,0,1,
1145,1,433079239,433079239,227565,0.98596722115277,0.892546040594628,0.41,-1690.87289010176,-3527.85627150496-2826.12374801219i,0.848605404484762-0.00918563459683934i,0.865749524518079-0.0317178954529585i,14.1031689206845,0,1,
1146,1,433457710,433457710,227565,0.987537587255249,0.97312105490514,-0.14,-1685.79893858244,4009.63123030359+1875.12173269499i,0.856864230228796+0.00665013719186366i,0.879546994110533-0.00954540384415846i,14.6521157651689,0,1,
1147,1,433836181,433836181,227565,0.986898907603217,0.953739867217113,-0.25,-1637.37795903737,-4467.89493271203+84.1548190715357i,0.852581247354814-0.0490386391243901i,0.867703936459467-0.0545921957387403i,14.4400149263617,0,1,
1148,1,434214651,434214651,227565,0.986954215785927,0.953613439534867,0.24,-1653.62811566482,4356.01495661008-976.651517101428i,0.850359069360674+0.0190416371799453i,0.874650407330124-0.0328481969161573i,14.439925328156,0,1,
1149,1,434593122,434593122,227565,0.986741416140884,0.930719874788966,-0.32,-1659.736142936,-4015.32157669607+2021.74405827606i,0.852347054027643-0.0292680742072279i,0.87444309426286-0.0309504790197034i,14.3401478730036,0,1,
1150,1,434971592,434971592,227565,0.98722079373858,0.968209031852873,-0.17,-1664.93088788508,3868.18741366933-2173.39018679966i,0.85684367352541-0.0221939377316708i,0.87047048159746-0.0413082850430967i,14.5777709847994,0,1,
1151,1,435350062,435350062,227565,0.986362218813942,0.932218012727225,0.31,-1667.83570774724,-3344.47169028336+2991.76807808538i,0.849966348706807+0.00404303226168763i,0.86603640840505-0.00947300400578148i,14.152962402014,0,1,
1152,1,435728533,435728533,227565,0.987111781517646,0.953365844252283,-0.25,-1680.22138194815,2652.66542414026-3596.21231892234i,0.852716953166989-0.0209037865401797i,0.875165022669245-0.0318796770733086i,14.4851895743073,0,1,
1153,1,436107004,436107004,227565,0.986098203965313,0.867215279703852,-0.47,-1652.00068085881,-1212.69130141572+4362.42346309461i,0.848429200124344-0.0244392959585861i,0.869651235310672-0.0453543740535589i,14.1459571272708,0,1,
1154,1,436485474,436485474,227565,0.987264032178166,0.974866560075282,0.13,-1681.48286921698,312.104745753676-4412.72595123036i,0.857000853044376+0.008909658071164i,0.87135459835067-0.00166301566769472i,14.6254546657168,0,1,
1155,1,436863945,436863945,227565,0.986184182157096,0.886824322791871,-0.43,-1684.39005274934,606.484223338255+4481.04274253248i,0.848951696227102-0.0386277909675607i,0.872576356922861-0.0391744000753513i,14.1408671841172,0,1,
1156,1,437242415,437242415,227565,0.987833750931835,0.980777066825678,0.0399999999999999,-1651.8833666778,-1649.03039644454-4081.59370687366i,0.855303415022839-0.0446668028470289i,0.873471700703764-0.0362077575914105i,14.6448654044612,0,1,
1157,1,437620885,437620885,227565,0.986774320038096,0.961765380579313,0.21,-1677.00925074557,1925.30560469754+4015.19434851982i,0.854176353577849+0.00988591053396394i,0.868419888641063-0.00786779941645996i,14.4218809515948,0,1,
1158,1,437999356,437999356,227565,0.985668379945484,0.919967691154207,-0.35,-1691.05724575951,-2731.84458725035-3583.09268295709i,0.851966676823164-0.0327284001913203i,0.871747873925737-0.0308437287495903i,14.2276885753256,0,1,
1159,1,438377826,438377826,227565,0.986078233247368,0.883927102211931,0.43,-1678.56331024506,3804.90065592939+2443.52929069345i,0.847443252428927-8.10523091622992e-05i,0.865117989037591-0.00750700845654679i,14.0665674270111,0,1,
1160,1,438756297,438756297,227565,0.987626876566046,0.983633735739228,0,-1655.57662548843,-4210.89713287938-1275.46087448394i,0.856648337144822-0.0151620425081763i,0.878957534752856-0.0577373554268764i,14.6789772070899,0,1,
1161,1,439134768,439134768,227565,0.987105603797928,0.954517367072293,-0.23,-1678.49740026857,4448.63739178436-330.85943748619i,0.854259140166666-0.0113286800140487i,0.874369024930828-0.0221983924329846i,14.5861782198769,0,1,
1162,1,439513238,439513238,227565,0.987244209936732,0.979823866872959,-0.0699999999999999,-1671.14109866953,-4366.09303655867+616.210316482117i,0.857629756463231-0.0337881968850237i,0.871782413000953-0.0308057690563677i,14.7332878265873,0,1,
1163,1,439891708,439891708,227565,0.985920391061723,0.898644821335461,0.4,-1671.89257813433,4256.86122345652-1508.42909542935i,0.846850779722839-0.0312496871253516i,0.870403622169324-0.0643279710686458i,14.0401954577618,0,1,
1164,1,440270179,440270179,227565,0.986332315575828,0.970372110929309,-0.15,-1665.53692171517,-3751.56635100276+2355.37768817876i,0.857920768687787+0.000715817787437807i,0.870220457053378-0.045234928421088i,14.6196140846046,0,1,
1165,1,440648650,440648650,227565,0.986015282555484,0.90660221765442,-0.38,-1655.75444705895,2796.54705883171-3544.85396332416i,0.849748991175093-0.00201059039867806i,0.865033560085986-0.0226938881820479i,14.2545946069235,0,1,
1166,1,441027120,441027120,227565,0.987793927476849,0.981510302401337,-0.0399999999999999,-1656.03521233288,-2182.86369255443+3824.23674611236i,0.856674440772791-0.0294039034001577i,0.876795141417704-0.0406821728491511i,14.7148148538991,0,1,
1167,1,441405590,441405590,227565,0.986114606023341,0.908682761349666,0.37,-1652.54430319888,1488.32972626515-4257.39119188445i,0.849129170575672-0.0151253543748394i,0.871274447218878-0.0463372021442912i,14.2025343080396,0,1,
1168,1,441784061,441784061,227565,0.987162759250971,0.965697741433074,-0.19,-1673.06800846214,-550.399044612942+4410.60714581089i,0.854539391943847-0.0306927354747837i,0.869116394682333-0.0329231631428457i,14.5418006573719,0,1,
1169,1,442162532,442162532,227565,0.986197158364764,0.894636161831512,-0.41,-1663.64009277919,-976.253173061668-4414.06984932922i,0.85038509564988-0.00860651600764667i,0.865751046920847-0.0172961074243303i,14.1102100940349,0,1,
1170,1,442541002,442541002,227565,0.986534581736631,0.907489507139939,-0.38,-1658.40646031497,1145.03642190942+4365.96786078963i,0.850574485042491-0.0371978822903562i,0.87144814065168-0.055234962272204i,14.2634787211789,0,1,
1171,1,442919473,442919473,227565,0.986046259980711,0.913232713318816,-0.36,-1654.30552888169,-3003.2877274869-3367.30123533244i,0.852143724553039-0.00621714271546957i,0.864285716298223-0.0300511799426629i,14.3168529850631,0,1,
1172,1,443297943,443297943,227565,0.987215742719661,0.982368140548138,0,-1665.9665044235,3361.51212419366+2841.21238966495i,0.857649072074029-0.0300086051427474i,0.879455199097012-0.013950254171108i,14.7813598787478,0,1,
1173,1,443676414,443676414,227565,0.987709007075541,0.949395741059275,-0.26,-1632.33720742254,-4213.99909522613-1506.71614525237i,0.849262128327107-0.0845292877405398i,0.871817963417937-0.0762906157544858i,14.5171937696222,0,1,
1174,1,444054884,444054884,227565,0.986464869805204,0.9381769108377,-0.29,-1681.8956862761,4040.92958320903+1944.94827140636i,0.853474537609857+4.3978827235155e-05i,0.868972411760493-0.00948890190230091i,14.2498406793457,0,1,
1175,1,444433354,444433354,227565,0.986900027895243,0.963625792192254,0.19,-1681.24737414408,-4340.78920668045-952.37980290536i,0.85324165787854+0.00903709563399623i,0.868568475705406-0.0175083112623842i,14.4118781425914,0,1,
1176,1,444811825,444811825,227565,0.985985899017267,0.912330039177135,-0.37,-1684.97798719632,4509.57976147342-34.2436415948249i,0.849537268513496-0.0138863497195066i,0.873177445992463-0.0301637409675073i,14.1784474912922,0,1,
1177,1,445190296,445190296,227565,0.986101026285418,0.8662594152637,-0.47,-1686.05624699333,-4111.1088930199+1903.09133609847i,0.848596339551261-0.00948086816859869i,0.872992350351261-0.00277394507880378i,14.1478418081655,0,1,
1178,1,445568766,445568766,227565,0.982767794480793,0.889002310086853,0.42,-1650.54941460635,225.047479156676-4483.27825583157i,0.838884087960738-0.0436443529332683i,0.858886031962159-0.046552915343451i,13.3820998331311,0,1,
1179,1,445947236,445947236,227565,0.985868638232478,0.871188365956372,0.46,-1683.42214653445,-3078.52656889041+3318.25321139837i,0.849162320522926+0.00649871637079331i,0.871323606983533-0.00117782333773778i,14.1146319696067,0,1,
1180,1,446325707,446325707,227565,0.987480045426919,0.978080081318086,-0.0899999999999999,-1675.15071709832,2196.94437746574-3826.53465618417i,0.855428602916848-0.0265073869719056i,0.871828892880982-0.0337248258873937i,14.669301141365,0,1,
1181,1,446704177,446704178,227565,0.985895609298279,0.979511056019709,-0.0599999999999999,-1654.45696346161,-480.597523709037+4372.42611861278i,0.847123053849511-0.0181497120894699i,0.86715037945488-0.0338452137185477i,14.2024470697776,0,1,
1182,1,447082648,447082648,227565,0.987186785225273,0.942165941232808,0.28,-1651.8132603818,-409.241768758651-4461.01803866985i,0.847144732964398-0.0637978613738027i,0.873330816456605-0.0571548011882408i,14.3581135147368,0,1,
1183,1,447461119,447461119,227565,0.987090992768829,0.944271246987602,-0.28,-1666.09094160286,1344.3413442185+4275.19014536403i,0.852809723828874-0.0376893150742518i,0.873516007399456-0.0507390425494719i,14.5100822235763,0,1,
1184,1,447839589,447839589,227565,0.987238945798857,0.976835776734079,-0.12,-1675.00819464537,-1600.88687169918-4119.71476728138i,0.857563867955229-0.0138321182827041i,0.872034026929256-0.022512836411266i,14.7176217436639,0,1,
1185,1,448218059,448218059,227565,0.986642747717247,0.917572508095559,0.36,-1649.74109539201,2507.60722629778+3745.74215912914i,0.849211082427576-0.0160379356592822i,0.864786616249141-0.0412192693454502i,14.1653148856365,0,1,
1186,1,448596530,448596530,227565,0.986761550111638,0.961970771738202,-0.2,-1677.15107503444,-3165.22516818225-3126.70220308172i,0.854432004215219-0.0305877870012931i,0.876836885635303-0.0457762701512326i,14.583404007605,0,1,
1187,1,448975001,448975001,227565,0.9869863436638,0.93453580340746,-0.31,-1677.61560085796,4189.1202548312+1619.16774717991i,0.852517272763812-0.0280506895333956i,0.867223658645799-0.0347381293145133i,14.3649497351718,0,1,
1188,1,449353471,449353471,227565,0.987220297261412,0.968975162606826,0.17,-1663.29319544961,-4387.39110077071-660.18188936619i,0.853548976995784-0.0264685776945924i,0.876968584719341-0.0527723129208172i,14.5325069970672,0,1,
1189,1,449731942,449731942,227565,0.986455964063352,0.906756029213061,-0.38,-1661.99289902037,4502.98898806867-273.271825916978i,0.850914146490033-0.0213942841079077i,0.871434585670635-0.0724425866508543i,14.2621197090396,0,1,
1190,1,450110412,450110412,227565,0.986374207420341,0.917907852202413,-0.35,-1675.09176293365,-4486.14533293458+403.607479356605i,0.851697500529182-0.00441055533758271i,0.866673109715633-0.0289940023637315i,14.286966746401,0,1,
1191,1,450488882,450488882,227565,0.987606815682529,0.951016901409398,0.25,-1656.84811522308,4176.52880850479-1584.14657699304i,0.851950094809198-0.0194916624554905i,0.874015042646426-0.0565306695863957i,14.4667263159154,0,1,
1192,1,450867353,450867353,227565,0.986179386924549,0.93305665817388,-0.31,-1677.31437594246,-3869.43030757196+2278.65162520652i,0.850553317192666-0.0452572299180065i,0.86839984981761-0.028113503784612i,14.3520343229665,0,1,
1193,1,451245823,451245823,227565,0.987211323960816,0.967442600939386,0.18,-1668.04585399984,3177.95794959552-3101.18748319914i,0.852209893573292-0.0234017535614679i,0.869476514729652-0.0424290464962452i,14.5367021744086,0,1,
1194,1,451624294,451624294,227565,0.987893952965343,0.98125381990126,0.0599999999999999,-1668.11399362891,-1695.19086173844+4066.10268088125i,0.8560012003556-0.00436816548300076i,0.878968388219618-0.0100232252316951i,14.6979918687592,0,1,
1195,1,452002764,452002764,227565,0.985795244951432,0.870954289724456,0.46,-1663.09186151199,1011.71302959749-4412.22471986386i,0.84827934437933-0.0188893644722569i,0.864337722431408-0.0168771963233585i,14.0771873667765,0,1,
1196,1,452381235,452381235,227565,0.982124562664194,0.881169690907093,0.44,-1683.85001945999,654.624225480537+4427.74719489106i,0.835608143929039-0.00835957462907608i,0.864901592586849-0.0476365622632235i,13.2039760231107,0,1,
1197,1,452759705,452759705,227565,0.985822894899674,0.878276892879437,0.44,-1661.66122927769,-1128.01711504405-4380.02784707876i,0.847743029619651-0.00429038057041692i,0.871924487275813-0.0357511521468347i,14.1537617907224,0,1,
1198,1,453138176,453138176,227565,0.986208651961095,0.893842738044652,-0.41,-1674.80773872914,1473.52526311112+4265.27183069213i,0.8512872247351+0.0028708949069907i,0.866270070504113-0.0284162642327616i,14.1889591926134,0,1,
1199,1,453516646,453516647,227565,0.985236727611031,0.935084658933213,-0.3,-1648.41704489221,-3509.6495010594-2764.8682619086i,0.844612295402733-0.0537928798946063i,0.862218233912844-0.0386105390812289i,13.9040367933849,0,1,
1200,1,453895117,453895117,227565,0.987139116860602,0.96467982815017,-0.18,-1696.17346425945,3334.46291221049+2933.53235842034i,0.854957164297899-0.0222193762733441i,0.876602561854305-0.0243665228769219i,14.6031409879111,0,1,
1201,1,454273587,454273587,227565,0.986804825963495,0.937617691752972,0.3,-1670.42870437439,-3962.30006577494-2103.88547793519i,0.849651963683465-0.00995685056976727i,0.871990661630093-0.0513025103413973i,14.3249152941644,0,1,
1202,1,454652058,454652058,227565,0.987359457748219,0.981885521126981,0,-1664.47954740419,4352.79159320111+628.90065725823i,0.856886825441432-0.0244072695561279i,0.873909974259411-0.0502369170168713i,14.7516955953772,0,1,
1203,1,455030528,455030528,227565,0.986292826706252,0.921195031287941,0.34,-1662.34320339451,-4498.16981634294+69.205069784389i,0.849661798726241-0.0135220627461365i,0.872003027392499-0.0292396169086527i,14.1260578900051,0,1,
1204,1,455408999,455408999,227565,0.986975529218097,0.952999281619309,0.24,-1672.63373458455,4028.73923360902-1924.51215280017i,0.852633180589655-0.000473835107571169i,0.868338267859421-0.0177923878920127i,14.4658291070597,0,1,
1205,1,455787470,455787470,227565,0.986687058931104,0.928451826465775,-0.32,-1647.93029982788,-3532.26961764486+2781.62920615834i,0.852406060444852-0.00619854380406277i,0.86667853200764-0.0516356493242092i,14.4035689201122,0,1,
1206,1,456165940,456165940,227565,0.987706861634011,0.971516627283945,0.16,-1657.4436531093,2919.57646030452-3337.01121413509i,0.85513285071768-0.0219931714987446i,0.877452767848445-0.0359732131681067i,14.5880341189353,0,1,
1207,1,456544410,456544410,227565,0.98713327354215,0.964094197977727,0.19,-1630.16585831374,-2831.73369482902+3427.15421883068i,0.853825964416284-0.0270392722467862i,0.874484116346207-0.0508761109682032i,14.6246614560662,0,1,
1208,1,456922881,456922881,227565,0.986509045364339,0.951083135282612,-0.25,-1630.72757873752,1841.7088433806-4071.81995608383i,0.853191722879475-0.0438974381133408i,0.862872440542957-0.0815904702485964i,14.4661385400914,0,1,
1209,1,457301352,457301352,227565,0.986279713205775,0.866990112674815,-0.47,-1662.27063709235,-478.313888632887+4504.69104408956i,0.848656388245268-0.011316191766987i,0.862328333631891-0.0425242711997991i,14.1672369671916,0,1,
1210,1,457679822,457679822,227565,0.98648300329253,0.927976034005825,-0.32,-1639.70033552446,17.0467653308473-4496.32998676731i,0.852113251255677-0.0459909430209319i,0.872724821553046-0.0441967444102805i,14.3625794514132,0,1,
1211,1,458058293,458058293,227565,0.985975679885169,0.887947040147063,-0.43,-1665.91024948255,1638.67358081163+4216.26347905347i,0.848050058429869-0.0328273982014291i,0.863938076439641-0.0457872182493956i,14.0946971180414,0,1,
1212,1,458436763,458436763,227565,0.987748249239701,0.982413272032083,0.0499999999999999,-1673.48993989104,-2339.22440729654-3732.07047345194i,0.85700827739895-0.0196000396972894i,0.878085336717419-0.042582012555473i,14.6465616305132,0,1,
1213,1,458815234,458815234,227565,0.986355297106934,0.851912467094842,-0.5,-1690.8926334989,3024.28629628391+3372.91216239177i,0.847599572718206+0.00393220482710557i,0.872550381603877-0.0241158979595169i,14.0889870312713,0,1,
1214,1,459193704,459193704,227565,0.988294316609113,0.983405631408686,-0.0399999999999999,-1665.24420762649,-3584.71521668744-2556.4270997483i,0.85757925174463-0.0221941328215424i,0.872675325128631-0.0543700206334017i,14.6937914842819,0,1,
1215,1,459572174,459572174,227565,0.987098414080175,0.973776315548877,0.13,-1651.14315897328,3830.29104623708+2214.2620663677i,0.855685307865681-0.00727336264842386i,0.871707838563092-0.0199636348652003i,14.6221036552001,0,1,
1216,1,459950645,459950645,227565,0.98718408102503,0.960853410754624,0.21,-1648.23458760394,-4449.55146239206-189.88797812058i,0.849952183256053-0.0612929577948666i,0.875209173592333-0.0565926908304799i,14.5044902760273,0,1,
1217,1,460329116,460329116,227565,0.985546050452729,0.979678653998476,-0.0499999999999999,-1678.67460026264,4386.35036509095+257.210647195085i,0.845013789404257-0.0239618357575312i,0.869057625219525-0.0434063172951366i,13.9296040151893,0,1,
1218,1,460707586,460707586,227565,0.987766676588902,0.981863493693775,-0.0699999999999999,-1678.50765452695,-4228.68567641461+1251.78730997645i,0.856095617423067-0.0140961958307174i,0.870725742115503-0.030971998572255i,14.7161368890404,0,1,
1219,1,461086056,461086056,227565,0.986266286248508,0.899228569170619,0.4,-1663.5327087874,3932.91068325935-2223.03639292806i,0.847668048972235-0.0313497672137647i,0.868966847331736-0.059185886919979i,14.0898026280321,0,1,
1220,1,461464527,461464527,227565,0.987268706711113,0.971688178353662,-0.15,-1663.1465031786,-3323.28222475795+2933.92237860179i,0.855989198645517-0.0224577903000507i,0.869526913586815-0.0486034619801503i,14.6614975679659,0,1,
1221,1,461842997,461842998,227565,0.985152779019161,0.976655840893392,-0.0999999999999999,-1680.88055704844,1884.8729987672-3979.52043569743i,0.846782145779652-0.0110426171235791i,0.864682137372667-0.0151563161628162i,13.9952195053763,0,1,
1222,1,462221468,462221468,227565,0.987165146603971,0.958502590705576,0.22,-1660.27347152327,-991.531772326536+4344.48809333957i,0.852625815840691-0.0229507903479741i,0.875553182697149-0.0431115708187321i,14.4533845635913,0,1,
1223,1,462599939,462599939,227565,0.986420189219318,0.923633781606887,-0.34,-1652.37382338616,-189.370979444299-4498.02178442204i,0.851335047142177-0.0160170720597667i,0.866483972023981-0.0326752476602527i,14.2656239579247,0,1,
1224,1,462978409,462978409,227565,0.987678663405121,0.972204157254859,0.14,-1688.34224179029,775.995518871881+4357.66649473424i,0.853311436870405-0.0126885691905019i,0.879784352725349-0.0151292405377193i,14.5884174316756,0,1,
1225,1,463356880,463356880,227565,0.985424715324117,0.893875192134717,-0.41,-1675.57135798772,-1740.8654072833-4172.94654896932i,0.85035879418985-0.0110365878944267i,0.872138765616976-0.0265303715906797i,14.2263438761513,0,1,
1226,1,463735350,463735350,227565,0.986852231125904,0.948581245930062,-0.26,-1661.91844813709,2055.54011215887+3974.655153577i,0.854640250620642-0.0200142414143285i,0.866952627048583-0.0415562868931661i,14.4537625815331,0,1,
1227,1,464113820,464113820,227565,0.98684465808988,0.956822685385613,0.22,-1666.11672702244,-2814.06544762872-3428.21934565459i,0.852341828337347+0.00666064177081885i,0.873962374402156-0.0496638537531454i,14.4761909941127,0,1,
1228,1,464492291,464492291,227565,0.987784743750156,0.978474803613914,0.11,-1687.39430821062,3876.77315861422+2076.26895095456i,0.854471904796704+0.00841984770631976i,0.871388368352429-0.0076783396766481i,14.6397194924817,0,1,
1229,1,464870762,464870762,227565,0.986737439554559,0.881444270113848,-0.44,-1668.3219817111,-4334.73491297344-1228.44898621357i,0.849872803469957-0.0175332299924473i,0.865255844237862-0.0041436279430468i,14.2149933697041,0,1,
1230,1,465249232,465249232,227565,0.985950199264998,0.894475129290178,-0.41,-1637.11111379142,4354.61887579043+1129.6019702485i,0.850285411040688-0.0146222790274781i,0.870954049920678-0.0366602665351473i,14.2114065886068,0,1,
1231,1,465627702,465627702,227565,0.985594405902971,0.910060100113523,0.37,-1672.80542875913,-4482.79713388279+221.882632394251i,0.847558931481453-0.0243055222369441i,0.871803648345545-0.0320216325046891i,14.1552294337449,0,1,
1232,1,466006173,466006173,227565,0.986620515543143,0.912547903405258,-0.37,-1670.1933039773,4408.06924027189-845.059554750285i,0.850759701042899-0.0177967306642796i,0.864368954428224-0.0415867222260649i,14.1843424423615,0,1,
1233,1,466384643,466384643,227565,0.987369394380113,0.975687563718322,0.11,-1675.66600820006,-4056.67314120523+1696.71967969352i,0.854536272170023+0.00048938284821756i,0.871353816897379-0.0219277348158369i,14.5987625135245,0,1,
1234,1,466763114,466763114,227565,0.986295538499842,0.947038134764714,-0.26,-1662.22667230281,3458.39951939028-2831.1958068439i,0.855926882419057-0.000466281447224576i,0.875669837802361-0.0285987912956429i,14.4525244965013,0,1,
1235,1,467141584,467141584,227565,0.985900422030586,0.871356894231216,0.46,-1677.97232407718,-2360.74134894979+3862.41086861169i,0.848464790477661-0.0274653586649585i,0.863816046959563-0.0286435645287611i,14.0912418877865,0,1,
1236,1,467520055,467520055,227565,0.987455757156773,0.97862741722636,-0.0899999999999999,-1676.27889487157,1479.37294408666-4156.59058760781i,0.855832670757171-0.0258601484987985i,0.879231340625803-0.0454960884267917i,14.6374337620752,0,1,
1237,1,467898525,467898525,227565,0.986584252012145,0.945371411707816,0.27,-1681.51341702347,-719.497350507941+4418.75693043514i,0.851631585203341-0.00968080751377945i,0.872957827798226-0.0439451937254786i,14.3714931604777,0,1,
1238,1,468276996,468276996,227565,0.986021163048621,0.866559092158448,-0.47,-1657.82446139423,-156.662677135053-4525.86342243469i,0.847782778377966-0.0141077589498475i,0.865077323641596-0.0244621625687325i,14.0950110769013,0,1,
1239,1,468655466,468655466,227565,0.986934623395179,0.932215925411039,0.31,-1641.59605936796,1739.36919005556+4140.42293999109i,0.85085237632007-0.01730388324319i,0.863811765041519-0.0494211280145789i,14.2487694481472,0,1,
1240,1,469033937,469033937,227565,0.987132498790996,0.957289630115844,0.22,-1685.38679371945,-3114.77228099903-3185.40357176537i,0.849809004493527+0.0144519017452565i,0.87268036937674-0.0107274211738743i,14.3737628125842,0,1,
1241,1,469412407,469412407,227565,0.987095150061993,0.954851664676312,0.24,-1692.0706298526,3088.9968755205+3223.91478924831i,0.850513417320777-0.0183707445925103i,0.875453549527195-0.0372709126025768i,14.4210510959436,0,1,
1242,1,469790878,469790878,227565,0.986883792028976,0.961983411762348,-0.2,-1669.26192192884,-3792.96395603331-2328.26463247647i,0.854431391155971-0.024661629818815i,0.868552065333295-0.0480957686074661i,14.5187126178502,0,1,
1243,1,470169348,470169348,227565,0.986334722902818,0.94296937102669,0.28,-1656.24058537972,4213.78950492031+1522.01587304589i,0.850607769381835+0.00886825304020439i,0.874864063318338-0.010458500191981i,14.3687645250096,0,1,
1244,1,470547819,470547819,227565,0.98677125221715,0.943278908087766,-0.28,-1670.75876003549,-4440.82982130055-601.800109582239i,0.85281127937028+0.00827356569921735i,0.868708831168996-0.0126859990204285i,14.3950565299242,0,1,
1245,1,470926290,470926290,227565,0.986346705498564,0.907435130166076,-0.38,-1671.40687286449,4334.35246066514-1265.54968828106i,0.850870203362958-0.014364047773344i,0.865542531004848-0.0249184653158422i,14.1966423812393,0,1,
1246,1,471304760,471304760,227565,0.987545592293518,0.977048574613923,0.0999999999999999,-1655.74963916301,-3867.68507992174+2131.00190120873i,0.855965949646648+0.0081880623989144i,0.878721960948042-0.0360400782230098i,14.6808824711157,0,1,
1247,1,471683231,471683231,227565,0.985906891675123,0.873064108597792,-0.46,-1654.70324405533,3422.9219713372-2962.51014069838i,0.847792319438035-0.0358246944265922i,0.87062005152125-0.0466639779408472i,14.1594162539099,0,1,
1248,1,472061701,472061701,227565,0.985534807364357,0.888232533697493,-0.42,-1674.02980618354,-3330.38393078861+3059.33435794764i,0.850345751989966-0.0239749657342186i,0.865973877504771-0.0396647868644229i,14.1269207540161,0,1,
1249,1,472440171,472440171,227565,0.987397522319659,0.967593419138815,0.17,-1658.34374884147,2400.09135268531-3731.53256155669i,0.854635859921776-0.0173572409471319i,0.869401007006787-0.0520296615054941i,14.5069274574323,0,1,
1250,1,472818642,472818642,227565,0.987417309070305,0.980325741454178,0.0599999999999999,-1649.97448826411,-690.324549978356+4352.17548331507i,0.855642101231406-0.0350656861172029i,0.878710100430709-0.0514365619203914i,14.7441541059182,0,1,
1251,1,473197112,473197112,227565,0.986085504804663,0.89864315617242,0.4,-1668.46277123315,184.49618713956-4513.40200128087i,0.849553054632055-0.0115250761202305i,0.864551795419497-0.0333448460504031i,14.1531409019724,0,1,
1252,1,473575583,473575583,227565,0.987684013569192,0.982025081213222,0,-1649.13590378701,1102.92777257532+4261.60576509803i,0.859742837019911-0.0181187894658916i,0.878762516278883-0.0381585554605358i,14.8775772915038,0,1,
1253,1,473954053,473954053,227565,0.985395649737298,0.876831715862751,0.44,-1686.9272389586,-1841.16376186564-4132.954550285i,0.847473967096658-0.0184305053445764i,0.871560309145178-0.0207854741506201i,14.0786511958037,0,1,
1254,1,474332524,474332524,227565,0.987810178750422,0.977506621499532,-0.0999999999999999,-1667.55564759349,2726.87792213571+3472.55636255904i,0.858892633022811-0.00566268987021397i,0.87281241868027-0.0397929488474522i,14.7126716575573,0,1,
1255,1,474710994,474710994,227565,0.987272324793995,0.979302486974094,0.0599999999999999,-1664.6327306591,-2897.77701487955-3316.4372459285i,0.854486449810676-0.0255192341400254i,0.879559950061331-0.0419971654410528i,14.5510485978165,0,1,
1256,1,475089465,475089465,227565,0.985863602006073,0.8596438021048,-0.48,-1657.45336108194,3705.97531244783+2601.51298644596i,0.849129687983458-0.0262248619629298i,0.862459591682148-0.0304117782804568i,14.0726138499399,0,1,
1257,1,475467935,475467936,227565,0.982066417547829,0.88148897844701,-0.44,-1668.66215356056,-4458.56849928758-460.785584977078i,0.836288869160629-0.0371548776541857i,0.856798128055558-0.0545343808129213i,13.1289010174651,0,1,
1258,1,475846406,475846406,227565,0.979221235911898,0.881001547108001,0.44,-1652.31387145591,4409.14447546369-684.777654596745i,0.833428979156919-0.0236031935769974i,0.859219316495521-0.0468295906202048i,12.703008099933,0,1,
1259,1,476224876,476224876,227565,0.987000418109044,0.922340153963523,0.34,-1659.60362832656,-4428.18697476538+808.432843951586i,0.848482330894999-0.026323119547369i,0.866496194215581-0.0302941257338115i,14.1874039554165,0,1,
1260,1,476603347,476603347,227565,0.98758043508711,0.959632516285045,-0.22,-1672.86480824821,4158.59407050448-1605.37424113487i,0.85454832545956-0.0279171144019881i,0.876020815663903-0.0325777035864998i,14.5466875525259,0,1,
1261,1,476981817,476981817,227565,0.986651681092708,0.946741359209746,0.27,-1666.70310185662,-3699.7712266743+2521.79126036252i,0.851066929125987-0.0260934205995696i,0.87351697097855-0.040971083376965i,14.4041672733571,0,1,
1262,1,477360288,477360288,227565,0.987567924576057,0.981897542896846,0,-1668.60923311365,2663.07480920903-3499.43665783164i,0.853428797392753-0.0339550638438926i,0.874041855388496-0.011161542025047i,14.4424097017909,0,1,
1263,1,477738759,477738759,227565,0.985572480718194,0.899213251851009,-0.4,-1681.6532426144,-1587.50569289988+4228.47096309647i,0.84856647630552-0.0055910068417476i,0.863695022802121-0.0209484750724338i,14.1586313950463,0,1,
1264,1,478117229,478117229,227565,0.986464359365751,0.912424698348994,-0.37,-1650.75428795077,1337.68893863574-4305.6074505138i,0.850991092887636-0.0342187663703213i,0.8699174908547-0.0524275757663804i,14.2404682945375,0,1,
1265,1,478495699,478495699,227565,0.987453500667789,0.954908164722172,0.24,-1687.90149541557,-436.085184535412+4440.23211812272i,0.852872530121418+0.00613983371059538i,0.876862896235561-0.0160501094021513i,14.4881885247354,0,1,
1266,1,478874170,478874170,227565,0.986170533329573,0.927943851755343,-0.32,-1688.50948101921,-563.795507213796-4455.90749217078i,0.854132428101894-0.00253827102856616i,0.866710344614754-0.0296569909777103i,14.3307083108239,0,1,
1267,1,479252640,479252640,227565,0.987362121373223,0.970918941834508,0.16,-1657.76671890404,1538.14132714695+4155.11281964356i,0.852508065834027+0.00525725313948168i,0.874217270450687-0.0483637453819293i,14.5780985254842,0,1,
1268,1,479631111,479631111,227565,0.987190178012263,0.977516319905979,-0.0899999999999999,-1669.2134516244,-2852.83875937623-3362.60095033729i,0.858441898532466-0.00856096871527173i,0.872877895322165-0.0159350435768316i,14.6694788676123,0,1,
1269,1,480009582,480009582,227565,0.986456383557454,0.851880463409832,-0.5,-1648.70608572068,3777.23047260967+2494.35262743511i,0.847977010293971-0.0194335363291256i,0.864450112223413-0.0561015530509658i,14.1036624687579,0,1,
1270,1,480388052,480388052,227565,0.987416231258462,0.982021927035274,-0.0399999999999999,-1668.63433445065,-4096.41576704413-1614.91141687304i,0.858184408533525-0.00981374002275532i,0.879720426792598-0.0222212417546637i,14.7177766831377,0,1,
1271,1,480766522,480766522,227565,0.986393587301613,0.885858613820017,0.43,-1650.81703720688,4474.86469346558+663.308175197883i,0.84724459824776-0.00721838079050238i,0.863750143091398-0.0481893043034177i,14.0632390161702,0,1,
1272,1,481144993,481144993,227565,0.98572282907629,0.888334255520081,-0.42,-1656.74571085017,-4512.37262854263-305.345086753539i,0.849795911658717-0.024135943192761i,0.873763379697749-0.0360352264692014i,14.2523401720306,0,1,
1273,1,481523463,481523463,227565,0.988232800060089,0.983365507904162,0.0499999999999999,-1678.20818292554,4371.81931705615-534.683794883548i,0.856665456215327-0.00120799139307081i,0.878756123843261-0.0286918015577969i,14.777958943725,0,1,
1274,1,481901934,481901934,227565,0.985406670854577,0.852063127734541,-0.5,-1667.90558182855,-4239.5946989617+1589.73222809311i,0.847686012629292-0.012075486072271i,0.863852047327926-0.0309978093001658i,14.0472770451041,0,1,
1275,1,482280405,482280405,227565,0.98543857053467,0.959701545916564,-0.21,-1671.84870010526,3659.03180368492-2512.70992364902i,0.84821904110635-0.00779507460868831i,0.872664997325324-0.00968224840976116i,14.0435857790667,0,1,
1276,1,482658875,482658875,227565,0.987757104282685,0.971721638488353,-0.15,-1655.18191722971,-2671.26798034733+3537.05175802973i,0.857097900651208-0.0150343228986085i,0.870366538691124-0.0488980369296076i,14.6652450386411,0,1,
1277,1,483037345,483037345,227565,0.98589557302036,0.927202295126835,0.33,-1618.70676271687,1720.81022550079-4157.8889345038i,0.84907280946549-0.013735857339763i,0.864190251944825-0.0441185436016181i,14.2749184115425,0,1,
1278,1,483415816,483415816,227565,0.987664498180763,0.956879526614334,-0.23,-1665.69791703295,-1140.53050940595+4313.80404381363i,0.85406230074383-0.00923291940407387i,0.87683780162774-0.0380077191062698i,14.5000565334359,0,1,
1279,1,483794286,483794287,227565,0.984600622962729,0.96386570518253,-0.18,-1683.46578094471,-731.752948436766-4360.89555282459i,0.84351733492894+0.00425344832044039i,0.870367213999128+0.00286469121445244i,13.7398835671952,0,1,
1280,1,484172757,484172757,227565,0.987187852903245,0.972354751625761,0.14,-1667.82174405224,1730.00459203146+4076.6246460455i,0.852993064509245-0.020481773638664i,0.869461596180863-0.0326997470572686i,14.5104003873302,0,1,
1281,1,484551227,484551227,227565,0.986891002700017,0.968590282397573,0.18,-1668.76299752412,-1687.83970538669-4108.77668996663i,0.852507619174705-0.0194336773041888i,0.868460158613383-0.0552871225174604i,14.4848778180666,0,1,
1282,1,484929698,484929698,227565,0.98792238030512,0.974841905198684,-0.14,-1644.53676303927,3051.12459181483+3210.94436857629i,0.856399931720326-0.0254116262715811i,0.876615060024517-0.03639061265214i,14.7105275080823,0,1,
1283,1,485308168,485308168,227565,0.987280051592885,0.957533988634305,0.22,-1668.71807515082,-3531.89779949009-2716.53593865574i,0.851134067884364-0.00621757475775241i,0.867824193376076-0.0226732651105902i,14.4158252424737,0,1,
1284,1,485686639,485686639,227565,0.986683784163562,0.924384812038584,-0.34,-1644.15713201038,4094.61079398771+1866.87031563291i,0.851364030451204-0.00675764206126674i,0.874582966391271-0.0198666191356692i,14.3339337521302,0,1,
1285,1,486065110,486065110,227565,0.985462482724974,0.957254219058804,-0.22,-1650.25246207851,-4326.33639933646-1005.07137554862i,0.846772357272758-0.0332798467470527i,0.871846045055504-0.0449144627777099i,14.1084753730071,0,1,
1286,1,486443580,486443580,227565,0.985955446246869,0.893052787681127,-0.41,-1663.7531606659,4511.73727332965+241.952782171215i,0.850588954483602-0.0155319441437853i,0.865856680604916-0.0387712519499759i,14.1563957131374,0,1,
1287,1,486822051,486822050,227565,0.98597985979383,0.855057145002007,0.49,-1661.39700452654,-4251.06425186548+1561.86562328792i,0.846719317427196-0.0503702292654311i,0.870334868190832-0.0248065414937654i,14.1698954697258,0,1,
1288,1,487200521,487200521,227565,0.987642554219308,0.980925563123487,-0.0499999999999999,-1663.41664037346,3722.96855497525-2354.10161968425i,0.855399534203702-0.0187356583959779i,0.872211266943138-0.0491782413291138i,14.7393021057966,0,1,
1289,1,487578991,487578991,227565,0.986582894478266,0.97582628261684,0.11,-1664.63243752632,-3516.2794296701+2670.13879416092i,0.856683028029888-0.0280444162443226i,0.872517441897747-0.0310276572842854i,14.5984846017763,0,1,
1290,1,487957462,487957462,227565,0.98590843362917,0.882009406090094,-0.44,-1659.78681034035,2891.62470325122-3482.30262744795i,0.849025348769162-0.0200942074775685i,0.872073585657562-0.0393283057139693i,14.1599852254105,0,1,
1291,1,488335932,488335932,227565,0.986359948678825,0.921295792162854,0.34,-1697.13215590882,-1659.26838286838+4184.70176606925i,0.848461230808534+0.0145642006615564i,0.865794730441179+0.00106752815677784i,14.1918057154382,0,1,
1292,1,488714403,488714403,227565,0.986931867584799,0.974630408403978,0.11,-1660.19298152493,-57.9354352497115-4416.32335249203i,0.855299629997818-0.033007398626805i,0.878253747280428-0.0380060980359864i,14.5686121063995,0,1,
1293,1,489092873,489092873,227565,0.985810972287111,0.904481207654421,0.39,-1677.66181302475,449.245050491194+4492.99119217039i,0.850189236136391-0.0151746993905136i,0.87294091731729-0.0322584257617768i,14.1651547221471,0,1,
1294,1,489471344,489471344,227565,0.987173378139397,0.967884248698487,-0.17,-1666.72431172783,-1453.63198255277-4193.21234178099i,0.85671971936006-0.0185597784476073i,0.869866222791681-0.039269902587874i,14.677859223339,0,1,
1295,1,489849815,489849814,227565,0.985209414058449,0.85583544121457,0.49,-1637.29622284306,2769.64493358811+3581.61520638337i,0.848562653703453-0.0268512293691176i,0.862125291408738-0.0681240188588463i,14.0575842454913,0,1,
1296,1,490228285,490228285,227565,0.985958496817399,0.887847761765535,-0.43,-1670.79330592926,-2868.54252140725-3494.96141646449i,0.847847429718963-0.016245223777242i,0.869112157057968-0.0365408596098741i,14.1203047740384,0,1,
1297,1,490606755,490606756,227565,0.985146708087039,0.936961924353257,-0.29,-1676.78352361377,4131.87703454075+1706.77398525391i,0.84884585849565-0.0226308815131772i,0.872927945778322-0.0239203656057865i,14.0604465244363,0,1,
1298,1,490985226,490985226,227565,0.987594227153884,0.982497078698459,0,-1638.79161066224,-4311.95153517357-883.838556051729i,0.85808089197176-0.0258322095840682i,0.872933645715716-0.040011001391934i,14.7779882848583,0,1,
1299,1,491363696,491363696,227565,0.986708356313635,0.941769079523392,0.28,-1648.72566395113,4461.54334980554+406.534545962179i,0.849590929598422-0.00493804515945556i,0.872167354671835-0.0499158347421636i,14.3423659299807,0,1,
1300,1,491742167,491742167,227565,0.987948034189971,0.979470942246845,-0.0899999999999999,-1670.11991695463,-4344.5783964629+771.763584410879i,0.856661724028631-0.0458523995738647i,0.872369104838369-0.0474731361336185i,14.706739270073,0,1,
1301,1,492120637,492120637,227565,0.98763598962861,0.962249750188263,0.21,-1676.74705696762,4235.28614606781-1379.06863568378i,0.853090102075966+0.00458015099596194i,0.86904343486596-0.0340715789004137i,14.560967805632,0,1,
1302,1,492499108,492499108,227565,0.987127738375861,0.981020717969219,-0.0399999999999999,-1667.3250002382,-3461.38591847161+2719.2416707122i,0.856387983518177-0.0167482744547016i,0.88052334856138-0.0286524606520466i,14.7487446249948,0,1,
1303,1,492877579,492877579,227565,0.986186844461453,0.87541040813488,-0.45,-1666.46915032379,2628.04093888151-3686.96126659018i,0.849037119571414-0.0105439328474416i,0.873559534044774-0.0298423863599376i,14.205203433628,0,1,
1304,1,493256049,493256049,227565,0.987317369959405,0.976033155009099,-0.12,-1662.66578217914,-2153.75431693152+3861.85982038966i,0.856641779303867+0.00169509127209538i,0.871326522866743-0.0447990563243439i,14.5894045672737,0,1,
1305,1,493634520,493634519,227565,0.985467613192678,0.864748996322725,0.47,-1679.78490407652,1084.76229101205-4395.69584900501i,0.848082567847931-0.0168093177911324i,0.864403204028218-0.0263877679598529i,14.0317886720109,0,1,
1306,1,494012990,494012990,227565,0.986440494982087,0.90627571858203,-0.38,-1668.81413360614,-627.855772551967+4468.94502530574i,0.850818507170071+0.00345416823846531i,0.872921032722737-0.0250776291739378i,14.2109690963915,0,1,
1307,1,494391460,494391460,227565,0.986158673217947,0.976305335996022,0.0999999999999999,-1679.54945328513,-283.562771806905-4404.79680692674i,0.856796876880799+0.0174368194337893i,0.872215652602922-0.0089016088377801i,14.5951385096822,0,1,
1308,1,494769931,494769931,227565,0.987499396851562,0.971458296370509,-0.15,-1658.59135256142,1751.12632926766+4071.50282580066i,0.85678062275408-0.000393397862599578i,0.876979092777563-0.039585192025417i,14.734417229701,0,1,
1309,1,495148401,495148401,227565,0.986990529827392,0.982024738666884,0,-1675.51938720575,-2029.64708075585-3901.71409451441i,0.856366583370384-0.0118062331825393i,0.879951641887799-0.047416273752067i,14.5818278037082,0,1,
1310,1,495526872,495526872,227565,0.987788413166888,0.977035588609201,-0.0999999999999999,-1654.44292664064,3481.15931208775+2717.43417385712i,0.85570955906396-0.0374688472892494i,0.871775169548982-0.034296718083943i,14.7031411089755,0,1,
1311,1,495905342,495905342,227565,0.986466434625095,0.910324321336789,0.37,-1657.68952764538,-3956.04907361272-2166.58459744895i,0.847007906311383-0.0323133433467148i,0.863422084448689-0.056853780957006i,14.0901248789599,0,1,
1312,1,496283812,496283813,227565,0.985606571255559,0.955278393096457,0.22,-1651.33395739086,4414.41968652504+515.36832374859i,0.845444700961351-0.033061107975956i,0.87068203166052-0.0418445459677506i,14.0711070339427,0,1,
1313,1,496662283,496662283,227565,0.987522298247297,0.982790559576359,0,-1684.83676707839,-4339.66204772304-735.889141142471i,0.859333229235191-0.00675390887819108i,0.877258933604947-0.0442478924112449i,14.8174017427966,0,1,
1314,1,497040753,497040753,227565,0.985932605996027,0.877775340115429,0.45,-1663.68176633552,4517.10113037465-313.09962999899i,0.848790397909317-0.0262003898906959i,0.866699461223665-0.0278348925636544i,14.1666710926204,0,1,
1315,1,497419224,497419224,227565,0.979242518735475,0.91703135927944,0.34,-1657.36433972573,-3672.84741713399+2496.18726585417i,0.83032693700306-0.0422969127823749i,0.862536238317791-0.0347714535352035i,12.6429892807327,0,1,
1316,1,497797695,497797695,227565,0.986734583958971,0.958890233430542,-0.22,-1658.32010614812,3512.30628078631-2743.01604809615i,0.853597866293576-0.0116055761395823i,0.869641249729717-0.0493744652700928i,14.4092901094307,0,1,
1317,1,498176165,498176165,227565,0.98686959296661,0.946238391805255,0.27,-1650.23429875523,-2896.21856333937+3412.28691521023i,0.85171235721395-0.0124446471153941i,0.868975933380198-0.0322382354355244i,14.3839783286237,0,1,
1318,1,498554636,498554636,227565,0.986312415769256,0.940521852789198,-0.29,-1675.86735962466,2334.37295870589-3829.09663456653i,0.852184243405953-0.017318338223658i,0.874441256923345-0.00761475320169895i,14.3764879283663,0,1,
1319,1,498933106,498933106,227565,0.987157752329498,0.964190025853808,0.19,-1671.83387210941,-1518.86481915699+4176.6289627097i,0.84961432652417-0.0165994974135695i,0.869627654909199-0.00291382543744905i,14.441406768555,0,1,
1320,1,499311577,499311577,227565,0.987929068723861,0.978683775924557,0.0799999999999999,-1660.2750308585,-344.994622320651-4394.11415041764i,0.856228937744995+0.00214629630778675i,0.878080917184477-0.0349923820377483i,14.7681247072526,0,1,
1321,1,499690048,499690048,227565,0.985534173316944,0.865685359310035,-0.47,-1666.32901396258,1230.75511873029+4358.82723251296i,0.847500750542372-0.0352540400731635i,0.870149092739561-0.0725049890864775i,14.1694680924487,0,1,
1322,1,500068518,500068518,227565,0.98798587988139,0.983616597907947,0,-1667.89675224426,-2240.63931858209-3785.36913911297i,0.856538588186733-0.0276993630528316i,0.870844878020208-0.0586372460012475i,14.7453205305372,0,1,
1323,1,500446988,500446988,227565,0.987840730590347,0.970928731853103,0.16,-1661.17391815808,2446.50864621637+3697.541538251i,0.85497224806199-0.017122876601164i,0.876323197998843-0.0180589586897568i,14.6350916569529,0,1,
1324,1,500825459,500825459,227565,0.987732523198038,0.982968106473601,0.0399999999999999,-1639.6873353323,-3664.53263111542-2433.28154657127i,0.854199425856547-0.0386474966911428i,0.869310409814861-0.0458082386860026i,14.6602214608747,0,1,
1325,1,501203929,501203929,227565,0.987878569235984,0.980291979689998,0.0799999999999999,-1649.88132227477,3692.29433479054+2409.82805727703i,0.857035243465688-0.0268299444060909i,0.872221343031431-0.0499177109058338i,14.6870490637506,0,1,
1326,1,501582400,501582400,227565,0.988322918064211,0.98264083999008,-0.0399999999999999,-1657.00590505753,-4347.38094463272-690.587783354017i,0.856981912829969+0.00632616148756474i,0.881122702624613-0.0335217600086052i,14.7748489943081,0,1,
1327,1,501960870,501960870,227565,0.986241950149402,0.885173917712757,0.43,-1672.23171857308,4522.2692966073-116.579568864546i,0.847861384993899-0.0208735040289985i,0.871915964921475-0.0339219647192654i,14.1262390328611,0,1,
1328,1,502339341,502339341,227565,0.987612955755395,0.976013313311923,-0.12,-1673.75910820519,-4290.78225974575+1063.75983862773i,0.857767583017754+0.00590106297171771i,0.872892638539417-0.000583613209509293i,14.7140401143876,0,1,
1329,1,502717811,502717811,227565,0.98745461127385,0.978212470609991,-0.0899999999999999,-1679.51171364522,4253.42621967426-1172.98259208961i,0.858561446815447-0.00975896806599091i,0.871436123221842-0.0236698516980619i,14.6779136771781,0,1,
1330,1,503096282,503096282,227565,0.986318725319615,0.853459524765329,-0.5,-1671.75667534216,-3913.97084493258+2276.68795340991i,0.847699404314154-0.0105359984778714i,0.871237155997903-0.031454127121786i,14.0922107830909,0,1,
1331,1,503474752,503474752,227565,0.986915043730018,0.942787747563115,0.28,-1676.27622370973,2839.95865366023-3463.67773201644i,0.851038509044233-0.00951852919507994i,0.868131073224216-0.008790683633516i,14.3060597138642,0,1,
1332,1,503853222,503853222,227565,0.985241888426017,0.88456374279185,0.43,-1669.09433650579,-2622.18864684575+3684.85211749905i,0.848775176739827-0.0142847087863117i,0.871957937253589-0.041126685545927i,14.1492299470257,0,1,
1333,1,504231693,504231693,227565,0.986015154635461,0.926652124782823,0.33,-1649.9203725317,1000.01448990321-4383.91854109891i,0.849268693387098-0.000853030454278277i,0.875599011009934-0.00452192330294429i,14.3192675768413,0,1,
1334,1,504610164,504610164,227565,0.987119433886864,0.955779817214577,-0.23,-1658.6663955612,-109.504515323442+4459.17026528088i,0.85411253458665-0.0237683949964102i,0.869378739454813-0.039455459015449i,14.4818059862883,0,1,
1335,1,504988634,504988634,227565,0.986942104691408,0.950387169162785,0.25,-1658.7511014374,-793.186158967242-4396.62448676003i,0.849526584586674-0.0117906647194634i,0.866116381711149-0.0513952377527298i,14.3280107943423,0,1,
1336,1,505367105,505367105,227565,0.986763093754274,0.934872000615364,-0.31,-1646.62183547867,1875.18615442648+4081.28777207611i,0.85061854465827-0.0443973538121908i,0.872286393512537-0.0558676412339211i,14.3570547985023,0,1,
1337,1,505745575,505745576,227565,0.983436657174052,0.952246131815991,-0.23,-1662.30289517429,-3318.95500530996-2936.8517993633i,0.842606237474308-0.0158498642810687i,0.866285451668431-0.0548419938467523i,13.5854056036974,0,1,
1338,1,506124046,506124046,227565,0.987264736730947,0.98163866390787,0.0599999999999999,-1652.14668432474,3801.71773661864+2226.53401361015i,0.85520996041817-0.0123814274824721i,0.872893351770832-0.0446467085544384i,14.6245180205742,0,1,
1339,1,506502517,506502517,227565,0.985343444013116,0.859650077652882,-0.48,-1674.85426683429,-4267.30454443095-1515.26605283057i,0.848761923569037-0.0175686969658295i,0.87316145106992-0.0189021765345932i,14.2322531013486,0,1,
1340,1,506880987,506880987,227565,0.986345302024903,0.923433353862873,-0.34,-1653.40716635222,4339.05202218698+1195.07882848014i,0.850438613622264-0.0407337726969768i,0.86665260751911-0.0617394767587111i,14.2161657432196,0,1,
1341,1,507259457,507259457,227565,0.987522019680893,0.972500921695999,0.14,-1646.26638113844,-4415.30275519319-294.192149494388i,0.854101371845105-0.0303201305682992i,0.870220594976954-0.0549415483840173i,14.5554245589974,0,1,
1342,1,507637928,507637927,227565,0.985310388287157,0.862733547844952,0.47,-1681.91872885513,4514.74250402561-292.40048457726i,0.848733518502692-0.0062460409646449i,0.869963529310784-0.0387816298316982i,14.0667347233581,0,1,
1343,1,508016399,508016398,227565,0.985691964206321,0.855706389821839,0.49,-1654.68349449124,-3819.58312133917+2426.28747815376i,0.848938814730944-0.03166240697754i,0.871232585868234-0.0346105351528753i,14.210237262618,0,1,
1344,1,508394869,508394869,227565,0.986928626263293,0.979729103669782,-0.0499999999999999,-1680.42942286194,3303.50100971922-2912.92223543597i,0.857748487317362-0.0075451441747001i,0.872230615372544-0.0237123438214518i,14.6927952968931,0,1,
1345,1,508773339,508773339,227565,0.986025935808875,0.892617830650213,0.41,-1648.28986142188,-2611.69790146641+3687.64546837163i,0.845036985547023-0.0310977063228762i,0.863611219509277-0.050305101344232i,14.0798069760786,0,1,
1346,1,509151810,509151810,227565,0.986932507610811,0.97312048242889,-0.14,-1701.47230738314,1937.09559503345-3979.97918158728i,0.854664402404353+0.00178194048051039i,0.879240373538085-0.0208762156066618i,14.6052078607061,0,1,
1347,1,509530280,509530280,227565,0.987736588192922,0.98257734552444,0,-1679.49093507071,-1603.23837326974+4092.91826895949i,0.854507731568228-0.0188854575557392i,0.872254799873536-0.029685091429949i,14.3830352837207,0,1,
1348,1,509908751,509908750,227565,0.985855675165069,0.854748757461458,0.49,-1648.26546785493,468.472748285683-4502.16372568891i,0.848175189803966-0.0184386261566116i,0.868862275947658-0.0667597837655548i,14.1121439382286,0,1,
1349,1,510287221,510287221,227565,0.987417038380871,0.980796923830225,-0.0499999999999999,-1655.88700838185,355.249661759572+4390.17021271406i,0.855588805556602-0.0420279667831068i,0.874216749134549-0.0761219403078844i,14.7398721819299,0,1,
1350,1,510665692,510665692,227565,0.98734413961609,0.969264993191306,-0.17,-1642.00094072775,-2085.86476031442-3915.51926085156i,0.854839104701374-0.0333066051170885i,0.870880540123148-0.0359361140843218i,14.6256385638343,0,1,
1351,1,511044162,511044162,227565,0.986419958685138,0.933595926903056,0.31,-1712.97038823893,2668.4289434294+3607.70227113508i,0.849907212242211+0.0199110121296972i,0.874185577452-0.000696237178625586i,14.1553334628969,0,1,
1352,1,511422633,511422633,227565,0.986839619362683,0.952449748429039,-0.25,-1674.71343708134,-3506.71069636147-2769.40476651461i,0.853382611735917-0.0285840898159755i,0.867889083681495-0.0388301319094813i,14.4563138285747,0,1,
1353,1,511801103,511801103,227565,0.986473887242482,0.954634105999611,0.24,-1644.62558816035,4099.03859212223+1767.72779194755i,0.848895576137117-0.0207632928232399i,0.865936119554262-0.0612336030514631i,14.395530605915,0,1,
1354,1,512179573,512179573,227565,0.986453216085585,0.905839762782595,0.38,-1666.97287158101,-4232.48251522581-1556.05656867659i,0.847808571938859-0.0385695200749238i,0.870533582485261-0.057599476196569i,14.0964650628848,0,1,
1355,1,512558044,512558045,227565,0.985040498973477,0.887223530149624,-0.43,-1673.96694229014,4442.39844940969-782.978537971943i,0.846438352173774-0.0268252153265199i,0.864095961411791-0.0273898694441535i,13.8980627144599,0,1,
1356,1,512936515,512936514,227565,0.985603899409939,0.854526747625944,0.49,-1684.03456882292,-4491.15853462326+569.996739663659i,0.847720542832794+0.0105683839599935i,0.871292153390642-0.0165097922774669i,14.1155391844745,0,1,
1357,1,513314985,513314985,227565,0.986701541238198,0.961134697871321,0.21,-1644.29932761506,3939.25527911456-2072.1175509879i,0.852599610926231-0.0120378044738678i,0.875677507423364-0.0463925640454698i,14.512149683675,0,1,
1358,1,513693456,513693456,227565,0.986859881800763,0.918233861545982,-0.35,-1695.47289545627,-3551.44228174528+2773.05306827695i,0.850691732750163-0.0353601660132856i,0.86901702096593-0.0287848630162604i,14.3440322322798,0,1,
1359,1,514071926,514071926,227565,0.986144470817598,0.933298346759772,0.31,-1661.79888392591,2400.47630446109-3793.54331468918i,0.848992368104962-0.000553224997799719i,0.867086304218377-0.0215476116759354i,14.2222065449078,0,1,
1360,1,514450397,514450397,227565,0.98818435069279,0.982852885706472,0,-1642.74847073551,-1065.81819412184+4267.57069227785i,0.855895317364027-0.0148268489479666i,0.878548383804088-0.0291223392118433i,14.7054209520324,0,1,
1361,1,514828867,514828867,227565,0.986187263014687,0.916007996076712,0.36,-1626.80432805799,395.257697988121-4490.06582847412i,0.846762196250572-0.0249954092829613i,0.86857766539552-0.078178395290019i,14.3141628993451,0,1,
1362,1,515207338,515207338,227565,0.986356541211255,0.928512526865983,-0.32,-1682.94925617864,51.6381824991635+4494.9907155583i,0.851797555395376+0.00432361277641938i,0.868337541033458-0.0142060227244377i,14.3530969624331,0,1,
1363,1,515585808,515585808,227565,0.987506345299821,0.981474301099958,-0.0399999999999999,-1676.05826793034,-686.822280166356-4346.47972958733i,0.857216360440219-0.00141518505170215i,0.87890532894506-0.0194349931436821i,14.6564580543063,0,1,
1364,1,515964279,515964279,227565,0.986389611865581,0.875501033994355,-0.45,-1663.82500606534,1938.07556239557+4088.32836144851i,0.847520382651273-0.0179040140652893i,0.865883480457412-0.0373491672164162i,14.1381600840595,0,1,
1365,1,516342749,516342749,227565,0.987368840506727,0.975245530325094,-0.12,-1639.98089677493,-2527.74661450757-3626.00208950579i,0.856115187882378-0.0437277106071663i,0.871739900625322-0.0416431390579246i,14.7105519049127,0,1,
1366,1,516721220,516721219,227565,0.985328507180254,0.863016866041887,0.47,-1674.08915168116,3267.13846879517+3129.98313025788i,0.848755687501947-0.0197944303622281i,0.870866710058517-0.0254685639617533i,14.0258446412022,0,1,
1367,1,517099690,517099690,227565,0.986256359310979,0.910283449429875,0.37,-1641.35531100059,-4289.97515947088-1387.8140918523i,0.847694990601401-0.00995407274941758i,0.871856675969948-0.0348038618109475i,14.1705192262642,0,1,
1368,1,517478161,517478161,227565,0.987310467581453,0.967110482109421,-0.18,-1690.30259275003,4388.94197519311+677.294087635573i,0.855134602815401-0.00377291797909392i,0.870332424667544-0.0238584975423276i,14.5844475486241,0,1,
1369,1,517856631,517856631,227565,0.986987632406262,0.972657246031841,-0.15,-1672.27207399947,-4400.4310561506-500.421341837218i,0.8562251028379+0.00192116547915786i,0.868898089631056-0.0358114254866802i,14.5313996019179,0,1,
1370,1,518235102,518235102,227565,0.986903644815086,0.947027111875363,-0.26,-1671.84362939035,4293.93551898002-1249.2321306518i,0.856117062497849-0.0190752362163459i,0.875536056692281-0.00424249048891301i,14.5382065995771,0,1,
1371,1,518613572,518613572,227565,0.987267726432843,0.977100689370114,-0.0999999999999999,-1641.79036247645,-4088.05083657377+1662.6767492392i,0.856896296791124-0.00680401902400004i,0.871455880353227-0.0337353775989393i,14.6801645231049,0,1,
1372,1,518992043,518992043,227565,0.987016880700168,0.98241537822225,0,-1675.08264856324,2960.87933426598-3254.59364649263i,0.85762603094851-0.00989023113736716i,0.880324046985195-0.0446972145619617i,14.7564683470298,0,1,
1373,1,519370513,519370513,227565,0.987017135633045,0.972942503237156,0.14,-1668.405793764,-2703.03839688497+3503.3588337165i,0.85473999770635-0.0128821304104766i,0.877529407029884-0.041685729713889i,14.6255379327696,0,1,
1374,1,519748984,519748984,227565,0.986741301046776,0.937913460612313,-0.29,-1650.29603657408,1599.5401616082-4188.20906167973i,0.852268470583145-0.0213551332449888i,0.866748799503424-0.031170037999806i,14.4352159748083,0,1,
1375,1,520127454,520127454,227565,0.987230403753768,0.963350386571456,0.19,-1657.88042011072,-886.843786277231+4353.06041754612i,0.85249746673672+0.00145789888011371i,0.87010922084937-0.0372694059972506i,14.5195169165111,0,1,
1376,1,520505925,520505925,227565,0.985877955645466,0.912107332245032,-0.37,-1670.58889132835,-44.7181889119213-4506.97605429603i,0.851389374971867-0.00108462312360145i,0.873966229178771-0.0103194956786861i,14.1853528321869,0,1,
1377,1,520884395,520884396,227565,0.982749419433632,0.926366463415808,-0.33,-1646.0959800547,4168.90284817955+1602.49186329706i,0.840543892148263-0.0268718561907745i,0.86555719458856-0.0535778441410638i,13.4816723856732,0,1,
1378,1,521262866,521262866,227565,0.98632770912539,0.881411480382621,-0.44,-1657.32117795095,-2021.25537020439-4047.75483096752i,0.848911795549125-0.0332815516145086i,0.865698302001701-0.0166548894092714i,14.1440074024284,0,1,
1379,1,521641336,521641336,227565,0.98634955823503,0.871491246750655,0.46,-1666.86571449789,3441.9055405174+2940.03432711186i,0.847530361956695-0.00948320635156065i,0.871835203490488-0.021577807491051i,14.1285462359543,0,1,
1380,1,522019807,522019807,227565,0.987311752616654,0.980232558696479,-0.0899999999999999,-1663.59556025918,-3838.89146652987-2175.21447708244i,0.856089483696259-0.0406323239929199i,0.869604346300553-0.0637352534683178i,14.6299217240546,0,1,
1381,1,522398277,522398277,227565,0.987562180763622,0.980045032942166,0.0799999999999999,-1655.68956875776,3959.26050807508+1941.6451782236i,0.856485214616664-0.0133211535247431i,0.87284045421187-0.0354579354387831i,14.6711143964822,0,1,
1382,1,522776748,522776748,227565,0.985931437421927,0.868081222753681,-0.47,-1701.10029314097,-4357.01054223386-1230.70968567034i,0.847751965494441-0.0288779579826439i,0.870150356816214-0.0533626298494401i,14.1432105022961,0,1,
1383,1,523155218,523155218,227565,0.987481288676802,0.983229562113954,0,-1669.80273185335,4399.70121544977-3.68207174068883i,0.857156558915022+0.00955167120014937i,0.870930485016146-0.0200511861482731i,14.6110821417297,0,1,
1384,1,523533689,523533689,227565,0.987182417308472,0.974414229045445,-0.12,-1674.52484615712,-4054.13184875918+1765.60627696288i,0.857400609099295-0.0166020535315477i,0.876666251395498-0.0377066272616779i,14.6959306150057,0,1,
1385,1,523912159,523912159,227565,0.986617909754472,0.916977714931671,0.36,-1696.71861452581,3705.5163298397-2567.72938612162i,0.850139923946554-0.00180760519504924i,0.873055136788009-0.00591740939619664i,14.2865971384109,0,1,
1386,1,524290630,524290630,227565,0.98699744894294,0.962616105022838,-0.2,-1642.18720219694,-2845.29175228145+3418.76154528743i,0.855430914498524-0.0392982218980265i,0.869153584688124-0.0399736659576097i,14.5383302783565,0,1,
1387,1,524669100,524669100,227565,0.987183931715841,0.981925028823737,-0.0399999999999999,-1656.31812204005,2674.57156060262-3497.87205709759i,0.858055655870119-0.013131248244949i,0.878849432233214-0.0368060335358875i,14.6844260702337,0,1,
1388,1,525047570,525047570,227565,0.985736201269515,0.883613352597951,0.43,-1662.13323700762,-1912.28458690181+4098.86933644966i,0.847329503217305-0.0406908002200009i,0.863718801623781-0.042504446909105i,14.0886793850815,0,1,
1389,1,525426041,525426041,227565,0.987404930655044,0.975937725079826,-0.12,-1663.90858817368,1014.35375435832-4303.02478501899i,0.856302191736259-0.0170896104644418i,0.870860509573799-0.0439056346172681i,14.5422726966182,0,1,
1390,1,525804512,525804512,227565,0.98639992240943,0.917602509956214,-0.35,-1645.96320527071,649.359147717927+4458.33447192383i,0.850679068756939-0.0469345718515556i,0.872198523203016-0.0659995905999305i,14.3065961744717,0,1,
1391,1,526182982,526182982,227565,0.987463506903247,0.98186495012191,0,-1702.87578920453,-1078.71516647639-4266.88509564418i,0.859046391072607-0.00767485371017688i,0.880810427649538-0.0212384269469051i,14.796118243428,0,1,
1392,1,526561453,526561453,227565,0.986919783251259,0.934298483549141,-0.31,-1670.28200174208,2557.38003889932+3692.39033752824i,0.852184896275688+0.00919744103762943i,0.867814200297428-0.0099129082921825i,14.2952061256349,0,1,
1393,1,526939923,526939923,227565,0.987252193654459,0.968507234628703,0.18,-1647.4882975081,-3285.43524732317-2989.24509550017i,0.853174913208795-0.0445183777718709i,0.867324361823128-0.053627563726907i,14.4956584512995,0,1,
1394,1,527318393,527318393,227565,0.986169778522671,0.927091776569226,0.33,-1659.04604675912,3521.08207755898+2798.16047116865i,0.850624333839526-0.0331440170027546i,0.873963353775698-0.00320320920541478i,14.2287646442814,0,1,
1395,1,527696864,527696865,227565,0.983340613831209,0.920525036713053,-0.35,-1664.79479415729,-4419.50021175467-686.120077483931i,0.841339314232557-0.02299749976073i,0.858544489226199-0.024178015611162i,13.484975152707,0,1,
1396,1,528075335,528075335,227565,0.985739771846638,0.874154829463495,-0.45,-1662.14268505315,4458.28563486132+760.712007254646i,0.85043477104635-0.0195127330115833i,0.871883850957599-0.0426047041289598i,14.1970894637875,0,1,
1397,1,528453805,528453805,227565,0.986091510055972,0.877302765705033,0.44,-1657.73243852802,-4391.29343895903+1066.44150583273i,0.846922694766294-0.01612738243076i,0.870448314229409-0.0352844500981661i,14.1156660075943,0,1,
1398,1,528832276,528832276,227565,0.986559663326734,0.939225208797707,-0.29,-1684.51229012834,4230.86273966671-1491.06688691926i,0.853153989500001-0.0134120476321967i,0.867975852820142-0.00846225071867145i,14.3886118254341,0,1,
1399,1,529210746,529210746,227565,0.987350321956013,0.965475395774378,0.19,-1654.08429493725,-3726.32000266463+2423.86697404255i,0.852347922579934-0.0300939653460243i,0.874635611214265-0.0362463172443004i,14.5079372166923,0,1,
1400,1,529589217,529589217,227565,0.98629569838679,0.859389284292026,-0.48,-1686.14627771939,3444.19138210232-2939.95034532036i,0.848748757886635-0.0328968326941789i,0.863618745468508-0.0440455967656211i,14.0875549661634,0,1,
1401,1,529967687,529967687,227565,0.986672785112143,0.936733051697997,0.3,-1649.67985230526,-1959.56438589124+4038.4089484461i,0.849755898724156-0.0388204120876714i,0.865965150495489-0.0460720960988469i,14.3411348145832,0,1,
1402,1,530346158,530346158,227565,0.987790792776482,0.97380933816986,-0.14,-1649.90371350546,904.056842681526-4333.83928546043i,0.855630475723058-0.0137202896298927i,0.87762925619569-0.0387883384092674i,14.6698358623825,0,1,
1403,1,530724628,530724628,227565,0.987626938294278,0.958418980376126,0.22,-1685.5995583138,-453.141897467731+4433.67599201781i,0.850227469764394-0.026072679669599i,0.869183123150638-0.0228450006642132i,14.4477288305204,0,1,
1404,1,531103099,531103098,227565,0.985655385276103,0.857533156543926,0.49,-1649.36288384028,-295.400743391622-4518.14076051463i,0.847672681456607-0.034074673912165i,0.870022899674657-0.0603172692746749i,14.0870860976784,0,1,
1405,1,531481569,531481569,227565,0.987731085307698,0.980383430158632,-0.0599999999999999,-1675.64901596882,1025.50842484828+4283.54644946696i,0.857578076570818-0.00294021998701751i,0.879388036956306-0.0388046451067022i,14.781465308295,0,1,
1406,1,531860039,531860039,227565,0.985642592211871,0.891891906589892,0.42,-1676.39626439593,-2059.59285839302-4022.91266050308i,0.849830580605214+0.00142947910275009i,0.863157097982182-0.0168960769374754i,14.1022603480782,0,1,
1407,1,532238510,532238510,227565,0.987042594678628,0.973039932195205,-0.14,-1658.54539684965,2932.29766026619+3316.40981099565i,0.85552960357863-0.0182705403618665i,0.86968864620199-0.0312264053373886i,14.6044661092582,0,1,
1408,1,532616981,532616981,227565,0.986702078254629,0.950472265118266,-0.25,-1660.7470714089,-4003.56209015993-1984.1255433153i,0.853348332148985-0.0339570629695206i,0.876481736749745-0.0399827194752695i,14.5688981059705,0,1,
1409,1,532995451,532995451,227565,0.986639587336106,0.952877844690847,0.24,-1677.93983162931,4327.63218037475+1094.87781998231i,0.85130732921105+0.0142334794193505i,0.874873612571942-0.00968898300025459i,14.4725592780537,0,1,
1410,1,533373922,533373922,227565,0.98625811726402,0.928587288019911,-0.32,-1679.24883642121,-4492.9853437805-153.810720114953i,0.85193186808325-0.00171100432419886i,0.866636847928219-0.0412122303082651i,14.3111836807461,0,1,
1411,1,533752392,533752392,227565,0.987139151693349,0.969130368658569,-0.17,-1630.83889004066,4427.2875720388-280.061656633538i,0.857014055043868-0.00566316402920329i,0.87747996848875-0.0471809479293854i,14.5324262339572,0,1,
1412,1,534130862,534130862,227565,0.986799454861296,0.932286747638822,0.31,-1654.92917088541,-4356.52038902768+1080.16380342206i,0.847633465496788-0.0143020616758564i,0.865777170453082-0.0450742990683728i,14.1778932688909,0,1,
1413,1,534509333,534509333,227565,0.983034798361539,0.898678333498277,0.4,-1651.55391615869,3297.29677965729-3039.81805380853i,0.839267077331123-0.0229357815259322i,0.857278720190699-0.0543063457919011i,13.383213861969,0,1,
1414,1,534887804,534887804,227565,0.981570794187849,0.94968242551,0.24,-1660.47875117801,-2411.09873924827+3707.07006586541i,0.83426744848389-0.0289811007398003i,0.863276155152552-0.049426965683703i,13.0664292610434,0,1,
1415,1,535266274,535266274,227565,0.987370391087588,0.976222306006341,0.13,-1697.33157969631,2330.96205899516-3758.20271134669i,0.855354371940033-0.00495814713177739i,0.870031874219318-0.010126165711849i,14.4934504569589,0,1,
1416,1,535644745,535644745,227565,0.985283407734627,0.886708441071593,-0.43,-1652.60335844823,-1266.30336423909+4338.7115998779i,0.848294543122299-0.0475756398415712i,0.870310641774368-0.0674274688180361i,14.0879279580326,0,1,
1417,1,536023215,536023215,227565,0.987690522701195,0.98200785940233,0.0499999999999999,-1660.18207584638,375.704574027865-4389.1164307188i,0.856981420949722-0.0187859183046751i,0.879428332275958-0.0287718297762761i,14.8374740006439,0,1,
1418,1,536401686,536401686,227565,0.987726826508262,0.980634335139451,-0.0699999999999999,-1682.7201756057,1357.83107962552+4193.54791276601i,0.857611633229226+0.00223109477093082i,0.872031652342714-0.0231310994181101i,14.6755057947082,0,1,
1419,1,536780156,536780156,227565,0.986567300637926,0.899710142083231,0.4,-1655.67809951037,-2269.34437973292-3904.91634664937i,0.8482420694881-0.0173224838276066i,0.871894340981974-0.0321875308394478i,14.1842368314651,0,1,
1420,1,537158627,537158627,227565,0.987158713004528,0.971308944463866,-0.15,-1688.67227854687,2767.56103906157+3459.42748386223i,0.855423206042062-0.0299826169301299i,0.871956047320525-0.0200381112873425i,14.5762700249702,0,1,
1421,1,537537097,537537097,227565,0.987737297089282,0.984188011153119,0,-1680.71321286484,-3011.84983383836-3203.30966565475i,0.85595075835073-0.017510220735805i,0.871913768905398-0.0192924566808076i,14.5572290061268,0,1,
1422,1,537915568,537915567,227565,0.985328133914,0.864311930717187,0.47,-1676.732405903,3752.19865184156+2530.43579887974i,0.847389339298289-0.0203822975105868i,0.868655857595042-0.0666667062873784i,14.1046047179226,0,1,
1423,1,538294038,538294038,227565,0.986672580669978,0.978953812149818,-0.0699999999999999,-1667.64514704316,-4153.88489666375-1472.6813457362i,0.858450148858482-0.0149964621420231i,0.879120695728935-0.0346899223313175i,14.7664996786527,0,1,
1424,1,538672508,538672508,227565,0.986474007666311,0.897593877126879,0.4,-1685.15606826349,4451.58651513932+759.490314940711i,0.847921842820564-0.00271179653240069i,0.864451439828652-0.0400762080639634i,14.066727144532,0,1,
1425,1,539050979,539050979,227565,0.986119084495253,0.937266505271839,0.3,-1681.86631681754,-4339.39255768217+1145.44245956376i,0.848642416024019+0.0229548828491683i,0.867857307243127-0.0016615754606824i,14.2713612355016,0,1,
1426,1,539429450,539429450,227565,0.98703523778328,0.948387207583417,-0.26,-1661.02756792084,3922.08686813643-2120.18491018074i,0.852436989742551+0.0136408469455729i,0.875020565959145-0.0222772901206859i,14.5788261973185,0,1,
1427,1,539807920,539807920,227565,0.986582972109086,0.957101969405543,0.22,-1674.59461782402,-3386.88621447192+2859.8952414358i,0.85171239330951-0.00698136858011971i,0.867713786915114-0.0185643631161786i,14.3706679421374,0,1,
1428,1,540186390,540186390,227565,0.986025730129926,0.910574793294107,0.37,-1665.91503700505,3148.07442896223-3199.58658778244i,0.849073762003543-0.00655710323002465i,0.872842608077174-0.027821756148204i,14.180142835309,0,1,
1429,1,540564861,540564861,227565,0.987302103357931,0.965174616349467,-0.19,-1662.72799294256,-2370.1353148763+3735.26528430741i,0.853732488300128-0.0225240467500289i,0.877853659820673-0.0277893035010262i,14.5387198231684,0,1,
1430,1,540943332,540943332,227565,0.985986201422502,0.894286936883284,-0.41,-1677.37406902184,939.646748247656-4400.64692247845i,0.850933193851785-0.0145339038506629i,0.866373995124774-0.0107227850226767i,14.1688383387092,0,1,
1431,1,541321802,541321802,227565,0.987717603122877,0.979868483454834,0.0599999999999999,-1667.72881374177,68.6415036799329+4385.40439037572i,0.856574009472626+0.00623545095442907i,0.873963278515304-0.00379737522637511i,14.7129894269168,0,1,
1432,1,541700273,541700273,227565,0.98580487532765,0.912441238530816,-0.37,-1666.9589440209,-1227.90047005582-4319.00971066303i,0.851126232424184-0.0127117561781445i,0.871812572196946-0.0176263143357207i,14.2257354396009,0,1,
1433,1,542078743,542078743,227565,0.987458179694941,0.982382336088193,0,-1677.51152635333,1771.37186750271+4007.16887951085i,0.859450503923602-0.00240343465540528i,0.882383843726589-0.0282430827962541i,14.8255079626823,0,1,
1434,1,542457214,542457214,227565,0.986634015341915,0.945982264804342,-0.26,-1694.51827269945,-3015.08756701173-3302.67430607889i,0.853959179538639+0.0162724658119259i,0.869187461458634+0.00776789826098272i,14.4983036138731,0,1,
1435,1,542835684,542835685,227565,0.982470709194544,0.906787239027019,-0.38,-1666.2630787429,3949.28238444713+2094.79773325327i,0.836871437938015-0.0352440872670009i,0.864668591910263-0.024873762296371i,13.2376732406503,0,1,
1436,1,543214155,543214155,227565,0.987911578759506,0.979922291376464,-0.0899999999999999,-1669.01660148266,-4233.70438595967-1243.88472921428i,0.857571554842857-0.0278592753267964i,0.872180503303022-0.027453753057648i,14.66821870329,0,1,
1437,1,543592625,543592625,227565,0.987312293846816,0.980795404159527,-0.0599999999999999,-1662.62853806385,4181.91683129085+1386.43349570626i,0.857477298276855-0.000350077361659156i,0.87309983248745-0.0378062070051716i,14.7290323847933,0,1,
1438,1,543971096,543971096,227565,0.986030874565449,0.866639028096061,-0.47,-1654.33218831203,-4519.43916512251-268.454813233323i,0.849461071580052-0.0143037764065097i,0.872445547615493-0.0337382728313649i,14.2060850088016,0,1,
1439,1,544349566,544349566,227565,0.987151224093879,0.96462325012182,0.19,-1669.0106960521,4336.85872974159-973.268019188368i,0.852621935327718-0.0172300186231348i,0.87684558835712-0.0284346328894109i,14.5478952105638,0,1,
1440,1,544728036,544728036,227565,0.985874253527178,0.871983245195266,0.46,-1657.0595107032,-4189.25306544028+1713.09485524785i,0.849636998851689-0.0224099344399689i,0.864540106846931-0.0421506819461824i,14.1026304323102,0,1,
1441,1,545106507,545106507,227565,0.987810396567529,0.979145336660669,-0.0899999999999999,-1655.9675640224,3693.224888634-2416.873854694i,0.856447121038577-0.00764118692801905i,0.872917645994361-0.0275505645402927i,14.72525908756,0,1,
1442,1,545484978,545484978,227565,0.987146853269338,0.962982273016274,-0.2,-1684.33091545104,-2527.5919995648+3664.45267916103i,0.853814412917058+0.0178487510611451i,0.877078091498408-0.00585928327953357i,14.5588167640065,0,1,
1443,1,545863448,545863448,227565,0.987566534839244,0.982469793304732,-0.0399999999999999,-1683.74448489277,2228.51067502402-3798.91646011133i,0.85734212217033-0.000681899309694813i,0.873327220023094-0.00462680273439933i,14.6264897600988,0,1,
1444,1,546241919,546241919,227565,0.987089479887924,0.944365303754999,-0.28,-1655.97512156171,-728.491004537941+4424.36824950515i,0.853377337756216-0.0440873422794361i,0.871892015705191-0.0711551228687576i,14.5126947949867,0,1,
1445,1,546620389,546620389,227565,0.9872512601787,0.975606906752087,-0.12,-1677.70257205281,408.67971522677-4403.72909014235i,0.856762636687724+0.00197963658690977i,0.879336331043979-0.0283510256118523i,14.6909551811642,0,1,
1446,1,546998859,546998859,227565,0.986102248294239,0.916659276529079,0.36,-1671.12906766949,544.90713326444+4475.07180350369i,0.849930408117935-0.0233099865916868i,0.865999409096449-0.0372471861415345i,14.14861197381,0,1,
1447,1,547377330,547377330,227565,0.987004337924122,0.962748360141298,-0.2,-1675.53453377978,-1444.72064840156-4208.45233854973i,0.856445622200281-0.0225403542198134i,0.877842450142102-0.0174215620334114i,14.5981487177934,0,1,
1448,1,547755801,547755801,227565,0.986674391346669,0.933313216606771,-0.31,-1676.85726555829,3093.34089244313+3261.12222968904i,0.851845348765041-0.0299811860482731i,0.867285267365452-0.0269216600615605i,14.3580963084895,0,1,
1449,1,548134271,548134271,227565,0.987285326848041,0.966297797023433,0.18,-1652.41585913186,-3728.86218322898-2414.04114538047i,0.853060305887005-0.00231475348995906i,0.868927285997617-0.0356132618512261i,14.5384041671337,0,1,
1450,1,548512742,548512742,227565,0.986244141324516,0.906301353120163,-0.38,-1659.17533964339,4164.50124765632+1740.84018741049i,0.850703022234268-0.0246684054021671i,0.868592956354597-0.0688766665335572i,14.2612589360712,0,1,
1451,1,548891212,548891212,227565,0.986329162723431,0.897619704503738,0.4,-1661.16927639466,-4517.22738830383-21.4896036233625i,0.8482119516097-0.0270178955755964i,0.863077436248205-0.0411346830940896i,14.1658670107598,0,1,
1452,1,549269682,549269682,227565,0.986710441485131,0.951633979890818,0.25,-1660.59014376779,4440.62718355036+486.262851797833i,0.851019071125757-0.00828079445810333i,0.872596361310758-0.0394736704545066i,14.357215901061,0,1,
1453,1,549648153,549648154,227565,0.984621529578837,0.854741307748967,-0.5,-1663.96368444185,-4112.98654766357+1852.18941133172i,0.842490814098038-0.0444232311755614i,0.86912503385366-0.0276196505559516i,13.7411598253554,0,1,
1454,1,550026624,550026624,227565,0.98742504345913,0.97743427136915,-0.0999999999999999,-1675.38710809751,3567.45061673174-2604.58760620471i,0.857151779594393-0.00681745662466112i,0.871298320093308-0.0398806828552692i,14.7119695349957,0,1,
1455,1,550405094,550405094,227565,0.987202190460414,0.981299739100243,0.0599999999999999,-1680.05715781214,-3444.23056333847+2748.33421056223i,0.85573165801113-0.0228478520749795i,0.870713505016563-0.032536518259451i,14.5993037998367,0,1,
1456,1,550783565,550783565,227565,0.985907659475968,0.860225321618924,-0.48,-1675.10509965011,2872.15560237835-3503.15316639692i,0.848476192850719-0.0147461690392166i,0.869911499575444-0.0286064030714405i,14.1980975312343,0,1,
1457,1,551162035,551162035,227565,0.987547704095595,0.982995543884777,0,-1676.91307466805,-1821.65816956473+4005.98364255886i,0.860276277465838-0.0275988753180982i,0.879113882216081-0.0361415714123183i,14.8544338709039,0,1,
1458,1,551540505,551540505,227565,0.986129679047033,0.878347897057711,0.44,-1673.12952272384,1126.7119506611-4381.42819480697i,0.848001883350761-0.00567765432154248i,0.864696210151053-0.0290449950876636i,14.0521207090847,0,1,
1459,1,551918976,551918976,227565,0.986426888217336,0.921417944594309,0.34,-1671.67337498155,738.908884433194+4440.31754419489i,0.847972539921274-0.0344002159522581i,0.871700471852139-0.0251954327654093i,14.2059260599009,0,1,
1460,1,552297447,552297447,227565,0.9868256302595,0.959920208110339,-0.22,-1667.77221965001,-1670.08606143161-4132.58805688508i,0.85584576581297-0.015502322882131i,0.869541398092106-0.0399890193770686i,14.5267088210674,0,1,
1461,1,552675917,552675917,227565,0.986911337336114,0.946746707320981,0.27,-1683.14570931225,2387.64141037289+3785.64386588144i,0.850789477087313-0.0195315584282087i,0.867969301307891-0.0329831034544297i,14.3277151260507,0,1,
1462,1,553054387,553054387,227565,0.986530760706379,0.936283034361299,0.3,-1666.00606046432,-2646.33301183283-3621.98992676321i,0.849522721215074+0.00550203263059477i,0.87484229963795-0.0245515530835469i,14.2596655494134,0,1,
1463,1,553432858,553432858,227565,0.987685657544473,0.973626959761496,-0.14,-1655.33795770052,3441.07506500212+2775.05203226524i,0.856178689883317+0.00509075357603795i,0.878454126292395-0.0178079829058119i,14.5487836198777,0,1,
1464,1,553811329,553811329,227565,0.986122698493939,0.912073734915018,-0.37,-1661.69503373195,-4279.16163800636-1409.29360730492i,0.850056601047282-0.0232798316920961i,0.864379350193966-0.0168118173517237i,14.2733436762703,0,1,
1465,1,554189799,554189799,227565,0.986305562943584,0.9532334959217,0.24,-1674.09141826725,4450.08960746158+295.542523357111i,0.851704300588164-0.031702677501553i,0.86748258564207-0.0198848270287045i,14.388363593837,0,1,
1466,1,554568269,554568269,227565,0.985946230605061,0.9027796990293,0.39,-1650.41812541452,-4510.66290170657+84.0880608123316i,0.849352611343424-0.00763575497568084i,0.870380411358795-0.0584186492371102i,14.2099492277219,0,1,
1467,1,554946740,554946740,227565,0.987733300011203,0.969532717812765,0.16,-1629.79901868636,4118.76910817554-1632.77727443217i,0.85474302867524-0.0305811311539776i,0.869653601600598-0.0429379107491931i,14.5774517042898,0,1,
1468,1,555325210,555325211,227565,0.986210465105009,0.980083800362409,0,-1697.28366797065,-3561.94267682939+2565.17657647112i,0.846872358225494+0.0122014554494495i,0.874114828636653-0.00269833366717065i,14.1192808941543,0,1,
1469,1,555703681,555703681,227565,0.987045095114006,0.951492342491314,-0.25,-1692.44062704229,3689.42021515457-2517.8264340825i,0.854521401622999-0.00222496314111845i,0.876407097869986-0.0268488881512856i,14.4690279287743,0,1,
1470,1,556082151,556082151,227565,0.986723866945301,0.953168105413983,0.24,-1671.65793853664,-2889.67894422032+3402.77812389604i,0.850877831503426-0.0107313237373308i,0.868531973395636-0.0278078793765417i,14.4040922329961,0,1,
1471,1,556460622,556460622,227565,0.98220407488809,0.975828302069078,0.0599999999999999,-1672.43678066084,2114.89352714201-3835.59540279135i,0.838485050594555-0.0206121003936625i,0.859844610294234-0.0375913863249939i,13.2711808655805,0,1,
1472,1,556839093,556839093,227565,0.985887419100238,0.886928328755907,-0.42,-1660.41736667894,-494.956562155829+4495.37649266556i,0.850515539914311-0.00765912027580699i,0.869864086870703-0.0499988136890849i,14.2360288472477,0,1,
1473,1,557217563,557217563,227565,0.987617100455753,0.982034856521507,0.0499999999999999,-1667.17739608597,-375.444836034201-4387.26883403276i,0.857214700831973-0.0246813795397433i,0.879271035112427-0.023653522594258i,14.7574565685662,0,1,
1474,1,557596034,557596034,227565,0.986048037617908,0.85192821133961,-0.5,-1696.82712184719,1200.46302653491+4364.61332572424i,0.848546245473855-0.00661208811590771i,0.863436069844908-0.0152090905661652i,14.0477741205886,0,1,
1475,1,557974504,557974504,227565,0.987114029978846,0.981507178274834,-0.0399999999999999,-1676.35084661874,-2047.35059380108-3893.63808092797i,0.858437451187872-0.0103068862929277i,0.879266861777332-0.0281784961774725i,14.659988889909,0,1,
1476,1,558352975,558352975,227565,0.987301175519646,0.971714817423441,-0.15,-1669.36767012295,3551.59998947733+2648.59429031479i,0.856666736865964+0.00478370350082586i,0.872687422116094-0.0188189386883026i,14.6008413053972,0,1,
1477,1,558731445,558731445,227565,0.987466998408949,0.962201036881973,0.21,-1671.42461926012,-3898.78906282419-2149.00442479523i,0.852970098772021+0.0204785581685809i,0.870583584872024+0.00310649328387595i,14.4970879394769,0,1,
1478,1,559109916,559109916,227565,0.987091613693475,0.955810074257892,-0.23,-1665.98857971899,4368.3323723057+906.991472909749i,0.854251407389167-0.0312686083036686i,0.876866455489535-0.0299694275652404i,14.6367909577364,0,1,
1479,1,559488386,559488386,227565,0.987042012269075,0.979033194727216,-0.0699999999999999,-1678.46230121205,-4349.62362052037-704.477704240592i,0.858855966850243+0.0103600494194953i,0.871665963259504-0.0169415010414562i,14.6788489275297,0,1,
1480,1,559866856,559866856,227565,0.986391623526495,0.898044998510527,0.4,-1653.19421342679,4502.56953413888-342.044264321274i,0.846774600729483-0.0241956853574135i,0.869821485773484-0.050739070634061i,14.1131532104107,0,1,
1481,1,560245327,560245327,227565,0.987209370957456,0.967216538154872,0.17,-1683.80288304753,-4070.84538456864+1765.04582264306i,0.854764647106441-0.00415471020815708i,0.878144604782344-0.0168358581270835i,14.5596318761098,0,1,
1482,1,560623798,560623798,227565,0.986985949361953,0.948508581034068,-0.26,-1652.37910440378,3376.19712815236-2932.31617500261i,0.853722345057324-0.0316301260915681i,0.866115354370411-0.0488925640812424i,14.445969164141,0,1,
1483,1,561002268,561002268,227565,0.986748876284675,0.958321197059246,0.22,-1670.3255822691,-2917.6061919632+3364.79103485254i,0.849955288025315-0.0201131047211352i,0.876803937407535-0.0233036679582986i,14.3972646454061,0,1,
1484,1,561380739,561380739,227565,0.986669752597993,0.92353876756306,-0.34,-1668.10790204027,1974.98191354412-4043.96940379335i,0.850865047755778-0.0153556023058679i,0.864989355623741-0.0451228461285489i,14.3200661641666,0,1,
1485,1,561759209,561759209,227565,0.986678196955428,0.934166369420213,-0.31,-1653.67725658779,-1936.87033640288+4048.87326041752i,0.85185339022596-0.0307242274823969i,0.865405513590532-0.0414028550154547i,14.265663155465,0,1,
1486,1,562137679,562137679,227565,0.98637968901816,0.935714251491566,0.3,-1666.92338992772,902.197394217282-4392.8040196898i,0.850339405979912-0.0112426634649867i,0.872073273636169-0.0526759840823946i,14.2758290345536,0,1,
1487,1,562516150,562516150,227565,0.986944992796599,0.948201383171825,-0.26,-1674.16131740675,170.836617060823+4467.21180550779i,0.855235552027934-0.0185844497714853i,0.875779653388865-0.0331121790846687i,14.4531639860319,0,1,
1488,1,562894620,562894620,227565,0.987376472139173,0.958462729478805,0.22,-1662.95128898031,-1044.94980641521-4331.1597301275i,0.85178913976463-0.0320261718444285i,0.868999480970145-0.0135114094851613i,14.3807986561969,0,1,
1489,1,563273091,563273091,227565,0.987144635673008,0.974976903698429,0.11,-1701.08642959542,2578.15986711012+3584.68809108345i,0.852183582072444-0.0011318864234078i,0.869377280733794+0.00107355961152718i,14.4959214840382,0,1,
1490,1,563651562,563651562,227565,0.985805947578333,0.880604718362466,-0.44,-1663.09633410161,-3416.95899519987-2963.37532977544i,0.849944455564019+0.00463334980278661i,0.871985213939591-0.0286780724212453i,14.1554567441385,0,1,
1491,1,564030032,564030032,227565,0.987390950616339,0.982963499165978,0,-1667.14447076056,3739.59066474351+2303.94350554057i,0.853565729741251-1.65127232983853e-05i,0.870607501652677-0.0286176211954016i,14.40088882379,0,1,
1492,1,564408502,564408502,227565,0.986142778695799,0.909523589071982,0.37,-1660.86218923208,-4198.4126066423-1646.01464186475i,0.847889437929202-0.0501707438939353i,0.870422285060652-0.0572159222986321i,14.227687553077,0,1,
1493,1,564786973,564786974,227565,0.981862983056805,0.866138024770522,-0.47,-1657.22813672667,4463.74741818499-456.480516188637i,0.839108927367023-0.022495096298278i,0.864285987326943-0.045697394357313i,13.2266460981583,0,1,
1494,1,565165444,565165444,227565,0.987525953000866,0.968739787814112,-0.17,-1656.22218171561,-4189.99445478443+1466.18235323209i,0.856216238384469-0.00641521757237554i,0.870772081032002-0.0395950332407546i,14.6666015571014,0,1,
1495,1,565543914,565543914,227565,0.986507445649223,0.946082827586761,-0.26,-1675.40823997573,4337.35842067966-1088.00918350016i,0.8519059933042-0.0242714538057551i,0.868893151779204-0.0228935650990253i,14.3442064396293,0,1,
1496,1,565922384,565922384,227565,0.986159579141616,0.921057404226757,0.34,-1654.68891388879,-3905.72807096418+2234.15368649862i,0.848822937832173-0.0151300754590792i,0.870980926491395-0.0383493534358177i,14.1437555555868,0,1,
1497,1,566300855,566300855,227565,0.987301133135148,0.978113745644921,-0.0899999999999999,-1639.87492624185,2999.93814846844-3235.89043742815i,0.856664132388649-0.023771437058104i,0.878523006158089-0.0519929681361554i,14.7537688737635,0,1,
1498,1,566679325,566679325,227565,0.986542765516355,0.947367251646124,0.27,-1680.4899358951,-2623.96786890302+3626.50434906545i,0.852204734304949+0.00351537560984063i,0.870122566389291-0.0304440345605236i,14.3731832386654,0,1,
1499,1,567057796,567057796,227565,0.986826284562301,0.941639805254423,0.28,-1654.99069434865,541.708185555899-4447.40774147078i,0.849910187808463-0.0225326112636944i,0.872630091042915-0.0412935710970886i,14.3423571783461,0,1,
1500,1,567436266,567436266,227565,0.986986859494136,0.964148503258761,0.19,-1662.54702048862,-741.616885417045+4382.50631648953i,0.854685964824117-0.00375888431924166i,0.871152394954818-0.00371377884934596i,14.4659910174092,0,1,
1501,1,567814737,567814737,227565,0.987311308513384,0.96177421869983,0.21,-1664.74503556574,-1359.21724171473-4242.88198876904i,0.852116731743875-0.0333546344871682i,0.868562220994206-0.0381687576002416i,14.5435390290212,0,1,
1502,1,568193207,568193207,227565,0.987069879777171,0.953910490585958,0.24,-1643.65445049312,1510.55783106896+4202.68459979014i,0.852888974214754-0.00559849664657654i,0.875329322086528-0.0470754317534624i,14.5104127092054,0,1,
1503,1,568571678,568571678,227565,0.987109434395133,0.963681977560318,-0.2,-1667.76857763087,-2377.43491794068-3760.75713779025i,0.855525935709231-0.0208730676965852i,0.877031877208008-0.044779323966577i,14.5893941253962,0,1,
1504,1,568950148,568950148,227565,0.986207130427681,0.940538993220899,0.28,-1654.01710209825,3193.10579932714+3142.00695747461i,0.849459620636339-0.0195762041844278i,0.86700107832076-0.0465654207637205i,14.2931071350434,0,1,
1505,1,569328619,569328619,227565,0.986577477301517,0.944118523627639,-0.28,-1672.97074950599,-3728.19338452169-2487.64747405071i,0.852449959197879-0.0404823128988686i,0.868011182848467-0.0475717134721143i,14.4003196250048,0,1,
1506,1,569707090,569707090,227565,0.986362364214885,0.906975958002026,-0.38,-1653.24285653022,4435.16288390669+840.151100224056i,0.850702211915999-0.0291731644960789i,0.872887614529636-0.0596880773786878i,14.2795734499891,0,1,
1507,1,570085560,570085560,227565,0.988207087664116,0.979685462004411,0.0899999999999999,-1662.42241670552,-4407.98153167316+196.884095687913i,0.85467445803639+0.00787735731983632i,0.872623877269383-0.00698946861175471i,14.6728081565905,0,1,
1508,1,570464031,570464031,227565,0.98578605563334,0.873739594222495,-0.45,-1666.18240592596,4412.04826940376-1013.63864679594i,0.849102129983178-0.0399400538172626i,0.871399551704904-0.0217722482654184i,14.1385964308628,0,1,
1509,1,570842501,570842501,227565,0.986849447920452,0.974542414682912,-0.12,-1671.16522511465,-4099.4771644521+1657.21898158498i,0.858323655999134-0.000483822529955486i,0.877580089293666-0.0351178361640998i,14.7005301792719,0,1,
1510,1,571220971,571220971,227565,0.986841402710538,0.966222514158582,0.18,-1642.02302244649,3802.10895649021-2295.03067157913i,0.853391322568613-0.0412628955470503i,0.869984982940868-0.0564018551328144i,14.5349217329087,0,1,
1511,1,571599442,571599442,227565,0.984975589640278,0.909287378558042,0.37,-1680.62013315274,-2205.37254202497+3920.65448071566i,0.843670901814631+0.00479330906159614i,0.869600259778867-0.021699164833562i,13.9124602210735,0,1,
1512,1,571977912,571977912,227565,0.985536526943414,0.896383898613715,0.4,-1661.69714454455,2176.41746386763-3958.61695967726i,0.847731889032297-0.0314911590413477i,0.864062012702757-0.0335252696039336i,14.0858738077328,0,1,
1513,1,572356383,572356383,227565,0.987041034937084,0.982183561491308,0,-1658.54481473917,-1058.22465265122+4272.24926892971i,0.85982315037062-0.0205746515811464i,0.870758741162498-0.0584491627189313i,14.701032767792,0,1,
1514,1,572734853,572734853,227565,0.985967870213608,0.877541679799778,0.45,-1626.38948472992,-1.51642674409695-4526.87797787381i,0.849111692558017-0.0166962950049934i,0.869101415130348-0.0642869871476935i,14.1623417398461,0,1,
1515,1,573113324,573113324,227565,0.9870065340722,0.977486055040086,-0.11,-1641.96814876623,814.684837099099+4341.28971085837i,0.856891049307125-0.0167591327812108i,0.871285652018029-0.0380363313377728i,14.6582428185132,0,1,
1516,1,573491795,573491795,227565,0.987118049016355,0.959197967064112,-0.22,-1669.84703291233,-2608.58694306418-3614.75598001333i,0.853724772248558-0.006264678072997i,0.877209011648998-0.0330215946471574i,14.5974667910874,0,1,
1517,1,573870265,573870265,227565,0.987490601351115,0.946892939748664,0.27,-1671.70597640193,3279.24515855296+3047.73175135203i,0.85028945782364-0.033368194408386i,0.872505247498781-0.0343097570363727i,14.4519783733488,0,1,
1518,1,574248736,574248736,227565,0.986478344303547,0.938206692179186,-0.29,-1654.43365469923,-3870.9474419328-2265.7097611569i,0.853411238107645-0.0209679481119608i,0.866423661570404-0.0556541154407927i,14.4546875108761,0,1,
1519,1,574627206,574627206,227565,0.987454847611044,0.964784759133007,0.19,-1670.54274326954,4179.61149769308+1513.64244194835i,0.852754496093524-0.0349163647270211i,0.86942696711343-0.0188804374513016i,14.4643155673612,0,1,
1520,1,575005676,575005676,227565,0.98654574423554,0.922829760263798,0.34,-1643.43546593979,-4335.18253566006-1210.22829309291i,0.84864691204341-0.00706316610504982i,0.871873493341973-0.00589213977345394i,14.1988212961947,0,1,
1521,1,575384147,575384147,227565,0.986740290131788,0.959350233092167,-0.21,-1659.01499925506,4444.97735093704+277.413288796178i,0.856422423882281-0.0234038920822026i,0.875662628780245-0.0422141846161542i,14.6050866539711,0,1,
1522,1,575762617,575762617,227565,0.986301428001646,0.945543882907587,0.27,-1668.41036068939,-4450.44556496743+469.109213240661i,0.849873899877936-0.0370906655030197i,0.868266060047885-0.0302650869100349i,14.3051806398287,0,1,
1523,1,576141088,576141088,227565,0.987150100414264,0.970051006363825,0.16,-1653.44316641114,3788.31027634388-2304.27783937495i,0.854303340963158-0.0524771463471367i,0.875880059204341-0.0497282456445716i,14.6826045453518,0,1,
1524,1,576519559,576519559,227565,0.986100049033351,0.900386259024383,-0.4,-1667.50001844658,-3339.18724860389+3044.05060689032i,0.850071148705672-0.015848292478678i,0.865051906442602-0.0250559735443579i,14.2176554057941,0,1,
1525,1,576898029,576898029,227565,0.986252658408024,0.912637870272024,-0.37,-1654.91361055402,3130.24125722251-3246.90814092167i,0.850814132540499-0.0186535552873984i,0.867226836221596-0.0172516954366503i,14.2262314231745,0,1,
1526,1,577276499,577276499,227565,0.986761695114799,0.954400918649377,0.24,-1668.3397081348,-2268.08318501529+3844.8258754628i,0.852851033372974-0.0141681926101381i,0.875610872799921-0.025767063839594i,14.4721181962999,0,1,
1527,1,577654970,577654970,227565,0.985574442523253,0.923784997999101,0.33,-1669.58365151352,221.530568963182-4483.78437705589i,0.846632598429944+0.0138118257245332i,0.863608292470626-0.0174971711395849i,14.1003379925168,0,1,
1528,1,578033440,578033440,227565,0.987390605420164,0.970105813665819,0.16,-1644.62246215867,-459.580345212816+4404.24999493167i,0.853711180031122-0.0243069678736949i,0.877514109241526-0.0443885781339251i,14.6827138397775,0,1,
1529,1,578411911,578411911,227565,0.987380432405299,0.979359842586309,-0.0899999999999999,-1664.92179072426,-1023.87923115915-4284.98587905764i,0.856496609673798-0.00842772658048114i,0.878190717751183-0.03210407764301i,14.6982318346391,0,1,
1530,1,578790382,578790382,227565,0.985746538451337,0.852377869929945,-0.5,-1672.55566945491,2083.22308927405+4013.79668382107i,0.846304679240352-0.0264120499511259i,0.864247468567928-0.0392238577921176i,14.1051209420823,0,1,
1531,1,579168852,579168852,227565,0.986906809877321,0.942171541178637,0.28,-1665.76432340217,-3404.11032893779-2901.57231083639i,0.850191094378655+0.000174598122393986i,0.874071635287901-0.0319047942559019i,14.363348785854,0,1,
1532,1,579547322,579547322,227565,0.986439559519449,0.885664792114735,0.43,-1641.96333522498,3691.30776736023+2602.165732648i,0.847751160724008-0.0112678808173134i,0.860783687601514-0.0731269912345907i,14.079458903693,0,1,
1533,1,579925793,579925793,227565,0.982394346174898,0.875849499507501,0.45,-1691.70465755327,-3980.95616393924+2062.66618294563i,0.838121114966898-0.0403117606662717i,0.858133347689837-0.0151323678232242i,13.3116774602401,0,1,
1534,1,580304264,580304264,227565,0.987371332058612,0.95634979626027,-0.23,-1681.15828673638,4461.90513352695-35.9794358358233i,0.852736884626928-0.00581969380179829i,0.875898347974072-0.0330451360494448i,14.5809341249022,0,1,
1535,1,580682734,580682734,227565,0.986926242141826,0.950300209627766,0.25,-1649.28080842293,-4360.2161524569+967.488176985774i,0.849692482823714-0.0363016268361067i,0.873193273500021-0.0491724232352868i,14.4000657891426,0,1,
1536,1,581061205,581061205,227565,0.986606012852637,0.933746672995654,-0.31,-1656.54417871153,4073.58344650067-1891.60861035259i,0.852346474311551-0.0242735482071954i,0.865948487025179-0.029421444090113i,14.4480611160356,0,1,
1537,1,581439675,581439675,227565,0.987115056841419,0.970338396130146,-0.15,-1672.1322150589,-3907.66635326978+2084.32839369087i,0.856438895410519-0.00508744109523005i,0.873050998933012-0.0301230520581814i,14.6635664029706,0,1,
1538,1,581818145,581818145,227565,0.986784367908073,0.962164512591865,0.21,-1672.62835709374,3552.26328408353-2684.85823637897i,0.852177950685134-0.00989425845781575i,0.874462698370771-0.0382447441786656i,14.4369548718247,0,1,
1539,1,582196616,582196616,227565,0.986733317422019,0.954749498018544,-0.23,-1667.45837659185,-2819.02094436814+3454.97200864871i,0.85497658371666-0.0429957643494768i,0.867715468545897-0.0554637338324307i,14.4567791566063,0,1,
1540,1,582575087,582575087,227565,0.986330186912534,0.923066755683678,-0.34,-1689.24943997305,1234.92790823338-4327.58616611927i,0.850664483118384-0.00101157966936121i,0.873990788657883-0.0302065768578122i,14.247052688698,0,1,
1541,1,582953557,582953557,227565,0.986852106887965,0.972605914716093,0.14,-1667.14084211856,-178.513934099687+4418.67974209396i,0.854607482948934-0.0158460515379093i,0.879775386566524-0.036700898018597i,14.5027385003796,0,1,
1542,1,583332027,583332027,227565,0.987168420750199,0.968065998392997,0.17,-1670.28356505033,196.754898348718-4430.08055017383i,0.85511982510497-0.00571396096469693i,0.872634031162192-0.0192038474663048i,14.4761254554829,0,1,
1543,1,583710498,583710498,227565,0.986032233054848,0.945160839009968,-0.26,-1658.26034563673,1123.92196802053+4329.79718276057i,0.853314879521389-0.0218983284177738i,0.875208564952541-0.0442706852796293i,14.5543526521736,0,1,
1544,1,584088968,584088968,227565,0.986505187421378,0.958635358950462,0.22,-1653.27829879807,-2000.71160147534-3978.8018594003i,0.852294720510123-0.00751779804591029i,0.870279233594122-0.0414737163877157i,14.3234279386155,0,1,
1545,1,584467439,584467439,227565,0.986482884426162,0.922923373202258,-0.34,-1649.85747071378,2804.05671892543+3520.73474906463i,0.850861734262138-0.0400734451291559i,0.864018235787274-0.0805545379155879i,14.2978272480398,0,1,
1546,1,584845909,584845909,227565,0.986719406659103,0.879195274553194,0.44,-1649.91164222472,-3888.40373690651-2309.47990645346i,0.846297217249327-0.0336519536742268i,0.871292401557385-0.0327913578675813i,14.1455626635899,0,1,
1547,1,585224380,585224380,227565,0.986158463943835,0.895629806100192,-0.41,-1653.91629009446,4020.76362822395+2064.9065055048i,0.849214749033279-0.0135294696028817i,0.864936874865192-0.0342001060393444i,14.218360088529,0,1,
1548,1,585602851,585602850,227565,0.985879640238553,0.857013157613038,0.49,-1658.12347652361,-4513.0972456895-394.62133536013i,0.845897632777165-0.0605729832569506i,0.867888906103287-0.0727023043220897i,14.1127655544485,0,1,
1549,1,585981321,585981321,227565,0.987706015582789,0.982505933444679,-0.0499999999999999,-1672.1486967995,4375.3798129418-511.277218268175i,0.858690737223998-0.00779484111098605i,0.878606170987161-0.0564445082363445i,14.7374046913305,0,1,
1550,1,586359791,586359791,227565,0.987079266052975,0.975917127681179,0.11,-1674.29354552217,-4319.64683278787+915.583000372459i,0.855050152277988-0.00196444635836383i,0.871430290087824-0.0160362364224021i,14.572321112595,0,1,
1551,1,586738262,586738262,227565,0.983061219310822,0.886532222778946,0.43,-1694.57404721595,3377.84825331137-2955.99911259257i,0.839039784253076-0.0109361229143577i,0.860070904999697-0.0259135251595616i,13.3548194688302,0,1,
1552,1,587116733,587116733,227565,0.986815208549263,0.949830606221571,-0.25,-1684.30789992895,-2524.55405956797+3688.68171817392i,0.85382240600378-0.0042094588896167i,0.874120254043372-0.0216551856377011i,14.5583284903326,0,1,
1553,1,587495203,587495203,227565,0.987036310256294,0.958133904977155,-0.22,-1662.7886539235,2388.77527950802-3763.02478236893i,0.85442653224142-0.00797607603276864i,0.877074181098166-0.0293048174898631i,14.545549290304,0,1,
1554,1,587873673,587873673,227565,0.985933844146314,0.903421108135218,0.39,-1667.63965034909,-1498.03581297797+4260.38625299675i,0.848944185981113-0.00336313234879012i,0.865685215108308-0.0395184800210737i,14.2347038293475,0,1,
1555,1,588252144,588252144,227565,0.98751022737596,0.969037520536865,-0.17,-1651.95730442229,581.142946112379-4400.83074749434i,0.856975373482434-0.012023336020381i,0.877029672078996-0.0456741753948688i,14.7218598775572,0,1,
1556,1,588630614,588630614,227565,0.986087421915404,0.933040204657983,0.31,-1647.19559160597,307.750355543665+4477.64696730852i,0.850270735829197-0.0246616777510186i,0.86614212547755-0.0255927043791599i,14.2000339711039,0,1,
1557,1,589009085,589009085,227565,0.987457636027831,0.961052704726395,0.21,-1674.10102095632,-1938.91977769912-4009.67910209175i,0.85323697694729-0.00491802854960402i,0.868884205553577-0.0194168490144337i,14.5255800692973,0,1,
1558,1,589387556,589387556,227565,0.986607374377886,0.917855091410239,-0.35,-1667.64583165685,2849.79198316184+3491.25641042i,0.851027257262998-0.0330259673907055i,0.873994508042319-0.0532936108705285i,14.3200520751679,0,1,
1559,1,589766026,589766026,227565,0.984073397115491,0.97784162899841,0.0499999999999999,-1655.90573226301,-3622.15209103871-2473.00709266932i,0.840410074900853-0.0222707162874225i,0.869605071399203-0.0225839650775802i,13.5802091136162,0,1,
1560,1,590144496,590144496,227565,0.986983054156598,0.942237922747567,0.28,-1675.53832260559,3625.74687365885+2630.99074833833i,0.850204698388551-0.00935285081261335i,0.868247553813049-0.0217590154839294i,14.3493165465278,0,1,
1561,1,590522967,590522967,227565,0.986557830450477,0.899446586750967,-0.4,-1648.71959673284,-4080.10675937506-1940.21500554884i,0.848967479381666-0.0525032984179566i,0.864718055060779-0.0671549561831017i,14.1722537583368,0,1,
1562,1,590901437,590901437,227565,0.987128605612459,0.961825563170467,0.21,-1662.4150063678,4378.32960063587+814.294020186261i,0.853275876633129-0.0363426907657912i,0.876861912396398-0.0400897268476203i,14.482052566618,0,1,
1563,1,591279908,591279908,227565,0.987377356586517,0.981050062937001,-0.0399999999999999,-1648.56317148593,-4343.08116695444+724.640744384153i,0.857274554574836-0.0155269622336741i,0.871626027572037-0.0591283796654248i,14.6272904756387,0,1,
1564,1,591658379,591658379,227565,0.986325862302798,0.873913679962715,-0.45,-1678.82127177079,4121.8700084462-1875.34449495707i,0.849159817065315-0.0258273514090379i,0.871052203548656-0.0375914312605686i,14.1875247772141,0,1,
1565,1,592036849,592036849,227565,0.987595123967056,0.97681981524043,-0.12,-1657.15252279283,-3700.6096483416+2419.51764273668i,0.856323768777351-0.0166904905917319i,0.87784951955556-0.0361192232457404i,14.6256602935341,0,1,
1566,1,592415320,592415319,227565,0.985700453774992,0.864889115588737,0.47,-1666.94233011112,3049.1631719654-3347.03898692675i,0.848508630929135+0.0123388560909204i,0.865345248628103-0.00394689282334986i,14.0645884157849,0,1,
1567,1,592793790,592793790,227565,0.986003546145429,0.906346943191242,-0.38,-1677.25703196274,-2632.14719974535+3665.73168202502i,0.851306897516396-0.00174855315612891i,0.864524313657732-0.0391353089086458i,14.1930769397649,0,1,
1568,1,593172260,593172260,227565,0.987460595761824,0.977156284015017,0.0999999999999999,-1666.99490872734,1689.77483307704-4078.10472066959i,0.855409172546743-0.00485603497752827i,0.879085416652076-0.00903017598717019i,14.6754158475022,0,1,
1569,1,593550731,593550731,227565,0.987403605507923,0.971206759819018,-0.15,-1646.00852548225,-82.6560272665674+4429.8523859675i,0.856380549848373-0.0157306079022473i,0.878950809006749-0.023332161220808i,14.6901686282321,0,1,
1570,1,593929202,593929202,227565,0.984327533731026,0.97665902740418,-0.0799999999999999,-1684.52540419753,-1567.2604135343-4108.75314394643i,0.844416590235696-0.00628398232481569i,0.866289847054279-0.0268629395320057i,13.9452661975895,0,1,
1571,1,594307672,594307672,227565,0.987608884300319,0.977908364318938,-0.0999999999999999,-1675.14545731952,1783.11851991491+4037.78132233825i,0.857442428098249-0.0180492509595718i,0.880684897741423-0.00837286586579666i,14.7329891944544,0,1,
1572,1,594686143,594686143,227565,0.986745133123435,0.924999587381662,-0.33,-1638.73330779512,-3222.84370275122-3139.87122676342i,0.853899101495246+0.00950008398036175i,0.867219360410607-0.0417022465233804i,14.4038442610587,0,1,
1573,1,595064613,595064613,227565,0.987614466235607,0.982713741059234,0,-1660.16199431049,3446.76940352788+2733.67092589522i,0.855794423676454-0.01732516580148i,0.874276861975556+0.00135581270617859i,14.6213318172613,0,1,
1574,1,595443084,595443084,227565,0.986487859151983,0.939138929645164,-0.29,-1656.75376478557,-4237.89400369049-1464.70782356521i,0.852581913841709-0.0502544177927051i,0.870370812920997-0.0807240494360815i,14.4377070925255,0,1,
1575,1,595821554,595821554,227565,0.987509159892564,0.964466387500504,0.19,-1653.46701644672,4414.45930992971+508.63791192174i,0.853883917061939-0.00766209129295097i,0.869654041223659-0.0275302608338477i,14.4961539559692,0,1,
1576,1,596200025,596200025,227565,0.986616616520515,0.91225124063592,-0.37,-1653.14133850693,-4501.90583180237+285.303911460179i,0.849900797919303-0.0353507571476738i,0.869943635009953-0.0478292146771882i,14.2695543186054,0,1,
1577,1,596578495,596578495,227565,0.987470206889363,0.960467895323085,-0.22,-1658.36389076445,4423.3231783343-544.423930080623i,0.853323722958045-0.0454965943664865i,0.877708218201996-0.0419318842969558i,14.5365140209434,0,1,
1578,1,596956966,596956966,227565,0.985959033112722,0.880953942227324,-0.44,-1662.7627215182,-4034.06075871951+2049.1503618778i,0.849307931733549-0.0308196156157674i,0.863988131972657-0.0521375146615422i,14.1380422198999,0,1,
1579,1,597335436,597335436,227565,0.986690068635024,0.938967571894322,-0.29,-1660.15474748094,3834.95174885675-2324.61154586436i,0.85309262318678-0.0333422597364546i,0.872080371866005-0.0501302820020196i,14.4485669613542,0,1,
1580,1,597713906,597713906,227565,0.987662263322372,0.964049330231481,0.19,-1645.42442583317,-3223.70960313493+3056.95540919541i,0.854246691131597-0.022997099215201i,0.868359950937234-0.0563616197981198i,14.4980726932782,0,1,
1581,1,598092377,598092377,227565,0.987291760160468,0.978605887107566,0.0799999999999999,-1645.95126676484,1841.69899062382-4005.88003021966i,0.855721739845393-0.0154007799446452i,0.870737961486861-0.055045615441363i,14.7204885733897,0,1,
1582,1,598470848,598470848,227565,0.985658587829959,0.866426226404301,-0.47,-1656.46864862136,-960.2602761902+4424.5346133118i,0.849075542765521-0.0161487259384936i,0.873464915906009-0.0336004500938592i,14.1751263121065,0,1,
1583,1,598849318,598849318,227565,0.986250550576099,0.929009026041112,-0.32,-1652.63654953664,576.819159439085-4458.11024564287i,0.851517371413309-0.0346057875491908i,0.872008912374074-0.0665691731719393i,14.3068748725671,0,1,
1584,1,599227788,599227788,227565,0.987483542099226,0.971221896272054,0.16,-1637.80055372431,327.328087589662+4419.97906106848i,0.853836147833032-0.0317120828951411i,0.871054195957321-0.0370932890391545i,14.5083186109264,0,1,
1585,1,599606259,599606259,227565,0.987191231104154,0.979107684017271,-0.0899999999999999,-1661.96293061442,-1688.92099726597-4075.07335659241i,0.857892229763457+0.002182853667708i,0.869987386675185-0.0145896042878684i,14.5978570538349,0,1,
1586,1,599984729,599984729,227565,0.985382011195326,0.903218400409353,0.39,-1647.59839100489,2605.52440514006+3686.38889821786i,0.848390907117099-0.0302002589167519i,0.87005223922598-0.0667498088540332i,14.2147715319423,0,1,
1587,1,600363200,600363200,227565,0.987587585576803,0.982152217734543,-0.0399999999999999,-1687.28193456188,-3356.36056750885-2849.51810662565i,0.857508449313347-0.0103432864439422i,0.874281262229159-0.0131431465141103i,14.7445703982422,0,1,
1588,1,600741670,600741670,227565,0.985779477502292,0.886344529181249,0.43,-1668.56265971053,4035.96557256073+2040.71461320407i,0.847297436733053+0.000175147631483186i,0.870367588898568-0.047842756288422i,14.089148179699,0,1,
1589,1,601120141,601120141,227565,0.987477494696103,0.975235362900811,-0.12,-1646.22487776593,-4285.18297169736-1083.93643133396i,0.855890252600206-0.0433087882629155i,0.880277729157169-0.046301049319519i,14.707415581526,0,1,
1590,1,601498612,601498612,227565,0.986262064646213,0.917673180764475,-0.35,-1665.67532596596,4483.66188548726-438.720528420672i,0.851473213559918-0.01480519378894i,0.867514010707044-0.0364953240426396i,14.3350114375275,0,1,
1591,1,601877082,601877082,227565,0.981488673310475,0.890392992931357,0.42,-1694.49584598429,-4234.93156798353+1445.73749098611i,0.836904092760918-0.0011294792797843i,0.858178725343701-0.0207869425190446i,13.0594240752369,0,1,
1592,1,602255552,602255552,227565,0.986836594540627,0.941486350465506,0.28,-1680.22239983399,4193.02474100814-1575.72795025583i,0.848923785968585-0.00793768528148828i,0.873147659099358-0.0199663057308888i,14.2750039908638,0,1,
1593,1,602634023,602634023,227565,0.986776822495438,0.967633676275448,0.17,-1680.50571092171,-3191.33066579608+3082.65635418238i,0.852495474700232-0.0119812940483058i,0.876744906393689-0.00422604870504734i,14.4977717109055,0,1,
1594,1,603012493,603012493,227565,0.986611904946398,0.927166924034079,0.33,-1673.37347364367,2911.74275209766-3426.93122270407i,0.848061533850715-0.0356316549242063i,0.865161033661362-0.0384959825198662i,14.1641367769038,0,1,
1595,1,603390964,603390964,227565,0.987299076362721,0.956017506513672,-0.23,-1629.02154022737,-1852.42732926237+4051.65493369419i,0.85395414472513-0.0421171669981941i,0.876162526539978-0.0588416146387562i,14.5862497585668,0,1,
1596,1,603769435,603769435,227565,0.98602657433837,0.87330618465787,-0.46,-1658.89761278399,576.142636071113-4488.52017519475i,0.84767830207516+0.0052986633268436i,0.865282438373342-0.0182487323742115i,14.1023886221503,0,1,
1597,1,604147905,604147905,227565,0.98665827861755,0.934419140267565,-0.31,-1655.8332820157,-241.485967085624+4481.19840458526i,0.851541151052824-0.0050771484467013i,0.868424112079301-0.0330296738930172i,14.365634059235,0,1,
1598,1,604526376,604526376,227565,0.986017965533117,0.893884469900105,-0.41,-1637.44624946479,-1658.58628991902-4203.32875859584i,0.849582128468242-0.0301479242290118i,0.871308790166396-0.0407622163419826i,14.2077863233729,0,1,
1599,1,604904846,604904846,227565,0.987389129399973,0.981597079270206,0.0599999999999999,-1647.47045019527,2379.1136130266+3706.47809459224i,0.857123913605346+0.0120693175178616i,0.878834529988185-0.0163733553860525i,14.739832734044,0,1,
1600,1,605283317,605283317,227565,0.986115145482265,0.859901583357352,-0.48,-1681.05808095131,-3096.17037977746-3301.67489210653i,0.850188849429403+0.00458320072301932i,0.865853955644111-0.0119343516610411i,14.0633897641371,0,1,
1601,1,605661787,605661787,227565,0.985395785800031,0.922765897804113,-0.34,-1653.1635221652,3306.648080778+3051.92020797286i,0.851672859073767-0.00730790792439915i,0.867565479163963-0.0368397280078272i,14.2575237034005,0,1,
1602,1,606040257,606040257,227565,0.986943758254828,0.9730665968526,0.14,-1667.69761651467,-3802.1684448835-2259.48214727058i,0.854579095169821-0.0141495866597607i,0.878814744721631-0.0462711377119034i,14.5028910449313,0,1,
1603,1,606418728,606418728,227565,0.9875028526946,0.977416760470379,-0.0999999999999999,-1673.77795116339,4338.58873270147+813.457016815645i,0.856821968425246+0.00360466106489087i,0.872103041997562-0.0403186795306563i,14.6447921601832,0,1,
1604,1,606797199,606797198,227565,0.98573422751654,0.85530127776354,0.49,-1670.87363619683,-4502.96479272076+476.924722791567i,0.849527533248947-0.00463787187810319i,0.86998573313217-0.0371890790203558i,14.2011791324988,0,1,
1605,1,607175669,607175669,227565,0.98699378444064,0.980006634479406,-0.0499999999999999,-1671.43781492695,4175.93686526754-1395.7028945221i,0.857358303681313-0.0292296902889768i,0.878864384839615-0.0440134862579619i,14.7418711651819,0,1,
1606,1,607554139,607554139,227565,0.98594122334382,0.890766251955632,0.42,-1661.15474275985,-3803.02130232933+2443.66726156214i,0.848878999355286-0.0180883822642712i,0.86535837953914-0.0289513382114034i,14.146199889719,0,1,
1607,1,607932610,607932610,227565,0.987760646815176,0.96434579039599,0.19,-1680.29237836806,2785.60929855885-3461.86156005463i,0.853592889186057+0.00635344267022577i,0.875753872600164+0.00293839563308607i,14.5176310738948,0,1,
1608,1,608311080,608311080,227565,0.98711865224418,0.982355565358162,0,-1676.61035465604,-3153.86827810871+3061.01459247283i,0.855931403849901-0.0246098620053493i,0.873693400470896-0.0210548218654822i,14.4049196519542,0,1,
1609,1,608689551,608689551,227565,0.984807040078639,0.925257067499945,0.33,-1640.49004251051,805.256115978416-4402.58575791283i,0.841103849383226-0.0299423395940585i,0.86051501763359-0.0476743657168115i,13.7150198092393,0,1,
1610,1,609068022,609068022,227565,0.986940654782812,0.933083491060148,-0.31,-1631.20754866382,218.938769374859+4485.26575494416i,0.849896407417041-0.0409154166349612i,0.872949140426449-0.0604913284346158i,14.3482247820045,0,1,
1611,1,609446492,609446492,227565,0.987211007272259,0.967584250102601,-0.17,-1649.04623118203,-300.929180926008-4425.51042706051i,0.85654135700566-0.0204067474202746i,0.87081612926508-0.032272846839297i,14.5905773244393,0,1,
1612,1,609824962,609824962,227565,0.986185984057123,0.932750021107257,0.31,-1657.70750978591,1175.35418829873+4332.68435733854i,0.849358291932435-0.032657730214559i,0.871057914185213-0.0568368724677506i,14.2356020376778,0,1,
1613,1,610203433,610203433,227565,0.98679736939611,0.951374233152066,-0.25,-1632.01832064509,-2172.90303743813-3902.62015575937i,0.853660617707296-0.0508259246908533i,0.87479005894504-0.0586720556109533i,14.4672264141685,0,1,
1614,1,610581904,610581904,227565,0.985717928587425,0.868318541038648,-0.47,-1651.02742222554,3345.7608929781+3048.72911639052i,0.848783214945474-0.0220285239845343i,0.865382082514457-0.0565374859399472i,14.1132113476307,0,1,
1615,1,610960374,610960374,227565,0.987488214119892,0.973731193872588,0.13,-1673.84949673765,-3980.78215360945-1928.38708787466i,0.856022436830552-0.00721256547337168i,0.872270026441604-0.0237851976593338i,14.6090274836966,0,1,
1616,1,611338845,611338845,227565,0.986044505184855,0.886388756773141,-0.43,-1655.98672947745,4401.24159514757+1040.19522113115i,0.849625844223715-0.0111703140148201i,0.871118359202823-0.0483881590752257i,14.2048325919493,0,1,
1617,1,611717315,611717315,227565,0.987329478557537,0.980370371233871,0.0499999999999999,-1668.64478630619,-4401.01379198522-137.005672139894i,0.857536867464743-0.0160763249725851i,0.880232901198788-0.0258922784986282i,14.716308229674,0,1,
1618,1,612095785,612095785,227565,0.987040676900292,0.961059260868356,0.21,-1680.59558483184,4453.21472350908-5.60430012532079i,0.853175317786645-0.0135956885591394i,0.867734776354469-0.057048397995425i,14.4249654383339,0,1,
1619,1,612474256,612474256,227565,0.986262396611818,0.918931616498367,-0.35,-1652.2247568649,-4361.54425537124+1131.54134771648i,0.851371718489482-0.0220085899500113i,0.873204234488483-0.0366984228206109i,14.2486052074686,0,1,
1620,1,612852726,612852726,227565,0.986336717001143,0.885567557175602,0.43,-1667.90858562796,3806.72260940705-2441.88191686022i,0.848198313630396-0.0179419457396929i,0.863771905503184-0.0573235299388481i,14.0922690005895,0,1,
1621,1,613231197,613231197,227565,0.987269842629092,0.983637579144333,0,-1673.62488297547,-2839.36788017145+3359.20107647163i,0.857694911939086-0.0107903036431224i,0.873532939887117-0.0281446966951506i,14.5818216864689,0,1,
1622,1,613609667,613609667,227565,0.986082192612192,0.91602424633625,0.36,-1673.18984877557,2334.18700823063-3856.88341086753i,0.848049424004452-0.0149860274036557i,0.872659691834687-0.0174174406785943i,14.1990114425179,0,1,
1623,1,613988138,613988138,227565,0.98729528149463,0.978673005045062,-0.0699999999999999,-1660.41237895753,-1105.41408233524+4267.55335108373i,0.857213939670651-0.0242554338637787i,0.878962441374933-0.0273531043301437i,14.7725827731414,0,1,
1624,1,614366608,614366608,227565,0.986363004868441,0.897060992375739,0.4,-1659.63475977636,132.690720719833-4517.54114574995i,0.848164012530302-0.0109971149606962i,0.864821673829529-0.022683651170395i,14.1358816652485,0,1,
1625,1,614745079,614745079,227565,0.985763750847071,0.874253956929917,-0.45,-1664.61908376993,124.908064344289+4525.41812999099i,0.849546848537036-0.0176010308402721i,0.861862097695066-0.036057042557289i,14.1046484024372,0,1,
1626,1,615123550,615123550,227565,0.986779432076172,0.908672297270728,-0.38,-1650.94018255551,-2223.60641452692-3902.87335389057i,0.850846316380981-0.0116835796923997i,0.871595213532323-0.0410454112401301i,14.2833596712492,0,1,
1627,1,615502020,615502020,227565,0.983809144466794,0.977896073932101,-0.0599999999999999,-1660.18334486434,2989.84191833823+3181.87068287942i,0.840725024867074-0.0279700732563721i,0.859394068884541-0.0623769945322474i,13.5693586672725,0,1,
1628,1,615880490,615880490,227565,0.986233576616327,0.910693478534988,0.37,-1661.82706842781,-3362.78499727437-2972.9760137073i,0.848619136225703-0.0155084540486818i,0.872961188914792-0.0313418445248186i,14.2031884476791,0,1,
1629,1,616258961,616258961,227565,0.987597921505328,0.965715094359881,-0.18,-1675.19457568228,3795.27663169178+2270.59655394224i,0.856014988467395-0.0143126786242751i,0.878773860660674-0.0289042630851527i,14.7654744156688,0,1,
1630,1,616637432,616637432,227565,0.986160766404272,0.893622764191341,-0.41,-1673.74696526511,-4423.85697779716-827.796056957552i,0.848337071513544-0.0185444841273605i,0.865864087139733-0.0184829844963868i,14.2067660702838,0,1,
1631,1,617015902,617015902,227565,0.986161109406751,0.905938967127334,-0.38,-1656.47997351866,4438.53830203959+683.171472270477i,0.851143380428619-0.0306374270637692i,0.865814280094319-0.054048106226558i,14.3133405836606,0,1,
1632,1,617394373,617394373,227565,0.987243173437609,0.91293147406471,-0.37,-1655.43292828792,-4273.85152257116+1379.25528827741i,0.849886085974764-0.0229965133060036i,0.87346436183578-0.0282259001267854i,14.2841310054715,0,1,
1633,1,617772843,617772843,227565,0.987522943783624,0.981910474679287,0,-1662.97281661412,3972.23546644814-1894.22758234155i,0.859536276069464-0.0056338736487771i,0.878728412766508-0.0622564055291869i,14.9013387449221,0,1,
1634,1,618151313,618151313,227565,0.987761347890796,0.974546456936723,0.14,-1672.16901597169,-3920.90956106298+2052.67362283665i,0.854794760693815-0.0201445876490296i,0.870958333244821-0.034820211628433i,14.5709226083598,0,1,
1635,1,618529784,618529784,227565,0.987140259180549,0.939360254341012,-0.29,-1676.58160452283,3227.80239834098-3113.83328469814i,0.852690104087535-0.0208478180004748i,0.874001442835139-0.0480814078140168i,14.4386754605347,0,1,
1636,1,618908254,618908254,227565,0.987812552711466,0.965260845929748,0.19,-1672.90969287534,-2437.12649505092+3719.06435321039i,0.853407182810084+0.00320998779974388i,0.868960323418783-0.0142830303111043i,14.5739776011847,0,1,
1637,1,619286725,619286725,227565,0.986241592557556,0.911582099973197,-0.37,-1657.22803844844,1681.98690199602-4185.00522426992i,0.850692406331968-0.0184073172555025i,0.863426738007016-0.0651387317045292i,14.2351893861316,0,1,
1638,1,619665196,619665196,227565,0.986019807886968,0.867378725250794,-0.47,-1682.11387497363,85.2189212717361+4527.0956945225i,0.84903109729962-0.00295509235589861i,0.871588789804813-0.0138493866278267i,14.1727215780867,0,1,
1639,1,620043666,620043666,227565,0.986041113177667,0.880173443392532,-0.44,-1679.30620510813,-316.202607618742-4513.18780104939i,0.847317840129057+0.0151989441060542i,0.863201891986674-0.000993809393199958i,14.0605111952916,0,1,
1640,1,620422136,620422136,227565,0.985519372689657,0.873198173803236,0.46,-1675.59653697239,1941.74870278748+4083.75552221519i,0.847021494666669-0.0149407898127515i,0.870351347881673-0.0393071643415606i,14.0357780715349,0,1,
1641,1,620800607,620800606,227565,0.985565111478665,0.855683465033368,0.49,-1669.29855387123,-2146.34288744342-3984.36565590945i,0.849572659169648-0.0212786083068094i,0.87119510917321-0.0354646638704778i,14.1258232868733,0,1,
1642,1,621179077,621179077,227565,0.986891610879328,0.980114482169045,0.0799999999999999,-1675.01260588734,3000.76150100797+3230.10493964817i,0.858047803134202-0.00601020642662869i,0.871461225489265-0.0323249025822727i,14.6397356865997,0,1,
1643,1,621557548,621557548,227565,0.986412778644894,0.866850117133167,-0.47,-1655.48715674563,-3667.23652761933-2654.202216713i,0.848029449833369-0.0382699922513957i,0.870894060714683-0.0402641522171475i,14.1888203885867,0,1,
1644,1,621936018,621936018,227565,0.98788142563857,0.982225307181305,0,-1693.17856051003,4021.20883259339+1785.33480427479i,0.858242680605232-0.0140354991208876i,0.871902051026973-0.0306328602887257i,14.6460124191516,0,1,
1645,1,622314489,622314489,227565,0.987799124557976,0.975756732421877,-0.12,-1677.50796592299,-4420.53380800123-32.5606755782448i,0.857065366926604-0.0168762396062982i,0.871061737752656-0.0330538815282847i,14.7102753716424,0,1,
1646,1,622692959,622692959,227565,0.986067692611207,0.917217811343446,0.36,-1674.91459313145,4398.41294090748-985.230782210113i,0.849099261262263-0.0112833261588819i,0.874609508635525-0.0286975086646043i,14.2299378048059,0,1,
1647,1,623071430,623071430,227565,0.987194185339995,0.963308559132882,-0.2,-1680.26657655812,-4036.75487813634+1869.89041833121i,0.854609055716894-0.0129150726002407i,0.878923957303297-0.0263756204330614i,14.6046252721621,0,1,
1648,1,623449900,623449900,227565,0.987264832963932,0.969797109195733,0.16,-1678.65758733554,3631.71242892423-2540.66465522529i,0.855091552840825+0.00419101169887368i,0.870493570888849-0.0108680285403745i,14.5163296457827,0,1,
1649,1,623828370,623828371,227565,0.98298211268437,0.927576926716671,0.32,-1666.6229162627,-2094.49978775482+3938.96251656379i,0.838810284332903-0.00428935911763857i,0.860016317303661-0.015350964667201i,13.3682130200384,0,1,
1650,1,624206842,624206842,227565,0.986206006762219,0.908061596221176,-0.38,-1686.42538156383,1373.62121235033-4298.9510598428i,0.850417121197394+0.00136559645879968i,0.872701852016819-0.0153457035497513i,14.248560387091,0,1,
1651,1,624585312,624585312,227565,0.986309851716168,0.918545026780475,-0.35,-1675.30152575533,-1234.7637736805+4332.59774871864i,0.849139619492666-0.0287705225919959i,0.866467294500918-0.043000382739708i,14.2966682690684,0,1,
1652,1,624963782,624963782,227565,0.987192084075182,0.94950900954719,0.25,-1669.34212405945,53.4626639824327-4468.15814170467i,0.85200717973755+0.000191780431807879i,0.875705374546847-0.0082485380882604i,14.3532400426476,0,1,
1653,1,625342253,625342253,227565,0.986513448589611,0.934072519166475,-0.31,-1654.24344726843,898.900804217256+4400.62941683937i,0.850443004769156-0.0384522895496813i,0.869686932808794-0.077863379490905i,14.3463580283244,0,1,
1654,1,625720723,625720723,227565,0.987573673133557,0.968793238959154,0.18,-1669.47369680926,-1762.53347949446-4076.37070861681i,0.85223986221888-0.0569852592731104i,0.869608524338166-0.0371883996396539i,14.4660409847694,0,1,
1655,1,626099193,626099194,227565,0.982522898146363,0.867200247786656,-0.47,-1669.64594081566,2355.63456747839+3832.34435767849i,0.842555913725251-0.00435718758809184i,0.864687977023485-0.00772514475430763i,13.5211440083749,0,1,
1656,1,626477665,626477665,227565,0.985759136269075,0.859525621531301,-0.48,-1672.56168110234,-3822.43986085963-2425.14323101108i,0.849142010138503-0.000477668697972088i,0.864649305124514-0.0177669236819753i,14.1203553347964,0,1,
1657,1,626856135,626856135,227565,0.986846246958188,0.98292628161753,0,-1693.39587650664,4086.88224108578+1633.08119579913i,0.859069619954364+0.0166625003546297i,0.873376182503096-0.0134538343433225i,14.7761623373952,0,1,
1658,1,627234605,627234605,227565,0.986326750632678,0.878696527233659,0.45,-1654.56502065267,-4479.70616942332-648.261256034774i,0.848246953886315-0.030857061474715i,0.868144363296734-0.0317403970388557i,14.1546095114365,0,1,
1659,1,627613076,627613076,227565,0.986320706321294,0.894829654740087,-0.41,-1667.24535860071,4500.88798421636+416.56005446778i,0.849277127565142-0.0297525703267102i,0.863570854380131-0.0365548833393978i,14.1465203843499,0,1,
1660,1,627991546,627991546,227565,0.987312896217022,0.981938377933905,0.0599999999999999,-1649.89244593144,-4371.47026989821+551.52375013903i,0.854988555860972+0.00621680448865068i,0.878930535565012-0.0295202679812099i,14.6945219830723,0,1,
1661,1,628370017,628370017,227565,0.987269814574342,0.966680055517145,-0.18,-1625.19448575608,3907.35645970957-2108.35917083706i,0.854885429466498-0.0212584352089207i,0.876305399800962-0.0591658937419975i,14.5528810860141,0,1,
1662,1,628748487,628748487,227565,0.987677301690019,0.983832807558715,0,-1691.82436563547,-3757.45509938568+2282.53219596756i,0.858915671412563+0.00480104658565762i,0.872350548767193-0.0166811656222551i,14.7112869089593,0,1,
1663,1,629126958,629126958,227565,0.987374688093032,0.973857615339428,-0.14,-1664.57675134618,2587.09955167907-3588.85489635435i,0.855789483585692-0.0214069778035023i,0.870494809594375-0.0348996826448388i,14.6363039184284,0,1,
1664,1,629505428,629505428,227565,0.985902825006281,0.871681460615754,0.46,-1687.14025084007,-1609.71562361156+4227.06632852331i,0.849468445355157+0.0063414778173484i,0.872695777473927+0.0165846102949987i,14.2353877492288,0,1,
1665,1,629883899,629883898,227565,0.98576559958281,0.856066057840548,0.49,-1698.29641643433,1728.64869698917-4182.62474134629i,0.848596177501047-0.00428138898835209i,0.87170133973861-0.00816915392027358i,14.081450415434,0,1,
1666,1,630262369,630262369,227565,0.987520983169289,0.980435573094041,-0.0499999999999999,-1661.09053240874,-628.232709284275+4355.9626205284i,0.859253950261697+0.0117360252219114i,0.871969558528335-0.0294806378426813i,14.6876082013892,0,1,
1667,1,630640839,630640840,227565,0.986783900583496,0.968348412586,0.17,-1639.97806369744,-1655.26966234664-4109.47272873763i,0.847814276217384-0.0257347282953669i,0.874165444523134-0.0461593710494362i,14.3968237372872,0,1,
1668,1,631019310,631019310,227565,0.986982680470089,0.963341060886522,0.19,-1658.87790755287,1783.51006158839+4068.24714208455i,0.853020113690794-0.017724522099582i,0.869589844942968-0.0190443352825238i,14.522649284052,0,1,
1669,1,631397780,631397780,227565,0.985400915184042,0.870127452197624,0.46,-1643.57657356419,-2462.67232173445-3798.18907885893i,0.846726797469013-0.0452720466366767i,0.862805661911941-0.0502967222934841i,14.078375277726,0,1,
1670,1,631776251,631776251,227565,0.987156631769373,0.954736765382776,0.24,-1672.62354742577,3408.9338375297+2883.29920059643i,0.851236960687486-0.00215792426372745i,0.874537055297188-0.0222195006716359i,14.4297882090249,0,1,
1671,1,632154722,632154722,227565,0.986502111074153,0.928214846095447,-0.32,-1706.93923697386,-3929.73496001337-2182.70547386642i,0.85249935121045+0.00443558993850105i,0.866893045109281-0.022934745929503i,14.3074050582633,0,1,
1672,1,632533193,632533193,227565,0.98621110404661,0.887597368514768,-0.42,-1666.30622273725,4521.3265349609+168.051716215962i,0.847623843003633-0.0405078009385229i,0.871423856360596-0.0344986775307217i,14.225806024214,0,1,
1673,1,632911663,632911663,227565,0.988037519219841,0.981216589888463,0.0399999999999999,-1675.69402862128,-4347.09431043295+694.731840516788i,0.856757427935304-0.0106634696735956i,0.879507939305629-0.014679738642526i,14.7095715571187,0,1,
1674,1,633290134,633290134,227565,0.986174918672857,0.851514732156121,-0.5,-1661.58048125242,4231.90608188134-1609.22450233053i,0.847763461774919-0.015281570544714i,0.864915944785888-0.0351812890656599i,14.1410126082807,0,1,
1675,1,633668604,633668604,227565,0.987712727841232,0.980888599087878,-0.0399999999999999,-1675.27227341231,-3769.92397804056+2277.15879364481i,0.858050440012775-0.00498846700749248i,0.880438123180889+0.0033157720930708i,14.8019585145597,0,1,
1676,1,634047074,634047074,227565,0.987313316981027,0.974160606885148,0.12,-1667.88448166667,3557.51776422516-2623.6657454706i,0.853776416548879-0.00701020038854568i,0.871126317994985-0.004097201702207i,14.5378610936102,0,1,
1677,1,634425544,634425544,227565,0.985593501307426,0.87088958532682,0.46,-1702.2032109886,-3269.92929771937+3131.2340152134i,0.84830985141143+0.00725988105969787i,0.865058823972328-0.00229951225637911i,14.1313745665125,0,1,
1678,1,634804015,634804015,227565,0.98747025826071,0.98225561478006,0.0399999999999999,-1661.0538058368,2175.62891354419-3826.83185069956i,0.856035384522294-0.0379367194925478i,0.876991272783738-0.0329566417397434i,14.6802108726093,0,1,
1679,1,635182486,635182486,227565,0.987577485997392,0.980116605390189,-0.0699999999999999,-1669.55374720294,-410.723928063553+4389.60875282524i,0.856983470467428-0.00378941477352921i,0.878817427786518-0.0327276933984802i,14.7169390388614,0,1,
1680,1,635560956,635560956,227565,0.986204429954087,0.898092153569711,0.4,-1666.79659995654,-580.853836951467-4480.47261482183i,0.848634934236226-0.00634473987978351i,0.864492021237757-0.0278283408575465i,14.1299036465961,0,1,
1681,1,635939427,635939427,227565,0.987291536111455,0.971161778098142,-0.15,-1673.19315131251,1409.02382674903+4201.26718066107i,0.8570900033747-0.0125681615887202i,0.871612121994872-0.0425317172055739i,14.654240984983,0,1,
1682,1,636317897,636317897,227565,0.987535414125774,0.983735652280269,0,-1694.75486967726,-1537.93587338174-4120.75402365471i,0.856477169841023-0.00352745565076118i,0.879291892064136-0.02590418693449i,14.5649558474199,0,1,
1683,1,636696368,636696367,227565,0.985872366668291,0.864344295373482,0.47,-1672.04900752761,2638.28104053397+3674.28994763344i,0.848066396359586-0.0379085305748148i,0.862423271742388-0.0539036506340543i,14.0404369026442,0,1,
1684,1,637074838,637074838,227565,0.987829735516015,0.980250179528088,-0.0699999999999999,-1660.44177017518,-3324.32769107916-2892.83763047702i,0.856299152467959-0.0158134970511997i,0.880416380551953-0.0100788047295612i,14.7364343172481,0,1,
1685,1,637453309,637453309,227565,0.978666953231487,0.888296448965547,0.42,-1658.67148776061,4046.26637075504+1861.43893337389i,0.832689758466704-0.0139753238287562i,0.862015841102912-0.0189227555050766i,12.6949425182691,0,1,
1686,1,637831779,637831779,227565,0.97968131184658,0.918076992215707,0.34,-1670.73327924044,-3415.44673000892+2839.2451259889i,0.83418053824607-0.00494609809806009i,0.857138512441338-0.0335724476587353i,12.7600223255304,0,1,
1687,1,638210250,638210250,227565,0.986200793414314,0.946759235236059,-0.26,-1680.9808392269,4458.55062064616-322.493931748227i,0.855680311347423-0.00459320997124364i,0.867985160721849+0.00915262383882419i,14.4671704537012,0,1,
1688,1,638588720,638588720,227565,0.987439415543057,0.958434579666608,0.22,-1647.739495753,-4259.11643720228+1304.34432375265i,0.851494332451455+0.00197538204681032i,0.873982217667022-0.0380421428184125i,14.4017829664796,0,1,
1689,1,638967190,638967191,227565,0.984675570884793,0.954692052625539,0.23,-1654.64879493661,729.185685495999-4380.64453497759i,0.841522786594163-0.0483030853429338i,0.868305331099921-0.0586034483668865i,13.8657471579591,0,1,
1690,1,639345661,639345661,227565,0.986137109632233,0.878524536926603,0.44,-1656.43437011192,-3036.41843207508+3354.7781898166i,0.847388620368608-0.00754190876192962i,0.863146357992555-0.0325703671447597i,14.1231257581788,0,1,
1691,1,639724132,639724132,227565,0.986116896955677,0.894941686242963,-0.41,-1657.17956830457,2795.54696123826-3548.76195734828i,0.850484272297218-0.0250675293332248i,0.872650921470408-0.0121344492108132i,14.1735276866174,0,1,
1692,1,640102603,640102602,227565,0.985564356185352,0.856494341905185,0.49,-1658.19642735509,-1146.341944396+4381.13261688297i,0.848302422082468-0.0221166905268478i,0.863217914130998-0.0225660362912495i,14.1305430478418,0,1,
1693,1,640481073,640481073,227565,0.986004395162153,0.913669323752698,-0.37,-1688.3832167142,994.066930490718-4399.60709551848i,0.849986357142335-0.0140596835492046i,0.866365211932841-0.0268389435042765i,14.1119992866306,0,1,
1694,1,640859543,640859543,227565,0.986260240582564,0.891837830366555,0.41,-1655.68543645142,720.397421829559+4461.89308049245i,0.845395274901844-0.0358476556704667i,0.871241189790436-0.037592937237647i,14.1118656767245,0,1,
1695,1,641238014,641238014,227565,0.987390720481007,0.973099137344239,-0.14,-1677.85961688021,-1563.00647399822-4143.87868694398i,0.856868989944543-0.0353219064260452i,0.877216591010697-0.0459166465202283i,14.7258712342069,0,1,
1696,1,641616484,641616484,227565,0.98618792431471,0.872050083277687,0.46,-1658.26944363848,2704.14322595046+3630.88104195147i,0.846787941783176-0.0472204432709434i,0.86429783182769-0.0496341596646959i,14.0632443508915,0,1,
1697,1,641994955,641994955,227565,0.987815937462347,0.979958226852155,-0.0899999999999999,-1680.08092944851,-3184.01988797284-3054.75095025048i,0.856702089523343-0.00729070987002421i,0.871177759473195-0.0361394237099618i,14.5993650260963,0,1,
1698,1,642373425,642373425,227565,0.987234072774618,0.981357873414979,-0.0599999999999999,-1666.060480349,3337.40297708149+2876.60724866956i,0.858517369724792-0.0336432818818968i,0.877841815248861-0.0634568445314299i,14.7743236771017,0,1,
1699,1,642751896,642751896,227565,0.986457639142193,0.867735730840498,-0.47,-1662.53283946355,-4187.65626008824-1725.43037594413i,0.847229235437514-0.0166856532344344i,0.864242539996427-0.030312865451398i,14.1016176933242,0,1,
1700,1,643130366,643130366,227565,0.986896079346707,0.965362465853864,0.19,-1685.53719499571,4391.20536506911+676.181025139167i,0.851684004048678-0.00409991186403131i,0.876817509221508-0.0168777936353742i,14.4717381375131,0,1,
1701,1,643508836,643508836,227565,0.986104034261025,0.870706546865754,0.46,-1673.19238904157,-4525.48181059763-35.9869564424841i,0.847968491851767-0.0377098447831951i,0.870334078689679-0.0563949008173038i,14.1631398799933,0,1,
1702,1,643887307,643887307,227565,0.987175581012943,0.977545973554499,-0.0899999999999999,-1668.01702368938,4306.89752062928-952.871979237308i,0.857926859779481+0.00188204769795827i,0.87358379343184-0.0172864227846668i,14.7065663216967,0,1,
1703,1,644265778,644265778,227565,0.987168554516711,0.962130690344492,-0.2,-1671.59124332756,-3570.19425055479+2654.62339990591i,0.856528446020758-0.00647008898297765i,0.87751767715203-0.019482955862432i,14.6150953899565,0,1,
1704,1,644644248,644644248,227565,0.987269545238425,0.94177253677267,0.28,-1681.22128523582,3038.15873736925-3292.46962176431i,0.851090729811084-0.0146585379588142i,0.865883331962102-0.00519959989327782i,14.2818562950996,0,1,
1705,1,645022719,645022719,227565,0.986972162100953,0.943114834411288,-0.28,-1654.48020690271,-2203.64383931293+3901.45226453148i,0.852127445941049-0.023085511182015i,0.866901270509172-0.0523385067427548i,14.4265047520384,0,1,
1706,1,645401189,645401189,227565,0.987535702056744,0.975876733395862,-0.12,-1657.9496966949,1891.8214395069-3993.4501291376i,0.857420843345623-0.0191252691636289i,0.879453476904113-0.0233350406371538i,14.7495828154376,0,1,
1707,1,645779659,645779660,227565,0.984409271571437,0.951966101576929,0.24,-1667.32553449881,404.848242928809+4420.5553856254i,0.841365568743516-0.0160165750222485i,0.860885156020281-0.0212842044587133i,13.62852363266,0,1,
1708,1,646158130,646158130,227565,0.987819593737783,0.980740936562397,-0.0699999999999999,-1673.85501911852,-141.866608892387-4404.22881897436i,0.857317705099723-0.0206834095659483i,0.87925265030043-0.0190939091066234i,14.7124172567779,0,1,
1709,1,646536601,646536601,227565,0.986372775432937,0.933233182062147,-0.31,-1643.00476023171,1670.5439569711+4167.43435742222i,0.85247719304326-0.0358060314925296i,0.873712138204664-0.0471496278833562i,14.4103871264575,0,1,
1710,1,646915071,646915071,227565,0.987159644374489,0.967244065571056,0.18,-1685.02968640367,-2395.68878858584-3738.93902407331i,0.854268793302652+0.0106170699402681i,0.868750062884152-0.010930803347389i,14.5033188588705,0,1,
1711,1,647293542,647293542,227565,0.986479228086885,0.907155575270992,-0.38,-1679.01255424226,3210.65661862923+3171.60288211394i,0.851067849405279-0.00261953716099956i,0.86539738802771-0.0337583469580305i,14.21159409976,0,1,
1712,1,647672012,647672012,227565,0.986081196788796,0.898430852454602,0.4,-1668.59063499818,-4078.38507206446-1943.30806326843i,0.847937615399852+0.00563372705453356i,0.870957466419986-0.0146477025122996i,14.1876877022298,0,1,
1713,1,648050483,648050483,227565,0.987267823270209,0.982683245186162,0,-1654.23089036771,4368.85723823151+512.757003469513i,0.858749013377642+0.00357412800400687i,0.880156340855553-0.0341925478459092i,14.9156690309292,0,1,
1714,1,648428953,648428953,227565,0.986165897019104,0.87747243765461,0.45,-1652.17656277353,-4508.46998897243+369.692896005857i,0.847546386124075-0.00858402976232161i,0.866232498834422-0.0255127741080535i,14.161637623598,0,1,
1715,1,648807424,648807424,227565,0.987372746398689,0.978128569146422,-0.0999999999999999,-1654.85262040214,4272.81990295262-1113.14155775269i,0.857027700495888-0.0317403363967997i,0.878716315888962-0.0283891433176583i,14.832423739914,0,1,
1716,1,649185894,649185894,227565,0.98749329899795,0.981240701300055,0.0599999999999999,-1685.66146908006,-4234.08794760008+1216.49517635768i,0.855757310944485-0.0164736938160895i,0.871931492264734-0.0466202528296403i,14.6018944562604,0,1,
1717,1,649564365,649564365,227565,0.986368494108918,0.860709878883613,-0.48,-1667.65766878426,3896.79314917423-2303.39903861871i,0.848951488577201-0.00895314828569795i,0.865291102336748-0.0437517525333121i,14.1506283800113,0,1,
1718,1,649942835,649942835,227565,0.987281802659066,0.982526383080883,0,-1657.73745009519,-3194.28918224399+3025.15887202602i,0.860287012500608-0.0297297191632983i,0.881290770410975-0.0250656590144466i,14.7698212306297,0,1,
1719,1,650321305,650321305,227565,0.985858910677159,0.878246858768619,0.44,-1679.20833175463,2729.88921571848-3607.36518615621i,0.847419392973884-0.0247316924404651i,0.870567272481021-0.010357466312354i,14.0596898861828,0,1,
1720,1,650699776,650699776,227565,0.986316227918733,0.921989028740717,0.34,-1678.25910442297,-996.832438048039+4387.62525822343i,0.849424836907199-0.00132070646494305i,0.864293784424058-0.0145122857565856i,14.185518382166,0,1,
1721,1,651078247,651078247,227565,0.986293181541695,0.958169965624138,-0.21,-1667.71712774122,60.5361731533201-4452.54334829655i,0.855084896203236-0.0221826004150985i,0.868142067474207-0.0508981959483653i,14.4646856591565,0,1,
1722,1,651456717,651456717,227565,0.986940639665445,0.944888275357272,0.27,-1673.2426662006,881.671391085077+4386.4185568216i,0.851662781748297+0.000854223558588959i,0.87465538555247-0.0329101980348583i,14.372580884648,0,1,
1723,1,651835188,651835188,227565,0.98677219613617,0.981680002941734,0,-1661.94457107674,-2318.1714560237-3732.55091077572i,0.855461758182435+0.0101149594948947i,0.871212208805245-0.0303635384715318i,14.4660738080651,0,1,
1724,1,652213658,652213658,227565,0.986963269779594,0.974389916921753,-0.14,-1673.29052167963,2151.46766151559+3865.36880563584i,0.857045417207282-0.032073650404368i,0.878220132558749-0.0214147878978666i,14.59507664009,0,1,
1725,1,652592129,652592129,227565,0.986781388365137,0.912768011270562,-0.36,-1679.15021905591,-3398.19785229061-2961.29625514277i,0.850688769205671-0.0206686044021515i,0.873734780516748-0.0381003551790937i,14.3532350782662,0,1,
1726,1,652970599,652970599,227565,0.987115976677927,0.981769870855736,0,-1680.83775472207,3697.77538059829+2385.13148351999i,0.858593525259268-0.0177659986445976i,0.871893323925496-0.0425348020042616i,14.7404183242686,0,1,
1727,1,653349070,653349070,227565,0.985820356913727,0.879833040785847,-0.44,-1689.2027953298,-4292.98897199212-1428.8019332948i,0.848465045963727-0.0301710403340718i,0.863964239383175-0.0152712200511561i,14.1102464145016,0,1,
1728,1,653727540,653727540,227565,0.98747386217544,0.970034114445958,0.16,-1688.37578596858,4427.07354293496+187.522084560214i,0.85521586307036+0.0156855496258474i,0.876379493349037-0.0291288407686294i,14.5825257564496,0,1,
1729,1,654106011,654106011,227565,0.988064463536274,0.979521060944428,-0.0899999999999999,-1648.22540267659,-4146.05551161703+1507.74865462289i,0.857073351015575-0.0162235006244296i,0.878145206804475-0.0287451643257272i,14.7598650676958,0,1,
1730,1,654484482,654484482,227565,0.985991894538915,0.852088858831432,-0.5,-1681.86438386643,3710.09011534538-2593.08367883448i,0.84794540172849+0.00625391696097006i,0.863581632161969-0.00818225974518841i,14.1144031609542,0,1,
1731,1,654862952,654862952,227565,0.987249792758451,0.981058746776479,-0.0399999999999999,-1656.73021414757,-2900.9295437749+3310.69233769445i,0.856122538077235-0.000347475479760657i,0.878736613106223-0.0143377645441711i,14.7859148031505,0,1,
1732,1,655241422,655241422,227565,0.986487115283457,0.887101531159313,0.43,-1639.13040538508,2126.96415544044-3988.03839985335i,0.845935773462879-0.0598938472672183i,0.864352429451102-0.0568792037641227i,14.0933573651464,0,1,
1733,1,655619893,655619893,227565,0.985757922433541,0.886747081472676,-0.42,-1657.35911700439,-2018.78062400654+4044.72839187646i,0.850423969527821-0.0150060745861735i,0.865510619840223-0.00971644460580611i,14.1444171658547,0,1,
1734,1,655998363,655998363,227565,0.987370367061133,0.982199496395481,0.0499999999999999,-1670.65087830453,1131.01285548381-4256.62966412566i,0.857194548809627+0.0160266213757165i,0.878292232588032-0.0287037889667289i,14.7363444637705,0,1,
1735,1,656376834,656376834,227565,0.986217650396534,0.85235211314808,-0.5,-1655.73844035649,-152.622160280589+4525.0739519967i,0.849389416570778-0.0308844765227136i,0.863179947111023-0.0312388814306624i,14.0911261225863,0,1,
1736,1,656755304,656755304,227565,0.987704673962907,0.982005992081974,-0.0399999999999999,-1674.42809817525,-639.910006442677-4355.72877199137i,0.856614814493433-0.00840443423140703i,0.879426516625671-0.0286694379827208i,14.6920521474498,0,1,
1737,1,657133775,657133775,227565,0.987064874619959,0.970207842838369,-0.15,-1658.47840184074,2330.78808054766+3768.6027910504i,0.856159293594752-0.00882139783809145i,0.8771839203644-0.0613215782615146i,14.6300764127924,0,1,
1738,1,657512245,657512245,227565,0.986173751360703,0.877938519137399,0.44,-1668.73369402784,-3355.52204188388-3034.82168984425i,0.848520975031974+0.00742329465117681i,0.863771045298157-0.0323908262337704i,14.1583158256133,0,1,
1739,1,657890716,657890716,227565,0.986599778026479,0.956192355524602,-0.23,-1633.26815035452,3763.68367261589+2395.86721215258i,0.853171268076039-0.0172400574749835i,0.875768373229505-0.0452177672871428i,14.5082221138391,0,1,
1740,1,658269186,658269186,227565,0.987667819308794,0.980082308507628,-0.0699999999999999,-1672.10084633256,-3822.16526498873-2194.62904301589i,0.859063689819498+0.00686513108150249i,0.870289022295226-0.0112803105423129i,14.7061536231376,0,1,
1741,1,658647656,658647656,227565,0.98600759924132,0.898501076568905,0.4,-1685.65254808235,4263.09732878807+1490.58137264324i,0.849075438403009-0.00828793858430768i,0.865339458444443-0.00530647621973261i,14.094555328848,0,1,
1742,1,659026127,659026127,227565,0.987665850862778,0.969090608519344,0.17,-1667.21359294173,-4433.95960423421+144.081786309742i,0.852050046928523+0.000109026246449143i,0.875329133421339-0.0279826286840783i,14.5559843593401,0,1,
1743,1,659404598,659404598,227565,0.987023937044798,0.949342409987676,-0.26,-1653.6182699838,4212.85059030408-1502.77300723135i,0.855086053213783-0.0219380231069743i,0.875869978448721-0.0466022936452273i,14.6047236815261,0,1,
1744,1,659783068,659783068,227565,0.986502916915523,0.957894058058077,0.22,-1664.48500129719,-3836.34128010243+2263.68310588394i,0.852173604831476+0.000149137434440222i,0.868872800118537-0.028373470216905i,14.3204969905167,0,1,
1745,1,660161539,660161539,227565,0.986590175383535,0.924287496355146,-0.34,-1657.3840860189,3267.58075341833-3094.57861441012i,0.852403054547543-0.0140596171783857i,0.865744240823687-0.0383411983977328i,14.2558852573734,0,1,
1746,1,660540009,660540009,227565,0.986156130808,0.878267041878247,0.45,-1681.32712957098,-1898.74602097689+4107.64170648483i,0.848850703668042-0.0177892744915358i,0.872505335279041-0.0248041186501224i,14.1689150514515,0,1,
1747,1,660918480,660918480,227565,0.985723777932034,0.89417137737011,-0.41,-1648.43732690034,1554.1483921096-4244.71383073402i,0.850400571372983-0.00710029318906355i,0.863893089600994-0.0525500103647122i,14.1493023458891,0,1,
1748,1,661296951,661296950,227565,0.985816742994113,0.857237829174303,0.49,-1662.02070967063,126.516883918709+4526.75864169706i,0.847032761496035-0.055026250580675i,0.870610697020787-0.032955852650088i,14.1401002120858,0,1,
1749,1,661675421,661675421,227565,0.987886976473566,0.980606663009958,-0.0599999999999999,-1648.89613807581,-1107.28375818455-4262.73761214045i,0.856598085559521-0.0242499134113729i,0.877556003094903-0.0387060962410476i,14.7490810284475,0,1,
1750,1,662053891,662053891,227565,0.987870081451581,0.976940844948066,0.11,-1658.88622488404,1177.72146228944+4255.85686762299i,0.855911822896072-0.0196601237459408i,0.87286000886171-0.0147588968290913i,14.6338174883416,0,1,
1751,1,662432362,662432362,227565,0.986364037369084,0.881836682126381,-0.44,-1687.85221191635,-2000.6344172976-4057.10029726151i,0.850504071090016+0.00188222074437796i,0.864533647130706-0.0050985547880941i,14.0965792681492,0,1,
1752,1,662810832,662810832,227565,0.986391967906795,0.922249196256939,0.34,-1653.33058801267,3353.95476389573+2999.71697897074i,0.848848247382498-0.0414057802610019i,0.871293931088957-0.0374979369769604i,14.2497496332627,0,1,
1753,1,663189303,663189303,227565,0.987264768636956,0.959743754677744,-0.22,-1639.16693044983,-3911.80628742906-2134.53915534747i,0.855245114603722-0.0230938441170555i,0.875702211248119-0.0479312509200358i,14.5466868831596,0,1,
1754,1,663567773,663567773,227565,0.985893535314523,0.903648515754021,0.39,-1674.87205432595,4358.37090917581+1176.86751252352i,0.850047593757318-0.0116685940452725i,0.865847452702595-0.0402505146641449i,14.1889394910346,0,1,
1755,1,663946243,663946243,227565,0.986311417024698,0.891351051197613,0.42,-1686.34639820275,-4368.19002860583-1167.10188800431i,0.849605760462608+0.00567154955074437i,0.870837139505403-0.0120100939960924i,14.1427781814179,0,1,
1756,1,664324714,664324714,227565,0.986574044445501,0.932148124142081,0.31,-1668.64805438627,4454.1602361184-551.339801624181i,0.850509284134106-0.014098164529883i,0.867735957013489-0.00570242276721458i,14.1526640277591,0,1,
1757,1,664703184,664703184,227565,0.985917017574183,0.870432350814346,0.46,-1663.21138203687,-4409.85881167717+1013.87096943585i,0.847686601790728-0.0382338399852408i,0.862500792304944-0.0732070882465215i,14.0569390431105,0,1,
1758,1,665081655,665081655,227565,0.987187355117187,0.978230868437286,-0.0899999999999999,-1672.44803229986,3961.89892650397-1939.32292712715i,0.857854559594711-0.0328152709347779i,0.879288171877475-0.0459536223856489i,14.693031266975,0,1,
1759,1,665460126,665460126,227565,0.985449770868882,0.852593501212254,-0.5,-1682.06882973397,-3403.44526787407+2985.22173877703i,0.848042078068797-0.0207797189700575i,0.87031401661307-0.0375182409750591i,14.0661993317848,0,1,
1760,1,665838596,665838596,227565,0.986754388657654,0.941527725748778,0.28,-1664.10652600921,2104.94786175887-3952.80996546024i,0.8496590444903-0.0291089182804003i,0.868222811957311-0.0191122612327686i,14.2734539052157,0,1,
1761,1,666217067,666217067,227565,0.987415571905355,0.97982852860068,-0.0899999999999999,-1668.08963098582,-718.120574291477+4352.70540177064i,0.857043109757936-0.043320800440524i,0.869895477360981-0.0843895593350178i,14.6771665553448,0,1,
1762,1,666595537,666595537,227565,0.987015537266833,0.960500014962352,0.21,-1650.59088493548,160.23781785599-4449.53481670473i,0.854023526903313+0.0109409349229789i,0.876044460576673-0.0184206981949394i,14.4423763866395,0,1,
1763,1,666974008,666974008,227565,0.987683712313674,0.981925230035237,-0.0399999999999999,-1662.25896325297,1313.23987513871+4201.04659921349i,0.85557380377681-0.0151704148114909i,0.872884194266189-0.025771926902472i,14.6965172089478,0,1,
1764,1,667352478,667352478,227565,0.986735942620468,0.962116089188185,-0.2,-1661.38524468899,-1031.78180728181-4325.59453881766i,0.854008468144508-0.0114944151822675i,0.876613870886395-0.0402695262751622i,14.5407013891611,0,1,
1765,1,667730949,667730949,227565,0.986493396319203,0.951057557537815,-0.25,-1678.74076489967,2613.52774912017+3623.91555349548i,0.853132521195172+0.00123359284410394i,0.876424497369801-0.0226913738162566i,14.4679475143496,0,1,
1766,1,668109420,668109419,227565,0.985863607393031,0.86443699916713,0.47,-1674.78568578101,-3711.3607719163-2589.2070127602i,0.847357075261083-0.004582995689391i,0.865631738269178-0.0252397431490923i,14.1082275167782,0,1,
1767,1,668487890,668487890,227565,0.986267300174994,0.906308482980235,-0.38,-1681.17132354514,3812.26915900504+2409.34088599966i,0.851902782443973-0.00374159815152757i,0.872610654543096-0.0303475448659793i,14.2258050139825,0,1,
1768,1,668866360,668866360,227565,0.987646845824053,0.979041434388513,0.0999999999999999,-1651.52398913482,-4205.28897755793-1343.64564029032i,0.856082112591836-0.0343703891314881i,0.871098848108582-0.0306243919085787i,14.6718259759195,0,1,
1769,1,669244830,669244830,227565,0.986319057451446,0.932645609451384,0.31,-1675.30353329498,4355.68174883309+1090.98309555791i,0.849431364029443-0.00194271593600756i,0.865587269822537-0.0445368117119202i,14.2192456656175,0,1,
1770,1,669623301,669623301,227565,0.987137271979959,0.975189066735682,-0.12,-1674.7008924017,-4416.14154142135+187.046813862779i,0.856343828891409-0.0324024750212555i,0.877280472935098-0.0280763388183309i,14.6996290445409,0,1,
1771,1,670001772,670001772,227565,0.98776596398531,0.976927147911175,-0.0999999999999999,-1662.66350526213,3813.91602631914-2225.357084044i,0.855871827837359+0.000573215728069786i,0.873665354788023-0.0198055002406376i,14.6773430776078,0,1,
1772,1,670380242,670380242,227565,0.986243958805586,0.909819979156226,0.37,-1646.46857622473,-3295.01375650962+3078.40570892043i,0.847877805403228-0.0545717992092047i,0.870964379730833-0.0507437220943023i,14.2690067703894,0,1,
1773,1,670758713,670758713,227565,0.985686905808385,0.8886295100248,-0.43,-1655.80686809232,3047.82702459938-3339.09872971653i,0.847151821033698-0.0436916438291414i,0.871586877401176-0.0367095097227636i,14.1250339957196,0,1,
1774,1,671137183,671137183,227565,0.987777898938709,0.983277559469123,0,-1673.79004899468,-2402.11719210394+3687.87066695686i,0.857876683159311-0.0300481269449178i,0.872767371637551-0.0526257586688232i,14.737806128673,0,1,
1775,1,671515653,671515653,227565,0.985964735039269,0.877720434943464,0.44,-1667.06760929233,1535.17090496335-4254.31157688318i,0.846753000867071-0.0432371266262846i,0.864002082328188-0.0434500787864992i,14.077070308171,0,1,
1776,1,671894124,671894124,227565,0.987465232622156,0.977208096527743,-0.0999999999999999,-1684.58884595347,-611.41474082997+4370.69442380247i,0.857567996233768-0.0314069442750499i,0.878270050397541-0.0288208037390966i,14.7023041075579,0,1,
1777,1,672272595,672272595,227565,0.987278473362194,0.96010452287624,-0.22,-1636.20078516139,-1298.124261063-4264.07753902708i,0.853682390439239-0.0516812153616307i,0.875213900100232-0.0640120627708535i,14.6468796801952,0,1,
1778,1,672651065,672651065,227565,0.987570862612467,0.982798687357481,-0.0599999999999999,-1683.21244658472,1296.36838528557+4209.4404612777i,0.855164464677635-0.0213359303705132i,0.873428642777947-0.0374344220909514i,14.6341808251928,0,1,
1779,1,673029536,673029536,227565,0.987078041506293,0.939899725958506,-0.29,-1679.62238104861,-2889.3209366999-3427.46522968228i,0.853202877723546-0.0279172781198531i,0.874173406789277-0.00718382489585219i,14.4152086801491,0,1,
1780,1,673408006,673408006,227565,0.986917830302118,0.963655275370982,0.19,-1656.08168327128,3442.78673080222+2808.61785169396i,0.853561753818865-0.0280577323548225i,0.867986899769984-0.0556714347414253i,14.5214361145899,0,1,
1781,1,673786476,673786476,227565,0.986497226295798,0.922979805184003,0.34,-1671.60687071685,-3661.99179707349-2615.10486715594i,0.850324697349982+0.0299183369593126i,0.865699310968491-0.00237172674371073i,14.1321731592654,0,1,
1782,1,674164947,674164947,227565,0.98685255605836,0.959320072460987,-0.22,-1668.26504720914,4101.60408421273+1741.99233940799i,0.855282039739263-0.0183197698332203i,0.876851172425604-0.0184145833837119i,14.4418672809197,0,1,
1783,1,674543417,674543418,227565,0.985855315956793,0.970527854475334,-0.15,-1672.11547539404,-4379.37018147032+568.719879673288i,0.84657684108204-0.0139125016747412i,0.864393947149229-0.041996288621167i,13.9639573696149,0,1,
1784,1,674921888,674921888,227565,0.987499427653416,0.970338686043054,0.16,-1669.39664759666,4333.37519985757-931.274772885139i,0.853002120960556-0.0107384184909288i,0.878482358824289-0.0214302691607044i,14.5434476427787,0,1,
1785,1,675300359,675300359,227565,0.986484665267377,0.901073427394639,-0.4,-1660.60833369087,-4097.27739628771+1903.18764321198i,0.848289100143305-0.0229045835528783i,0.869854814853503-0.0684731356443387i,14.1957699051952,0,1,
1786,1,675678829,675678829,227565,0.985838668649784,0.905413411862814,0.39,-1660.14587800773,3198.78113389313-3184.6246207643i,0.848011664721098-0.00784923153152828i,0.864345273594573-0.0234621372535617i,14.1362903487773,0,1,
1787,1,676057299,676057300,227565,0.987082018257411,0.978899984694614,-0.0799999999999999,-1675.76494307355,884.819686671066+4317.15214202295i,0.851774791314766-0.0225778615540971i,0.875851154571505-0.0430688039785711i,14.615063200122,0,1,
1788,1,676435770,676435770,227565,0.985896213988532,0.885607949054873,0.43,-1655.52246681035,1207.56066055141-4357.61787790356i,0.847016327395612-0.0322225300821887i,0.862290529170825-0.0548276743984022i,14.1112442911589,0,1,
1789,1,676814241,676814241,227565,0.987239448544849,0.975791638069958,-0.12,-1649.76683576368,-185.241128089403+4415.33048229419i,0.854296706896659-0.0484924949757577i,0.870583053378052-0.047368341238017i,14.639662873215,0,1,
1790,1,677192711,677192711,227565,0.987074538644721,0.980002779335155,-0.0899999999999999,-1683.50353092497,350.453852438811-4397.36532800335i,0.858607641052538-0.00109593844676645i,0.87937074370795-0.0227560252824915i,14.6678887970748,0,1,
1791,1,677571182,677571182,227565,0.986168242783635,0.85244153384948,-0.5,-1655.19378254538,899.761086174184+4435.8798185395i,0.847546799104733-0.0349637352951619i,0.869302298377035-0.0444705701186637i,14.0675699692881,0,1,
1792,1,677949652,677949652,227565,0.986397170356821,0.941726876491328,0.28,-1674.11454800967,-2335.53079501306-3819.57567686944i,0.850551788147962-0.0196410247183045i,0.866687377887006-0.020697783483116i,14.2533277363027,0,1,
1793,1,678328122,678328122,227565,0.985921839750212,0.885018053317535,0.43,-1672.56567796831,2497.70145045146+3767.46778170331i,0.848953901138383-0.00828389436085373i,0.864128863561594-0.0479794971050264i,14.0879852190564,0,1,
1794,1,678706593,678706593,227565,0.987823443089191,0.983239720721235,0,-1643.64087401523,-3385.58440401558-2802.80809523768i,0.855056761231787-0.0297605065449164i,0.877601247542907-0.0546417539504598i,14.6707002956713,0,1,
1795,1,679085064,679085064,227565,0.986789163584653,0.955148120137515,-0.23,-1660.51510380089,4137.94361384394+1655.27143932674i,0.854782691733908-0.0271158918383549i,0.868399191821393-0.0489910972232106i,14.4906746265072,0,1,
1796,1,679463534,679463534,227565,0.986838460213876,0.949915206488218,0.25,-1660.74497797813,-4404.24544508656-703.641373535857i,0.849800472008227-0.0131907615105585i,0.875981090974772-0.0111086323644088i,14.4543360402788,0,1,
1797,1,679842005,679842005,227565,0.986370207033671,0.934488566753866,-0.31,-1686.66005311613,4486.17188452989-178.210275120573i,0.852418943248226-0.0427151121981674i,0.874398068562117-0.0496476670418609i,14.294475301243,0,1,
1798,1,680220475,680220475,227565,0.986941335531602,0.970876027861659,-0.15,-1671.46610428888,-4386.78285084425+604.968391013045i,0.856581986844754-0.0109815957105335i,0.873001323422011-0.0385939932157909i,14.5909230579077,0,1,
1799,1,680598945,680598945,227565,0.986823937993023,0.927543277019348,0.33,-1678.45737270143,4247.1440554348-1477.55595118434i,0.849009234716285-0.00495351533899177i,0.87262990638093-0.0309437661650902i,14.2756720078145,0,1,
1800,1,680977416,680977416,227565,0.986393945953394,0.955594273728117,-0.23,-1646.71322660707,-3739.25468603091+2429.69488868018i,0.854163337388371-0.0365090444869223i,0.870197259776879-0.0408276702423939i,14.5177199616489,0,1,
1801,1,681355887,681355887,227565,0.986491574842008,0.923242355095399,-0.34,-1652.93391842504,2591.77218848726-3679.15799600702i,0.850876359780013-0.0299421349634975i,0.868289668509266-0.0339993880191603i,14.2819726626522,0,1,
1802,1,681734357,681734357,227565,0.987578759273093,0.972255824164728,0.14,-1685.0141150844,-1987.4768657543+3953.67644106159i,0.855166275906937-0.00817301393160175i,0.87828644373852-0.0283493135240819i,14.6469274982744,0,1,
1803,1,682112828,682112828,227565,0.987892654388994,0.97857823835689,-0.0999999999999999,-1675.27206445747,210.011998569123-4410.33438751859i,0.858560088440085+0.00410857359857242i,0.872520456156731-0.0149720726069765i,14.7667069812191,0,1,
1804,1,682491298,682491298,227565,0.986254291684779,0.946898694593667,-0.26,-1649.80648898013,-517.065954927634+4440.88600127281i,0.853863553219385-0.0237176179475854i,0.87383607897329-0.0536243336844784i,14.4390834188556,0,1,
1805,1,682869768,682869769,227565,0.985044491291962,0.972779246903829,0.12,-1683.29491433227,-1501.90619721471-4141.91625669154i,0.843073219562809-0.00173789443241077i,0.869966903575628-0.0354469586512975i,13.9142134336368,0,1,
1806,1,683248239,683248239,227565,0.985954136351162,0.891028700620191,0.42,-1684.11806826431,2593.67698262274+3702.99710910719i,0.848697285805241-0.01806832441169i,0.865068486961834-0.0310972109442705i,14.1274567275018,0,1,
1807,1,683626709,683626709,227565,0.985746807499471,0.8804031720363,0.44,-1669.01031485891,-2705.89798715249-3624.45259071737i,0.846724836734429-0.0323205376771646i,0.864233234443641-0.0425341224783851i,14.1091331464625,0,1,
1808,1,684005180,684005180,227565,0.986943907114143,0.981672334217479,0,-1681.18963767867,3463.77381429807+2701.88095424512i,0.854867388949723+0.00129594922185737i,0.878373678759006-0.00798724373330887i,14.4381942151891,0,1,
1809,1,684383651,684383650,227565,0.986143986391351,0.856987596498402,0.49,-1645.10073440155,-4109.04230790348-1898.42929177022i,0.847893705828425-0.031811017676141i,0.87122809059447-0.0395194992931125i,14.1064480148027,0,1,
1810,1,684762121,684762121,227565,0.987423896288263,0.98093905517555,-0.0599999999999999,-1650.16926594518,4286.35842562204+1011.47915858492i,0.856287419199029-0.00254371843137599i,0.87373562667149-0.0323383307194319i,14.647247316779,0,1,
1811,1,685140592,685140592,227565,0.987595681034022,0.96830142351027,-0.17,-1658.78679727268,-4349.04933121288+878.01678448277i,0.852761408589341-0.0272334314811426i,0.876836224239424-0.04749612780616i,14.6587037508354,0,1,
1812,1,685519062,685519062,227565,0.986470308558086,0.932511194994108,0.31,-1646.51337061098,4142.06306309455-1731.48157823306i,0.848434440776116-0.0402662144195318i,0.865314165936607-0.0501261973455432i,14.2948245855963,0,1,
1813,1,685897533,685897533,227565,0.986863145583245,0.952026394009991,-0.25,-1652.97551222396,-3649.62638823043+2573.86207426783i,0.853888916684701-0.0272261788790644i,0.868433500833294-0.0501934338409116i,14.4480432905967,0,1,
1814,1,686276003,686276003,227565,0.987199786907603,0.959394148893974,-0.21,-1672.98535029289,3705.30525668139-2467.51570410402i,0.854846553639785-0.0353483128398283i,0.878000056605416-0.0455972618667109i,14.5633481182658,0,1,
1815,1,686654473,686654473,227565,0.986456227683059,0.90440364484172,0.39,-1648.67889219937,-2824.24691621595+3520.49216775991i,0.849299206017613-0.0277649605014761i,0.87281995857011-0.039701105063839i,14.2066018439457,0,1,
1816,1,687032944,687032944,227565,0.987484094753224,0.968323541267685,-0.17,-1652.29598792365,2076.26510909174-3921.74187242049i,0.855703446796737-0.0386349155554757i,0.869725177487734-0.0618428539481829i,14.6011145752321,0,1,
1817,1,687411415,687411414,227565,0.986233139163794,0.856419926778301,0.49,-1686.89069813212,-993.199176757458+4416.42987434761i,0.848391870645429-0.0156611928526738i,0.864933812596197-0.0395811192004907i,14.0690378236262,0,1,
1818,1,687789885,687789885,227565,0.986930665277327,0.961163005775414,0.21,-1674.31034158697,-439.805461465263-4428.00788296881i,0.852583455612096-0.0181915915016546i,0.876681865755127-0.0324992239878623i,14.4509544503184,0,1,
1819,1,688168356,688168356,227565,0.986162382066136,0.918873185724693,-0.35,-1672.73711571146,1415.18459079695+4270.82584007297i,0.851566222120231-0.0417864789015784i,0.865646367122578-0.058248562501391i,14.282629276176,0,1,
1820,1,688546826,688546826,227565,0.987579478083186,0.973784542002503,-0.14,-1654.53419024755,-1948.05193856074-3972.49115574053i,0.857179119725736+0.00291683486082078i,0.877608368041796-0.0209173276009128i,14.67578603349,0,1,
1821,1,688925296,688925296,227565,0.986854418861006,0.942107623088706,0.28,-1679.23158357062,2625.49276886336+3626.21054957547i,0.850384345935971-0.00895170355358609i,0.874324937301986-0.0256041789579421i,14.2729691193229,0,1,
1822,1,689303767,689303767,227565,0.987003311160551,0.980888866641753,0.0399999999999999,-1695.11788182191,-3596.3373071715-2532.86935104776i,0.856504629235292-0.00668273692087064i,0.872991154457149-0.0204536074940515i,14.559270555142,0,1,
1823,1,689682237,689682238,227565,0.986679917839864,0.981376865845608,0,-1677.14728406612,4304.72492712837+882.638712778755i,0.849310161341712+0.0189199180432624i,0.868011777508744-0.00577845910781064i,14.3388300030799,0,1,
1824,1,690060708,690060708,227565,0.987788068784523,0.981787862023558,-0.0399999999999999,-1655.3054425749,-4342.1881367313-718.579367473466i,0.8566299197846-0.0265546167748654i,0.878945569830387-0.0308510254108282i,14.6847980657478,0,1,
1825,1,690439179,690439179,227565,0.985217954402067,0.872838826756498,-0.45,-1636.66938057181,4486.74027635613-407.137507276475i,0.846305278024394-0.0613048633549328i,0.867403353832082-0.0917329225693383i,14.1088182017543,0,1,
1826,1,690817649,690817649,227565,0.987437348712816,0.975923687265628,-0.12,-1659.94100782653,-4279.84107664226+1010.62555500704i,0.856375821437816+0.0123071763182584i,0.871625840400082-0.0211566692146983i,14.6585595955416,0,1,
1827,1,691196120,691196119,227565,0.985491558454089,0.864699699494187,0.47,-1647.46425329257,3879.97630475897-2290.93760500013i,0.847070730617996-0.0171365532261087i,0.870729199611837-0.0426178660538404i,14.1607864306987,0,1,
1828,1,691574590,691574590,227565,0.986285366591747,0.910769596641038,0.37,-1676.13943001498,-2742.2381870779+3551.82007884223i,0.847197766400107+0.0154165506192799i,0.866614874302081-0.0173846947701806i,14.1897721354724,0,1,
1829,1,691953061,691953061,227565,0.987022158184322,0.964783063594599,-0.18,-1643.59384310627,1786.25470738524-4041.81798085765i,0.855921744726906-0.0317449161226571i,0.870505777613504-0.0295763411733315i,14.5814390624616,0,1,
1830,1,692331531,692331531,227565,0.987514393438579,0.970951880299453,-0.15,-1670.9451100172,-1863.7695384028+3995.29500019419i,0.858189700244775-0.0250687777192624i,0.876865142786021-0.0297296493283368i,14.7123826649803,0,1,
1831,1,692710002,692710002,227565,0.986648463301795,0.907319251201907,-0.38,-1654.76713571052,356.533698924261-4476.56641301678i,0.849456115623773-0.0352886019597498i,0.863836932769494-0.0481627548280378i,14.2257333779558,0,1,
1832,1,693088472,693088472,227565,0.987716719050029,0.977694506785666,-0.0999999999999999,-1655.97006529098,265.7497930014+4384.88075271422i,0.860795861216883-0.020677210049542i,0.879991892782252-0.0384978178991877i,14.6812475115708,0,1,
1833,1,693466942,693466942,227565,0.985927970981126,0.911273394370467,0.37,-1659.62977360342,-1202.51318836713-4342.26430441523i,0.845453134777485-0.0354051735062406i,0.870549781797587-0.0696901502488402i,14.081962968534,0,1,
1834,1,693845413,693845413,227565,0.987243760670712,0.965284715614581,-0.18,-1668.59877375797,2093.29824209028+3914.07982848954i,0.855249950277099-0.0246472394821296i,0.870778358526459-0.0362769122775663i,14.6195074996881,0,1,
1835,1,694223884,694223884,227565,0.986407470767486,0.937709020411875,-0.29,-1665.93529971545,-3485.85772944789-2821.90749885518i,0.85208916734169-0.0379139603070265i,0.873320319932407-0.0401272883209333i,14.4496132468928,0,1,
1836,1,694602354,694602354,227565,0.987795822064041,0.965355759801277,0.19,-1680.03172158333,3966.47384972426+2003.60635585322i,0.852568358456996-0.0101449574909069i,0.869570292752757-0.0344407739065129i,14.4940094027437,0,1,
1837,1,694980825,694980825,227565,0.986308201019271,0.912827223397152,-0.37,-1648.92148687449,-4388.41182287061-1039.24164335671i,0.849601190881589-0.0220666103407i,0.864857977284707-0.0520852743105735i,14.2359249169647,0,1,
1838,1,695359295,695359295,227565,0.986874025838807,0.959131383093913,-0.21,-1678.25155817679,4380.21925030697+798.069246302311i,0.856261440310437+0.0206203560762227i,0.87843746463534-0.0206215890559298i,14.500877238202,0,1,
1839,1,695737766,695737766,227565,0.985678411181085,0.880931671194742,-0.44,-1658.6929137874,-4472.99060504642+679.313853302618i,0.848673083053825-0.0381643026141048i,0.871314839293566-0.0448264797607171i,14.1554432756869,0,1,
1840,1,696116236,696116236,227565,0.986410048166433,0.938364423250753,-0.29,-1694.34054853459,4392.61692982434-906.926373325085i,0.852872397713743-0.0229510269643981i,0.868760510537615-0.025759896035627i,14.328410676071,0,1,
1841,1,696494706,696494707,227565,0.980204623587079,0.918812279943501,-0.34,-1651.74015214277,-3145.04566164851+3143.51699972517i,0.835061609012564-0.0378450765923158i,0.855086087025537-0.0403008222099053i,12.9229531754438,0,1,
1842,1,696873177,696873177,227565,0.987392664203829,0.979589442788114,0.0799999999999999,-1675.25042419295,2883.11126475935-3338.05730854566i,0.855877881911654+0.00304662265181142i,0.879273879651362-0.0217184185023505i,14.7114030104784,0,1,
1843,1,697251647,697251647,227565,0.986570561084959,0.955120684839575,0.24,-1658.67447545758,-2612.93745077998+3618.78551970951i,0.85268611293251-0.00569642814169633i,0.869969020053631-0.0177483895663033i,14.3723407718523,0,1,
1844,1,697630118,697630118,227565,0.987627492795413,0.982576439191311,0,-1681.25143047729,1441.32663898662-4157.18288069158i,0.858553780474521-0.00642078987795683i,0.879277588211497-0.0460245665446933i,14.7665418780792,0,1,
1845,1,698008588,698008589,227565,0.987172643977481,0.980591902621338,-0.0499999999999999,-1656.29711675916,3328.82953077463+2881.73896071536i,0.85047745823857-0.0489858088938037i,0.877292842902793-0.0342898269880752i,14.5705434216637,0,1,
1846,1,698387059,698387059,227565,0.986713047267069,0.916708421531937,0.36,-1644.66819362335,-1559.01146475029-4229.73095541381i,0.848701110169028-0.0128263889099421i,0.865573977083695-0.0369480728099204i,14.2464929662016,0,1,
1847,1,698765530,698765530,227565,0.987037673670778,0.962720632872306,-0.2,-1674.07896564387,2126.54163882082+3909.5161452402i,0.855176918534035-0.0211633572449897i,0.868512672323225-0.0347470145379849i,14.5617830792514,0,1,
1848,1,699144000,699144000,227565,0.987668333254044,0.980798829722156,-0.0399999999999999,-1656.46069903802,-2468.6068888385-3645.65439845436i,0.857465655668138-0.00218337960509537i,0.88034013003053-0.0155733332265825i,14.7689491909507,0,1,
1849,1,699522470,699522470,227565,0.986184600341525,0.884634705154334,0.43,-1667.7298628308,3233.04176293492+3163.5095531438i,0.848466435544517-0.0101724614743791i,0.868868528652079-0.0523559195121173i,14.1639652128496,0,1,
1850,1,699900941,699900941,227565,0.987147811639155,0.974752720486357,-0.12,-1696.47612320761,-3733.17486745195-2365.07616153151i,0.856859435453773+0.00344917667777804i,0.872068846901724-0.0253918956876249i,14.6940389246828,0,1,
1851,1,700279412,700279412,227565,0.986700632450598,0.917921944635696,-0.35,-1658.84315546563,4436.79617845384+776.136287868214i,0.851047123049752-0.0208929610419308i,0.873532490785647-0.0339428549716084i,14.3984742003366,0,1,
1852,1,700657882,700657882,227565,0.987040847570523,0.951814369234066,0.25,-1651.24695291038,-4437.95448695391+517.817782279018i,0.850762606568856-0.0280469586596798i,0.870740781652069-0.0256585118881467i,14.4124657440048,0,1,
1853,1,701036353,701036353,227565,0.98680814106785,0.933377374057983,-0.31,-1679.42852852106,4294.96998533981-1311.1477265603i,0.8530202249927-0.0316659077628651i,0.867509208423494-0.0413167714387017i,14.4075413920238,0,1,
1854,1,701414823,701414823,227565,0.987625987296618,0.967900111656977,0.17,-1663.61699843599,-3847.79642239871+2205.85938072467i,0.852788570974874-0.0483820924277236i,0.876965343322173-0.0349097646733953i,14.5177341715188,0,1,
1855,1,701793293,701793293,227565,0.986146288896244,0.927397471712802,0.33,-1631.2387967361,3685.31911926137-2581.35946968457i,0.84931266824277-0.040213741379121i,0.873309434112898-0.0237786481348457i,14.3041098772401,0,1,
1856,1,702171764,702171764,227565,0.987274720545475,0.955743087658278,-0.23,-1654.01202662909,-3065.99983172697+3239.97850758203i,0.854139481420417-0.0183505574423061i,0.867696543376295-0.0291667781523208i,14.5040042928651,0,1,
1857,1,702550234,702550234,227565,0.987049707049671,0.950485236057675,0.25,-1653.03347175964,2474.84933030526-3718.48833816246i,0.850464878600124-0.00258432777714794i,0.868828355883783-0.0451275632690349i,14.2941716399105,0,1,
1858,1,702928705,702928705,227565,0.985943082579015,0.933400170684895,-0.31,-1661.69739601984,-1559.1288005305+4210.18071285489i,0.852825940871269-0.0254981349606877i,0.875019550053129-0.0377647285436255i,14.3579243366092,0,1,
1859,1,703307176,703307176,227565,0.986340494442877,0.894768534020863,-0.41,-1656.71860600438,-238.365098073687-4514.62048593156i,0.849413322396942-0.0189591638183454i,0.865417853345141-0.0346824843699725i,14.2246267733154,0,1,
1860,1,703685646,703685646,227565,0.987231738071321,0.982178772544383,0.0599999999999999,-1659.09583878495,1260.45879377074+4221.62911570545i,0.856562242440934-0.0193744021987923i,0.877068740112112-0.0303734863463643i,14.6496479259586,0,1,
1861,1,704064117,704064117,227565,0.985469168931848,0.860271375357547,-0.48,-1652.60066466476,-2072.20047817404-4026.54958049029i,0.849606081664715-0.0212760393694679i,0.869013936104956-0.0488596256007601i,14.1406465659221,0,1,
1862,1,704442587,704442587,227565,0.986439065423102,0.922730214022769,-0.34,-1710.52292475285,2214.95437558832+3912.32930977566i,0.852096271385883+0.00973520961891017i,0.866773727621046-0.0125439168709157i,14.2418980749063,0,1,
1863,1,704821057,704821058,227565,0.98573192745311,0.980050668581331,0.0399999999999999,-1652.88838797046,-3988.31945426657-1829.3041427057i,0.844395038629471-0.0156016862286494i,0.86898999090679-0.0484987239949323i,14.0765052320571,0,1,
1864,1,705199528,705199528,227565,0.986775783497389,0.940198260374301,-0.29,-1671.22888781914,3817.36729635453+2347.4744005051i,0.854197592370138-0.0163939452982753i,0.866661212141792-0.0246120992163295i,14.3798072539708,0,1,
1865,1,705577999,705577998,227565,0.986219299132726,0.858161150127865,0.49,-1677.12729279073,-4401.60435545338-1056.40136958682i,0.848084875808474-0.00645841928664067i,0.864390127383552-0.0357760461269234i,14.0773060228065,0,1,
1866,1,705956469,705956469,227565,0.987609903869623,0.980671213852695,-0.0499999999999999,-1675.20964967525,4400.21270460299-97.3366865025534i,0.858601435933797-0.00239313252353919i,0.880038076775491-0.019801131682336i,14.7124738710795,0,1,
1867,1,706334939,706334939,227565,0.98589781933268,0.892477098490281,0.42,-1669.37157800719,-4385.49846352228+1093.42807152266i,0.846307318773753-0.00774612028031215i,0.863933317496979-0.0491011171740137i,14.1315692429031,0,1,
1868,1,706713410,706713410,227565,0.987344381994584,0.973986682656868,-0.14,-1653.98635932642,3969.84282038365-1950.84881290058i,0.857137443989322-0.0321152297322614i,0.877189340900861-0.053252434361494i,14.607724530241,0,1,
1869,1,707091881,707091881,227565,0.986916804205004,0.951702019899477,-0.25,-1671.84411529139,-2894.43236527676+3406.43389261718i,0.85268022985495-0.00372462135470518i,0.876216089771932-0.017468608506112i,14.4768305066953,0,1,
1870,1,707470351,707470351,227565,0.987205055227581,0.954253975379576,0.24,-1625.51036429595,1995.2674833148-3993.88629653565i,0.852508474088237+0.00170220929603288i,0.869468946346567-0.0383928243616469i,14.4738952878762,0,1,
1871,1,707848822,707848822,227565,0.98726973593706,0.929893747519881,-0.32,-1653.62090518783,-1301.0585825887+4304.53705984467i,0.851286368147028-0.0230876361838679i,0.866869972950441-0.0367061667087673i,14.3760574869532,0,1,
1872,1,708227292,708227292,227565,0.987154615492777,0.969625414741974,-0.17,-1674.86114922579,1041.34807957771-4312.5003533936i,0.855556015930198-0.0222663545149056i,0.878850388060829-0.0274343758693676i,14.6044492961954,0,1,
1873,1,708605762,708605762,227565,0.98709500211725,0.932493636489332,0.31,-1682.09329433437,-217.487151370936+4485.15717376095i,0.849245711044728-0.00369261428393784i,0.874947848283906+0.00986293432486476i,14.3225310381625,0,1,
1874,1,708984233,708984233,227565,0.986493269904469,0.952867125322389,-0.25,-1668.18043877237,-886.004977493529-4378.6129141269i,0.852703782440672-0.0204560245449586i,0.86961660729959-0.0452283374249497i,14.436222940717,0,1,
1875,1,709362703,709362704,227565,0.983850899616978,0.934455467390058,-0.3,-1651.79503571808,4416.57948875686+616.638190910659i,0.842923971030327-0.0167517058795673i,0.867504299751445-0.0286993196126451i,13.6617775671297,0,1,
1876,1,709741174,709741174,227565,0.986943657456474,0.973497267375408,0.13,-1665.12521547617,-3192.11928384068-3062.52631813079i,0.855364039336201-0.00931234860940411i,0.871279931931922-0.039441268394405i,14.6429353951174,0,1,
1877,1,710119645,710119645,227565,0.985488583352274,0.886510366935289,-0.42,-1655.77600494557,3904.99918444827+2281.00075639167i,0.850873391485547-0.016351120896367i,0.864725500003455-0.0507803729765699i,14.1998408341562,0,1,
1878,1,710498115,710498115,227565,0.987992736532368,0.982353392923437,0.0499999999999999,-1699.875066399,-4125.26696267008-1545.62454179459i,0.857865878109287+0.0131332425105656i,0.879288045356988+0.00589821971569811i,14.7205126061969,0,1,
1879,1,710876585,710876585,227565,0.98677677502659,0.962093864684778,0.2,-1680.74745429142,4289.06960417139+1158.02740936461i,0.853518687873025+0.00967036255588595i,0.876714528250708-0.0291947742934231i,14.4269319175033,0,1,
1880,1,711255056,711255056,227565,0.986456066621471,0.918728246207032,-0.35,-1662.32833852786,-4504.8501511731-37.7058687927253i,0.851412666676916+0.00566876571403064i,0.86654698249803-0.00817228324852407i,14.304087295119,0,1,
1881,1,711633526,711633527,227565,0.987251953300929,0.973430451542003,-0.13,-1662.68032698102,3823.4059482497-2218.38520687046i,0.85350155789294-0.000720793963536163i,0.866331081598068-0.0475049629909367i,14.5398848281865,0,1,
1882,1,712011997,712011997,227565,0.988209664106106,0.983331098987787,0,-1687.42330931087,-3640.33746373399+2463.87650949347i,0.85760994946872+0.0167037376561727i,0.879177344871709-0.00396843356039504i,14.6404530816262,0,1,
1883,1,712390468,712390468,227565,0.987412872791101,0.956057198267121,-0.23,-1666.64175830208,2466.32067183093-3715.35511083898i,0.855819262818046+0.000798427109705893i,0.869989721124836-0.00384476308367269i,14.6167077438615,0,1,
1884,1,712768938,712768938,227565,0.987323971300847,0.979323449254707,-0.0699999999999999,-1670.48694690029,-2284.14801039801+3764.95070428156i,0.857288622417026-0.0191986981470023i,0.882206643303816-0.0188749875533297i,14.7413631116694,0,1,
1885,1,713147409,713147409,227565,0.987125243387972,0.93399017452675,-0.31,-1666.54979129527,982.413306717507-4381.03070571234i,0.850826215596792-0.0370318027194452i,0.874281045707953-0.0564270665324587i,14.420423397065,0,1,
1886,1,713525879,713525879,227565,0.987713838081651,0.971255149617136,-0.15,-1647.08021771366,-575.542981255145+4391.19103209558i,0.856262302977544-0.0282450576470193i,0.869737660243833-0.0664049352767226i,14.6716315702453,0,1,
1887,1,713904350,713904350,227565,0.986466644651155,0.946265884239782,-0.26,-1661.62284346636,-1244.18910410687-4294.74734281178i,0.852616744157316-0.0453739637171327i,0.868313398799368-0.0474175883601166i,14.5198062146444,0,1,
1888,1,714282820,714282820,227565,0.987620746106171,0.958762753357676,0.22,-1677.48969745687,1939.32109308727+4011.43172200193i,0.853473053514527-0.0147926913934047i,0.8762448021419-0.0212402106118901i,14.5131698994353,0,1,
1889,1,714661290,714661290,227565,0.986042770322384,0.908743980751868,0.37,-1674.89077120592,-2299.51273917989-3876.4073328898i,0.850424272042937-0.0166964025336482i,0.872375242881377-0.0296204980762903i,14.1699299470257,0,1,
1890,1,715039761,715039761,227565,0.987345221225794,0.965629914075614,-0.18,-1647.31790030621,3106.70534301403+3172.61784727241i,0.85666690779291-0.0197198031854358i,0.871183149822524-0.0272211432664578i,14.6291919467937,0,1,
1891,1,715418232,715418232,227565,0.985928666790878,0.894243427045891,-0.41,-1670.99984584865,-3969.96942724495-2158.37873112915i,0.852062341110737-0.0134572020813072i,0.872828137149399-0.00451076563971083i,14.2282238317845,0,1,
1892,1,715796702,715796702,227565,0.985812491712234,0.906095751454509,-0.38,-1644.344399455,4045.97126277427+1998.35520037065i,0.850711662939412-0.0342760918141598i,0.864914625638304-0.0579521107671524i,14.2475824082006,0,1,
1893,1,716175173,716175173,227565,0.986270235193234,0.912678016186985,-0.37,-1662.01356613123,-4509.53959504582-64.9410956309692i,0.849100898784135-0.0280468857302021i,0.865948978992969-0.0473345058809121i,14.2770982442894,0,1,
1894,1,716553643,716553643,227565,0.987527741257075,0.98326663050185,0,-1646.66503668288,4346.91434998036-689.286434612111i,0.857478690890643-0.0233532454592278i,0.879492273281331-0.043352419679578i,14.8926229440692,0,1,
1895,1,716932114,716932114,227565,0.986613463679188,0.947183167777378,-0.26,-1654.94225491886,-3977.58776346733+2045.47761864541i,0.854279406327281+0.0011740219956064i,0.867298899298352-0.0211294585292414i,14.4767800145673,0,1,
1896,1,717310584,717310584,227565,0.987856693746069,0.982876687912858,-0.0399999999999999,-1668.5874313601,3732.59741222663-2334.58399932786i,0.856813363135581+0.00353343833713815i,0.880374869284968-0.015669279815237i,14.7287508182854,0,1,
1897,1,717689054,717689054,227565,0.98695182985557,0.964966309672868,0.19,-1676.31547293824,-3450.25351528208+2801.70142567357i,0.852828120220718-0.0152463676227134i,0.878057016643747-0.0312704544298383i,14.4500475560573,0,1,
1898,1,718067525,718067525,227565,0.985855681070007,0.912464584675457,-0.37,-1691.87846618024,2883.55322690951-3467.5017349273i,0.849723751087825-0.0122161365025591i,0.864264492632337-0.0323743900788721i,14.0637843053886,0,1,
1899,1,718445996,718445996,227565,0.985918244152535,0.866767748321452,-0.47,-1658.77071585953,-1211.20258615327+4361.45419125364i,0.847703902257757-0.010874426103661i,0.872685949642986-0.0261160781734157i,14.0914357705714,0,1,
1900,1,718824466,718824466,227565,0.983691289442908,0.979286380688698,0,-1659.29579549421,-3030.33436243166-3162.31704388124i,0.838981895879641-0.0261992098457099i,0.858104029671473-0.0766619546685874i,13.4481942536357,0,1,
1901,1,719202936,719202936,227565,0.985992846764983,0.870050143944109,0.46,-1667.40507071742,725.233458910876+4468.9853835879i,0.848166309822991-0.00783878857912558i,0.86256403409371-0.0481065314019115i,14.1233602399911,0,1,
1902,1,719581407,719581407,227565,0.987483232013056,0.9790163531417,-0.0899999999999999,-1675.50584591466,-1465.84588461689-4162.30478350739i,0.856777867335354+0.00388211040816051i,0.880167030689391-0.0390713942775082i,14.7279683138714,0,1,
1903,1,719959877,719959878,227565,0.986013033372209,0.980235794028399,-0.0699999999999999,-1660.36228012803,4393.77720910257+192.692414996661i,0.844159870036179-0.0270384364041968i,0.874279158261965-0.0253975030458687i,14.1243448447695,0,1,
1904,1,720338348,720338348,227565,0.986522613808177,0.940756186855588,0.28,-1666.73966853494,-3800.74152156032-2370.19805106355i,0.849610837617574-0.0278031617273756i,0.866498934516619-0.0437515179951348i,14.3377649448178,0,1,
1905,1,720716819,720716819,227565,0.986812656696678,0.943540535814215,-0.28,-1661.48331478128,4213.23133895488+1520.77041920357i,0.853141788724024-0.0319891696948537i,0.866958140587563-0.0320409875820268i,14.4379559330785,0,1,
1906,1,721095289,721095289,227565,0.987706850314471,0.976158611196804,-0.12,-1671.81899637428,-4185.47890282835-1421.71536674457i,0.856642666586613-0.0293217874975758i,0.877358983119779-0.0346653872792268i,14.7098943572642,0,1,
1907,1,721473759,721473759,227565,0.986316731305194,0.915562984056176,0.36,-1675.9335020193,4488.15400672357+404.675542755301i,0.849338346843526-0.0116310256757057i,0.865975400640439-0.0193753721111038i,14.2057774042318,0,1,
1908,1,721852230,721852230,227565,0.987224844666004,0.961496346669877,-0.2,-1663.57345642981,-4402.36199122621+641.546037203933i,0.854926420959098-0.0140455889837323i,0.876316188503698-0.0645693281404771i,14.583063196927,0,1,
1909,1,722230701,722230701,227565,0.986895360312434,0.934062511785865,-0.31,-1666.7726382703,3738.66258535522-2486.19862380312i,0.84991574032513-0.0292022212232465i,0.87316057985096-0.0448133582427504i,14.4152630918403,0,1,
1910,1,722609171,722609171,227565,0.987127665585149,0.968456683148318,0.18,-1656.05023477123,-2993.04687229655+3278.00714350086i,0.85433528139134-0.0232793973495961i,0.870534120382581-0.00323676926270944i,14.5814045816087,0,1,
1911,1,722987642,722987642,227565,0.985915562204431,0.906334840410731,-0.38,-1664.5512430883,2397.05046678371-3824.71292341479i,0.850997222302918-0.00975054759672504i,0.872419634743336-0.0135479551455596i,14.3491446783361,0,1,
1912,1,723366112,723366112,227565,0.986022713958089,0.918947360684759,-0.35,-1650.93104093918,-2354.92679512054+3836.32323854482i,0.852591649136203-0.00130421090586911i,0.866003628430099-0.0256646499307349i,14.1973289874167,0,1,
1913,1,723744582,723744582,227565,0.986237676284259,0.949860754971562,0.25,-1692.57506845985,1491.40994702294-4211.55841489461i,0.850874206828004+0.00880953865822041i,0.868588553212556-0.0116883161765099i,14.3471016326615,0,1,
1914,1,724123053,724123053,227565,0.986394792174091,0.933233900915375,-0.31,-1661.18237084312,-453.181402286983+4467.1036922544i,0.852786685139136-0.00422345308390999i,0.871874640556687-0.0503724633470827i,14.2928003884713,0,1,
1915,1,724501523,724501523,227565,0.986533686083368,0.966375213872294,0.18,-1657.28181388779,-496.047372267102-4412.49845442886i,0.854404729171724-0.0108257860339616i,0.867111165674335-0.0457924440438135i,14.5755719826756,0,1,
1916,1,724879994,724879994,227565,0.987300819432343,0.981751952610243,0.0599999999999999,-1672.64859507676,2144.16669282249+3846.43328600835i,0.855017253566233-0.0199113717377323i,0.87869426669308-0.0376482010706537i,14.6870063307635,0,1,
1917,1,725258465,725258465,227565,0.985587619043571,0.858283053025824,-0.48,-1646.42979174422,-3118.66690819843-3284.80141583394i,0.84829832969905-0.0362360096349598i,0.869520998715049-0.0671217608383074i,14.1162146271207,0,1,
1918,1,725636935,725636935,227565,0.986831123914988,0.981094553987799,0,-1657.35358528828,3580.26459841596+2558.08071154928i,0.857364432457333-0.0361420084649202i,0.872306346204339-0.0432116546629892i,14.7702566424936,0,1,
1919,1,726015405,726015405,227565,0.985444914540889,0.877848677265133,0.44,-1663.67248588241,-4151.30786557632-1794.25023621114i,0.848686897307557-0.0160318409869098i,0.863407263029443-0.0334185177521576i,14.0750434822401,0,1,
1920,1,726393876,726393876,227565,0.985803030926663,0.893533164585883,-0.41,-1664.54131602561,4308.19275861281+1361.52168609486i,0.850765496993367+0.00563035500983249i,0.87351352285588-0.013360100885954i,14.2342826452246,0,1,
1921,1,726772346,726772347,227565,0.985530227370406,0.979444565425105,-0.0299999999999999,-1674.6903984091,-4300.08247313512+889.751877284237i,0.845590778413583+0.00463864509833233i,0.870714410320611-0.0279483879168468i,14.1046291827832,0,1,
1922,1,727150817,727150817,227565,0.987220529811471,0.964941590338374,-0.19,-1675.80614881883,4309.74680714217-1078.9678445999i,0.856487763555337-0.0271206126814431i,0.870418404280174-0.0377863019286112i,14.5247521902991,0,1,
1923,1,727529287,727529287,227565,0.986122065123448,0.891588290120689,0.42,-1663.21592435781,-3920.58204733637+2248.27319063292i,0.847618962090909-0.0182907718546598i,0.871666151246188-0.0104174361993812i,14.1197712605924,0,1,
1924,1,727907758,727907758,227565,0.987196289052445,0.973128754964236,-0.14,-1650.87871174448,3285.15120428012-2966.83525740942i,0.855812800157048-0.0280455645046605i,0.870600129896268-0.0390357072705432i,14.6343776676096,0,1,
1925,1,728286229,728286229,227565,0.986240154159854,0.912153564114159,-0.37,-1681.23221595942,-2146.60426830893+3964.61047719521i,0.850862793350971-0.0112944346395117i,0.864982081130995-0.019783804962839i,14.2141167278169,0,1,
1926,1,728664699,728664699,227565,0.986392726393469,0.953694901731564,0.24,-1643.78845881115,883.858713222376-4373.22782692213i,0.851831914558071-0.00999283131254048i,0.875034096229836-0.0409874099661951i,14.4636808632949,0,1,
1927,1,729043170,729043170,227565,0.986900308304066,0.929959666681482,-0.32,-1661.62394410213,-153.785281734748+4486.77978298559i,0.851884193486547-0.0103739315617663i,0.86680136193825-0.0152915250517428i,14.3957167184002,0,1,
1928,1,729421640,729421640,227565,0.987418727610949,0.970657688304481,0.16,-1666.46864672886,-842.810493382891-4347.51049852314i,0.85554763886954-0.010192809555004i,0.87760209229326-0.0363052862455091i,14.6039126246514,0,1,
1929,1,729800110,729800110,227565,0.986879811625086,0.963989296043355,0.19,-1662.34167991445,832.173241736164+4358.87177483289i,0.852142110795817-0.013125525012856i,0.874672949756783-0.0532577236877978i,14.4626833367633,0,1,
1930,1,730178581,730178581,227565,0.986735879634548,0.951678619009413,-0.25,-1664.67027015157,-1981.7630024585-3997.26555823687i,0.852366570196677+0.00580652552535546i,0.869410302310757-0.0145866393592402i,14.4409226713168,0,1,
1931,1,730557051,730557051,227565,0.986628419719675,0.95327395393659,0.24,-1644.66553714025,2798.21192518181+3467.98381871881i,0.851820349808807-0.0241804318958199i,0.873254746143537-0.0562135099012855i,14.3985551441084,0,1,
1932,1,730935522,730935522,227565,0.986486352868013,0.929364256894249,-0.32,-1648.69974162706,-3502.27850787931-2808.64578918428i,0.854057174408162-0.011584020836801i,0.865452676341626-0.034865372366813i,14.3459445394749,0,1,
1933,1,731313993,731313993,227565,0.986183338206044,0.858812932803752,-0.48,-1676.21529609821,4289.57314298369+1442.44284991867i,0.849388801741639-0.00261418332414703i,0.864608281758717-0.0262834932221945i,14.1307384866917,0,1,
1934,1,731692463,731692463,227565,0.987832955990973,0.982926106786315,0.0399999999999999,-1657.49504644424,-4390.24932426471-281.203832655538i,0.857417762982936-0.0141985073724297i,0.877572016758031-0.0445844366018655i,14.6953857759436,0,1,
1935,1,732070934,732070934,227565,0.985866033134375,0.852072559840615,-0.5,-1669.36063853231,4481.68466855368-640.356444536214i,0.84874352541614-0.0176067848980305i,0.870128077200691-0.00997536774919658i,14.1664206802654,0,1,
1936,1,732449404,732449404,227565,0.987976531408439,0.982621018324355,-0.0399999999999999,-1646.69880823055,-4082.89464773828+1640.19465545961i,0.856209667704514-0.042475505856361i,0.871969216115431-0.0226303133975532i,14.6957866291809,0,1,
1937,1,732827874,732827874,227565,0.986690364114658,0.974675071811013,0.13,-1650.67259874261,4035.122527656-1808.33492494685i,0.855027655869939-0.0185655307570005i,0.87001737324452-0.0417318586699396i,14.612527230762,0,1,
1938,1,733206345,733206345,227565,0.987186263989054,0.962616879337958,0.21,-1673.65714139145,-2779.22155348499+3478.61782406613i,0.852608790244466-0.0258693195942363i,0.872577227053489-0.0404451175494696i,14.5614280880698,0,1,
1939,1,733584815,733584816,227565,0.98606331775239,0.951733428955474,-0.25,-1668.68184423475,1689.82491665818-4126.26149525307i,0.850448296638521-0.0194042429295572i,0.865339789947702-0.0525633105333859i,14.2189706344346,0,1,
1940,1,733963286,733963286,227565,0.988000216507409,0.981348048195099,-0.0699999999999999,-1691.42940867958,-1605.1473225924+4103.99783181419i,0.858036628417717+0.00187090114818135i,0.880485309278877-0.011517595685166i,14.6831602002101,0,1,
1941,1,734341756,734341756,227565,0.985927500011259,0.89797001099485,0.4,-1651.32392886455,371.083648827275-4500.38380695729i,0.848956257996042-0.0188657995535093i,0.870391636514429-0.0402040472036523i,14.1497378227735,0,1,
1942,1,734720227,734720227,227565,0.987146077894697,0.968275014006128,0.17,-1670.15227514361,1164.24791918542+4278.91194381668i,0.853156948409303-0.0191861693900491i,0.870073015712045-0.0149630285835527i,14.4788368983273,0,1,
1943,1,735098697,735098698,227565,0.978876299751103,0.85504087595991,-0.5,-1652.23880984136,-4196.73584827956-1511.84968430931i,0.829842911404409-0.072079148425814i,0.854836704407801-0.0379245646350927i,12.6319854762991,0,1,
1944,1,735477168,735477168,227565,0.986532447179924,0.9567011564892,0.22,-1655.31581764714,3180.05105686728+3120.55094324916i,0.852061893664919-0.0108566153818513i,0.876622864955414-0.0138274194293506i,14.565627194874,0,1,
1945,1,735855639,735855639,227565,0.986052056780079,0.922347854881569,-0.34,-1656.61833172887,-3729.23339397785-2521.75191671005i,0.851058521024192-0.0309000753677584i,0.873487681441629-0.0420665982693625i,14.3763783509558,0,1,
1946,1,736234109,736234109,227565,0.987884298413044,0.971966171235052,0.14,-1657.76669197236,4074.34218434566+1727.48152378657i,0.853446395786915-0.0276517809271937i,0.871113294970235-0.0388780978865544i,14.5645835069855,0,1,
1947,1,736612580,736612580,227565,0.98640647421204,0.894542839781548,-0.41,-1690.19115367592,-4396.14618364028-1029.86126601968i,0.849696702602396-0.012135699955188i,0.871485161437427-0.0151398059263059i,14.1621013865658,0,1,
