index,success,abs_start_detected,abs_start_fitted,samples_subtracted,alignment_correlation,fitted_cfo_hz,gain_real,gain_imag,power_before,power_after,suppression_db,fcs_pass,message
1,0,496652,NaN,0,NaN,NaN,NaN,0,NaN,NaN,NaN,0,"Alignment correlation 0.012 is below threshold 0.100."
2,0,978572,NaN,0,NaN,NaN,NaN,0,NaN,NaN,NaN,0,"The decoded PSDU must contain a nonempty whole number of bytes."
3,0,1319428,NaN,0,NaN,NaN,NaN,0,NaN,NaN,NaN,0,"A reliable repeated preamble was not found. Check receiver settings."
4,0,2431020,NaN,0,NaN,NaN,NaN,0,NaN,NaN,NaN,0,"Alignment correlation 0.014 is below threshold 0.100."
5,0,2874924,NaN,0,NaN,NaN,NaN,0,NaN,NaN,NaN,0,"Alignment correlation 0.014 is below threshold 0.100."
6,0,3205028,NaN,0,NaN,NaN,NaN,0,NaN,NaN,NaN,0,"The decoded PSDU must contain a nonempty whole number of bytes."
7,0,3498156,NaN,0,NaN,NaN,NaN,0,NaN,NaN,NaN,0,"Alignment correlation 0.039 is below threshold 0.100."
8,0,4365388,NaN,0,NaN,NaN,NaN,0,NaN,NaN,NaN,0,"Input ternarySymbols is too short: need samples 144860:207835."
9,0,4773680,NaN,0,NaN,NaN,NaN,0,NaN,NaN,NaN,0,"Input ternarySymbols is too short: need samples 144861:199644."
10,0,5888492,NaN,0,NaN,NaN,NaN,0,NaN,NaN,NaN,0,"The decoded PSDU must contain a nonempty whole number of bytes."
11,0,6492908,NaN,0,NaN,NaN,NaN,0,NaN,NaN,NaN,0,"Input ternarySymbols is too short: need samples 134113:144864."
12,0,6832364,NaN,0,NaN,NaN,NaN,0,NaN,NaN,NaN,0,"Capture ends before SFD.
  preamble start (work) : 188358
  required end (work)   : 456581 (buffer length 408501, short by 48080)
  preamble_repetitions  : 256, SFD symbols: 8
  current sample_num    : 301662
  increase sample_num to at least 337168 (recommended 387168)."
13,0,7029498,NaN,0,NaN,NaN,NaN,0,NaN,NaN,NaN,0,"The decoded PSDU must contain a nonempty whole number of bytes."
14,0,7220588,NaN,0,NaN,NaN,NaN,0,NaN,NaN,NaN,0,"Capture ends before SFD.
  preamble start (work) : 175150
  required end (work)   : 443373 (buffer length 408501, short by 34872)
  preamble_repetitions  : 256, SFD symbols: 8
  current sample_num    : 301662
  increase sample_num to at least 327414 (recommended 377414)."
15,0,7411020,NaN,0,NaN,NaN,NaN,0,NaN,NaN,NaN,0,"The decoded PSDU must contain a nonempty whole number of bytes."
16,1,7778186,7778186,234370,0.956497281,-12032.321,72.8765839,305.71624,662023.401,655890.283,0.0404214406,0,""
17,1,8522372,8522373,269911,0.856427727,1481.18869,852.001473,-614.474819,637031.914,568045.395,0.497781473,0,""
18,0,8913598,NaN,0,NaN,NaN,NaN,0,NaN,NaN,NaN,0,"Capture ends before SFD.
  preamble start (work) : 445093
  required end (work)   : 713316 (buffer length 541625, short by 171691)
  preamble_repetitions  : 256, SFD symbols: 8
  current sample_num    : 399969
  increase sample_num to at least 526757 (recommended 576757)."
19,0,9292068,NaN,0,NaN,NaN,NaN,0,NaN,NaN,NaN,0,"The decoded PSDU must contain a nonempty whole number of bytes."
20,1,9638276,9638277,320576,0.856776303,14502.6321,74.0616215,144.376189,653463.853,651829.361,0.0108765016,0,""
21,0,10796196,NaN,0,NaN,NaN,NaN,0,NaN,NaN,NaN,0,"Capture ends before SFD.
  preamble start (work) : 458302
  required end (work)   : 726525 (buffer length 503748, short by 222777)
  preamble_repetitions  : 256, SFD symbols: 8
  current sample_num    : 371998
  increase sample_num to at least 536511 (recommended 586511)."
22,0,11193424,NaN,0,NaN,NaN,NaN,0,NaN,NaN,NaN,0,"Input ternarySymbols is too short: need samples 144857:208856."
23,0,11565548,NaN,0,NaN,NaN,NaN,0,NaN,NaN,NaN,0,"The decoded PSDU must contain a nonempty whole number of bytes."
24,1,12334087,12334088,269911,0.85589511,-2518.94918,-970.420492,-421.854163,532007.496,462162.246,0.611232864,0,""
25,0,13455243,NaN,0,NaN,NaN,NaN,0,NaN,NaN,NaN,0,"The decoded PSDU must contain a nonempty whole number of bytes."
26,0,13695852,NaN,0,NaN,NaN,NaN,0,NaN,NaN,NaN,0,"Input ternarySymbols is too short: need samples 134113:144864."
27,0,14226439,NaN,0,NaN,NaN,NaN,0,NaN,NaN,NaN,0,"The decoded PSDU must contain a nonempty whole number of bytes."
28,1,14906852,14906852,227565,0.856876576,-7777.54983,82.7177518,-460.926595,1023845.4,1010125.57,0.0585901994,1,""
29,1,15247809,15247809,227565,0.952657967,-1633.33698,-747.126499,3996.30357,1230294.33,197599.833,7.94222452,1,""
30,1,15740321,15740322,306208,0.856453028,-941.083333,-889.900406,-311.651968,624356.295,568934.454,0.403702598,0,""
31,0,16981388,NaN,0,NaN,NaN,NaN,0,NaN,NaN,NaN,0,"Alignment correlation 0.048 is below threshold 0.100."
32,0,17242603,NaN,0,NaN,NaN,NaN,0,NaN,NaN,NaN,0,"Alignment correlation 0.014 is below threshold 0.100."
33,0,18377611,NaN,0,NaN,NaN,NaN,0,NaN,NaN,NaN,0,"The decoded PSDU must contain a nonempty whole number of bytes."
34,0,18756492,NaN,0,NaN,NaN,NaN,0,NaN,NaN,NaN,0,"Alignment correlation 0.012 is below threshold 0.100."
35,0,19110732,NaN,0,NaN,NaN,NaN,0,NaN,NaN,NaN,0,"Input ternarySymbols is too short: need samples 144872:221159."
36,0,19352652,NaN,0,NaN,NaN,NaN,0,NaN,NaN,NaN,0,"Capture ends before SFD.
  preamble start (work) : 146701
  required end (work)   : 414924 (buffer length 408501, short by 6423)
  preamble_repetitions  : 256, SFD symbols: 8
  current sample_num    : 301662
  increase sample_num to at least 306406 (recommended 356406)."
37,1,19835972,19835973,227565,0.855356984,-6843.34477,-23.8761392,8.91531959,974741.892,974701.594,0.000179548968,1,""
38,0,20080332,NaN,0,NaN,NaN,NaN,0,NaN,NaN,NaN,0,"Capture ends before SFD.
  preamble start (work) : 186326
  required end (work)   : 454549 (buffer length 408501, short by 46048)
  preamble_repetitions  : 256, SFD symbols: 8
  current sample_num    : 301662
  increase sample_num to at least 335667 (recommended 385667)."
39,0,20468555,NaN,0,NaN,NaN,NaN,0,NaN,NaN,NaN,0,"Capture ends before SFD.
  preamble start (work) : 173119
  required end (work)   : 441342 (buffer length 408501, short by 32841)
  preamble_repetitions  : 256, SFD symbols: 8
  current sample_num    : 301662
  increase sample_num to at least 325915 (recommended 375915)."
40,0,20856780,NaN,0,NaN,NaN,NaN,0,NaN,NaN,NaN,0,"Capture ends before SFD.
  preamble start (work) : 159910
  required end (work)   : 428133 (buffer length 408501, short by 19632)
  preamble_repetitions  : 256, SFD symbols: 8
  current sample_num    : 301662
  increase sample_num to at least 316160 (recommended 366160)."
41,0,21245004,NaN,0,NaN,NaN,NaN,0,NaN,NaN,NaN,0,"Capture ends before SFD.
  preamble start (work) : 146702
  required end (work)   : 414925 (buffer length 408501, short by 6424)
  preamble_repetitions  : 256, SFD symbols: 8
  current sample_num    : 301662
  increase sample_num to at least 306407 (recommended 356407)."
42,1,22109796,22109797,227565,0.855674968,-6558.57441,-193.375363,81.7716814,958523.671,955777.577,0.0124600478,1,""
43,1,22449252,22449252,227565,0.859946237,-2257.88938,2717.86153,1017.03355,1173190.05,647056.275,2.58426319,1,""
44,0,25009452,NaN,0,NaN,NaN,NaN,0,NaN,NaN,NaN,0,"Capture ends before SFD.
  preamble start (work) : 174133
  required end (work)   : 442356 (buffer length 408501, short by 33855)
  preamble_repetitions  : 256, SFD symbols: 8
  current sample_num    : 301662
  increase sample_num to at least 326663 (recommended 376663)."
45,0,25200684,NaN,0,NaN,NaN,NaN,0,NaN,NaN,NaN,0,"The decoded PSDU must contain a nonempty whole number of bytes."
46,0,25397676,NaN,0,NaN,NaN,NaN,0,NaN,NaN,NaN,0,"Capture ends before SFD.
  preamble start (work) : 160925
  required end (work)   : 429148 (buffer length 408501, short by 20647)
  preamble_repetitions  : 256, SFD symbols: 8
  current sample_num    : 301662
  increase sample_num to at least 316910 (recommended 366910)."
47,0,25834668,NaN,0,NaN,NaN,NaN,0,NaN,NaN,NaN,0,"Alignment correlation 0.027 is below threshold 0.100."
48,0,26562348,NaN,0,NaN,NaN,NaN,0,NaN,NaN,NaN,0,"Input ternarySymbols is too short: need samples 134113:144864."
49,0,27097036,NaN,0,NaN,NaN,NaN,0,NaN,NaN,NaN,0,"The decoded PSDU must contain a nonempty whole number of bytes."
50,1,27766596,27766596,227565,0.857226073,-11270.5978,91.6569783,-60.6794412,1067756.49,1066996.78,0.00309109895,1,""
51,0,28059724,NaN,0,NaN,NaN,NaN,0,NaN,NaN,NaN,0,"Capture ends before SFD.
  preamble start (work) : 143654
  required end (work)   : 411877 (buffer length 408501, short by 3376)
  preamble_repetitions  : 256, SFD symbols: 8
  current sample_num    : 301662
  increase sample_num to at least 304156 (recommended 354156)."
52,0,28587500,NaN,0,NaN,NaN,NaN,0,NaN,NaN,NaN,0,"Alignment correlation 0.013 is below threshold 0.100."
53,0,29700964,NaN,0,NaN,NaN,NaN,0,NaN,NaN,NaN,0,"The decoded PSDU must contain a nonempty whole number of bytes."
54,0,30326796,NaN,0,NaN,NaN,NaN,0,NaN,NaN,NaN,0,"Capture ends before SFD.
  preamble start (work) : 148733
  required end (work)   : 416956 (buffer length 408501, short by 8455)
  preamble_repetitions  : 256, SFD symbols: 8
  current sample_num    : 301662
  increase sample_num to at least 307906 (recommended 357906)."
55,0,30715020,NaN,0,NaN,NaN,NaN,0,NaN,NaN,NaN,0,"Input ternarySymbols is too short: need samples 134113:144864."
56,0,31103243,NaN,0,NaN,NaN,NaN,0,NaN,NaN,NaN,0,"Input ternarySymbols is too short: need samples 134113:144864."
57,0,31442700,NaN,0,NaN,NaN,NaN,0,NaN,NaN,NaN,0,"Capture ends before SFD.
  preamble start (work) : 175150
  required end (work)   : 443373 (buffer length 408501, short by 34872)
  preamble_repetitions  : 256, SFD symbols: 8
  current sample_num    : 301662
  increase sample_num to at least 327414 (recommended 377414)."
58,0,32000298,NaN,0,NaN,NaN,NaN,0,NaN,NaN,NaN,0,"The decoded PSDU must contain a nonempty whole number of bytes."
59,0,32746924,NaN,0,NaN,NaN,NaN,0,NaN,NaN,NaN,0,"The decoded PSDU must contain a nonempty whole number of bytes."
60,1,33135709,33135710,313014,0.857058624,-16748.2006,-103.730891,-2.35888246,637486.671,636822.106,0.00452978134,0,""
61,0,33514180,NaN,0,NaN,NaN,NaN,0,NaN,NaN,NaN,0,"The decoded PSDU must contain a nonempty whole number of bytes."
62,0,33765292,NaN,0,NaN,NaN,NaN,0,NaN,NaN,NaN,0,"Input ternarySymbols is too short: need samples 144865:154080."
63,0,34104748,NaN,0,NaN,NaN,NaN,0,NaN,NaN,NaN,0,"Capture ends before SFD.
  preamble start (work) : 157878
  required end (work)   : 426101 (buffer length 408501, short by 17600)
  preamble_repetitions  : 256, SFD symbols: 8
  current sample_num    : 301662
  increase sample_num to at least 314660 (recommended 364660)."
64,1,34636836,34636837,281254,0.856393277,-15518.3981,-45.6535825,-34.9298317,611529.846,611320.783,0.0014849749,0,""
65,0,35020748,NaN,0,NaN,NaN,NaN,0,NaN,NaN,NaN,0,"The decoded PSDU must contain a nonempty whole number of bytes."
66,0,35787660,NaN,0,NaN,NaN,NaN,0,NaN,NaN,NaN,0,"Alignment correlation 0.013 is below threshold 0.100."
67,0,36518123,NaN,0,NaN,NaN,NaN,0,NaN,NaN,NaN,0,"Alignment correlation 0.013 is below threshold 0.100."
68,0,36760043,NaN,0,NaN,NaN,NaN,0,NaN,NaN,NaN,0,"Capture ends before SFD.
  preamble start (work) : 149751
  required end (work)   : 417974 (buffer length 408501, short by 9473)
  preamble_repetitions  : 256, SFD symbols: 8
  current sample_num    : 301662
  increase sample_num to at least 308658 (recommended 358658)."
69,0,37307888,NaN,0,NaN,NaN,NaN,0,NaN,NaN,NaN,0,"The decoded PSDU must contain a nonempty whole number of bytes."
70,0,37677355,NaN,0,NaN,NaN,NaN,0,NaN,NaN,NaN,0,"The decoded PSDU must contain a nonempty whole number of bytes."
71,0,39033868,NaN,0,NaN,NaN,NaN,0,NaN,NaN,NaN,0,"Capture ends before SFD.
  preamble start (work) : 145686
  required end (work)   : 413909 (buffer length 408501, short by 5408)
  preamble_repetitions  : 256, SFD symbols: 8
  current sample_num    : 301662
  increase sample_num to at least 305656 (recommended 355656)."
72,0,39373323,NaN,0,NaN,NaN,NaN,0,NaN,NaN,NaN,0,"Capture ends before SFD.
  preamble start (work) : 198519
  required end (work)   : 466742 (buffer length 408501, short by 58241)
  preamble_repetitions  : 256, SFD symbols: 8
  current sample_num    : 301662
  increase sample_num to at least 344672 (recommended 394672)."
73,0,39810316,NaN,0,NaN,NaN,NaN,0,NaN,NaN,NaN,0,"Input ternarySymbols is too short: need samples 134113:144864."
74,0,41464716,NaN,0,NaN,NaN,NaN,0,NaN,NaN,NaN,0,"The decoded PSDU must contain a nonempty whole number of bytes."
75,0,42599723,NaN,0,NaN,NaN,NaN,0,NaN,NaN,NaN,0,"The decoded PSDU must contain a nonempty whole number of bytes."
76,0,43354413,NaN,0,NaN,NaN,NaN,0,NaN,NaN,NaN,0,"The decoded PSDU must contain a nonempty whole number of bytes."
77,0,43574764,NaN,0,NaN,NaN,NaN,0,NaN,NaN,NaN,0,"Capture ends before SFD.
  preamble start (work) : 146701
  required end (work)   : 414924 (buffer length 408501, short by 6423)
  preamble_repetitions  : 256, SFD symbols: 8
  current sample_num    : 301662
  increase sample_num to at least 306406 (recommended 356406)."
78,0,44060524,NaN,0,NaN,NaN,NaN,0,NaN,NaN,NaN,0,"Alignment correlation 0.013 is below threshold 0.100."
79,0,44302444,NaN,0,NaN,NaN,NaN,0,NaN,NaN,NaN,0,"Capture ends before SFD.
  preamble start (work) : 186325
  required end (work)   : 454548 (buffer length 408501, short by 46047)
  preamble_repetitions  : 256, SFD symbols: 8
  current sample_num    : 301662
  increase sample_num to at least 335667 (recommended 385667)."
80,1,44492075,44492075,237395,0.982405502,-9774.89503,-62.8780052,-19.1545265,641438.91,641173.262,0.00179897646,0,""
81,0,44690667,NaN,0,NaN,NaN,NaN,0,NaN,NaN,NaN,0,"Capture ends before SFD.
  preamble start (work) : 173119
  required end (work)   : 441342 (buffer length 408501, short by 32841)
  preamble_repetitions  : 256, SFD symbols: 8
  current sample_num    : 301662
  increase sample_num to at least 325915 (recommended 375915)."
82,0,45078892,NaN,0,NaN,NaN,NaN,0,NaN,NaN,NaN,0,"Capture ends before SFD.
  preamble start (work) : 159910
  required end (work)   : 428133 (buffer length 408501, short by 19632)
  preamble_repetitions  : 256, SFD symbols: 8
  current sample_num    : 301662
  increase sample_num to at least 316160 (recommended 366160)."
83,0,45467116,NaN,0,NaN,NaN,NaN,0,NaN,NaN,NaN,0,"Capture ends before SFD.
  preamble start (work) : 146702
  required end (work)   : 414925 (buffer length 408501, short by 6424)
  preamble_repetitions  : 256, SFD symbols: 8
  current sample_num    : 301662
  increase sample_num to at least 306407 (recommended 356407)."
84,0,46236812,NaN,0,NaN,NaN,NaN,0,NaN,NaN,NaN,0,"Input ternarySymbols is too short: need samples 134113:144864."
85,0,46625036,NaN,0,NaN,NaN,NaN,0,NaN,NaN,NaN,0,"Input ternarySymbols is too short: need samples 144865:154080."
86,0,47141772,NaN,0,NaN,NaN,NaN,0,NaN,NaN,NaN,0,"Alignment correlation 0.013 is below threshold 0.100."
87,0,47529708,NaN,0,NaN,NaN,NaN,0,NaN,NaN,NaN,0,"The decoded PSDU must contain a nonempty whole number of bytes."
88,0,47912565,NaN,0,NaN,NaN,NaN,0,NaN,NaN,NaN,0,"The decoded PSDU must contain a nonempty whole number of bytes."
89,1,49031470,49031471,319819,0.856279751,-25695.1533,22.581099,22.1538521,652075.965,652011.984,0.000426145508,0,""
90,0,49422796,NaN,0,NaN,NaN,NaN,0,NaN,NaN,NaN,0,"The decoded PSDU must contain a nonempty whole number of bytes."
91,0,49766092,NaN,0,NaN,NaN,NaN,0,NaN,NaN,NaN,0,"Alignment correlation 0.013 is below threshold 0.100."
92,0,50056780,NaN,0,NaN,NaN,NaN,0,NaN,NaN,NaN,0,"Alignment correlation 0.030 is below threshold 0.100."
93,0,50396235,NaN,0,NaN,NaN,NaN,0,NaN,NaN,NaN,0,"Input ternarySymbols is too short: need samples 134113:144864."
94,0,50784460,NaN,0,NaN,NaN,NaN,0,NaN,NaN,NaN,0,"Input ternarySymbols is too short: need samples 134113:144864."
95,0,51319148,NaN,0,NaN,NaN,NaN,0,NaN,NaN,NaN,0,"The decoded PSDU must contain a nonempty whole number of bytes."
96,0,51602924,NaN,0,NaN,NaN,NaN,0,NaN,NaN,NaN,0,"Alignment correlation 0.013 is below threshold 0.100."
97,1,51988708,51988708,227565,0.857183922,-7099.41427,-307.117403,-259.158991,1069227.41,1059140.65,0.0411644541,1,""
98,0,52330604,NaN,0,NaN,NaN,NaN,0,NaN,NaN,NaN,0,"Alignment correlation 0.027 is below threshold 0.100."
99,0,52809612,NaN,0,NaN,NaN,NaN,0,NaN,NaN,NaN,0,"The decoded PSDU must contain a nonempty whole number of bytes."
100,0,53009516,NaN,0,NaN,NaN,NaN,0,NaN,NaN,NaN,0,"Capture ends before SFD.
  preamble start (work) : 183278
  required end (work)   : 451501 (buffer length 408501, short by 43000)
  preamble_repetitions  : 256, SFD symbols: 8
  current sample_num    : 301662
  increase sample_num to at least 333417 (recommended 383417)."
101,0,53446508,NaN,0,NaN,NaN,NaN,0,NaN,NaN,NaN,0,"Input ternarySymbols is too short: need samples 144865:154080."
102,0,53710475,NaN,0,NaN,NaN,NaN,0,NaN,NaN,NaN,0,"Capture ends before SFD.
  preamble start (work) : 259087
  required end (work)   : 527310 (buffer length 408501, short by 118809)
  preamble_repetitions  : 256, SFD symbols: 8
  current sample_num    : 301662
  increase sample_num to at least 389399 (recommended 439399)."
103,0,55267180,NaN,0,NaN,NaN,NaN,0,NaN,NaN,NaN,0,"Capture ends before SFD.
  preamble start (work) : 201097
  required end (work)   : 469320 (buffer length 408501, short by 60819)
  preamble_repetitions  : 256, SFD symbols: 8
  current sample_num    : 301662
  increase sample_num to at least 346575 (recommended 396575)."
104,0,55664812,NaN,0,NaN,NaN,NaN,0,NaN,NaN,NaN,0,"Capture ends before SFD.
  preamble start (work) : 175149
  required end (work)   : 443373 (buffer length 408501, short by 34872)
  preamble_repetitions  : 256, SFD symbols: 8
  current sample_num    : 301662
  increase sample_num to at least 327414 (recommended 377414)."
105,0,56225068,NaN,0,NaN,NaN,NaN,0,NaN,NaN,NaN,0,"The decoded PSDU must contain a nonempty whole number of bytes."
106,0,56441260,NaN,0,NaN,NaN,NaN,0,NaN,NaN,NaN,0,"Capture ends before SFD.
  preamble start (work) : 148734
  required end (work)   : 416957 (buffer length 408501, short by 8456)
  preamble_repetitions  : 256, SFD symbols: 8
  current sample_num    : 301662
  increase sample_num to at least 307907 (recommended 357907)."
107,0,56969036,NaN,0,NaN,NaN,NaN,0,NaN,NaN,NaN,0,"Alignment correlation 0.014 is below threshold 0.100."
108,0,57357821,NaN,0,NaN,NaN,NaN,0,NaN,NaN,NaN,0,"The decoded PSDU must contain a nonempty whole number of bytes."
109,1,57645508,57645508,227565,0.859912165,-2685.61685,-2367.98249,1349.43817,1181135.31,717031.661,2.16761321,1,""
110,0,57938636,NaN,0,NaN,NaN,NaN,0,NaN,NaN,NaN,0,"Capture ends before SFD.
  preamble start (work) : 171086
  required end (work)   : 439309 (buffer length 408501, short by 30808)
  preamble_repetitions  : 256, SFD symbols: 8
  current sample_num    : 301662
  increase sample_num to at least 324413 (recommended 374413)."
111,1,58421956,58421956,227565,0.856675742,-10799.2636,-19.9871819,-11.1480761,1072786.73,1072753.24,0.000135564116,1,""
112,0,58858948,NaN,0,NaN,NaN,NaN,0,NaN,NaN,NaN,0,"The decoded PSDU must contain a nonempty whole number of bytes."
113,0,59242859,NaN,0,NaN,NaN,NaN,0,NaN,NaN,NaN,0,"The decoded PSDU must contain a nonempty whole number of bytes."
114,1,61530000,61530000,226052,0.957359407,-26.9951628,1455.28989,93.2072367,635464.905,502610.851,1.0185971,0,""
115,1,61899467,61899468,246469,0.856352389,6171.09623,65.0074383,25.8757496,630487.267,630177.867,0.00213174949,0,""
116,1,63351076,63351076,227565,0.856115187,-7462.45221,299.936631,256.589024,1023734.87,1013997.11,0.0415077812,1,""
117,0,63644204,NaN,0,NaN,NaN,NaN,0,NaN,NaN,NaN,0,"Input ternarySymbols is too short: need samples 134113:144864."
118,1,64127524,64127525,257056,0.856295469,-7058.83422,75.4958098,33.0611286,814215.783,813798.671,0.00222539921,0,""
119,1,64466980,64466980,227565,0.85865882,-2183.07806,-785.71173,-2685.02642,1131036.59,642158.801,2.45834215,1,""
120,0,65673668,NaN,0,NaN,NaN,NaN,0,NaN,NaN,NaN,0,"The decoded PSDU must contain a nonempty whole number of bytes."
121,0,66824523,NaN,0,NaN,NaN,NaN,0,NaN,NaN,NaN,0,"The decoded PSDU must contain a nonempty whole number of bytes."
122,1,67576525,67576525,273692,0.957198537,-9614.62851,44.3388531,13.5814749,570359.233,570231.719,0.000971053027,0,""
123,0,68185100,NaN,0,NaN,NaN,NaN,0,NaN,NaN,NaN,0,"Input ternarySymbols is too short: need samples 134113:144864."
124,0,68524556,NaN,0,NaN,NaN,NaN,0,NaN,NaN,NaN,0,"Capture ends before SFD.
  preamble start (work) : 186325
  required end (work)   : 454548 (buffer length 408501, short by 46047)
  preamble_repetitions  : 256, SFD symbols: 8
  current sample_num    : 301662
  increase sample_num to at least 335667 (recommended 385667)."
125,1,68714187,68714187,225296,0.956670842,10549.1915,-249.350355,-284.632395,675364.765,666440.451,0.0577704905,0,""
126,0,69093068,NaN,0,NaN,NaN,NaN,0,NaN,NaN,NaN,0,"Alignment correlation 0.013 is below threshold 0.100."
127,0,69301004,NaN,0,NaN,NaN,NaN,0,NaN,NaN,NaN,0,"Capture ends before SFD.
  preamble start (work) : 159910
  required end (work)   : 428133 (buffer length 408501, short by 19632)
  preamble_repetitions  : 256, SFD symbols: 8
  current sample_num    : 301662
  increase sample_num to at least 316160 (recommended 366160)."
128,0,69689228,NaN,0,NaN,NaN,NaN,0,NaN,NaN,NaN,0,"Capture ends before SFD.
  preamble start (work) : 146702
  required end (work)   : 414925 (buffer length 408501, short by 6424)
  preamble_repetitions  : 256, SFD symbols: 8
  current sample_num    : 301662
  increase sample_num to at least 306407 (recommended 356407)."
129,1,70172548,70172549,227565,0.855157277,-12197.7652,8.23245141,50.1601458,974894.773,974736.139,0.000706739191,1,""
130,0,71574828,NaN,0,NaN,NaN,NaN,0,NaN,NaN,NaN,0,"Capture ends before SFD.
  preamble start (work) : 155846
  required end (work)   : 424069 (buffer length 408501, short by 15568)
  preamble_repetitions  : 256, SFD symbols: 8
  current sample_num    : 301662
  increase sample_num to at least 313159 (recommended 363159)."
131,0,72138892,NaN,0,NaN,NaN,NaN,0,NaN,NaN,NaN,0,"Alignment correlation 0.012 is below threshold 0.100."
132,0,73253582,NaN,0,NaN,NaN,NaN,0,NaN,NaN,NaN,0,"The decoded PSDU must contain a nonempty whole number of bytes."
133,0,73644908,NaN,0,NaN,NaN,NaN,0,NaN,NaN,NaN,0,"Alignment correlation 0.093 is below threshold 0.100."
134,0,73890668,NaN,0,NaN,NaN,NaN,0,NaN,NaN,NaN,0,"Alignment correlation 0.040 is below threshold 0.100."
135,0,74393900,NaN,0,NaN,NaN,NaN,0,NaN,NaN,NaN,0,"Alignment correlation 0.013 is below threshold 0.100."
136,0,75006572,NaN,0,NaN,NaN,NaN,0,NaN,NaN,NaN,0,"Input ternarySymbols is too short: need samples 134113:144864."
137,0,75346028,NaN,0,NaN,NaN,NaN,0,NaN,NaN,NaN,0,"Capture ends before SFD.
  preamble start (work) : 174134
  required end (work)   : 442357 (buffer length 408501, short by 33856)
  preamble_repetitions  : 256, SFD symbols: 8
  current sample_num    : 301662
  increase sample_num to at least 326664 (recommended 376664)."
138,0,75541260,NaN,0,NaN,NaN,NaN,0,NaN,NaN,NaN,0,"Input ternarySymbols is too short: need samples 144869:220644."
139,1,76647812,76647813,297890,0.856923529,6088.19291,-77.7750157,51.0459546,605038.165,604489.462,0.00394035806,0,""
140,1,76987268,76987269,227565,0.855371815,-1784.31587,1219.36924,-2059.69537,961069.474,603068.521,2.02388123,1,""
141,0,77280396,NaN,0,NaN,NaN,NaN,0,NaN,NaN,NaN,0,"Input ternarySymbols is too short: need samples 144865:154080."
142,0,78777772,NaN,0,NaN,NaN,NaN,0,NaN,NaN,NaN,0,"Input ternarySymbols is too short: need samples 134113:144864."
143,0,80447179,NaN,0,NaN,NaN,NaN,0,NaN,NaN,NaN,0,"Alignment correlation 0.014 is below threshold 0.100."
144,0,80663372,NaN,0,NaN,NaN,NaN,0,NaN,NaN,NaN,0,"Capture ends before SFD.
  preamble start (work) : 148734
  required end (work)   : 416957 (buffer length 408501, short by 8456)
  preamble_repetitions  : 256, SFD symbols: 8
  current sample_num    : 301662
  increase sample_num to at least 307907 (recommended 357907)."
145,1,81220220,81220220,296378,0.956453765,1179.45273,394.998535,817.409044,601494.488,549962.233,0.388987857,0,""
146,0,81579933,NaN,0,NaN,NaN,NaN,0,NaN,NaN,NaN,0,"The decoded PSDU must contain a nonempty whole number of bytes."
147,0,81821292,NaN,0,NaN,NaN,NaN,0,NaN,NaN,NaN,0,"Input ternarySymbols is too short: need samples 144865:154080."
148,0,82548972,NaN,0,NaN,NaN,NaN,0,NaN,NaN,NaN,0,"Capture ends before SFD.
  preamble start (work) : 157878
  required end (work)   : 426101 (buffer length 408501, short by 17600)
  preamble_repetitions  : 256, SFD symbols: 8
  current sample_num    : 301662
  increase sample_num to at least 314660 (recommended 364660)."
149,0,83081060,NaN,0,NaN,NaN,NaN,0,NaN,NaN,NaN,0,"The decoded PSDU must contain a nonempty whole number of bytes."
150,0,83850756,NaN,0,NaN,NaN,NaN,0,NaN,NaN,NaN,0,"The decoded PSDU must contain a nonempty whole number of bytes."
151,0,85768459,NaN,0,NaN,NaN,NaN,0,NaN,NaN,NaN,0,"The decoded PSDU must contain a nonempty whole number of bytes."
152,0,86121579,NaN,0,NaN,NaN,NaN,0,NaN,NaN,NaN,0,"The decoded PSDU must contain a nonempty whole number of bytes."
153,0,86708396,NaN,0,NaN,NaN,NaN,0,NaN,NaN,NaN,0,"Capture ends before SFD.
  preamble start (work) : 162958
  required end (work)   : 431181 (buffer length 408501, short by 22680)
  preamble_repetitions  : 256, SFD symbols: 8
  current sample_num    : 301662
  increase sample_num to at least 318411 (recommended 368411)."
154,0,87644464,NaN,0,NaN,NaN,NaN,0,NaN,NaN,NaN,0,"The decoded PSDU must contain a nonempty whole number of bytes."
155,0,87866316,NaN,0,NaN,NaN,NaN,0,NaN,NaN,NaN,0,"Input ternarySymbols is too short: need samples 134113:144864."
156,1,88300868,88300868,227565,0.860459133,-1262.17079,-2734.89997,1170.63898,1174717.6,621725.609,2.7633472,1,""
157,1,88689092,88689092,227565,0.858921491,-241.180327,992.195391,2156.13992,1120490.49,768406.403,1.63817199,1,""
158,0,89538411,NaN,0,NaN,NaN,NaN,0,NaN,NaN,NaN,0,"The decoded PSDU must contain a nonempty whole number of bytes."
159,0,89895780,NaN,0,NaN,NaN,NaN,0,NaN,NaN,NaN,0,"The decoded PSDU must contain a nonempty whole number of bytes."
160,0,91046635,NaN,0,NaN,NaN,NaN,0,NaN,NaN,NaN,0,"The decoded PSDU must contain a nonempty whole number of bytes."
161,0,91798637,NaN,0,NaN,NaN,NaN,0,NaN,NaN,NaN,0,"The decoded PSDU must contain a nonempty whole number of bytes."
162,0,92552576,NaN,0,NaN,NaN,NaN,0,NaN,NaN,NaN,0,"The decoded PSDU must contain a nonempty whole number of bytes."
163,1,92936299,92936299,296378,0.956863989,-7224.79187,-458.02038,-283.288857,602860.018,584660.409,0.133127962,0,""
164,0,93315180,NaN,0,NaN,NaN,NaN,0,NaN,NaN,NaN,0,"Alignment correlation 0.014 is below threshold 0.100."
165,0,93523116,NaN,0,NaN,NaN,NaN,0,NaN,NaN,NaN,0,"Capture ends before SFD.
  preamble start (work) : 159909
  required end (work)   : 428134 (buffer length 408501, short by 19633)
  preamble_repetitions  : 256, SFD symbols: 8
  current sample_num    : 301662
  increase sample_num to at least 316161 (recommended 366161)."
166,0,93911340,NaN,0,NaN,NaN,NaN,0,NaN,NaN,NaN,0,"Capture ends before SFD.
  preamble start (work) : 146702
  required end (work)   : 414925 (buffer length 408501, short by 6424)
  preamble_repetitions  : 256, SFD symbols: 8
  current sample_num    : 301662
  increase sample_num to at least 306407 (recommended 356407)."
167,0,94299564,NaN,0,NaN,NaN,NaN,0,NaN,NaN,NaN,0,"Input ternarySymbols is too short: need samples 134113:144864."
168,1,95204871,95204871,261593,0.966280124,-835.233247,-914.292916,-1147.68456,595089.286,460626.293,1.11233407,0,""
169,0,96342956,NaN,0,NaN,NaN,NaN,0,NaN,NaN,NaN,0,"The decoded PSDU must contain a nonempty whole number of bytes."
170,0,96769004,NaN,0,NaN,NaN,NaN,0,NaN,NaN,NaN,0,"The decoded PSDU must contain a nonempty whole number of bytes."
171,1,97475694,97475694,272180,0.956860151,-17600.6101,-32.3577459,-40.2988674,573366.845,573204.166,0.00123237658,0,""
172,0,98616012,NaN,0,NaN,NaN,NaN,0,NaN,NaN,NaN,0,"The decoded PSDU must contain a nonempty whole number of bytes."
173,0,98937996,NaN,0,NaN,NaN,NaN,0,NaN,NaN,NaN,0,"Alignment correlation 0.014 is below threshold 0.100."
174,0,99228684,NaN,0,NaN,NaN,NaN,0,NaN,NaN,NaN,0,"Input ternarySymbols is too short: need samples 134113:144864."
175,0,99568140,NaN,0,NaN,NaN,NaN,0,NaN,NaN,NaN,0,"Capture ends before SFD.
  preamble start (work) : 174134
  required end (work)   : 442357 (buffer length 408501, short by 33856)
  preamble_repetitions  : 256, SFD symbols: 8
  current sample_num    : 301662
  increase sample_num to at least 326664 (recommended 376664)."
176,0,99956364,NaN,0,NaN,NaN,NaN,0,NaN,NaN,NaN,0,"Capture ends before SFD.
  preamble start (work) : 160926
  required end (work)   : 429149 (buffer length 408501, short by 20648)
  preamble_repetitions  : 256, SFD symbols: 8
  current sample_num    : 301662
  increase sample_num to at least 316911 (recommended 366911)."
177,0,100531948,NaN,0,NaN,NaN,NaN,0,NaN,NaN,NaN,0,"The decoded PSDU must contain a nonempty whole number of bytes."
178,1,101209380,101209381,227565,0.855107655,-19550.7424,-40.7632281,-228.930473,960518.615,957139.44,0.0153057385,1,""
179,1,101597604,101597605,306964,0.856973349,-10145.9295,-178.672143,-317.361442,678309.754,669967.205,0.0537451758,0,""
180,0,102278956,NaN,0,NaN,NaN,NaN,0,NaN,NaN,NaN,0,"Alignment correlation 0.039 is below threshold 0.100."
181,0,104669292,NaN,0,NaN,NaN,NaN,0,NaN,NaN,NaN,0,"Alignment correlation 0.013 is below threshold 0.100."
182,0,104885484,NaN,0,NaN,NaN,NaN,0,NaN,NaN,NaN,0,"Capture ends before SFD.
  preamble start (work) : 148733
  required end (work)   : 416958 (buffer length 408501, short by 8457)
  preamble_repetitions  : 256, SFD symbols: 8
  current sample_num    : 301662
  increase sample_num to at least 307908 (recommended 357908)."
183,1,105368804,105368804,227565,0.856107549,-7956.04764,174.254189,-399.782499,982100.478,970222.837,0.0528442957,1,""
184,0,105802045,NaN,0,NaN,NaN,NaN,0,NaN,NaN,NaN,0,"The decoded PSDU must contain a nonempty whole number of bytes."
185,1,106191052,106191019,266130,0.946896056,-21654.6499,-65.6359311,76.2424576,536258.819,535628.021,0.00511158447,0,""
186,0,106382860,NaN,0,NaN,NaN,NaN,0,NaN,NaN,NaN,0,"Capture ends before SFD.
  preamble start (work) : 171085
  required end (work)   : 439308 (buffer length 408501, short by 30807)
  preamble_repetitions  : 256, SFD symbols: 8
  current sample_num    : 301662
  increase sample_num to at least 324413 (recommended 374413)."
187,0,106771084,NaN,0,NaN,NaN,NaN,0,NaN,NaN,NaN,0,"Capture ends before SFD.
  preamble start (work) : 157877
  required end (work)   : 426102 (buffer length 408501, short by 17601)
  preamble_repetitions  : 256, SFD symbols: 8
  current sample_num    : 301662
  increase sample_num to at least 314660 (recommended 364660)."
188,0,107303172,NaN,0,NaN,NaN,NaN,0,NaN,NaN,NaN,0,"The decoded PSDU must contain a nonempty whole number of bytes."
189,1,108072868,108072868,222272,0.957070325,-5794.99323,-959.333429,-550.404107,695439.419,619020.612,0.505541935,0,""
190,1,109576996,109576997,230590,0.856381276,-10981.226,-52.5940051,-309.359766,724046.89,717898.609,0.037035806,0,""
191,0,110346348,NaN,0,NaN,NaN,NaN,0,NaN,NaN,NaN,0,"The decoded PSDU must contain a nonempty whole number of bytes."
192,0,111114887,NaN,0,NaN,NaN,NaN,0,NaN,NaN,NaN,0,"The decoded PSDU must contain a nonempty whole number of bytes."
193,0,111657196,NaN,0,NaN,NaN,NaN,0,NaN,NaN,NaN,0,"Capture ends before SFD.
  preamble start (work) : 203925
  required end (work)   : 472148 (buffer length 408501, short by 63647)
  preamble_repetitions  : 256, SFD symbols: 8
  current sample_num    : 301662
  increase sample_num to at least 348664 (recommended 398664)."
194,0,111846508,NaN,0,NaN,NaN,NaN,0,NaN,NaN,NaN,0,"Alignment correlation 0.014 is below threshold 0.100."
195,0,112236043,NaN,0,NaN,NaN,NaN,0,NaN,NaN,NaN,0,"The decoded PSDU must contain a nonempty whole number of bytes."
196,1,112522980,112522980,227565,0.860266877,-2177.4632,294.244321,2945.39201,1185829.16,638361.688,2.68955309,1,""
197,0,112816108,NaN,0,NaN,NaN,NaN,0,NaN,NaN,NaN,0,"Capture ends before SFD.
  preamble start (work) : 172102
  required end (work)   : 440325 (buffer length 408501, short by 31824)
  preamble_repetitions  : 256, SFD symbols: 8
  current sample_num    : 301662
  increase sample_num to at least 325164 (recommended 375164)."
198,0,113204332,NaN,0,NaN,NaN,NaN,0,NaN,NaN,NaN,0,"Capture ends before SFD.
  preamble start (work) : 158894
  required end (work)   : 427117 (buffer length 408501, short by 18616)
  preamble_repetitions  : 256, SFD symbols: 8
  current sample_num    : 301662
  increase sample_num to at least 315410 (recommended 365410)."
199,0,114120332,NaN,0,NaN,NaN,NaN,0,NaN,NaN,NaN,0,"The decoded PSDU must contain a nonempty whole number of bytes."
200,0,114521121,NaN,0,NaN,NaN,NaN,0,NaN,NaN,NaN,0,"The decoded PSDU must contain a nonempty whole number of bytes."
201,0,114845572,NaN,0,NaN,NaN,NaN,0,NaN,NaN,NaN,0,"Input ternarySymbols is too short: need samples 144866:215009."
202,0,115268747,NaN,0,NaN,NaN,NaN,0,NaN,NaN,NaN,0,"The decoded PSDU must contain a nonempty whole number of bytes."
203,0,116023404,NaN,0,NaN,NaN,NaN,0,NaN,NaN,NaN,0,"The decoded PSDU must contain a nonempty whole number of bytes."
204,0,116968780,NaN,0,NaN,NaN,NaN,0,NaN,NaN,NaN,0,"Capture ends before SFD.
  preamble start (work) : 186325
  required end (work)   : 454548 (buffer length 408501, short by 46047)
  preamble_repetitions  : 256, SFD symbols: 8
  current sample_num    : 301662
  increase sample_num to at least 335667 (recommended 385667)."
205,0,117158411,NaN,0,NaN,NaN,NaN,0,NaN,NaN,NaN,0,"The decoded PSDU must contain a nonempty whole number of bytes."
206,0,117537292,NaN,0,NaN,NaN,NaN,0,NaN,NaN,NaN,0,"Input ternarySymbols is too short: need samples 144857:222168."
207,0,117745228,NaN,0,NaN,NaN,NaN,0,NaN,NaN,NaN,0,"Capture ends before SFD.
  preamble start (work) : 159909
  required end (work)   : 428132 (buffer length 408501, short by 19631)
  preamble_repetitions  : 256, SFD symbols: 8
  current sample_num    : 301662
  increase sample_num to at least 316160 (recommended 366160)."
208,0,118133452,NaN,0,NaN,NaN,NaN,0,NaN,NaN,NaN,0,"Capture ends before SFD.
  preamble start (work) : 146702
  required end (work)   : 414926 (buffer length 408501, short by 6425)
  preamble_repetitions  : 256, SFD symbols: 8
  current sample_num    : 301662
  increase sample_num to at least 306407 (recommended 356407)."
209,1,118570255,118570255,227565,0.859143385,-1670.14767,3554.36589,499.686785,1231035.26,426109.479,4.60749296,1,""
210,0,118861132,NaN,0,NaN,NaN,NaN,0,NaN,NaN,NaN,0,"Capture ends before SFD.
  preamble start (work) : 186326
  required end (work)   : 454549 (buffer length 408501, short by 46048)
  preamble_repetitions  : 256, SFD symbols: 8
  current sample_num    : 301662
  increase sample_num to at least 335667 (recommended 385667)."
211,0,119249355,NaN,0,NaN,NaN,NaN,0,NaN,NaN,NaN,0,"Capture ends before SFD.
  preamble start (work) : 173119
  required end (work)   : 441342 (buffer length 408501, short by 32841)
  preamble_repetitions  : 256, SFD symbols: 8
  current sample_num    : 301662
  increase sample_num to at least 325915 (recommended 375915)."
212,0,120746732,NaN,0,NaN,NaN,NaN,0,NaN,NaN,NaN,0,"Capture ends before SFD.
  preamble start (work) : 195470
  required end (work)   : 463693 (buffer length 408501, short by 55192)
  preamble_repetitions  : 256, SFD symbols: 8
  current sample_num    : 301662
  increase sample_num to at least 342420 (recommended 392420)."
213,0,120944268,NaN,0,NaN,NaN,NaN,0,NaN,NaN,NaN,0,"Alignment correlation 0.013 is below threshold 0.100."
214,0,121183724,NaN,0,NaN,NaN,NaN,0,NaN,NaN,NaN,0,"Input ternarySymbols is too short: need samples 144865:154080."
215,0,121516428,NaN,0,NaN,NaN,NaN,0,NaN,NaN,NaN,0,"Capture ends before SFD.
  preamble start (work) : 178197
  required end (work)   : 446420 (buffer length 408501, short by 37919)
  preamble_repetitions  : 256, SFD symbols: 8
  current sample_num    : 301662
  increase sample_num to at least 329664 (recommended 379664)."
216,0,121700460,NaN,0,NaN,NaN,NaN,0,NaN,NaN,NaN,0,"The decoded PSDU must contain a nonempty whole number of bytes."
217,0,123450796,NaN,0,NaN,NaN,NaN,0,NaN,NaN,NaN,0,"Input ternarySymbols is too short: need samples 134113:144864."
218,0,123790252,NaN,0,NaN,NaN,NaN,0,NaN,NaN,NaN,0,"Capture ends before SFD.
  preamble start (work) : 174134
  required end (work)   : 442359 (buffer length 408501, short by 33858)
  preamble_repetitions  : 256, SFD symbols: 8
  current sample_num    : 301662
  increase sample_num to at least 326666 (recommended 376666)."
219,0,123982884,NaN,0,NaN,NaN,NaN,0,NaN,NaN,NaN,0,"A reliable repeated preamble was not found. Check receiver settings."
220,1,124322340,124322341,247982,0.85577496,-5582.88841,113.907942,875.106526,752110.222,703434.861,0.29057604,0,""
221,0,125433931,NaN,0,NaN,NaN,NaN,0,NaN,NaN,NaN,0,"Alignment correlation 0.015 is below threshold 0.100."
222,0,125724620,NaN,0,NaN,NaN,NaN,0,NaN,NaN,NaN,0,"Input ternarySymbols is too short: need samples 144865:154080."
223,0,126207940,NaN,0,NaN,NaN,NaN,0,NaN,NaN,NaN,0,"The decoded PSDU must contain a nonempty whole number of bytes."
224,0,126501068,NaN,0,NaN,NaN,NaN,0,NaN,NaN,NaN,0,"Alignment correlation 0.037 is below threshold 0.100."
225,1,127383867,127383867,300915,0.956674186,-10181.06,-81.594763,-31.8101356,612672.192,612180.801,0.00348463012,0,""
226,0,128719372,NaN,0,NaN,NaN,NaN,0,NaN,NaN,NaN,0,"Capture ends before SFD.
  preamble start (work) : 161941
  required end (work)   : 430164 (buffer length 408501, short by 21663)
  preamble_repetitions  : 256, SFD symbols: 8
  current sample_num    : 301662
  increase sample_num to at least 317660 (recommended 367660)."
227,0,129495820,NaN,0,NaN,NaN,NaN,0,NaN,NaN,NaN,0,"Input ternarySymbols is too short: need samples 134113:144864."
228,0,129825868,NaN,0,NaN,NaN,NaN,0,NaN,NaN,NaN,0,"Capture ends before SFD.
  preamble start (work) : 201098
  required end (work)   : 469321 (buffer length 408501, short by 60820)
  preamble_repetitions  : 256, SFD symbols: 8
  current sample_num    : 301662
  increase sample_num to at least 346576 (recommended 396576)."
229,1,130032410,130032410,269155,0.957202753,-4404.45596,1096.41622,204.918702,539814.079,462154.818,0.674567225,0,""
230,0,130413931,NaN,0,NaN,NaN,NaN,0,NaN,NaN,NaN,0,"The decoded PSDU must contain a nonempty whole number of bytes."
231,1,130781098,130781098,308477,0.956678942,-16457.5957,-124.268505,-63.753584,629468.164,628242.889,0.00846188524,0,""
232,1,131525284,131525285,234370,0.857310467,-5131.40575,517.322866,993.049867,730161.716,651893.974,0.492420915,0,""
233,0,132109100,NaN,0,NaN,NaN,NaN,0,NaN,NaN,NaN,0,"Capture ends before SFD.
  preamble start (work) : 184294
  required end (work)   : 452517 (buffer length 408501, short by 44016)
  preamble_repetitions  : 256, SFD symbols: 8
  current sample_num    : 301662
  increase sample_num to at least 334167 (recommended 384167)."
234,1,132294980,132294980,290328,0.957530017,-8984.5213,-27.4158175,163.542057,588548.159,586821.842,0.0127573526,0,""
235,1,133799108,133799109,261593,0.856119722,7690.97804,217.586818,173.626277,641586.392,636777.152,0.0326767157,0,""
236,1,134196336,134196336,313014,0.956429489,-32718.1797,29.1632332,115.160693,639197.38,638305.399,0.00606468513,0,""
237,0,134568459,NaN,0,NaN,NaN,NaN,0,NaN,NaN,NaN,0,"Alignment correlation 0.014 is below threshold 0.100."
238,0,134910700,NaN,0,NaN,NaN,NaN,0,NaN,NaN,NaN,0,"Alignment correlation 0.013 is below threshold 0.100."
239,0,136088688,NaN,0,NaN,NaN,NaN,0,NaN,NaN,NaN,0,"Capture ends before SFD.
  preamble start (work) : 432902
  required end (work)   : 701125 (buffer length 501675, short by 199450)
  preamble_repetitions  : 256, SFD symbols: 8
  current sample_num    : 370467
  increase sample_num to at least 517754 (recommended 567754)."
240,1,136458155,136458156,221515,0.857699288,-13155.2607,-149.808638,326.961847,699720.977,691631.915,0.0504986855,0,""
241,0,137086988,NaN,0,NaN,NaN,NaN,0,NaN,NaN,NaN,0,"Input ternarySymbols is too short: need samples 144865:154080."
242,0,137426444,NaN,0,NaN,NaN,NaN,0,NaN,NaN,NaN,0,"Capture ends before SFD.
  preamble start (work) : 158894
  required end (work)   : 427117 (buffer length 408501, short by 18616)
  preamble_repetitions  : 256, SFD symbols: 8
  current sample_num    : 301662
  increase sample_num to at least 315410 (recommended 365410)."
243,0,137814668,NaN,0,NaN,NaN,NaN,0,NaN,NaN,NaN,0,"Capture ends before SFD.
  preamble start (work) : 145686
  required end (work)   : 413909 (buffer length 408501, short by 5408)
  preamble_repetitions  : 256, SFD symbols: 8
  current sample_num    : 301662
  increase sample_num to at least 305656 (recommended 355656)."
244,0,138342444,NaN,0,NaN,NaN,NaN,0,NaN,NaN,NaN,0,"Alignment correlation 0.014 is below threshold 0.100."
245,0,140245516,NaN,0,NaN,NaN,NaN,0,NaN,NaN,NaN,0,"The decoded PSDU must contain a nonempty whole number of bytes."
246,1,141380523,141380523,320576,0.956855279,-2182.23818,1096.20903,-405.714178,652944.644,567471.255,0.609324961,0,""
247,0,141967340,NaN,0,NaN,NaN,NaN,0,NaN,NaN,NaN,0,"Capture ends before SFD.
  preamble start (work) : 159909
  required end (work)   : 428132 (buffer length 408501, short by 19631)
  preamble_repetitions  : 256, SFD symbols: 8
  current sample_num    : 301662
  increase sample_num to at least 316160 (recommended 366160)."
248,0,142355564,NaN,0,NaN,NaN,NaN,0,NaN,NaN,NaN,0,"Capture ends before SFD.
  preamble start (work) : 146701
  required end (work)   : 414924 (buffer length 408501, short by 6423)
  preamble_repetitions  : 256, SFD symbols: 8
  current sample_num    : 301662
  increase sample_num to at least 306406 (recommended 356406)."
249,0,142841324,NaN,0,NaN,NaN,NaN,0,NaN,NaN,NaN,0,"Alignment correlation 0.014 is below threshold 0.100."
250,0,143083244,NaN,0,NaN,NaN,NaN,0,NaN,NaN,NaN,0,"Capture ends before SFD.
  preamble start (work) : 186326
  required end (work)   : 454549 (buffer length 408501, short by 46048)
  preamble_repetitions  : 256, SFD symbols: 8
  current sample_num    : 301662
  increase sample_num to at least 335667 (recommended 385667)."
251,0,143471467,NaN,0,NaN,NaN,NaN,0,NaN,NaN,NaN,0,"Capture ends before SFD.
  preamble start (work) : 173119
  required end (work)   : 441342 (buffer length 408501, short by 32841)
  preamble_repetitions  : 256, SFD symbols: 8
  current sample_num    : 301662
  increase sample_num to at least 325915 (recommended 375915)."
252,0,143859692,NaN,0,NaN,NaN,NaN,0,NaN,NaN,NaN,0,"Capture ends before SFD.
  preamble start (work) : 159910
  required end (work)   : 428133 (buffer length 408501, short by 19632)
  preamble_repetitions  : 256, SFD symbols: 8
  current sample_num    : 301662
  increase sample_num to at least 316160 (recommended 366160)."
253,0,144629388,NaN,0,NaN,NaN,NaN,0,NaN,NaN,NaN,0,"Capture ends before SFD.
  preamble start (work) : 142638
  required end (work)   : 410862 (buffer length 408501, short by 2361)
  preamble_repetitions  : 256, SFD symbols: 8
  current sample_num    : 301662
  increase sample_num to at least 303406 (recommended 353406)."
254,1,145112708,145112709,227565,0.856605093,-20313.8523,229.386141,63.8818775,956209.718,952680.145,0.0160603945,1,""
255,0,145357068,NaN,0,NaN,NaN,NaN,0,NaN,NaN,NaN,0,"Capture ends before SFD.
  preamble start (work) : 182262
  required end (work)   : 450485 (buffer length 408501, short by 41984)
  preamble_repetitions  : 256, SFD symbols: 8
  current sample_num    : 301662
  increase sample_num to at least 332666 (recommended 382666)."
256,0,145561419,NaN,0,NaN,NaN,NaN,0,NaN,NaN,NaN,0,"The decoded PSDU must contain a nonempty whole number of bytes."
257,0,145922571,NaN,0,NaN,NaN,NaN,0,NaN,NaN,NaN,0,"The decoded PSDU must contain a nonempty whole number of bytes."
258,0,147770444,NaN,0,NaN,NaN,NaN,0,NaN,NaN,NaN,0,"The decoded PSDU must contain a nonempty whole number of bytes."
259,0,148012364,NaN,0,NaN,NaN,NaN,0,NaN,NaN,NaN,0,"Capture ends before SFD.
  preamble start (work) : 174133
  required end (work)   : 442356 (buffer length 408501, short by 33855)
  preamble_repetitions  : 256, SFD symbols: 8
  current sample_num    : 301662
  increase sample_num to at least 326663 (recommended 376663)."
260,0,148400588,NaN,0,NaN,NaN,NaN,0,NaN,NaN,NaN,0,"Capture ends before SFD.
  preamble start (work) : 160926
  required end (work)   : 429150 (buffer length 408501, short by 20649)
  preamble_repetitions  : 256, SFD symbols: 8
  current sample_num    : 301662
  increase sample_num to at least 316911 (recommended 366911)."
261,1,148932676,148932677,318307,0.856675355,-2210.37948,1015.80614,749.558654,648714.773,549152.8,0.723605859,0,""
262,0,149177035,NaN,0,NaN,NaN,NaN,0,NaN,NaN,NaN,0,"Input ternarySymbols is too short: need samples 134113:144864."
263,0,150044268,NaN,0,NaN,NaN,NaN,0,NaN,NaN,NaN,0,"The decoded PSDU must contain a nonempty whole number of bytes."
264,0,150334956,NaN,0,NaN,NaN,NaN,0,NaN,NaN,NaN,0,"Input ternarySymbols is too short: need samples 144865:154080."
265,0,150723180,NaN,0,NaN,NaN,NaN,0,NaN,NaN,NaN,0,"Alignment correlation 0.035 is below threshold 0.100."
266,0,151111404,NaN,0,NaN,NaN,NaN,0,NaN,NaN,NaN,0,"Alignment correlation 0.025 is below threshold 0.100."
267,0,151311052,NaN,0,NaN,NaN,NaN,0,NaN,NaN,NaN,0,"Input ternarySymbols is too short: need samples 144871:216550."
268,0,151590412,NaN,0,NaN,NaN,NaN,0,NaN,NaN,NaN,0,"Alignment correlation 0.014 is below threshold 0.100."
269,0,151991201,NaN,0,NaN,NaN,NaN,0,NaN,NaN,NaN,0,"The decoded PSDU must contain a nonempty whole number of bytes."
270,0,153113516,NaN,0,NaN,NaN,NaN,0,NaN,NaN,NaN,0,"The decoded PSDU must contain a nonempty whole number of bytes."
271,1,154246269,154246269,275204,0.956941666,-16484.1332,77.1050495,-139.563013,567397.774,565812.829,0.0121483735,0,""
272,0,155003210,NaN,0,NaN,NaN,NaN,0,NaN,NaN,NaN,0,"The decoded PSDU must contain a nonempty whole number of bytes."
273,0,155603532,NaN,0,NaN,NaN,NaN,0,NaN,NaN,NaN,0,"Capture ends before SFD.
  preamble start (work) : 144669
  required end (work)   : 412892 (buffer length 408501, short by 4391)
  preamble_repetitions  : 256, SFD symbols: 8
  current sample_num    : 301662
  increase sample_num to at least 304905 (recommended 354905)."
274,1,156426308,156426308,227565,0.86036892,-1676.20076,-2758.44943,1241.3267,1181226.92,609705.484,2.87213235,1,""
275,0,156768204,NaN,0,NaN,NaN,NaN,0,NaN,NaN,NaN,0,"Input ternarySymbols is too short: need samples 144865:154080."
276,0,157690156,NaN,0,NaN,NaN,NaN,0,NaN,NaN,NaN,0,"Alignment correlation 0.014 is below threshold 0.100."
277,1,158021220,158021221,239664,0.856930997,-9311.52644,34.6723694,-16.9425899,698834.564,698740.039,0.000587470554,0,""
278,0,158790572,NaN,0,NaN,NaN,NaN,0,NaN,NaN,NaN,0,"Alignment correlation 0.013 is below threshold 0.100."
279,0,159423500,NaN,0,NaN,NaN,NaN,0,NaN,NaN,NaN,0,"Alignment correlation 0.047 is below threshold 0.100."
280,0,160680267,NaN,0,NaN,NaN,NaN,0,NaN,NaN,NaN,0,"The decoded PSDU must contain a nonempty whole number of bytes."
281,0,161357868,NaN,0,NaN,NaN,NaN,0,NaN,NaN,NaN,0,"Alignment correlation 0.014 is below threshold 0.100."
282,0,161648556,NaN,0,NaN,NaN,NaN,0,NaN,NaN,NaN,0,"Capture ends before SFD.
  preamble start (work) : 158894
  required end (work)   : 427117 (buffer length 408501, short by 18616)
  preamble_repetitions  : 256, SFD symbols: 8
  current sample_num    : 301662
  increase sample_num to at least 315410 (recommended 365410)."
283,0,162036780,NaN,0,NaN,NaN,NaN,0,NaN,NaN,NaN,0,"Capture ends before SFD.
  preamble start (work) : 145686
  required end (work)   : 413909 (buffer length 408501, short by 5408)
  preamble_repetitions  : 256, SFD symbols: 8
  current sample_num    : 301662
  increase sample_num to at least 305656 (recommended 355656)."
284,0,162425004,NaN,0,NaN,NaN,NaN,0,NaN,NaN,NaN,0,"Input ternarySymbols is too short: need samples 134113:144864."
285,0,163292236,NaN,0,NaN,NaN,NaN,0,NaN,NaN,NaN,0,"The decoded PSDU must contain a nonempty whole number of bytes."
286,0,164454468,NaN,0,NaN,NaN,NaN,0,NaN,NaN,NaN,0,"The decoded PSDU must contain a nonempty whole number of bytes."
287,1,165602635,165602635,297134,0.956648191,4198.13787,-455.577131,-125.877409,598995.639,584964.676,0.102940187,0,""
288,0,166357325,NaN,0,NaN,NaN,NaN,0,NaN,NaN,NaN,0,"The decoded PSDU must contain a nonempty whole number of bytes."
289,0,166577676,NaN,0,NaN,NaN,NaN,0,NaN,NaN,NaN,0,"Capture ends before SFD.
  preamble start (work) : 146701
  required end (work)   : 414924 (buffer length 408501, short by 6423)
  preamble_repetitions  : 256, SFD symbols: 8
  current sample_num    : 301662
  increase sample_num to at least 306406 (recommended 356406)."
290,0,167014668,NaN,0,NaN,NaN,NaN,0,NaN,NaN,NaN,0,"Alignment correlation 0.013 is below threshold 0.100."
291,0,167305356,NaN,0,NaN,NaN,NaN,0,NaN,NaN,NaN,0,"Capture ends before SFD.
  preamble start (work) : 186326
  required end (work)   : 454549 (buffer length 408501, short by 46048)
  preamble_repetitions  : 256, SFD symbols: 8
  current sample_num    : 301662
  increase sample_num to at least 335667 (recommended 385667)."
292,1,167494987,167494988,297134,0.856858695,3442.5777,-492.961705,-278.184985,603839.138,583818.412,0.146434714,0,""
293,1,167871207,167871207,306208,0.956770725,-15322.2835,156.455573,-161.659353,624320.137,621136.708,0.0222014697,0,""
294,0,168470028,NaN,0,NaN,NaN,NaN,0,NaN,NaN,NaN,0,"Capture ends before SFD.
  preamble start (work) : 146702
  required end (work)   : 414925 (buffer length 408501, short by 6424)
  preamble_repetitions  : 256, SFD symbols: 8
  current sample_num    : 301662
  increase sample_num to at least 306407 (recommended 356407)."
295,0,169025836,NaN,0,NaN,NaN,NaN,0,NaN,NaN,NaN,0,"Alignment correlation 0.013 is below threshold 0.100."
296,0,169239724,NaN,0,NaN,NaN,NaN,0,NaN,NaN,NaN,0,"Input ternarySymbols is too short: need samples 134113:144864."
297,0,169579180,NaN,0,NaN,NaN,NaN,0,NaN,NaN,NaN,0,"Capture ends before SFD.
  preamble start (work) : 182262
  required end (work)   : 450485 (buffer length 408501, short by 41984)
  preamble_repetitions  : 256, SFD symbols: 8
  current sample_num    : 301662
  increase sample_num to at least 332666 (recommended 382666)."
298,0,170144684,NaN,0,NaN,NaN,NaN,0,NaN,NaN,NaN,0,"Alignment correlation 0.013 is below threshold 0.100."
299,0,170532620,NaN,0,NaN,NaN,NaN,0,NaN,NaN,NaN,0,"The decoded PSDU must contain a nonempty whole number of bytes."
300,1,170915477,170915477,225296,0.956579069,-21169.19,54.4741204,-17.2623916,595561.296,595357.231,0.00148834115,0,""
301,0,172425708,NaN,0,NaN,NaN,NaN,0,NaN,NaN,NaN,0,"The decoded PSDU must contain a nonempty whole number of bytes."
302,0,172622700,NaN,0,NaN,NaN,NaN,0,NaN,NaN,NaN,0,"Capture ends before SFD.
  preamble start (work) : 160925
  required end (work)   : 429148 (buffer length 408501, short by 20647)
  preamble_repetitions  : 256, SFD symbols: 8
  current sample_num    : 301662
  increase sample_num to at least 316910 (recommended 366910)."
303,0,173154788,NaN,0,NaN,NaN,NaN,0,NaN,NaN,NaN,0,"A reliable repeated preamble was not found. Check receiver settings."
304,0,174009676,NaN,0,NaN,NaN,NaN,0,NaN,NaN,NaN,0,"The decoded PSDU must contain a nonempty whole number of bytes."
305,0,174557068,NaN,0,NaN,NaN,NaN,0,NaN,NaN,NaN,0,"Input ternarySymbols is too short: need samples 144865:154080."
306,1,175379844,175379844,227565,0.857378285,-5816.53051,-273.687003,-329.392402,1015915.27,1004477.46,0.0491729286,1,""
307,0,175812524,NaN,0,NaN,NaN,NaN,0,NaN,NaN,NaN,0,"Input ternarySymbols is too short: need samples 144859:205786."
308,0,178111020,NaN,0,NaN,NaN,NaN,0,NaN,NaN,NaN,0,"Alignment correlation 0.092 is below threshold 0.100."
309,0,178425804,NaN,0,NaN,NaN,NaN,0,NaN,NaN,NaN,0,"Alignment correlation 0.014 is below threshold 0.100."
310,0,178667724,NaN,0,NaN,NaN,NaN,0,NaN,NaN,NaN,0,"Capture ends before SFD.
  preamble start (work) : 175150
  required end (work)   : 443373 (buffer length 408501, short by 34872)
  preamble_repetitions  : 256, SFD symbols: 8
  current sample_num    : 301662
  increase sample_num to at least 327414 (recommended 377414)."
311,0,179225322,NaN,0,NaN,NaN,NaN,0,NaN,NaN,NaN,0,"Input ternarySymbols is too short: need samples 144865:222176."
312,1,180000364,180000269,237395,0.955585526,-8383.39893,-332.435582,-459.208867,558597.431,538490.733,0.159206998,0,""
313,1,180358482,180358483,232102,0.856546059,-25455.2874,-23.0558333,-11.8152618,680647.868,680606.951,0.000261083446,0,""
314,0,180553324,NaN,0,NaN,NaN,NaN,0,NaN,NaN,NaN,0,"Capture ends before SFD.
  preamble start (work) : 184294
  required end (work)   : 452517 (buffer length 408501, short by 44016)
  preamble_repetitions  : 256, SFD symbols: 8
  current sample_num    : 301662
  increase sample_num to at least 334167 (recommended 384167)."
315,1,180747457,180747457,279742,0.957272756,6094.67096,187.686358,-100.529843,562844.138,560019.98,0.0218462549,0,""
316,0,180990316,NaN,0,NaN,NaN,NaN,0,NaN,NaN,NaN,0,"Input ternarySymbols is too short: need samples 144865:154080."
317,0,181329772,NaN,0,NaN,NaN,NaN,0,NaN,NaN,NaN,0,"Capture ends before SFD.
  preamble start (work) : 157878
  required end (work)   : 426101 (buffer length 408501, short by 17600)
  preamble_repetitions  : 256, SFD symbols: 8
  current sample_num    : 301662
  increase sample_num to at least 314660 (recommended 364660)."
318,0,181861860,NaN,0,NaN,NaN,NaN,0,NaN,NaN,NaN,0,"Capture ends before SFD.
  preamble start (work) : 462366
  required end (work)   : 730589 (buffer length 532398, short by 198191)
  preamble_repetitions  : 256, SFD symbols: 8
  current sample_num    : 393155
  increase sample_num to at least 539512 (recommended 589512)."
319,0,182245771,NaN,0,NaN,NaN,NaN,0,NaN,NaN,NaN,0,"The decoded PSDU must contain a nonempty whole number of bytes."
320,0,184532912,NaN,0,NaN,NaN,NaN,0,NaN,NaN,NaN,0,"The decoded PSDU must contain a nonempty whole number of bytes."
321,1,184902379,184902380,292597,0.857285154,9904.55828,59.2075311,248.367381,593489.505,589410.63,0.0299507979,0,""
322,0,185968204,NaN,0,NaN,NaN,NaN,0,NaN,NaN,NaN,0,"Alignment correlation 0.014 is below threshold 0.100."
323,0,186647116,NaN,0,NaN,NaN,NaN,0,NaN,NaN,NaN,0,"Input ternarySymbols is too short: need samples 134113:144864."
324,0,187130436,NaN,0,NaN,NaN,NaN,0,NaN,NaN,NaN,0,"The decoded PSDU must contain a nonempty whole number of bytes."
325,0,188676580,NaN,0,NaN,NaN,NaN,0,NaN,NaN,NaN,0,"Capture ends before SFD.
  preamble start (work) : 459318
  required end (work)   : 727541 (buffer length 494512, short by 233029)
  preamble_repetitions  : 256, SFD symbols: 8
  current sample_num    : 365178
  increase sample_num to at least 537262 (recommended 587262)."
326,0,189827436,NaN,0,NaN,NaN,NaN,0,NaN,NaN,NaN,0,"Alignment correlation 0.014 is below threshold 0.100."
327,1,190579437,190579437,316038,0.957169787,-23850.8401,-119.614761,49.6860833,644693.606,643631.946,0.00715771621,0,""
328,0,190799788,NaN,0,NaN,NaN,NaN,0,NaN,NaN,NaN,0,"Capture ends before SFD.
  preamble start (work) : 146701
  required end (work)   : 414924 (buffer length 408501, short by 6423)
  preamble_repetitions  : 256, SFD symbols: 8
  current sample_num    : 301662
  increase sample_num to at least 306406 (recommended 356406)."
329,0,191188012,NaN,0,NaN,NaN,NaN,0,NaN,NaN,NaN,0,"Input ternarySymbols is too short: need samples 134113:144864."
330,0,191527468,NaN,0,NaN,NaN,NaN,0,NaN,NaN,NaN,0,"Capture ends before SFD.
  preamble start (work) : 186325
  required end (work)   : 454548 (buffer length 408501, short by 46047)
  preamble_repetitions  : 256, SFD symbols: 8
  current sample_num    : 301662
  increase sample_num to at least 335667 (recommended 385667)."
331,1,191717099,191717099,260837,0.957307287,-7365.84675,-430.788665,-411.11147,586721.138,564542.261,0.167352769,0,""
332,0,192093319,NaN,0,NaN,NaN,NaN,0,NaN,NaN,NaN,0,"The decoded PSDU must contain a nonempty whole number of bytes."
333,0,192692140,NaN,0,NaN,NaN,NaN,0,NaN,NaN,NaN,0,"Capture ends before SFD.
  preamble start (work) : 146702
  required end (work)   : 414925 (buffer length 408501, short by 6424)
  preamble_repetitions  : 256, SFD symbols: 8
  current sample_num    : 301662
  increase sample_num to at least 306407 (recommended 356407)."
334,0,193080364,NaN,0,NaN,NaN,NaN,0,NaN,NaN,NaN,0,"Input ternarySymbols is too short: need samples 134113:144864."
335,1,193896388,193896388,227565,0.860044071,-1165.61286,2233.35905,1896.60473,1172350.28,635835.791,2.65712421,1,""
336,0,194189516,NaN,0,NaN,NaN,NaN,0,NaN,NaN,NaN,0,"Capture ends before SFD.
  preamble start (work) : 169054
  required end (work)   : 437277 (buffer length 408501, short by 28776)
  preamble_repetitions  : 256, SFD symbols: 8
  current sample_num    : 301662
  increase sample_num to at least 322913 (recommended 372913)."
337,0,194577740,NaN,0,NaN,NaN,NaN,0,NaN,NaN,NaN,0,"Capture ends before SFD.
  preamble start (work) : 155846
  required end (work)   : 424069 (buffer length 408501, short by 15568)
  preamble_repetitions  : 256, SFD symbols: 8
  current sample_num    : 301662
  increase sample_num to at least 313159 (recommended 363159)."
338,0,195123756,NaN,0,NaN,NaN,NaN,0,NaN,NaN,NaN,0,"Alignment correlation 0.013 is below threshold 0.100."
339,1,196256494,196256495,243445,0.856270576,-3935.67751,-1010.46527,750.449137,638368.763,539322.014,0.732234806,0,""
340,0,196647820,NaN,0,NaN,NaN,NaN,0,NaN,NaN,NaN,0,"Alignment correlation 0.093 is below threshold 0.100."
341,0,196893580,NaN,0,NaN,NaN,NaN,0,NaN,NaN,NaN,0,"Alignment correlation 0.043 is below threshold 0.100."
342,1,197716356,197716356,227565,0.855374851,-14701.2197,-254.937523,-174.279836,977919.727,971942.726,0.0266253311,1,""
343,0,198009484,NaN,0,NaN,NaN,NaN,0,NaN,NaN,NaN,0,"Input ternarySymbols is too short: need samples 134113:144864."
344,0,198549075,NaN,0,NaN,NaN,NaN,0,NaN,NaN,NaN,0,"The decoded PSDU must contain a nonempty whole number of bytes."
345,0,199305548,NaN,0,NaN,NaN,NaN,0,NaN,NaN,NaN,0,"The decoded PSDU must contain a nonempty whole number of bytes."
346,0,200034636,NaN,0,NaN,NaN,NaN,0,NaN,NaN,NaN,0,"Alignment correlation 0.013 is below threshold 0.100."
347,0,202599148,NaN,0,NaN,NaN,NaN,0,NaN,NaN,NaN,0,"Alignment correlation 0.013 is below threshold 0.100."
348,0,203278060,NaN,0,NaN,NaN,NaN,0,NaN,NaN,NaN,0,"Capture ends before SFD.
  preamble start (work) : 161942
  required end (work)   : 430165 (buffer length 408501, short by 21664)
  preamble_repetitions  : 256, SFD symbols: 8
  current sample_num    : 301662
  increase sample_num to at least 317661 (recommended 367661)."
349,1,204222476,204222381,220759,0.955491012,-29873.3332,-48.4823691,124.800495,599432.075,598319.67,0.00806697661,0,""
350,1,204582845,204582846,306964,0.857732793,4240.66807,-141.156316,361.49197,626384.662,616951.403,0.0659015799,0,""
351,1,204971852,204971819,221515,0.947113718,-23989.6079,-155.485401,-176.637746,639308.944,635855.836,0.02352119,0,""
352,1,205258756,205258756,227565,0.859108245,-616.169479,-2525.34147,-595.267257,1126778.72,706326.442,2.02833172,1,""
353,1,205646980,205646980,227565,0.85809867,-9163.27074,277.264687,-404.943604,1073995.42,1058925.18,0.0613715186,1,""
354,0,206083972,NaN,0,NaN,NaN,NaN,0,NaN,NaN,NaN,0,"The decoded PSDU must contain a nonempty whole number of bytes."
355,0,206467884,NaN,0,NaN,NaN,NaN,0,NaN,NaN,NaN,0,"Alignment correlation 0.015 is below threshold 0.100."
356,0,208005676,NaN,0,NaN,NaN,NaN,0,NaN,NaN,NaN,0,"The decoded PSDU must contain a nonempty whole number of bytes."
357,0,208644172,NaN,0,NaN,NaN,NaN,0,NaN,NaN,NaN,0,"Alignment correlation 0.018 is below threshold 0.100."
358,1,209124491,209124492,303939,0.857057161,11957.1606,-164.199308,-125.185375,619330.168,616677.687,0.0186400018,0,""
359,0,210869228,NaN,0,NaN,NaN,NaN,0,NaN,NaN,NaN,0,"Input ternarySymbols is too short: need samples 134113:144864."
360,0,211257452,NaN,0,NaN,NaN,NaN,0,NaN,NaN,NaN,0,"Input ternarySymbols is too short: need samples 134113:144864."
361,0,212415372,NaN,0,NaN,NaN,NaN,0,NaN,NaN,NaN,0,"Alignment correlation 0.035 is below threshold 0.100."
362,0,212898692,NaN,0,NaN,NaN,NaN,0,NaN,NaN,NaN,0,"The decoded PSDU must contain a nonempty whole number of bytes."
363,0,214049548,NaN,0,NaN,NaN,NaN,0,NaN,NaN,NaN,0,"Alignment correlation 0.014 is below threshold 0.100."
364,1,214801549,214801549,282766,0.957594792,-3512.57946,-868.249924,-911.89405,570814.229,471714.115,0.828159182,0,""
365,0,215410124,NaN,0,NaN,NaN,NaN,0,NaN,NaN,NaN,0,"Input ternarySymbols is too short: need samples 134113:144864."
366,1,215939211,215939211,298646,0.956579783,-13496.23,-70.4552849,-276.114927,608298.74,603225.473,0.0363724423,0,""
367,0,216318092,NaN,0,NaN,NaN,NaN,0,NaN,NaN,NaN,0,"Alignment correlation 0.012 is below threshold 0.100."
368,0,216526028,NaN,0,NaN,NaN,NaN,0,NaN,NaN,NaN,0,"Capture ends before SFD.
  preamble start (work) : 159910
  required end (work)   : 428133 (buffer length 408501, short by 19632)
  preamble_repetitions  : 256, SFD symbols: 8
  current sample_num    : 301662
  increase sample_num to at least 316160 (recommended 366160)."
369,0,216914252,NaN,0,NaN,NaN,NaN,0,NaN,NaN,NaN,0,"Capture ends before SFD.
  preamble start (work) : 146702
  required end (work)   : 414925 (buffer length 408501, short by 6424)
  preamble_repetitions  : 256, SFD symbols: 8
  current sample_num    : 301662
  increase sample_num to at least 306407 (recommended 356407)."
370,1,217351055,217351055,227565,0.859239394,-1678.8353,2283.23337,2770.02385,1231103.64,426080.643,4.60802811,1,""
371,0,217641932,NaN,0,NaN,NaN,NaN,0,NaN,NaN,NaN,0,"Capture ends before SFD.
  preamble start (work) : 186326
  required end (work)   : 454549 (buffer length 408501, short by 46048)
  preamble_repetitions  : 256, SFD symbols: 8
  current sample_num    : 301662
  increase sample_num to at least 335667 (recommended 385667)."
372,0,218120940,NaN,0,NaN,NaN,NaN,0,NaN,NaN,NaN,0,"Alignment correlation 0.013 is below threshold 0.100."
373,0,219345868,NaN,0,NaN,NaN,NaN,0,NaN,NaN,NaN,0,"The decoded PSDU must contain a nonempty whole number of bytes."
374,0,220478606,NaN,0,NaN,NaN,NaN,0,NaN,NaN,NaN,0,"The decoded PSDU must contain a nonempty whole number of bytes."
375,0,221892140,NaN,0,NaN,NaN,NaN,0,NaN,NaN,NaN,0,"Alignment correlation 0.015 is below threshold 0.100."
376,0,222182827,NaN,0,NaN,NaN,NaN,0,NaN,NaN,NaN,0,"Capture ends before SFD.
  preamble start (work) : 187343
  required end (work)   : 455566 (buffer length 408501, short by 47065)
  preamble_repetitions  : 256, SFD symbols: 8
  current sample_num    : 301662
  increase sample_num to at least 336418 (recommended 386418)."
377,1,222666148,222666148,227565,0.859638556,-2386.84805,1578.92541,-2263.10365,1140673.6,664888.272,2.34412717,1,""
378,0,223505964,NaN,0,NaN,NaN,NaN,0,NaN,NaN,NaN,0,"Alignment correlation 0.014 is below threshold 0.100."
379,1,224212292,224212293,227565,0.856260498,165.521861,1207.99138,1532.4182,962779.962,724921.872,1.23235839,1,""
380,0,224456652,NaN,0,NaN,NaN,NaN,0,NaN,NaN,NaN,0,"Capture ends before SFD.
  preamble start (work) : 183278
  required end (work)   : 451501 (buffer length 408501, short by 43000)
  preamble_repetitions  : 256, SFD symbols: 8
  current sample_num    : 301662
  increase sample_num to at least 333417 (recommended 383417)."
381,0,224844876,NaN,0,NaN,NaN,NaN,0,NaN,NaN,NaN,0,"Capture ends before SFD.
  preamble start (work) : 170070
  required end (work)   : 438293 (buffer length 408501, short by 29792)
  preamble_repetitions  : 256, SFD symbols: 8
  current sample_num    : 301662
  increase sample_num to at least 323663 (recommended 373663)."
382,0,226146660,NaN,0,NaN,NaN,NaN,0,NaN,NaN,NaN,0,"The decoded PSDU must contain a nonempty whole number of bytes."
383,0,227457547,NaN,0,NaN,NaN,NaN,0,NaN,NaN,NaN,0,"Capture ends before SFD.
  preamble start (work) : 219663
  required end (work)   : 487886 (buffer length 408501, short by 79385)
  preamble_repetitions  : 256, SFD symbols: 8
  current sample_num    : 301662
  increase sample_num to at least 360286 (recommended 410286)."
384,0,227672203,NaN,0,NaN,NaN,NaN,0,NaN,NaN,NaN,0,"The decoded PSDU must contain a nonempty whole number of bytes."
385,0,227888396,NaN,0,NaN,NaN,NaN,0,NaN,NaN,NaN,0,"Capture ends before SFD.
  preamble start (work) : 148734
  required end (work)   : 416957 (buffer length 408501, short by 8456)
  preamble_repetitions  : 256, SFD symbols: 8
  current sample_num    : 301662
  increase sample_num to at least 307907 (recommended 357907)."
386,0,228444588,NaN,0,NaN,NaN,NaN,0,NaN,NaN,NaN,0,"The decoded PSDU must contain a nonempty whole number of bytes."
387,0,228804957,NaN,0,NaN,NaN,NaN,0,NaN,NaN,NaN,0,"Input ternarySymbols is too short: need samples 144871:212454."
388,0,229773995,NaN,0,NaN,NaN,NaN,0,NaN,NaN,NaN,0,"Capture ends before SFD.
  preamble start (work) : 157879
  required end (work)   : 426102 (buffer length 408501, short by 17601)
  preamble_repetitions  : 256, SFD symbols: 8
  current sample_num    : 301662
  increase sample_num to at least 314660 (recommended 364660)."
389,1,230306084,230306085,265374,0.856390406,-15763.8627,2.66380424,-31.0116359,647836.08,647773.349,0.000420560608,0,""
390,0,233346603,NaN,0,NaN,NaN,NaN,0,NaN,NaN,NaN,0,"The decoded PSDU must contain a nonempty whole number of bytes."
391,1,234869488,234869489,237395,0.857032823,5225.90876,-339.64169,-218.919073,605825.581,595641.682,0.0736252609,0,""
392,1,235525892,235525892,227565,0.860841752,-2434.30131,2614.44484,1170.41454,1184698.89,672224.834,2.46093429,1,""
393,0,235867788,NaN,0,NaN,NaN,NaN,0,NaN,NaN,NaN,0,"Input ternarySymbols is too short: need samples 144865:154080."
394,0,236207244,NaN,0,NaN,NaN,NaN,0,NaN,NaN,NaN,0,"Capture ends before SFD.
  preamble start (work) : 158894
  required end (work)   : 427117 (buffer length 408501, short by 18616)
  preamble_repetitions  : 256, SFD symbols: 8
  current sample_num    : 301662
  increase sample_num to at least 315410 (recommended 365410)."
395,0,237123244,NaN,0,NaN,NaN,NaN,0,NaN,NaN,NaN,0,"The decoded PSDU must contain a nonempty whole number of bytes."
396,1,237411492,237411492,227565,0.861327881,-1778.2496,-2849.43131,-1431.34382,1215444,580335.331,3.21055943,1,""
397,0,238271660,NaN,0,NaN,NaN,NaN,0,NaN,NaN,NaN,0,"Alignment correlation 0.012 is below threshold 0.100."
398,1,239023661,239023661,224540,0.957186472,-43752.9571,-47.1972606,-77.1610615,683438.417,682927.021,0.00325090829,0,""
399,0,239777600,NaN,0,NaN,NaN,NaN,0,NaN,NaN,NaN,0,"Capture ends before SFD.
  preamble start (work) : 449158
  required end (work)   : 717381 (buffer length 541606, short by 175775)
  preamble_repetitions  : 256, SFD symbols: 8
  current sample_num    : 399955
  increase sample_num to at least 529759 (recommended 579759)."
400,1,240161323,240161323,282766,0.956687385,-22409.2374,-189.856875,17.4442025,565743.273,563460.396,0.0175600244,0,""
401,0,240359916,NaN,0,NaN,NaN,NaN,0,NaN,NaN,NaN,0,"Capture ends before SFD.
  preamble start (work) : 173117
  required end (work)   : 441340 (buffer length 408501, short by 32839)
  preamble_repetitions  : 256, SFD symbols: 8
  current sample_num    : 301662
  increase sample_num to at least 325913 (recommended 375913)."
402,0,240748140,NaN,0,NaN,NaN,NaN,0,NaN,NaN,NaN,0,"Capture ends before SFD.
  preamble start (work) : 159909
  required end (work)   : 428132 (buffer length 408501, short by 19631)
  preamble_repetitions  : 256, SFD symbols: 8
  current sample_num    : 301662
  increase sample_num to at least 316160 (recommended 366160)."
403,0,241136364,NaN,0,NaN,NaN,NaN,0,NaN,NaN,NaN,0,"Capture ends before SFD.
  preamble start (work) : 146702
  required end (work)   : 414925 (buffer length 408501, short by 6424)
  preamble_repetitions  : 256, SFD symbols: 8
  current sample_num    : 301662
  increase sample_num to at least 306407 (recommended 356407)."
404,0,241524588,NaN,0,NaN,NaN,NaN,0,NaN,NaN,NaN,0,"Input ternarySymbols is too short: need samples 134113:144864."
405,0,241864044,NaN,0,NaN,NaN,NaN,0,NaN,NaN,NaN,0,"Capture ends before SFD.
  preamble start (work) : 186326
  required end (work)   : 454549 (buffer length 408501, short by 46048)
  preamble_repetitions  : 256, SFD symbols: 8
  current sample_num    : 301662
  increase sample_num to at least 335667 (recommended 385667)."
406,0,242252267,NaN,0,NaN,NaN,NaN,0,NaN,NaN,NaN,0,"Capture ends before SFD.
  preamble start (work) : 173119
  required end (work)   : 441342 (buffer length 408501, short by 32841)
  preamble_repetitions  : 256, SFD symbols: 8
  current sample_num    : 301662
  increase sample_num to at least 325915 (recommended 375915)."
407,0,243021964,NaN,0,NaN,NaN,NaN,0,NaN,NaN,NaN,0,"Capture ends before SFD.
  preamble start (work) : 155846
  required end (work)   : 424069 (buffer length 408501, short by 15568)
  preamble_repetitions  : 256, SFD symbols: 8
  current sample_num    : 301662
  increase sample_num to at least 313159 (recommended 363159)."
408,0,243410188,NaN,0,NaN,NaN,NaN,0,NaN,NaN,NaN,0,"Capture ends before SFD.
  preamble start (work) : 142638
  required end (work)   : 410861 (buffer length 408501, short by 2360)
  preamble_repetitions  : 256, SFD symbols: 8
  current sample_num    : 301662
  increase sample_num to at least 303406 (recommended 353406)."
409,0,244700718,NaN,0,NaN,NaN,NaN,0,NaN,NaN,NaN,0,"The decoded PSDU must contain a nonempty whole number of bytes."
410,0,245841036,NaN,0,NaN,NaN,NaN,0,NaN,NaN,NaN,0,"The decoded PSDU must contain a nonempty whole number of bytes."
411,0,246163020,NaN,0,NaN,NaN,NaN,0,NaN,NaN,NaN,0,"Alignment correlation 0.013 is below threshold 0.100."
412,0,246453708,NaN,0,NaN,NaN,NaN,0,NaN,NaN,NaN,0,"Input ternarySymbols is too short: need samples 134113:144864."
413,0,246841932,NaN,0,NaN,NaN,NaN,0,NaN,NaN,NaN,0,"Input ternarySymbols is too short: need samples 144865:154080."
414,1,247276484,247276484,227565,0.857213156,-6096.41394,15.598969,-42.5027526,1086159.75,1086035.43,0.000497096766,1,""
415,0,247569612,NaN,0,NaN,NaN,NaN,0,NaN,NaN,NaN,0,"Capture ends before SFD.
  preamble start (work) : 147718
  required end (work)   : 415941 (buffer length 408501, short by 7440)
  preamble_repetitions  : 256, SFD symbols: 8
  current sample_num    : 301662
  increase sample_num to at least 307157 (recommended 357157)."
416,0,248126188,NaN,0,NaN,NaN,NaN,0,NaN,NaN,NaN,0,"The decoded PSDU must contain a nonempty whole number of bytes."
417,1,248773860,248773860,227565,0.860684835,-790.802897,2587.39259,-1065.74103,1177578.33,688206.358,2.33271126,1,""
418,0,249455212,NaN,0,NaN,NaN,NaN,0,NaN,NaN,NaN,0,"Capture ends before SFD.
  preamble start (work) : 156862
  required end (work)   : 425085 (buffer length 408501, short by 16584)
  preamble_repetitions  : 256, SFD symbols: 8
  current sample_num    : 301662
  increase sample_num to at least 313909 (recommended 363909)."
419,0,251894316,NaN,0,NaN,NaN,NaN,0,NaN,NaN,NaN,0,"The decoded PSDU must contain a nonempty whole number of bytes."
420,0,252110508,NaN,0,NaN,NaN,NaN,0,NaN,NaN,NaN,0,"Capture ends before SFD.
  preamble start (work) : 148733
  required end (work)   : 416956 (buffer length 408501, short by 8455)
  preamble_repetitions  : 256, SFD symbols: 8
  current sample_num    : 301662
  increase sample_num to at least 307906 (recommended 357906)."
421,0,253035322,NaN,0,NaN,NaN,NaN,0,NaN,NaN,NaN,0,"The decoded PSDU must contain a nonempty whole number of bytes."
422,0,253416844,NaN,0,NaN,NaN,NaN,0,NaN,NaN,NaN,0,"The decoded PSDU must contain a nonempty whole number of bytes."
423,1,253784010,253784010,243445,0.956659745,-12784.7362,267.103354,225.554504,638054.135,630404.623,0.0523813835,0,""
424,1,254528196,254528197,246469,0.857077737,-16346.0087,15.8567368,-32.8317517,695372.228,695291.29,0.000505528832,0,""
425,0,255112012,NaN,0,NaN,NaN,NaN,0,NaN,NaN,NaN,0,"Capture ends before SFD.
  preamble start (work) : 184294
  required end (work)   : 452517 (buffer length 408501, short by 44016)
  preamble_repetitions  : 256, SFD symbols: 8
  current sample_num    : 301662
  increase sample_num to at least 334167 (recommended 384167)."
426,0,255297892,NaN,0,NaN,NaN,NaN,0,NaN,NaN,NaN,0,"The decoded PSDU must contain a nonempty whole number of bytes."
427,0,256802020,NaN,0,NaN,NaN,NaN,0,NaN,NaN,NaN,0,"The decoded PSDU must contain a nonempty whole number of bytes."
428,0,257571371,NaN,0,NaN,NaN,NaN,0,NaN,NaN,NaN,0,"Alignment correlation 0.012 is below threshold 0.100."
429,0,258339911,NaN,0,NaN,NaN,NaN,0,NaN,NaN,NaN,0,"The decoded PSDU must contain a nonempty whole number of bytes."
430,1,259091600,259091601,275204,0.85647182,-18938.2367,40.1379572,-46.8122975,550860.098,550632.131,0.00179764761,0,""
431,1,259461067,259461068,233614,0.856922755,-1745.86667,1190.16275,887.225885,663518.036,525977.629,1.00885459,0,""
432,0,259799212,NaN,0,NaN,NaN,NaN,0,NaN,NaN,NaN,0,"Input ternarySymbols is too short: need samples 144858:215513."
433,0,260089900,NaN,0,NaN,NaN,NaN,0,NaN,NaN,NaN,0,"Input ternarySymbols is too short: need samples 144865:154080."
434,0,260429356,NaN,0,NaN,NaN,NaN,0,NaN,NaN,NaN,0,"Capture ends before SFD.
  preamble start (work) : 158894
  required end (work)   : 427117 (buffer length 408501, short by 18616)
  preamble_repetitions  : 256, SFD symbols: 8
  current sample_num    : 301662
  increase sample_num to at least 315410 (recommended 365410)."
435,0,260817580,NaN,0,NaN,NaN,NaN,0,NaN,NaN,NaN,0,"Capture ends before SFD.
  preamble start (work) : 145686
  required end (work)   : 413909 (buffer length 408501, short by 5408)
  preamble_repetitions  : 256, SFD symbols: 8
  current sample_num    : 301662
  increase sample_num to at least 305656 (recommended 355656)."
436,0,261345356,NaN,0,NaN,NaN,NaN,0,NaN,NaN,NaN,0,"Alignment correlation 0.013 is below threshold 0.100."
437,0,263248428,NaN,0,NaN,NaN,NaN,0,NaN,NaN,NaN,0,"Input ternarySymbols is too short: need samples 144870:208357."
438,0,263999712,NaN,0,NaN,NaN,NaN,0,NaN,NaN,NaN,0,"Capture ends before SFD.
  preamble start (work) : 449158
  required end (work)   : 717381 (buffer length 526253, short by 191128)
  preamble_repetitions  : 256, SFD symbols: 8
  current sample_num    : 388617
  increase sample_num to at least 529759 (recommended 579759)."
439,1,264383435,264383435,300915,0.956669238,-10954.1128,108.890784,-34.8110685,612818.159,611988.982,0.00588021936,0,""
440,0,264762316,NaN,0,NaN,NaN,NaN,0,NaN,NaN,NaN,0,"Alignment correlation 0.013 is below threshold 0.100."
441,0,264970252,NaN,0,NaN,NaN,NaN,0,NaN,NaN,NaN,0,"Capture ends before SFD.
  preamble start (work) : 159909
  required end (work)   : 428132 (buffer length 408501, short by 19631)
  preamble_repetitions  : 256, SFD symbols: 8
  current sample_num    : 301662
  increase sample_num to at least 316160 (recommended 366160)."
442,0,265358476,NaN,0,NaN,NaN,NaN,0,NaN,NaN,NaN,0,"Capture ends before SFD.
  preamble start (work) : 146701
  required end (work)   : 414924 (buffer length 408501, short by 6423)
  preamble_repetitions  : 256, SFD symbols: 8
  current sample_num    : 301662
  increase sample_num to at least 306406 (recommended 356406)."
443,0,265746700,NaN,0,NaN,NaN,NaN,0,NaN,NaN,NaN,0,"Input ternarySymbols is too short: need samples 134113:144864."
444,0,266086156,NaN,0,NaN,NaN,NaN,0,NaN,NaN,NaN,0,"Capture ends before SFD.
  preamble start (work) : 186326
  required end (work)   : 454549 (buffer length 408501, short by 46048)
  preamble_repetitions  : 256, SFD symbols: 8
  current sample_num    : 301662
  increase sample_num to at least 335667 (recommended 385667)."
445,0,266474379,NaN,0,NaN,NaN,NaN,0,NaN,NaN,NaN,0,"Capture ends before SFD.
  preamble start (work) : 173119
  required end (work)   : 441342 (buffer length 408501, short by 32841)
  preamble_repetitions  : 256, SFD symbols: 8
  current sample_num    : 301662
  increase sample_num to at least 325915 (recommended 375915)."
446,0,267632300,NaN,0,NaN,NaN,NaN,0,NaN,NaN,NaN,0,"Capture ends before SFD.
  preamble start (work) : 142638
  required end (work)   : 410861 (buffer length 408501, short by 2360)
  preamble_repetitions  : 256, SFD symbols: 8
  current sample_num    : 301662
  increase sample_num to at least 303406 (recommended 353406)."
447,1,268115620,268115621,227565,0.857530929,-6625.00723,152.130682,60.1996378,957805.496,956118.49,0.00765608097,1,""
448,0,268925484,NaN,0,NaN,NaN,NaN,0,NaN,NaN,NaN,0,"The decoded PSDU must contain a nonempty whole number of bytes."
449,1,269311054,269311054,239664,0.957540895,-11622.5091,108.371979,-20.4484229,597024.294,596259.05,0.00557020295,0,""
450,0,269906124,NaN,0,NaN,NaN,NaN,0,NaN,NaN,NaN,0,"Input ternarySymbols is too short: need samples 134113:144864."
451,0,270773356,NaN,0,NaN,NaN,NaN,0,NaN,NaN,NaN,0,"Input ternarySymbols is too short: need samples 144857:205272."
452,0,271204157,NaN,0,NaN,NaN,NaN,0,NaN,NaN,NaN,0,"The decoded PSDU must contain a nonempty whole number of bytes."
453,0,271581127,NaN,0,NaN,NaN,NaN,0,NaN,NaN,NaN,0,"The decoded PSDU must contain a nonempty whole number of bytes."
454,0,271840492,NaN,0,NaN,NaN,NaN,0,NaN,NaN,NaN,0,"Alignment correlation 0.029 is below threshold 0.100."
455,0,272179947,NaN,0,NaN,NaN,NaN,0,NaN,NaN,NaN,0,"Input ternarySymbols is too short: need samples 134113:144864."
456,0,273047180,NaN,0,NaN,NaN,NaN,0,NaN,NaN,NaN,0,"Input ternarySymbols is too short: need samples 144857:205272."
457,1,273384196,273384196,227565,0.858967734,-2843.3515,-275.70356,-2491.23409,1123035.97,730624.491,1.8669944,1,""
458,1,273772420,273772420,227565,0.857214292,-5787.8431,259.583126,-159.18599,1069048.04,1063259.35,0.0235801216,1,""
459,1,274209412,274209413,229833,0.858117507,18224.2579,-4.22665957,-161.963485,740075.591,738451.255,0.00954247905,0,""
460,0,274593324,NaN,0,NaN,NaN,NaN,0,NaN,NaN,NaN,0,"Alignment correlation 0.014 is below threshold 0.100."
461,1,274976107,274976107,279742,0.979287006,-4263.44492,-525.003264,-1098.9122,568084.031,475391.15,0.77361489,0,""
462,0,276116427,NaN,0,NaN,NaN,NaN,0,NaN,NaN,NaN,0,"Alignment correlation 0.013 is below threshold 0.100."
463,0,276332619,NaN,0,NaN,NaN,NaN,0,NaN,NaN,NaN,0,"Capture ends before SFD.
  preamble start (work) : 148735
  required end (work)   : 416958 (buffer length 408501, short by 8457)
  preamble_repetitions  : 256, SFD symbols: 8
  current sample_num    : 301662
  increase sample_num to at least 307908 (recommended 357908)."
464,0,276720844,NaN,0,NaN,NaN,NaN,0,NaN,NaN,NaN,0,"Input ternarySymbols is too short: need samples 134113:144864."
465,0,277060300,NaN,0,NaN,NaN,NaN,0,NaN,NaN,NaN,0,"Capture ends before SFD.
  preamble start (work) : 188358
  required end (work)   : 456581 (buffer length 408501, short by 48080)
  preamble_repetitions  : 256, SFD symbols: 8
  current sample_num    : 301662
  increase sample_num to at least 337168 (recommended 387168)."
466,0,277249181,NaN,0,NaN,NaN,NaN,0,NaN,NaN,NaN,0,"The decoded PSDU must contain a nonempty whole number of bytes."
467,1,277638956,277638906,227565,0.878510838,16497.7435,53.0773353,36.2035704,617967.748,617716.007,0.00176954409,0,""
468,0,278006122,NaN,0,NaN,NaN,NaN,0,NaN,NaN,NaN,0,"The decoded PSDU must contain a nonempty whole number of bytes."
469,0,278750308,NaN,0,NaN,NaN,NaN,0,NaN,NaN,NaN,0,"The decoded PSDU must contain a nonempty whole number of bytes."
470,1,279477988,279477989,303183,0.858251263,-14132.2847,-9.28081378,168.722759,690502.172,688727.642,0.0111753555,0,""
471,0,279722348,NaN,0,NaN,NaN,NaN,0,NaN,NaN,NaN,0,"Capture ends before SFD.
  preamble start (work) : 171086
  required end (work)   : 439309 (buffer length 408501, short by 30808)
  preamble_repetitions  : 256, SFD symbols: 8
  current sample_num    : 301662
  increase sample_num to at least 324413 (recommended 374413)."
472,0,281793484,NaN,0,NaN,NaN,NaN,0,NaN,NaN,NaN,0,"The decoded PSDU must contain a nonempty whole number of bytes."
473,0,282038188,NaN,0,NaN,NaN,NaN,0,NaN,NaN,NaN,0,"Input ternarySymbols is too short: need samples 144865:154080."
474,0,282565024,NaN,0,NaN,NaN,NaN,0,NaN,NaN,NaN,0,"The decoded PSDU must contain a nonempty whole number of bytes."
475,1,283313712,283313713,238151,0.857429776,-11568.4951,-59.4229542,-83.7260032,604708.481,604046.843,0.00475441087,0,""
476,0,283683179,NaN,0,NaN,NaN,NaN,0,NaN,NaN,NaN,0,"The decoded PSDU must contain a nonempty whole number of bytes."
477,0,284069903,NaN,0,NaN,NaN,NaN,0,NaN,NaN,NaN,0,"The decoded PSDU must contain a nonempty whole number of bytes."
478,0,284409548,NaN,0,NaN,NaN,NaN,0,NaN,NaN,NaN,0,"The decoded PSDU must contain a nonempty whole number of bytes."
479,0,284651468,NaN,0,NaN,NaN,NaN,0,NaN,NaN,NaN,0,"Capture ends before SFD.
  preamble start (work) : 158894
  required end (work)   : 427117 (buffer length 408501, short by 18616)
  preamble_repetitions  : 256, SFD symbols: 8
  current sample_num    : 301662
  increase sample_num to at least 315410 (recommended 365410)."
480,0,285221676,NaN,0,NaN,NaN,NaN,0,NaN,NaN,NaN,0,"Alignment correlation 0.015 is below threshold 0.100."
481,0,285567468,NaN,0,NaN,NaN,NaN,0,NaN,NaN,NaN,0,"Alignment correlation 0.015 is below threshold 0.100."
482,0,287204908,NaN,0,NaN,NaN,NaN,0,NaN,NaN,NaN,0,"Alignment correlation 0.054 is below threshold 0.100."
483,0,287578284,NaN,0,NaN,NaN,NaN,0,NaN,NaN,NaN,0,"Capture ends before SFD.
  preamble start (work) : 295594
  required end (work)   : 563817 (buffer length 408501, short by 155316)
  preamble_repetitions  : 256, SFD symbols: 8
  current sample_num    : 301662
  increase sample_num to at least 416358 (recommended 466358)."
484,1,288605547,288605547,291084,0.95707269,-19358.5246,64.712542,24.2474844,591230.18,590930.21,0.00220402165,0,""
485,0,288984428,NaN,0,NaN,NaN,NaN,0,NaN,NaN,NaN,0,"The decoded PSDU must contain a nonempty whole number of bytes."
486,0,289192364,NaN,0,NaN,NaN,NaN,0,NaN,NaN,NaN,0,"Capture ends before SFD.
  preamble start (work) : 159909
  required end (work)   : 428132 (buffer length 408501, short by 19631)
  preamble_repetitions  : 256, SFD symbols: 8
  current sample_num    : 301662
  increase sample_num to at least 316160 (recommended 366160)."
487,0,289580588,NaN,0,NaN,NaN,NaN,0,NaN,NaN,NaN,0,"Capture ends before SFD.
  preamble start (work) : 146701
  required end (work)   : 414924 (buffer length 408501, short by 6423)
  preamble_repetitions  : 256, SFD symbols: 8
  current sample_num    : 301662
  increase sample_num to at least 306406 (recommended 356406)."
488,0,289968812,NaN,0,NaN,NaN,NaN,0,NaN,NaN,NaN,0,"Input ternarySymbols is too short: need samples 134113:144864."
489,0,290308268,NaN,0,NaN,NaN,NaN,0,NaN,NaN,NaN,0,"Capture ends before SFD.
  preamble start (work) : 186326
  required end (work)   : 454549 (buffer length 408501, short by 46048)
  preamble_repetitions  : 256, SFD symbols: 8
  current sample_num    : 301662
  increase sample_num to at least 335667 (recommended 385667)."
490,0,290696491,NaN,0,NaN,NaN,NaN,0,NaN,NaN,NaN,0,"Capture ends before SFD.
  preamble start (work) : 173119
  required end (work)   : 441342 (buffer length 408501, short by 32841)
  preamble_repetitions  : 256, SFD symbols: 8
  current sample_num    : 301662
  increase sample_num to at least 325915 (recommended 375915)."
491,0,291084716,NaN,0,NaN,NaN,NaN,0,NaN,NaN,NaN,0,"Capture ends before SFD.
  preamble start (work) : 159910
  required end (work)   : 428133 (buffer length 408501, short by 19632)
  preamble_repetitions  : 256, SFD symbols: 8
  current sample_num    : 301662
  increase sample_num to at least 316160 (recommended 366160)."
492,1,292388001,292388001,262349,0.956279347,-42396.5324,-30.2506315,-2.748951,594207.988,594146.312,0.000450798522,0,""
493,1,292777804,292777725,263105,0.861342935,-13935.8946,225.622184,-80.5390979,538913.289,535329.055,0.0289807782,0,""
494,0,293147596,NaN,0,NaN,NaN,NaN,0,NaN,NaN,NaN,0,"The decoded PSDU must contain a nonempty whole number of bytes."
495,0,293535531,NaN,0,NaN,NaN,NaN,0,NaN,NaN,NaN,0,"Alignment correlation 0.049 is below threshold 0.100."
496,0,294467692,NaN,0,NaN,NaN,NaN,0,NaN,NaN,NaN,0,"Capture ends before SFD.
  preamble start (work) : 191406
  required end (work)   : 459629 (buffer length 408501, short by 51128)
  preamble_repetitions  : 256, SFD symbols: 8
  current sample_num    : 301662
  increase sample_num to at least 339419 (recommended 389419)."
497,0,295237388,NaN,0,NaN,NaN,NaN,0,NaN,NaN,NaN,0,"Capture ends before SFD.
  preamble start (work) : 174133
  required end (work)   : 442356 (buffer length 408501, short by 33855)
  preamble_repetitions  : 256, SFD symbols: 8
  current sample_num    : 301662
  increase sample_num to at least 326663 (recommended 376663)."
498,0,295428620,NaN,0,NaN,NaN,NaN,0,NaN,NaN,NaN,0,"The decoded PSDU must contain a nonempty whole number of bytes."
499,0,295674380,NaN,0,NaN,NaN,NaN,0,NaN,NaN,NaN,0,"Alignment correlation 0.040 is below threshold 0.100."
500,0,296013836,NaN,0,NaN,NaN,NaN,0,NaN,NaN,NaN,0,"Capture ends before SFD.
  preamble start (work) : 147718
  required end (work)   : 415941 (buffer length 408501, short by 7440)
  preamble_repetitions  : 256, SFD symbols: 8
  current sample_num    : 301662
  increase sample_num to at least 307157 (recommended 357157)."
501,1,296497156,296497156,227565,0.855473879,-13750.849,-228.853862,-197.721137,977606.855,971932.624,0.0252807809,1,""
502,0,297657516,NaN,0,NaN,NaN,NaN,0,NaN,NaN,NaN,0,"The decoded PSDU must contain a nonempty whole number of bytes."
503,0,297899436,NaN,0,NaN,NaN,NaN,0,NaN,NaN,NaN,0,"Capture ends before SFD.
  preamble start (work) : 156862
  required end (work)   : 425085 (buffer length 408501, short by 16584)
  preamble_repetitions  : 256, SFD symbols: 8
  current sample_num    : 301662
  increase sample_num to at least 313909 (recommended 363909)."
504,0,298431524,NaN,0,NaN,NaN,NaN,0,NaN,NaN,NaN,0,"X 应为 非空。"
505,0,300338540,NaN,0,NaN,NaN,NaN,0,NaN,NaN,NaN,0,"The decoded PSDU must contain a nonempty whole number of bytes."
506,0,301264812,NaN,0,NaN,NaN,NaN,0,NaN,NaN,NaN,0,"Capture ends before SFD.
  preamble start (work) : 212191
  required end (work)   : 480414 (buffer length 408501, short by 71913)
  preamble_repetitions  : 256, SFD symbols: 8
  current sample_num    : 301662
  increase sample_num to at least 354768 (recommended 404768)."
507,1,301479546,301479546,265374,0.957002106,-23724.5263,133.33551,142.010097,547032.917,544662.86,0.0188569811,0,""
508,1,302228234,302228234,265374,0.957644881,-16140.8161,-69.9616902,-176.171137,585760.904,583515.96,0.0166764326,0,""
509,0,303003932,NaN,0,NaN,NaN,NaN,0,NaN,NaN,NaN,0,"The decoded PSDU must contain a nonempty whole number of bytes."
510,0,303363645,NaN,0,NaN,NaN,NaN,0,NaN,NaN,NaN,0,"Capture ends before SFD.
  preamble start (work) : 445094
  required end (work)   : 713317 (buffer length 507837, short by 205480)
  preamble_repetitions  : 256, SFD symbols: 8
  current sample_num    : 375018
  increase sample_num to at least 526758 (recommended 576758)."
511,1,303700100,303700101,303183,0.856453787,-9811.61988,346.964024,129.987384,690783.991,682201.531,0.0542957433,0,""
512,0,303993228,NaN,0,NaN,NaN,NaN,0,NaN,NaN,NaN,0,"Input ternarySymbols is too short: need samples 144865:154080."
513,0,304864772,NaN,0,NaN,NaN,NaN,0,NaN,NaN,NaN,0,"Capture ends before SFD.
  preamble start (work) : 462366
  required end (work)   : 730589 (buffer length 533419, short by 197170)
  preamble_repetitions  : 256, SFD symbols: 8
  current sample_num    : 393909
  increase sample_num to at least 539512 (recommended 589512)."
514,0,306136492,NaN,0,NaN,NaN,NaN,0,NaN,NaN,NaN,0,"Capture ends before SFD.
  preamble start (work) : 277782
  required end (work)   : 546005 (buffer length 408501, short by 137504)
  preamble_repetitions  : 256, SFD symbols: 8
  current sample_num    : 301662
  increase sample_num to at least 403204 (recommended 453204)."
515,0,306648524,NaN,0,NaN,NaN,NaN,0,NaN,NaN,NaN,0,"Alignment correlation 0.042 is below threshold 0.100."
516,1,307535824,307535825,231346,0.856834834,-52593.1734,17.8098569,97.6881112,621133.712,620503.471,0.00440885669,0,""
517,0,307905291,NaN,0,NaN,NaN,NaN,0,NaN,NaN,NaN,0,"The decoded PSDU must contain a nonempty whole number of bytes."
518,0,308873580,NaN,0,NaN,NaN,NaN,0,NaN,NaN,NaN,0,"Capture ends before SFD.
  preamble start (work) : 158893
  required end (work)   : 427116 (buffer length 408501, short by 18615)
  preamble_repetitions  : 256, SFD symbols: 8
  current sample_num    : 301662
  increase sample_num to at least 315409 (recommended 365409)."
519,1,309405668,309405669,300159,0.857711429,-11766.0475,55.6573923,-293.631299,611976.499,606388.775,0.0398359175,0,""
520,0,309650028,NaN,0,NaN,NaN,NaN,0,NaN,NaN,NaN,0,"Input ternarySymbols is too short: need samples 134113:144864."
521,0,310718988,NaN,0,NaN,NaN,NaN,0,NaN,NaN,NaN,0,"Capture ends before SFD.
  preamble start (work) : 222464
  required end (work)   : 490687 (buffer length 408501, short by 82186)
  preamble_repetitions  : 256, SFD symbols: 8
  current sample_num    : 301662
  increase sample_num to at least 362354 (recommended 412354)."
522,1,311242500,311242500,227565,0.85749338,-5118.64738,-620.18804,-486.583112,1061299.83,1022468.54,0.161881406,1,""
523,0,311679492,NaN,0,NaN,NaN,NaN,0,NaN,NaN,NaN,0,"The decoded PSDU must contain a nonempty whole number of bytes."
524,0,312446540,NaN,0,NaN,NaN,NaN,0,NaN,NaN,NaN,0,"The decoded PSDU must contain a nonempty whole number of bytes."
525,1,312827659,312827659,249494,0.9568509,9767.23956,109.553654,-312.264944,611897.698,605023.612,0.0490649519,0,""
526,0,313582349,NaN,0,NaN,NaN,NaN,0,NaN,NaN,NaN,0,"The decoded PSDU must contain a nonempty whole number of bytes."
527,0,313802700,NaN,0,NaN,NaN,NaN,0,NaN,NaN,NaN,0,"Capture ends before SFD.
  preamble start (work) : 146701
  required end (work)   : 414924 (buffer length 408501, short by 6423)
  preamble_repetitions  : 256, SFD symbols: 8
  current sample_num    : 301662
  increase sample_num to at least 306406 (recommended 356406)."
528,0,314239692,NaN,0,NaN,NaN,NaN,0,NaN,NaN,NaN,0,"Alignment correlation 0.013 is below threshold 0.100."
529,0,314530380,NaN,0,NaN,NaN,NaN,0,NaN,NaN,NaN,0,"Capture ends before SFD.
  preamble start (work) : 186325
  required end (work)   : 454548 (buffer length 408501, short by 46047)
  preamble_repetitions  : 256, SFD symbols: 8
  current sample_num    : 301662
  increase sample_num to at least 335667 (recommended 385667)."
530,0,314720011,NaN,0,NaN,NaN,NaN,0,NaN,NaN,NaN,0,"The decoded PSDU must contain a nonempty whole number of bytes."
531,1,315096231,315096231,262349,0.957259533,-18544.6922,-38.7311969,-16.7663523,588011.204,587898.952,0.000829151718,0,""
532,0,315695052,NaN,0,NaN,NaN,NaN,0,NaN,NaN,NaN,0,"Capture ends before SFD.
  preamble start (work) : 146702
  required end (work)   : 414925 (buffer length 408501, short by 6424)
  preamble_repetitions  : 256, SFD symbols: 8
  current sample_num    : 301662
  increase sample_num to at least 306407 (recommended 356407)."
533,0,316464748,NaN,0,NaN,NaN,NaN,0,NaN,NaN,NaN,0,"Input ternarySymbols is too short: need samples 134113:144864."
534,0,316804204,NaN,0,NaN,NaN,NaN,0,NaN,NaN,NaN,0,"Capture ends before SFD.
  preamble start (work) : 182262
  required end (work)   : 450485 (buffer length 408501, short by 41984)
  preamble_repetitions  : 256, SFD symbols: 8
  current sample_num    : 301662
  increase sample_num to at least 332666 (recommended 382666)."
535,0,317192428,NaN,0,NaN,NaN,NaN,0,NaN,NaN,NaN,0,"Capture ends before SFD.
  preamble start (work) : 169054
  required end (work)   : 437277 (buffer length 408501, short by 28776)
  preamble_repetitions  : 256, SFD symbols: 8
  current sample_num    : 301662
  increase sample_num to at least 322913 (recommended 372913)."
536,0,318140501,NaN,0,NaN,NaN,NaN,0,NaN,NaN,NaN,0,"The decoded PSDU must contain a nonempty whole number of bytes."
537,0,319650732,NaN,0,NaN,NaN,NaN,0,NaN,NaN,NaN,0,"Alignment correlation 0.093 is below threshold 0.100."
538,0,319945260,NaN,0,NaN,NaN,NaN,0,NaN,NaN,NaN,0,"Alignment correlation 0.013 is below threshold 0.100."
539,0,320284716,NaN,0,NaN,NaN,NaN,0,NaN,NaN,NaN,0,"Alignment correlation 0.027 is below threshold 0.100."
540,0,320624171,NaN,0,NaN,NaN,NaN,0,NaN,NaN,NaN,0,"Input ternarySymbols is too short: need samples 134113:144864."
541,0,320963627,NaN,0,NaN,NaN,NaN,0,NaN,NaN,NaN,0,"Capture ends before SFD.
  preamble start (work) : 187343
  required end (work)   : 455566 (buffer length 408501, short by 47065)
  preamble_repetitions  : 256, SFD symbols: 8
  current sample_num    : 301662
  increase sample_num to at least 336418 (recommended 386418)."
542,0,322170316,NaN,0,NaN,NaN,NaN,0,NaN,NaN,NaN,0,"Alignment correlation 0.039 is below threshold 0.100."
543,1,322653636,322653637,246469,0.857050763,-15741.0684,19.7318142,47.416201,691577.101,691416.235,0.00101031882,0,""
544,0,323037548,NaN,0,NaN,NaN,NaN,0,NaN,NaN,NaN,0,"The decoded PSDU must contain a nonempty whole number of bytes."
545,0,323824940,NaN,0,NaN,NaN,NaN,0,NaN,NaN,NaN,0,"The decoded PSDU must contain a nonempty whole number of bytes."
546,0,325704011,NaN,0,NaN,NaN,NaN,0,NaN,NaN,NaN,0,"The decoded PSDU must contain a nonempty whole number of bytes."
547,0,325892748,NaN,0,NaN,NaN,NaN,0,NaN,NaN,NaN,0,"Capture ends before SFD.
  preamble start (work) : 175149
  required end (work)   : 443373 (buffer length 408501, short by 34872)
  preamble_repetitions  : 256, SFD symbols: 8
  current sample_num    : 301662
  increase sample_num to at least 327414 (recommended 377414)."
548,0,326280972,NaN,0,NaN,NaN,NaN,0,NaN,NaN,NaN,0,"Capture ends before SFD.
  preamble start (work) : 161942
  required end (work)   : 430165 (buffer length 408501, short by 21664)
  preamble_repetitions  : 256, SFD symbols: 8
  current sample_num    : 301662
  increase sample_num to at least 317661 (recommended 367661)."
549,0,327226044,NaN,0,NaN,NaN,NaN,0,NaN,NaN,NaN,0,"The decoded PSDU must contain a nonempty whole number of bytes."
550,0,327585757,NaN,0,NaN,NaN,NaN,0,NaN,NaN,NaN,0,"Input ternarySymbols is too short: need samples 144864:210911."
551,0,327827116,NaN,0,NaN,NaN,NaN,0,NaN,NaN,NaN,0,"Input ternarySymbols is too short: need samples 144865:154080."
552,0,328603564,NaN,0,NaN,NaN,NaN,0,NaN,NaN,NaN,0,"Alignment correlation 0.038 is below threshold 0.100."
553,1,329086884,329086885,306208,0.856606057,-2240.82215,382.413788,1224.51311,623668.39,521063.861,0.780627798,0,""
554,0,329470796,NaN,0,NaN,NaN,NaN,0,NaN,NaN,NaN,0,"Alignment correlation 0.014 is below threshold 0.100."
555,1,331007747,331007748,316795,0.857221287,-24109.3807,88.2776119,-59.9935319,646716.139,645997.805,0.00482656616,0,""
556,0,331647083,NaN,0,NaN,NaN,NaN,0,NaN,NaN,NaN,0,"Alignment correlation 0.018 is below threshold 0.100."
557,0,332127403,NaN,0,NaN,NaN,NaN,0,NaN,NaN,NaN,0,"The decoded PSDU must contain a nonempty whole number of bytes."
558,0,333193228,NaN,0,NaN,NaN,NaN,0,NaN,NaN,NaN,0,"Alignment correlation 0.014 is below threshold 0.100."
559,1,333579012,333579012,227565,0.857289027,-11100.7624,28.4101521,-54.5322502,1024913.01,1024671.88,0.00102187059,1,""
560,1,334306692,334306692,227565,0.860041107,-2090.64504,1482.84608,2589.99609,1183920.33,627290.827,2.7585354,1,""
561,1,335901604,335901605,260837,0.856698209,3950.72863,101.293255,439.470664,647081.65,634393.141,0.0860060528,0,""
562,0,337052460,NaN,0,NaN,NaN,NaN,0,NaN,NaN,NaN,0,"The decoded PSDU must contain a nonempty whole number of bytes."
563,1,337804461,337804461,235883,0.956884248,-20378.8058,80.0177545,176.846291,657988.864,655624.795,0.0156317362,0,""
564,0,338461804,NaN,0,NaN,NaN,NaN,0,NaN,NaN,NaN,0,"Alignment correlation 0.014 is below threshold 0.100."
565,0,338752492,NaN,0,NaN,NaN,NaN,0,NaN,NaN,NaN,0,"Capture ends before SFD.
  preamble start (work) : 186325
  required end (work)   : 454548 (buffer length 408501, short by 46047)
  preamble_repetitions  : 256, SFD symbols: 8
  current sample_num    : 301662
  increase sample_num to at least 335667 (recommended 385667)."
566,0,338942123,NaN,0,NaN,NaN,NaN,0,NaN,NaN,NaN,0,"The decoded PSDU must contain a nonempty whole number of bytes."
567,0,339140716,NaN,0,NaN,NaN,NaN,0,NaN,NaN,NaN,0,"Capture ends before SFD.
  preamble start (work) : 173117
  required end (work)   : 441341 (buffer length 408501, short by 32840)
  preamble_repetitions  : 256, SFD symbols: 8
  current sample_num    : 301662
  increase sample_num to at least 325914 (recommended 375914)."
568,0,339528940,NaN,0,NaN,NaN,NaN,0,NaN,NaN,NaN,0,"Capture ends before SFD.
  preamble start (work) : 159910
  required end (work)   : 428133 (buffer length 408501, short by 19632)
  preamble_repetitions  : 256, SFD symbols: 8
  current sample_num    : 301662
  increase sample_num to at least 316160 (recommended 366160)."
569,0,339917164,NaN,0,NaN,NaN,NaN,0,NaN,NaN,NaN,0,"Capture ends before SFD.
  preamble start (work) : 146702
  required end (work)   : 414925 (buffer length 408501, short by 6424)
  preamble_repetitions  : 256, SFD symbols: 8
  current sample_num    : 301662
  increase sample_num to at least 306407 (recommended 356407)."
570,0,340305388,NaN,0,NaN,NaN,NaN,0,NaN,NaN,NaN,0,"Input ternarySymbols is too short: need samples 134113:144864."
571,0,341414540,NaN,0,NaN,NaN,NaN,0,NaN,NaN,NaN,0,"Capture ends before SFD.
  preamble start (work) : 169054
  required end (work)   : 437277 (buffer length 408501, short by 28776)
  preamble_repetitions  : 256, SFD symbols: 8
  current sample_num    : 301662
  increase sample_num to at least 322913 (recommended 372913)."
572,0,341802764,NaN,0,NaN,NaN,NaN,0,NaN,NaN,NaN,0,"Capture ends before SFD.
  preamble start (work) : 155846
  required end (work)   : 424069 (buffer length 408501, short by 15568)
  preamble_repetitions  : 256, SFD symbols: 8
  current sample_num    : 301662
  increase sample_num to at least 313159 (recommended 363159)."
573,0,343481518,NaN,0,NaN,NaN,NaN,0,NaN,NaN,NaN,0,"The decoded PSDU must contain a nonempty whole number of bytes."
574,0,343872844,NaN,0,NaN,NaN,NaN,0,NaN,NaN,NaN,0,"The decoded PSDU must contain a nonempty whole number of bytes."
575,0,344604364,NaN,0,NaN,NaN,NaN,0,NaN,NaN,NaN,0,"The decoded PSDU must contain a nonempty whole number of bytes."
576,0,344846283,NaN,0,NaN,NaN,NaN,0,NaN,NaN,NaN,0,"Input ternarySymbols is too short: need samples 134113:144864."
577,0,345329604,NaN,0,NaN,NaN,NaN,0,NaN,NaN,NaN,0,"The decoded PSDU must contain a nonempty whole number of bytes."
578,1,345762845,345762845,271424,0.95652946,-34286.9314,9.64507119,-137.336182,541597.648,540421.211,0.00944383535,0,""
579,0,346780652,NaN,0,NaN,NaN,NaN,0,NaN,NaN,NaN,0,"Alignment correlation 0.025 is below threshold 0.100."
580,0,347120108,NaN,0,NaN,NaN,NaN,0,NaN,NaN,NaN,0,"Input ternarySymbols is too short: need samples 134113:144864."
581,0,348533899,NaN,0,NaN,NaN,NaN,0,NaN,NaN,NaN,0,"A reliable repeated preamble was not found. Check receiver settings."
582,1,349149572,349149573,272180,0.856303121,23201.5531,-68.8762728,-124.134671,615148.753,613887.204,0.00891567392,0,""
583,0,350503084,NaN,0,NaN,NaN,NaN,0,NaN,NaN,NaN,0,"Capture ends before SFD.
  preamble start (work) : 161941
  required end (work)   : 430165 (buffer length 408501, short by 21664)
  preamble_repetitions  : 256, SFD symbols: 8
  current sample_num    : 301662
  increase sample_num to at least 317661 (recommended 367661)."
584,0,350940076,NaN,0,NaN,NaN,NaN,0,NaN,NaN,NaN,0,"Alignment correlation 0.029 is below threshold 0.100."
585,0,351279532,NaN,0,NaN,NaN,NaN,0,NaN,NaN,NaN,0,"Input ternarySymbols is too short: need samples 134113:144864."
586,0,352534988,NaN,0,NaN,NaN,NaN,0,NaN,NaN,NaN,0,"Alignment correlation 0.014 is below threshold 0.100."
587,0,352776908,NaN,0,NaN,NaN,NaN,0,NaN,NaN,NaN,0,"Capture ends before SFD.
  preamble start (work) : 157878
  required end (work)   : 426101 (buffer length 408501, short by 17600)
  preamble_repetitions  : 256, SFD symbols: 8
  current sample_num    : 301662
  increase sample_num to at least 314660 (recommended 364660)."
588,0,353165132,NaN,0,NaN,NaN,NaN,0,NaN,NaN,NaN,0,"Capture ends before SFD.
  preamble start (work) : 144670
  required end (work)   : 412893 (buffer length 408501, short by 4392)
  preamble_repetitions  : 256, SFD symbols: 8
  current sample_num    : 301662
  increase sample_num to at least 304906 (recommended 354906)."
589,0,353350572,NaN,0,NaN,NaN,NaN,0,NaN,NaN,NaN,0,"Alignment correlation 0.013 is below threshold 0.100."
590,0,355230699,NaN,0,NaN,NaN,NaN,0,NaN,NaN,NaN,0,"Input ternarySymbols is too short: need samples 144868:209891."
591,0,355869196,NaN,0,NaN,NaN,NaN,0,NaN,NaN,NaN,0,"Alignment correlation 0.017 is below threshold 0.100."
592,1,356349515,356349515,243445,0.960740285,-8065.82895,-60.3685306,410.258128,637896.746,627167.559,0.073668009,0,""
593,1,356643204,356643204,227565,0.85935303,-3477.2146,-1910.63865,896.636254,1147879.6,869547.192,1.20603179,1,""
594,0,357706028,NaN,0,NaN,NaN,NaN,0,NaN,NaN,NaN,0,"Capture ends before SFD.
  preamble start (work) : 145685
  required end (work)   : 413908 (buffer length 408501, short by 5407)
  preamble_repetitions  : 256, SFD symbols: 8
  current sample_num    : 301662
  increase sample_num to at least 305656 (recommended 355656)."
595,1,358142081,358142081,227565,0.952764896,-1666.51682,-1638.96932,-3722.61792,1230783.02,197121.515,7.95447468,1,""
596,0,358433708,NaN,0,NaN,NaN,NaN,0,NaN,NaN,NaN,0,"Capture ends before SFD.
  preamble start (work) : 185310
  required end (work)   : 453533 (buffer length 408501, short by 45032)
  preamble_repetitions  : 256, SFD symbols: 8
  current sample_num    : 301662
  increase sample_num to at least 334917 (recommended 384917)."
597,0,358821932,NaN,0,NaN,NaN,NaN,0,NaN,NaN,NaN,0,"Capture ends before SFD.
  preamble start (work) : 172102
  required end (work)   : 440325 (buffer length 408501, short by 31824)
  preamble_repetitions  : 256, SFD symbols: 8
  current sample_num    : 301662
  increase sample_num to at least 325164 (recommended 375164)."
598,1,360123716,360123717,263105,0.856812251,-15005.9227,136.103234,-67.6419178,642026.421,640565.067,0.00989650394,0,""
599,0,360368076,NaN,0,NaN,NaN,NaN,0,NaN,NaN,NaN,0,"Input ternarySymbols is too short: need samples 134113:144864."
600,0,361274571,NaN,0,NaN,NaN,NaN,0,NaN,NaN,NaN,0,"The decoded PSDU must contain a nonempty whole number of bytes."
601,1,362026573,362026573,260081,0.957701535,4015.56615,-433.259453,-384.887088,598647.288,577664.474,0.154953593,0,""
602,0,362683916,NaN,0,NaN,NaN,NaN,0,NaN,NaN,NaN,0,"Alignment correlation 0.013 is below threshold 0.100."
603,0,362974604,NaN,0,NaN,NaN,NaN,0,NaN,NaN,NaN,0,"Capture ends before SFD.
  preamble start (work) : 186325
  required end (work)   : 454548 (buffer length 408501, short by 46047)
  preamble_repetitions  : 256, SFD symbols: 8
  current sample_num    : 301662
  increase sample_num to at least 335667 (recommended 385667)."
604,0,363164235,NaN,0,NaN,NaN,NaN,0,NaN,NaN,NaN,0,"The decoded PSDU must contain a nonempty whole number of bytes."
605,0,363543116,NaN,0,NaN,NaN,NaN,0,NaN,NaN,NaN,0,"The decoded PSDU must contain a nonempty whole number of bytes."
606,0,363751052,NaN,0,NaN,NaN,NaN,0,NaN,NaN,NaN,0,"Capture ends before SFD.
  preamble start (work) : 159910
  required end (work)   : 428135 (buffer length 408501, short by 19634)
  preamble_repetitions  : 256, SFD symbols: 8
  current sample_num    : 301662
  increase sample_num to at least 316162 (recommended 366162)."
607,0,364139276,NaN,0,NaN,NaN,NaN,0,NaN,NaN,NaN,0,"Capture ends before SFD.
  preamble start (work) : 146702
  required end (work)   : 414925 (buffer length 408501, short by 6424)
  preamble_repetitions  : 256, SFD symbols: 8
  current sample_num    : 301662
  increase sample_num to at least 306407 (recommended 356407)."
608,0,364527500,NaN,0,NaN,NaN,NaN,0,NaN,NaN,NaN,0,"Input ternarySymbols is too short: need samples 134113:144864."
609,0,364866956,NaN,0,NaN,NaN,NaN,0,NaN,NaN,NaN,0,"Capture ends before SFD.
  preamble start (work) : 186326
  required end (work)   : 454549 (buffer length 408501, short by 46048)
  preamble_repetitions  : 256, SFD symbols: 8
  current sample_num    : 301662
  increase sample_num to at least 335667 (recommended 385667)."
610,1,365432807,365432807,303183,0.967980747,-11093.3549,-27.0239407,-160.555834,618001.941,616333.549,0.0117403086,0,""
611,0,366024876,NaN,0,NaN,NaN,NaN,0,NaN,NaN,NaN,0,"Capture ends before SFD.
  preamble start (work) : 155846
  required end (work)   : 424069 (buffer length 408501, short by 15568)
  preamble_repetitions  : 256, SFD symbols: 8
  current sample_num    : 301662
  increase sample_num to at least 313159 (recommended 363159)."
612,1,367703630,367703630,315282,0.957403163,4389.16673,-202.243637,343.920716,642853.85,632936.929,0.0675181339,0,""
613,0,369068396,NaN,0,NaN,NaN,NaN,0,NaN,NaN,NaN,0,"Input ternarySymbols is too short: need samples 134113:144864."
614,0,369551716,NaN,0,NaN,NaN,NaN,0,NaN,NaN,NaN,0,"The decoded PSDU must contain a nonempty whole number of bytes."
615,1,369891172,369891172,227565,0.859096598,-2274.80969,-1893.60627,2066.56701,1140493.39,649707.612,2.44374817,1,""
616,0,370730988,NaN,0,NaN,NaN,NaN,0,NaN,NaN,NaN,0,"The decoded PSDU must contain a nonempty whole number of bytes."
617,1,371388548,371388548,227565,0.859028817,-1662.42784,3590.23516,154.606063,1230840.11,424083.709,4.62750051,1,""
618,0,372069900,NaN,0,NaN,NaN,NaN,0,NaN,NaN,NaN,0,"Capture ends before SFD.
  preamble start (work) : 170070
  required end (work)   : 438293 (buffer length 408501, short by 29792)
  preamble_repetitions  : 256, SFD symbols: 8
  current sample_num    : 301662
  increase sample_num to at least 323663 (recommended 373663)."
619,0,373227820,NaN,0,NaN,NaN,NaN,0,NaN,NaN,NaN,0,"Input ternarySymbols is too short: need samples 134113:144864."
620,0,374242828,NaN,0,NaN,NaN,NaN,0,NaN,NaN,NaN,0,"Capture ends before SFD.
  preamble start (work) : 302636
  required end (work)   : 570859 (buffer length 408501, short by 162358)
  preamble_repetitions  : 256, SFD symbols: 8
  current sample_num    : 301662
  increase sample_num to at least 421558 (recommended 471558)."
621,0,374897227,NaN,0,NaN,NaN,NaN,0,NaN,NaN,NaN,0,"Alignment correlation 0.012 is below threshold 0.100."
622,0,375113420,NaN,0,NaN,NaN,NaN,0,NaN,NaN,NaN,0,"Capture ends before SFD.
  preamble start (work) : 148734
  required end (work)   : 416958 (buffer length 408501, short by 8457)
  preamble_repetitions  : 256, SFD symbols: 8
  current sample_num    : 301662
  increase sample_num to at least 307908 (recommended 357908)."
623,0,375550412,NaN,0,NaN,NaN,NaN,0,NaN,NaN,NaN,0,"Alignment correlation 0.016 is below threshold 0.100."
624,0,375841100,NaN,0,NaN,NaN,NaN,0,NaN,NaN,NaN,0,"Capture ends before SFD.
  preamble start (work) : 188358
  required end (work)   : 456581 (buffer length 408501, short by 48080)
  preamble_repetitions  : 256, SFD symbols: 8
  current sample_num    : 301662
  increase sample_num to at least 337168 (recommended 387168)."
625,0,376038234,NaN,0,NaN,NaN,NaN,0,NaN,NaN,NaN,0,"The decoded PSDU must contain a nonempty whole number of bytes."
626,1,376418988,376418955,238908,0.947483245,-13125.8243,-244.318146,-22.322419,594493.211,590716.101,0.0276809131,0,""
627,1,376786922,376786922,302427,0.957161499,-12387.3236,186.287393,185.839977,615721.746,611426.832,0.0303999908,0,""
628,1,377094116,377094116,227565,0.857144869,-3640.03271,1844.24561,-627.645703,1072511.92,835423.57,1.08495402,1,""
629,0,377531108,NaN,0,NaN,NaN,NaN,0,NaN,NaN,NaN,0,"A reliable repeated preamble was not found. Check receiver settings."
630,0,378300804,NaN,0,NaN,NaN,NaN,0,NaN,NaN,NaN,0,"The decoded PSDU must contain a nonempty whole number of bytes."
631,0,379804932,NaN,0,NaN,NaN,NaN,0,NaN,NaN,NaN,0,"The decoded PSDU must contain a nonempty whole number of bytes."
632,0,380574283,NaN,0,NaN,NaN,NaN,0,NaN,NaN,NaN,0,"The decoded PSDU must contain a nonempty whole number of bytes."
633,0,381207212,NaN,0,NaN,NaN,NaN,0,NaN,NaN,NaN,0,"Alignment correlation 0.041 is below threshold 0.100."
634,0,382655820,NaN,0,NaN,NaN,NaN,0,NaN,NaN,NaN,0,"Capture ends before SFD.
  preamble start (work) : 185310
  required end (work)   : 453535 (buffer length 408501, short by 45034)
  preamble_repetitions  : 256, SFD symbols: 8
  current sample_num    : 301662
  increase sample_num to at least 334919 (recommended 384919)."
635,0,383092812,NaN,0,NaN,NaN,NaN,0,NaN,NaN,NaN,0,"Input ternarySymbols is too short: need samples 144865:154080."
636,0,383432268,NaN,0,NaN,NaN,NaN,0,NaN,NaN,NaN,0,"Capture ends before SFD.
  preamble start (work) : 158894
  required end (work)   : 427117 (buffer length 408501, short by 18616)
  preamble_repetitions  : 256, SFD symbols: 8
  current sample_num    : 301662
  increase sample_num to at least 315410 (recommended 365410)."
637,1,383964356,383964357,284279,0.857019276,-17004.203,44.3679098,92.629205,608817.685,608150.528,0.00476171567,0,""
638,0,384348268,NaN,0,NaN,NaN,NaN,0,NaN,NaN,NaN,0,"Alignment correlation 0.014 is below threshold 0.100."
639,0,385496684,NaN,0,NaN,NaN,NaN,0,NaN,NaN,NaN,0,"The decoded PSDU must contain a nonempty whole number of bytes."
640,0,386251340,NaN,0,NaN,NaN,NaN,0,NaN,NaN,NaN,0,"Input ternarySymbols is too short: need samples 144865:211424."
641,0,387196716,NaN,0,NaN,NaN,NaN,0,NaN,NaN,NaN,0,"Capture ends before SFD.
  preamble start (work) : 186325
  required end (work)   : 454548 (buffer length 408501, short by 46047)
  preamble_repetitions  : 256, SFD symbols: 8
  current sample_num    : 301662
  increase sample_num to at least 335667 (recommended 385667)."
642,0,387386347,NaN,0,NaN,NaN,NaN,0,NaN,NaN,NaN,0,"The decoded PSDU must contain a nonempty whole number of bytes."
643,0,387765228,NaN,0,NaN,NaN,NaN,0,NaN,NaN,NaN,0,"Input ternarySymbols is too short: need samples 144867:208354."
644,0,387973164,NaN,0,NaN,NaN,NaN,0,NaN,NaN,NaN,0,"Capture ends before SFD.
  preamble start (work) : 159909
  required end (work)   : 428132 (buffer length 408501, short by 19631)
  preamble_repetitions  : 256, SFD symbols: 8
  current sample_num    : 301662
  increase sample_num to at least 316160 (recommended 366160)."
645,0,388361388,NaN,0,NaN,NaN,NaN,0,NaN,NaN,NaN,0,"Capture ends before SFD.
  preamble start (work) : 146702
  required end (work)   : 414926 (buffer length 408501, short by 6425)
  preamble_repetitions  : 256, SFD symbols: 8
  current sample_num    : 301662
  increase sample_num to at least 306407 (recommended 356407)."
646,0,388749612,NaN,0,NaN,NaN,NaN,0,NaN,NaN,NaN,0,"Input ternarySymbols is too short: need samples 134113:144864."
647,0,389089068,NaN,0,NaN,NaN,NaN,0,NaN,NaN,NaN,0,"Capture ends before SFD.
  preamble start (work) : 186326
  required end (work)   : 454549 (buffer length 408501, short by 46048)
  preamble_repetitions  : 256, SFD symbols: 8
  current sample_num    : 301662
  increase sample_num to at least 335667 (recommended 385667)."
648,1,389654919,389654919,260837,0.956470824,-24180.1866,-16.7699268,137.485417,591396.816,590221.196,0.00864180176,0,""
649,0,390246988,NaN,0,NaN,NaN,NaN,0,NaN,NaN,NaN,0,"Capture ends before SFD.
  preamble start (work) : 155846
  required end (work)   : 424070 (buffer length 408501, short by 15569)
  preamble_repetitions  : 256, SFD symbols: 8
  current sample_num    : 301662
  increase sample_num to at least 313160 (recommended 363160)."
650,1,390806837,390806837,297890,0.956911549,1314.40935,-513.532733,-745.341834,601014.329,549862.016,0.386311064,0,""
651,0,391023436,NaN,0,NaN,NaN,NaN,0,NaN,NaN,NaN,0,"Input ternarySymbols is too short: need samples 134113:144864."
652,0,391411660,NaN,0,NaN,NaN,NaN,0,NaN,NaN,NaN,0,"Input ternarySymbols is too short: need samples 144865:154080."
653,0,391928396,NaN,0,NaN,NaN,NaN,0,NaN,NaN,NaN,0,"Alignment correlation 0.014 is below threshold 0.100."
654,0,392313966,NaN,0,NaN,NaN,NaN,0,NaN,NaN,NaN,0,"The decoded PSDU must contain a nonempty whole number of bytes."
655,0,393776268,NaN,0,NaN,NaN,NaN,0,NaN,NaN,NaN,0,"The decoded PSDU must contain a nonempty whole number of bytes."
656,0,394207069,NaN,0,NaN,NaN,NaN,0,NaN,NaN,NaN,0,"Input ternarySymbols is too short: need samples 144860:209371."
657,0,394406412,NaN,0,NaN,NaN,NaN,0,NaN,NaN,NaN,0,"Capture ends before SFD.
  preamble start (work) : 160926
  required end (work)   : 429149 (buffer length 408501, short by 20648)
  preamble_repetitions  : 256, SFD symbols: 8
  current sample_num    : 301662
  increase sample_num to at least 316911 (recommended 366911)."
658,0,395952556,NaN,0,NaN,NaN,NaN,0,NaN,NaN,NaN,0,"Input ternarySymbols is too short: need samples 144865:154080."
659,0,396435876,NaN,0,NaN,NaN,NaN,0,NaN,NaN,NaN,0,"The decoded PSDU must contain a nonempty whole number of bytes."
660,1,397611803,397611803,222272,0.957355365,-27873.785,-36.0701088,-66.1523547,645943.087,645585.959,0.00240178015,0,""
661,0,397997025,NaN,0,NaN,NaN,NaN,0,NaN,NaN,NaN,0,"The decoded PSDU must contain a nonempty whole number of bytes."
662,0,399119340,NaN,0,NaN,NaN,NaN,0,NaN,NaN,NaN,0,"The decoded PSDU must contain a nonempty whole number of bytes."
663,0,399335532,NaN,0,NaN,NaN,NaN,0,NaN,NaN,NaN,0,"Capture ends before SFD.
  preamble start (work) : 148733
  required end (work)   : 416956 (buffer length 408501, short by 8455)
  preamble_repetitions  : 256, SFD symbols: 8
  current sample_num    : 301662
  increase sample_num to at least 307906 (recommended 357906)."
664,0,399892380,NaN,0,NaN,NaN,NaN,0,NaN,NaN,NaN,0,"The decoded PSDU must contain a nonempty whole number of bytes."
665,0,400111980,NaN,0,NaN,NaN,NaN,0,NaN,NaN,NaN,0,"Input ternarySymbols is too short: need samples 134113:144864."
666,1,401009034,401009034,316795,0.956358583,-15540.1243,165.014334,110.035811,646357.756,643910.759,0.0164728287,0,""
667,0,401755660,NaN,0,NaN,NaN,NaN,0,NaN,NaN,NaN,0,"The decoded PSDU must contain a nonempty whole number of bytes."
668,1,402432132,402432132,227565,0.860200767,-2588.77587,1314.68341,2456.70039,1178801.77,693880.478,2.30156111,1,""
669,1,402820356,402820356,227565,0.858530698,-2648.64379,2568.22622,597.418881,1124880.04,690593.677,2.11883614,1,""
670,0,404027044,NaN,0,NaN,NaN,NaN,0,NaN,NaN,NaN,0,"The decoded PSDU must contain a nonempty whole number of bytes."
671,0,404796395,NaN,0,NaN,NaN,NaN,0,NaN,NaN,NaN,0,"The decoded PSDU must contain a nonempty whole number of bytes."
672,0,405138636,NaN,0,NaN,NaN,NaN,0,NaN,NaN,NaN,0,"The decoded PSDU must contain a nonempty whole number of bytes."
673,0,405429324,NaN,0,NaN,NaN,NaN,0,NaN,NaN,NaN,0,"Alignment correlation 0.043 is below threshold 0.100."
674,0,406316624,NaN,0,NaN,NaN,NaN,0,NaN,NaN,NaN,0,"The decoded PSDU must contain a nonempty whole number of bytes."
675,0,406686091,NaN,0,NaN,NaN,NaN,0,NaN,NaN,NaN,0,"The decoded PSDU must contain a nonempty whole number of bytes."
676,1,407361252,407361252,227565,0.858642346,-2201.05606,2212.94366,1724.03034,1131912.27,640158.224,2.4752544,1,""
677,0,407654380,NaN,0,NaN,NaN,NaN,0,NaN,NaN,NaN,0,"Capture ends before SFD.
  preamble start (work) : 158894
  required end (work)   : 427117 (buffer length 408501, short by 18616)
  preamble_repetitions  : 256, SFD symbols: 8
  current sample_num    : 301662
  increase sample_num to at least 315410 (recommended 365410)."
678,0,408091372,NaN,0,NaN,NaN,NaN,0,NaN,NaN,NaN,0,"Alignment correlation 0.029 is below threshold 0.100."
679,0,408570380,NaN,0,NaN,NaN,NaN,0,NaN,NaN,NaN,0,"Alignment correlation 0.015 is below threshold 0.100."
680,0,410473452,NaN,0,NaN,NaN,NaN,0,NaN,NaN,NaN,0,"The decoded PSDU must contain a nonempty whole number of bytes."
681,0,411608459,NaN,0,NaN,NaN,NaN,0,NaN,NaN,NaN,0,"The decoded PSDU must contain a nonempty whole number of bytes."
682,0,411987340,NaN,0,NaN,NaN,NaN,0,NaN,NaN,NaN,0,"Alignment correlation 0.014 is below threshold 0.100."
683,0,412195276,NaN,0,NaN,NaN,NaN,0,NaN,NaN,NaN,0,"Capture ends before SFD.
  preamble start (work) : 159909
  required end (work)   : 428132 (buffer length 408501, short by 19631)
  preamble_repetitions  : 256, SFD symbols: 8
  current sample_num    : 301662
  increase sample_num to at least 316160 (recommended 366160)."
684,0,412583500,NaN,0,NaN,NaN,NaN,0,NaN,NaN,NaN,0,"Capture ends before SFD.
  preamble start (work) : 146701
  required end (work)   : 414924 (buffer length 408501, short by 6423)
  preamble_repetitions  : 256, SFD symbols: 8
  current sample_num    : 301662
  increase sample_num to at least 306406 (recommended 356406)."
685,1,413066820,413066820,227565,0.855191322,-14359.1116,327.119122,3.16162299,974451.394,967753.02,0.0299564626,1,""
686,0,413311180,NaN,0,NaN,NaN,NaN,0,NaN,NaN,NaN,0,"Capture ends before SFD.
  preamble start (work) : 186326
  required end (work)   : 454549 (buffer length 408501, short by 46048)
  preamble_repetitions  : 256, SFD symbols: 8
  current sample_num    : 301662
  increase sample_num to at least 335667 (recommended 385667)."
687,0,413699403,NaN,0,NaN,NaN,NaN,0,NaN,NaN,NaN,0,"Capture ends before SFD.
  preamble start (work) : 173119
  required end (work)   : 441342 (buffer length 408501, short by 32841)
  preamble_repetitions  : 256, SFD symbols: 8
  current sample_num    : 301662
  increase sample_num to at least 325915 (recommended 375915)."
688,0,414087628,NaN,0,NaN,NaN,NaN,0,NaN,NaN,NaN,0,"Capture ends before SFD.
  preamble start (work) : 159910
  required end (work)   : 428133 (buffer length 408501, short by 19632)
  preamble_repetitions  : 256, SFD symbols: 8
  current sample_num    : 301662
  increase sample_num to at least 316160 (recommended 366160)."
689,0,415028949,NaN,0,NaN,NaN,NaN,0,NaN,NaN,NaN,0,"Capture ends before SFD.
  preamble start (work) : 422741
  required end (work)   : 690964 (buffer length 544679, short by 146285)
  preamble_repetitions  : 256, SFD symbols: 8
  current sample_num    : 402224
  increase sample_num to at least 510251 (recommended 560251)."
690,0,415585004,NaN,0,NaN,NaN,NaN,0,NaN,NaN,NaN,0,"Capture ends before SFD.
  preamble start (work) : 182262
  required end (work)   : 450485 (buffer length 408501, short by 41984)
  preamble_repetitions  : 256, SFD symbols: 8
  current sample_num    : 301662
  increase sample_num to at least 332666 (recommended 382666)."
691,0,415789355,NaN,0,NaN,NaN,NaN,0,NaN,NaN,NaN,0,"Alignment correlation 0.012 is below threshold 0.100."
692,0,416150507,NaN,0,NaN,NaN,NaN,0,NaN,NaN,NaN,0,"The decoded PSDU must contain a nonempty whole number of bytes."
693,0,416538444,NaN,0,NaN,NaN,NaN,0,NaN,NaN,NaN,0,"The decoded PSDU must contain a nonempty whole number of bytes."
694,0,418431532,NaN,0,NaN,NaN,NaN,0,NaN,NaN,NaN,0,"The decoded PSDU must contain a nonempty whole number of bytes."
695,1,418723620,418723620,227565,0.857426183,-585.757432,-2140.07238,1271.8064,1086294.97,699215.007,1.91337026,1,""
696,0,419016748,NaN,0,NaN,NaN,NaN,0,NaN,NaN,NaN,0,"Capture ends before SFD.
  preamble start (work) : 147718
  required end (work)   : 415941 (buffer length 408501, short by 7440)
  preamble_repetitions  : 256, SFD symbols: 8
  current sample_num    : 301662
  increase sample_num to at least 307157 (recommended 357157)."
697,0,420174667,NaN,0,NaN,NaN,NaN,0,NaN,NaN,NaN,0,"Input ternarySymbols is too short: need samples 144865:154080."
698,1,420997444,420997444,227565,0.857560815,-10541.2353,-101.678599,30.8673371,1068949.22,1068237.47,0.00289268649,1,""
699,1,421434436,421434437,221515,0.856693786,-7604.71188,148.313653,342.962094,767393.577,758659.082,0.0497149861,0,""
700,0,421818348,NaN,0,NaN,NaN,NaN,0,NaN,NaN,NaN,0,"Alignment correlation 0.013 is below threshold 0.100."
701,0,423129579,NaN,0,NaN,NaN,NaN,0,NaN,NaN,NaN,0,"Capture ends before SFD.
  preamble start (work) : 215892
  required end (work)   : 484115 (buffer length 408501, short by 75614)
  preamble_repetitions  : 256, SFD symbols: 8
  current sample_num    : 301662
  increase sample_num to at least 357501 (recommended 407501)."
702,0,423341452,NaN,0,NaN,NaN,NaN,0,NaN,NaN,NaN,0,"Input ternarySymbols is too short: need samples 144857:205272."
703,0,424116843,NaN,0,NaN,NaN,NaN,0,NaN,NaN,NaN,0,"The decoded PSDU must contain a nonempty whole number of bytes."
704,1,424482458,424482458,269911,0.956792318,663.237722,-1047.86682,-498.980225,539286.175,455283.402,0.73537469,0,""
705,0,425977772,NaN,0,NaN,NaN,NaN,0,NaN,NaN,NaN,0,"The decoded PSDU must contain a nonempty whole number of bytes."
706,0,426747692,NaN,0,NaN,NaN,NaN,0,NaN,NaN,NaN,0,"Alignment correlation 0.013 is below threshold 0.100."
707,0,427091236,NaN,0,NaN,NaN,NaN,0,NaN,NaN,NaN,0,"The decoded PSDU must contain a nonempty whole number of bytes."
708,0,427867684,NaN,0,NaN,NaN,NaN,0,NaN,NaN,NaN,0,"Input ternarySymbols is too short: need samples 144865:216032."
709,1,428645633,428645634,222272,0.855881426,2395.01275,-833.109507,-538.342436,647964.553,586607.119,0.432039191,0,""
710,0,429018508,NaN,0,NaN,NaN,NaN,0,NaN,NaN,NaN,0,"The decoded PSDU must contain a nonempty whole number of bytes."
711,0,429311980,NaN,0,NaN,NaN,NaN,0,NaN,NaN,NaN,0,"Alignment correlation 0.014 is below threshold 0.100."
712,1,430908203,430908204,264618,0.85648995,-6114.1004,237.425937,-735.743081,588250.709,550997.936,0.284124874,0,""
713,0,431537035,NaN,0,NaN,NaN,NaN,0,NaN,NaN,NaN,0,"Input ternarySymbols is too short: need samples 144865:154080."
714,0,431876492,NaN,0,NaN,NaN,NaN,0,NaN,NaN,NaN,0,"Capture ends before SFD.
  preamble start (work) : 158894
  required end (work)   : 427117 (buffer length 408501, short by 18616)
  preamble_repetitions  : 256, SFD symbols: 8
  current sample_num    : 301662
  increase sample_num to at least 315410 (recommended 365410)."
715,0,432264716,NaN,0,NaN,NaN,NaN,0,NaN,NaN,NaN,0,"Capture ends before SFD.
  preamble start (work) : 145686
  required end (work)   : 413909 (buffer length 408501, short by 5408)
  preamble_repetitions  : 256, SFD symbols: 8
  current sample_num    : 301662
  increase sample_num to at least 305656 (recommended 355656)."
716,1,435460353,435460354,309233,0.856656434,-1309.18314,-228.473204,-960.236775,630061.796,569096.494,0.441972366,0,""
717,0,435830571,NaN,0,NaN,NaN,NaN,0,NaN,NaN,NaN,0,"The decoded PSDU must contain a nonempty whole number of bytes."
718,0,436417388,NaN,0,NaN,NaN,NaN,0,NaN,NaN,NaN,0,"Capture ends before SFD.
  preamble start (work) : 159909
  required end (work)   : 428132 (buffer length 408501, short by 19631)
  preamble_repetitions  : 256, SFD symbols: 8
  current sample_num    : 301662
  increase sample_num to at least 316160 (recommended 366160)."
719,0,436805612,NaN,0,NaN,NaN,NaN,0,NaN,NaN,NaN,0,"Capture ends before SFD.
  preamble start (work) : 146701
  required end (work)   : 414924 (buffer length 408501, short by 6423)
  preamble_repetitions  : 256, SFD symbols: 8
  current sample_num    : 301662
  increase sample_num to at least 306406 (recommended 356406)."
720,0,437193836,NaN,0,NaN,NaN,NaN,0,NaN,NaN,NaN,0,"Input ternarySymbols is too short: need samples 134113:144864."
721,0,437533292,NaN,0,NaN,NaN,NaN,0,NaN,NaN,NaN,0,"Capture ends before SFD.
  preamble start (work) : 186326
  required end (work)   : 454549 (buffer length 408501, short by 46048)
  preamble_repetitions  : 256, SFD symbols: 8
  current sample_num    : 301662
  increase sample_num to at least 335667 (recommended 385667)."
722,1,437722923,437722924,300915,0.856936707,-15490.7589,-209.148286,-51.6933364,612771.764,609853.331,0.0207334454,0,""
723,1,438099143,438099143,242688,0.956601487,-11295.7372,-49.5566447,-199.368247,640771.542,638122.087,0.0179943863,0,""
724,0,438309740,NaN,0,NaN,NaN,NaN,0,NaN,NaN,NaN,0,"Capture ends before SFD.
  preamble start (work) : 159910
  required end (work)   : 428133 (buffer length 408501, short by 19632)
  preamble_repetitions  : 256, SFD symbols: 8
  current sample_num    : 301662
  increase sample_num to at least 316160 (recommended 366160)."
725,1,438870339,438870339,257056,0.956915703,-699.299261,1175.34921,-404.648046,536500.048,439963.279,0.861533346,0,""
726,0,439237228,NaN,0,NaN,NaN,NaN,0,NaN,NaN,NaN,0,"Alignment correlation 0.013 is below threshold 0.100."
727,0,440372619,NaN,0,NaN,NaN,NaN,0,NaN,NaN,NaN,0,"The decoded PSDU must contain a nonempty whole number of bytes."
728,0,440760556,NaN,0,NaN,NaN,NaN,0,NaN,NaN,NaN,0,"The decoded PSDU must contain a nonempty whole number of bytes."
729,1,441901104,441901105,243445,0.856710478,-3599.90095,-1025.45143,-350.440025,549012.751,475697.012,0.62252008,0,""
730,0,442653644,NaN,0,NaN,NaN,NaN,0,NaN,NaN,NaN,0,"The decoded PSDU must contain a nonempty whole number of bytes."
731,0,442996940,NaN,0,NaN,NaN,NaN,0,NaN,NaN,NaN,0,"Alignment correlation 0.014 is below threshold 0.100."
732,0,443238860,NaN,0,NaN,NaN,NaN,0,NaN,NaN,NaN,0,"Capture ends before SFD.
  preamble start (work) : 147718
  required end (work)   : 415941 (buffer length 408501, short by 7440)
  preamble_repetitions  : 256, SFD symbols: 8
  current sample_num    : 301662
  increase sample_num to at least 307157 (recommended 357157)."
733,0,443627083,NaN,0,NaN,NaN,NaN,0,NaN,NaN,NaN,0,"Input ternarySymbols is too short: need samples 134113:144864."
734,0,443966539,NaN,0,NaN,NaN,NaN,0,NaN,NaN,NaN,0,"Capture ends before SFD.
  preamble start (work) : 187343
  required end (work)   : 455566 (buffer length 408501, short by 47065)
  preamble_repetitions  : 256, SFD symbols: 8
  current sample_num    : 301662
  increase sample_num to at least 336418 (recommended 386418)."
735,0,444445548,NaN,0,NaN,NaN,NaN,0,NaN,NaN,NaN,0,"Alignment correlation 0.015 is below threshold 0.100."
736,0,444736236,NaN,0,NaN,NaN,NaN,0,NaN,NaN,NaN,0,"Capture ends before SFD.
  preamble start (work) : 170069
  required end (work)   : 438292 (buffer length 408501, short by 29791)
  preamble_repetitions  : 256, SFD symbols: 8
  current sample_num    : 301662
  increase sample_num to at least 323662 (recommended 373662)."
737,0,446040460,NaN,0,NaN,NaN,NaN,0,NaN,NaN,NaN,0,"Alignment correlation 0.014 is below threshold 0.100."
738,0,447835275,NaN,0,NaN,NaN,NaN,0,NaN,NaN,NaN,0,"Alignment correlation 0.020 is below threshold 0.100."
739,0,448167980,NaN,0,NaN,NaN,NaN,0,NaN,NaN,NaN,0,"Input ternarySymbols is too short: need samples 134113:144864."
740,0,448653740,NaN,0,NaN,NaN,NaN,0,NaN,NaN,NaN,0,"The decoded PSDU must contain a nonempty whole number of bytes."
741,0,448895660,NaN,0,NaN,NaN,NaN,0,NaN,NaN,NaN,0,"Capture ends before SFD.
  preamble start (work) : 175150
  required end (work)   : 443373 (buffer length 408501, short by 34872)
  preamble_repetitions  : 256, SFD symbols: 8
  current sample_num    : 301662
  increase sample_num to at least 327414 (recommended 377414)."
742,0,449453258,NaN,0,NaN,NaN,NaN,0,NaN,NaN,NaN,0,"The decoded PSDU must contain a nonempty whole number of bytes."
743,0,450228300,NaN,0,NaN,NaN,NaN,0,NaN,NaN,NaN,0,"The decoded PSDU must contain a nonempty whole number of bytes."
744,0,450589036,NaN,0,NaN,NaN,NaN,0,NaN,NaN,NaN,0,"Alignment correlation 0.014 is below threshold 0.100."
745,0,451169484,NaN,0,NaN,NaN,NaN,0,NaN,NaN,NaN,0,"Capture ends before SFD.
  preamble start (work) : 171086
  required end (work)   : 439309 (buffer length 408501, short by 30808)
  preamble_repetitions  : 256, SFD symbols: 8
  current sample_num    : 301662
  increase sample_num to at least 324413 (recommended 374413)."
746,0,451606476,NaN,0,NaN,NaN,NaN,0,NaN,NaN,NaN,0,"Alignment correlation 0.036 is below threshold 0.100."
747,1,452089796,452089797,269911,0.85695828,-4260.62146,-394.896588,1108.3308,636597.647,550185.972,0.63355516,0,""
748,0,454213004,NaN,0,NaN,NaN,NaN,0,NaN,NaN,NaN,0,"Capture ends before SFD.
  preamble start (work) : 149749
  required end (work)   : 417972 (buffer length 408501, short by 9471)
  preamble_repetitions  : 256, SFD symbols: 8
  current sample_num    : 301662
  increase sample_num to at least 308657 (recommended 358657)."
749,0,454601228,NaN,0,NaN,NaN,NaN,0,NaN,NaN,NaN,0,"Input ternarySymbols is too short: need samples 134113:144864."
750,0,455130315,NaN,0,NaN,NaN,NaN,0,NaN,NaN,NaN,0,"Capture ends before SFD.
  preamble start (work) : 445094
  required end (work)   : 713317 (buffer length 498626, short by 214691)
  preamble_repetitions  : 256, SFD symbols: 8
  current sample_num    : 368216
  increase sample_num to at least 526758 (recommended 576758)."
751,0,456098603,NaN,0,NaN,NaN,NaN,0,NaN,NaN,NaN,0,"Capture ends before SFD.
  preamble start (work) : 158895
  required end (work)   : 427118 (buffer length 408501, short by 18617)
  preamble_repetitions  : 256, SFD symbols: 8
  current sample_num    : 301662
  increase sample_num to at least 315411 (recommended 365411)."
752,0,456486828,NaN,0,NaN,NaN,NaN,0,NaN,NaN,NaN,0,"Capture ends before SFD.
  preamble start (work) : 145686
  required end (work)   : 413909 (buffer length 408501, short by 5408)
  preamble_repetitions  : 256, SFD symbols: 8
  current sample_num    : 301662
  increase sample_num to at least 305656 (recommended 355656)."
753,0,456875052,NaN,0,NaN,NaN,NaN,0,NaN,NaN,NaN,0,"Input ternarySymbols is too short: need samples 134113:144864."
754,0,457358372,NaN,0,NaN,NaN,NaN,0,NaN,NaN,NaN,0,"The decoded PSDU must contain a nonempty whole number of bytes."
755,1,458904516,458904517,277473,0.856242597,-25908.8108,122.846257,34.0588374,610236.173,609229.062,0.00717334849,0,""
756,0,459488332,NaN,0,NaN,NaN,NaN,0,NaN,NaN,NaN,0,"Capture ends before SFD.
  preamble start (work) : 181246
  required end (work)   : 449469 (buffer length 408501, short by 40968)
  preamble_repetitions  : 256, SFD symbols: 8
  current sample_num    : 301662
  increase sample_num to at least 331916 (recommended 381916)."
757,0,459741737,NaN,0,NaN,NaN,NaN,0,NaN,NaN,NaN,0,"The decoded PSDU must contain a nonempty whole number of bytes."
758,1,460052683,460052683,296378,0.957007785,-10411.5126,41.7659899,30.1378302,603066.808,602905.589,0.00116116733,0,""
759,0,460807373,NaN,0,NaN,NaN,NaN,0,NaN,NaN,NaN,0,"The decoded PSDU must contain a nonempty whole number of bytes."
760,0,461513483,NaN,0,NaN,NaN,NaN,0,NaN,NaN,NaN,0,"Alignment correlation 0.014 is below threshold 0.100."
761,0,461755403,NaN,0,NaN,NaN,NaN,0,NaN,NaN,NaN,0,"Capture ends before SFD.
  preamble start (work) : 186327
  required end (work)   : 454550 (buffer length 408501, short by 46049)
  preamble_repetitions  : 256, SFD symbols: 8
  current sample_num    : 301662
  increase sample_num to at least 335668 (recommended 385668)."
762,1,461945035,461945035,327381,0.95673258,-9350.92155,-65.9858484,103.645631,666191.933,665244.402,0.00618140475,0,""
763,0,462321255,NaN,0,NaN,NaN,NaN,0,NaN,NaN,NaN,0,"The decoded PSDU must contain a nonempty whole number of bytes."
764,0,462531852,NaN,0,NaN,NaN,NaN,0,NaN,NaN,NaN,0,"Capture ends before SFD.
  preamble start (work) : 159910
  required end (work)   : 428133 (buffer length 408501, short by 19632)
  preamble_repetitions  : 256, SFD symbols: 8
  current sample_num    : 301662
  increase sample_num to at least 316160 (recommended 366160)."
765,0,462920076,NaN,0,NaN,NaN,NaN,0,NaN,NaN,NaN,0,"Capture ends before SFD.
  preamble start (work) : 146702
  required end (work)   : 414925 (buffer length 408501, short by 6424)
  preamble_repetitions  : 256, SFD symbols: 8
  current sample_num    : 301662
  increase sample_num to at least 306407 (recommended 356407)."
766,1,463403396,463403397,227565,0.856014823,-2247.64974,-2137.60881,1060.15693,975162.288,619579.072,1.96980158,1,""
767,0,463689772,NaN,0,NaN,NaN,NaN,0,NaN,NaN,NaN,0,"Input ternarySymbols is too short: need samples 134113:144864."
768,0,464029228,NaN,0,NaN,NaN,NaN,0,NaN,NaN,NaN,0,"Capture ends before SFD.
  preamble start (work) : 182262
  required end (work)   : 450485 (buffer length 408501, short by 41984)
  preamble_repetitions  : 256, SFD symbols: 8
  current sample_num    : 301662
  increase sample_num to at least 332666 (recommended 382666)."
769,0,464417452,NaN,0,NaN,NaN,NaN,0,NaN,NaN,NaN,0,"Capture ends before SFD.
  preamble start (work) : 169054
  required end (work)   : 437277 (buffer length 408501, short by 28776)
  preamble_repetitions  : 256, SFD symbols: 8
  current sample_num    : 301662
  increase sample_num to at least 322913 (recommended 372913)."
770,0,464805676,NaN,0,NaN,NaN,NaN,0,NaN,NaN,NaN,0,"Capture ends before SFD.
  preamble start (work) : 155846
  required end (work)   : 424069 (buffer length 408501, short by 15568)
  preamble_repetitions  : 256, SFD symbols: 8
  current sample_num    : 301662
  increase sample_num to at least 313159 (recommended 363159)."
771,0,466875756,NaN,0,NaN,NaN,NaN,0,NaN,NaN,NaN,0,"Alignment correlation 0.093 is below threshold 0.100."
772,0,467170284,NaN,0,NaN,NaN,NaN,0,NaN,NaN,NaN,0,"Alignment correlation 0.014 is below threshold 0.100."
773,0,467509740,NaN,0,NaN,NaN,NaN,0,NaN,NaN,NaN,0,"Alignment correlation 0.027 is below threshold 0.100."
774,1,467944292,467944293,227565,0.856088342,693.118987,-146.179637,1671.55605,978611.604,802691.528,0.86061682,1,""
775,0,468770380,NaN,0,NaN,NaN,NaN,0,NaN,NaN,NaN,0,"Input ternarySymbols is too short: need samples 144871:222182."
776,0,469878660,NaN,0,NaN,NaN,NaN,0,NaN,NaN,NaN,0,"The decoded PSDU must contain a nonempty whole number of bytes."
777,1,470672365,470672365,266130,0.956877654,-183.692463,-577.107616,-845.005518,525903.368,460546.154,0.576327926,0,""
778,0,472827084,NaN,0,NaN,NaN,NaN,0,NaN,NaN,NaN,0,"Alignment correlation 0.013 is below threshold 0.100."
779,0,473117772,NaN,0,NaN,NaN,NaN,0,NaN,NaN,NaN,0,"Capture ends before SFD.
  preamble start (work) : 175149
  required end (work)   : 443372 (buffer length 408501, short by 34871)
  preamble_repetitions  : 256, SFD symbols: 8
  current sample_num    : 301662
  increase sample_num to at least 327414 (recommended 377414)."
780,0,473505996,NaN,0,NaN,NaN,NaN,0,NaN,NaN,NaN,0,"Capture ends before SFD.
  preamble start (work) : 161942
  required end (work)   : 430165 (buffer length 408501, short by 21664)
  preamble_repetitions  : 256, SFD symbols: 8
  current sample_num    : 301662
  increase sample_num to at least 317661 (recommended 367661)."
781,0,473894220,NaN,0,NaN,NaN,NaN,0,NaN,NaN,NaN,0,"Capture ends before SFD.
  preamble start (work) : 148734
  required end (work)   : 416957 (buffer length 408501, short by 8456)
  preamble_repetitions  : 256, SFD symbols: 8
  current sample_num    : 301662
  increase sample_num to at least 307907 (recommended 357907)."
782,1,474450411,474450318,220003,0.943582483,-23625.2035,78.9391218,78.0023091,600606.183,599843.467,0.00551865556,0,""
783,1,474810781,474810782,284279,0.85607823,-13358.9036,262.357107,90.8908019,574368.992,569545.822,0.0366231514,0,""
784,1,475199787,475199756,279742,0.952981839,-29438.722,-22.9305965,-11.2248077,562627.541,562590.795,0.00028364873,0,""
785,0,475828588,NaN,0,NaN,NaN,NaN,0,NaN,NaN,NaN,0,"Alignment correlation 0.037 is below threshold 0.100."
786,1,476311908,476311909,303183,0.857177551,-391.287481,-70.8331085,-1241.27614,617845.879,521218.64,0.738602154,0,""
787,0,476556268,NaN,0,NaN,NaN,NaN,0,NaN,NaN,NaN,0,"Input ternarySymbols is too short: need samples 134113:144864."
788,0,478823340,NaN,0,NaN,NaN,NaN,0,NaN,NaN,NaN,0,"Input ternarySymbols is too short: need samples 134113:144864."
789,0,479162796,NaN,0,NaN,NaN,NaN,0,NaN,NaN,NaN,0,"Capture ends before SFD.
  preamble start (work) : 189374
  required end (work)   : 457597 (buffer length 408501, short by 49096)
  preamble_repetitions  : 256, SFD symbols: 8
  current sample_num    : 301662
  increase sample_num to at least 337918 (recommended 387918)."
790,0,479352427,NaN,0,NaN,NaN,NaN,0,NaN,NaN,NaN,0,"The decoded PSDU must contain a nonempty whole number of bytes."
791,0,480369484,NaN,0,NaN,NaN,NaN,0,NaN,NaN,NaN,0,"Alignment correlation 0.038 is below threshold 0.100."
792,0,480806476,NaN,0,NaN,NaN,NaN,0,NaN,NaN,NaN,0,"Alignment correlation 0.014 is below threshold 0.100."
793,0,481097164,NaN,0,NaN,NaN,NaN,0,NaN,NaN,NaN,0,"Input ternarySymbols is too short: need samples 134113:144864."
794,1,481531716,481531716,227565,0.860857649,-2431.65021,-1214.6491,-2595.29078,1185226.87,672343.898,2.4621002,1,""
795,1,481919940,481919940,227565,0.858328992,-2514.63388,-2559.41303,-832.380628,1130467,678047.77,2.21997599,1,""
796,1,483126628,483126629,294865,0.857332034,-14492.2258,12.774141,-181.673811,599533.681,597481.002,0.0148948539,0,""
797,0,484277484,NaN,0,NaN,NaN,NaN,0,NaN,NaN,NaN,0,"Alignment correlation 0.013 is below threshold 0.100."
798,0,485029485,NaN,0,NaN,NaN,NaN,0,NaN,NaN,NaN,0,"The decoded PSDU must contain a nonempty whole number of bytes."
799,0,485638060,NaN,0,NaN,NaN,NaN,0,NaN,NaN,NaN,0,"Input ternarySymbols is too short: need samples 134113:144864."
800,0,485977516,NaN,0,NaN,NaN,NaN,0,NaN,NaN,NaN,0,"Capture ends before SFD.
  preamble start (work) : 186325
  required end (work)   : 454548 (buffer length 408501, short by 46047)
  preamble_repetitions  : 256, SFD symbols: 8
  current sample_num    : 301662
  increase sample_num to at least 335667 (recommended 385667)."
801,1,486167147,486167147,291084,0.956623382,-19718.2135,-77.7184198,52.242728,590455.075,589908.087,0.00402509293,0,""
802,0,486546028,NaN,0,NaN,NaN,NaN,0,NaN,NaN,NaN,0,"Alignment correlation 0.012 is below threshold 0.100."
803,0,486753964,NaN,0,NaN,NaN,NaN,0,NaN,NaN,NaN,0,"Capture ends before SFD.
  preamble start (work) : 159910
  required end (work)   : 428133 (buffer length 408501, short by 19632)
  preamble_repetitions  : 256, SFD symbols: 8
  current sample_num    : 301662
  increase sample_num to at least 316160 (recommended 366160)."
804,0,487142188,NaN,0,NaN,NaN,NaN,0,NaN,NaN,NaN,0,"Capture ends before SFD.
  preamble start (work) : 146702
  required end (work)   : 414925 (buffer length 408501, short by 6424)
  preamble_repetitions  : 256, SFD symbols: 8
  current sample_num    : 301662
  increase sample_num to at least 306407 (recommended 356407)."
805,0,487530412,NaN,0,NaN,NaN,NaN,0,NaN,NaN,NaN,0,"Input ternarySymbols is too short: need samples 134113:144864."
806,0,487869868,NaN,0,NaN,NaN,NaN,0,NaN,NaN,NaN,0,"Capture ends before SFD.
  preamble start (work) : 186326
  required end (work)   : 454549 (buffer length 408501, short by 46048)
  preamble_repetitions  : 256, SFD symbols: 8
  current sample_num    : 301662
  increase sample_num to at least 335667 (recommended 385667)."
807,0,488251340,NaN,0,NaN,NaN,NaN,0,NaN,NaN,NaN,0,"Capture ends before SFD.
  preamble start (work) : 182261
  required end (work)   : 450484 (buffer length 408501, short by 41983)
  preamble_repetitions  : 256, SFD symbols: 8
  current sample_num    : 301662
  increase sample_num to at least 332666 (recommended 382666)."
808,0,488639564,NaN,0,NaN,NaN,NaN,0,NaN,NaN,NaN,0,"Capture ends before SFD.
  preamble start (work) : 169054
  required end (work)   : 437277 (buffer length 408501, short by 28776)
  preamble_repetitions  : 256, SFD symbols: 8
  current sample_num    : 301662
  increase sample_num to at least 322913 (recommended 372913)."
809,0,489027788,NaN,0,NaN,NaN,NaN,0,NaN,NaN,NaN,0,"Capture ends before SFD.
  preamble start (work) : 155846
  required end (work)   : 424069 (buffer length 408501, short by 15568)
  preamble_repetitions  : 256, SFD symbols: 8
  current sample_num    : 301662
  increase sample_num to at least 313159 (recommended 363159)."
810,0,489416012,NaN,0,NaN,NaN,NaN,0,NaN,NaN,NaN,0,"Capture ends before SFD.
  preamble start (work) : 142638
  required end (work)   : 410861 (buffer length 408501, short by 2360)
  preamble_repetitions  : 256, SFD symbols: 8
  current sample_num    : 301662
  increase sample_num to at least 303406 (recommended 353406)."
811,1,490706542,490706543,319819,0.857117744,-14498.1981,-195.190507,-108.774674,652253.527,649145.842,0.0207415646,0,""
812,0,491683084,NaN,0,NaN,NaN,NaN,0,NaN,NaN,NaN,0,"Capture ends before SFD.
  preamble start (work) : 147717
  required end (work)   : 415940 (buffer length 408501, short by 7439)
  preamble_repetitions  : 256, SFD symbols: 8
  current sample_num    : 301662
  increase sample_num to at least 307156 (recommended 357156)."
813,0,492071308,NaN,0,NaN,NaN,NaN,0,NaN,NaN,NaN,0,"Input ternarySymbols is too short: need samples 134113:144864."
814,0,492410763,NaN,0,NaN,NaN,NaN,0,NaN,NaN,NaN,0,"Capture ends before SFD.
  preamble start (work) : 187343
  required end (work)   : 455566 (buffer length 408501, short by 47065)
  preamble_repetitions  : 256, SFD symbols: 8
  current sample_num    : 301662
  increase sample_num to at least 336418 (recommended 386418)."
815,0,492798988,NaN,0,NaN,NaN,NaN,0,NaN,NaN,NaN,0,"Capture ends before SFD.
  preamble start (work) : 174134
  required end (work)   : 442357 (buffer length 408501, short by 33856)
  preamble_repetitions  : 256, SFD symbols: 8
  current sample_num    : 301662
  increase sample_num to at least 326664 (recommended 376664)."
816,0,494103212,NaN,0,NaN,NaN,NaN,0,NaN,NaN,NaN,0,"Alignment correlation 0.015 is below threshold 0.100."
817,0,494345132,NaN,0,NaN,NaN,NaN,0,NaN,NaN,NaN,0,"Input ternarySymbols is too short: need samples 134113:144864."
818,0,494885473,NaN,0,NaN,NaN,NaN,0,NaN,NaN,NaN,0,"The decoded PSDU must contain a nonempty whole number of bytes."
819,1,495167908,495167908,227565,0.858055105,-2892.77862,-1384.70469,-2077.27349,1123424.8,733938.981,1.84884051,1,""
820,0,497163627,NaN,0,NaN,NaN,NaN,0,NaN,NaN,NaN,0,"The decoded PSDU must contain a nonempty whole number of bytes."
821,0,497900139,NaN,0,NaN,NaN,NaN,0,NaN,NaN,NaN,0,"The decoded PSDU must contain a nonempty whole number of bytes."
822,0,498116332,NaN,0,NaN,NaN,NaN,0,NaN,NaN,NaN,0,"Capture ends before SFD.
  preamble start (work) : 148734
  required end (work)   : 416957 (buffer length 408501, short by 8456)
  preamble_repetitions  : 256, SFD symbols: 8
  current sample_num    : 301662
  increase sample_num to at least 307907 (recommended 357907)."
823,0,498504556,NaN,0,NaN,NaN,NaN,0,NaN,NaN,NaN,0,"Input ternarySymbols is too short: need samples 134113:144864."
824,0,499032893,NaN,0,NaN,NaN,NaN,0,NaN,NaN,NaN,0,"The decoded PSDU must contain a nonempty whole number of bytes."
825,0,499613708,NaN,0,NaN,NaN,NaN,0,NaN,NaN,NaN,0,"Capture ends before SFD.
  preamble start (work) : 171085
  required end (work)   : 439308 (buffer length 408501, short by 30807)
  preamble_repetitions  : 256, SFD symbols: 8
  current sample_num    : 301662
  increase sample_num to at least 324413 (recommended 374413)."
826,0,500145796,NaN,0,NaN,NaN,NaN,0,NaN,NaN,NaN,0,"Capture ends before SFD.
  preamble start (work) : 475574
  required end (work)   : 743797 (buffer length 530371, short by 213426)
  preamble_repetitions  : 256, SFD symbols: 8
  current sample_num    : 391658
  increase sample_num to at least 549266 (recommended 599266)."
827,0,500534020,NaN,0,NaN,NaN,NaN,0,NaN,NaN,NaN,0,"The decoded PSDU must contain a nonempty whole number of bytes."
828,0,501303716,NaN,0,NaN,NaN,NaN,0,NaN,NaN,NaN,0,"The decoded PSDU must contain a nonempty whole number of bytes."
829,0,503574539,NaN,0,NaN,NaN,NaN,0,NaN,NaN,NaN,0,"The decoded PSDU must contain a nonempty whole number of bytes."
830,0,504345735,NaN,0,NaN,NaN,NaN,0,NaN,NaN,NaN,0,"Capture ends before SFD.
  preamble start (work) : 425790
  required end (work)   : 694013 (buffer length 467900, short by 226113)
  preamble_repetitions  : 256, SFD symbols: 8
  current sample_num    : 345526
  increase sample_num to at least 512502 (recommended 562502)."
831,1,505097424,505097425,291840,0.857321964,-23924.5306,-7.74039435,-162.643669,591800.54,590140.518,0.0121992372,0,""
832,0,505416812,NaN,0,NaN,NaN,NaN,0,NaN,NaN,NaN,0,"Alignment correlation 0.015 is below threshold 0.100."
833,0,505707500,NaN,0,NaN,NaN,NaN,0,NaN,NaN,NaN,0,"Input ternarySymbols is too short: need samples 134113:144864."
834,0,506046956,NaN,0,NaN,NaN,NaN,0,NaN,NaN,NaN,0,"Capture ends before SFD.
  preamble start (work) : 172102
  required end (work)   : 440325 (buffer length 408501, short by 31824)
  preamble_repetitions  : 256, SFD symbols: 8
  current sample_num    : 301662
  increase sample_num to at least 325164 (recommended 375164)."
835,0,506991372,NaN,0,NaN,NaN,NaN,0,NaN,NaN,NaN,0,"The decoded PSDU must contain a nonempty whole number of bytes."
836,0,507351180,NaN,0,NaN,NaN,NaN,0,NaN,NaN,NaN,0,"The decoded PSDU must contain a nonempty whole number of bytes."
837,0,508499596,NaN,0,NaN,NaN,NaN,0,NaN,NaN,NaN,0,"The decoded PSDU must contain a nonempty whole number of bytes."
838,0,509254252,NaN,0,NaN,NaN,NaN,0,NaN,NaN,NaN,0,"The decoded PSDU must contain a nonempty whole number of bytes."
839,1,510389259,510389259,226052,0.956528548,-6026.45306,-114.415487,1023.57672,672729.471,606457.096,0.450403716,0,""
840,0,510768139,NaN,0,NaN,NaN,NaN,0,NaN,NaN,NaN,0,"The decoded PSDU must contain a nonempty whole number of bytes."
841,0,510976075,NaN,0,NaN,NaN,NaN,0,NaN,NaN,NaN,0,"Capture ends before SFD.
  preamble start (work) : 159911
  required end (work)   : 428134 (buffer length 408501, short by 19633)
  preamble_repetitions  : 256, SFD symbols: 8
  current sample_num    : 301662
  increase sample_num to at least 316161 (recommended 366161)."
842,0,511364300,NaN,0,NaN,NaN,NaN,0,NaN,NaN,NaN,0,"Capture ends before SFD.
  preamble start (work) : 146702
  required end (work)   : 414925 (buffer length 408501, short by 6424)
  preamble_repetitions  : 256, SFD symbols: 8
  current sample_num    : 301662
  increase sample_num to at least 306407 (recommended 356407)."
843,1,511847620,511847621,227565,0.856218946,7610.96169,-113.833221,237.265534,973717.137,969377.173,0.019400249,1,""
844,0,512091980,NaN,0,NaN,NaN,NaN,0,NaN,NaN,NaN,0,"Capture ends before SFD.
  preamble start (work) : 186326
  required end (work)   : 454549 (buffer length 408501, short by 46048)
  preamble_repetitions  : 256, SFD symbols: 8
  current sample_num    : 301662
  increase sample_num to at least 335667 (recommended 385667)."
845,0,513249900,NaN,0,NaN,NaN,NaN,0,NaN,NaN,NaN,0,"Capture ends before SFD.
  preamble start (work) : 155846
  required end (work)   : 424069 (buffer length 408501, short by 15568)
  preamble_repetitions  : 256, SFD symbols: 8
  current sample_num    : 301662
  increase sample_num to at least 313159 (recommended 363159)."
846,0,513809749,NaN,0,NaN,NaN,NaN,0,NaN,NaN,NaN,0,"The decoded PSDU must contain a nonempty whole number of bytes."
847,1,514928654,514928654,300159,0.956682506,2036.94297,712.453289,-556.463072,610843.195,559766.925,0.379225061,0,""
848,0,516068972,NaN,0,NaN,NaN,NaN,0,NaN,NaN,NaN,0,"The decoded PSDU must contain a nonempty whole number of bytes."
849,0,516293420,NaN,0,NaN,NaN,NaN,0,NaN,NaN,NaN,0,"Input ternarySymbols is too short: need samples 134113:144864."
850,1,516727972,516727972,227565,0.860315329,-1379.79068,1818.1539,-2429.34793,1192422.59,617154.379,2.86036378,1,""
851,0,517021100,NaN,0,NaN,NaN,NaN,0,NaN,NaN,NaN,0,"Capture ends before SFD.
  preamble start (work) : 174134
  required end (work)   : 442357 (buffer length 408501, short by 33856)
  preamble_repetitions  : 256, SFD symbols: 8
  current sample_num    : 301662
  increase sample_num to at least 326664 (recommended 376664)."
852,1,517209981,517209981,260837,0.957285707,-19453.8706,-50.3567195,-41.0577168,547416.32,547156.24,0.00206384148,0,""
853,0,517553188,NaN,0,NaN,NaN,NaN,0,NaN,NaN,NaN,0,"The decoded PSDU must contain a nonempty whole number of bytes."
854,0,518567244,NaN,0,NaN,NaN,NaN,0,NaN,NaN,NaN,0,"Input ternarySymbols is too short: need samples 134113:144864."
855,1,519001796,519001796,227565,0.859800144,-1349.34965,-1009.72483,2802.71244,1175506.58,621081.364,2.77076567,1,""
856,0,519343692,NaN,0,NaN,NaN,NaN,0,NaN,NaN,NaN,0,"Input ternarySymbols is too short: need samples 144865:154080."
857,0,519622028,NaN,0,NaN,NaN,NaN,0,NaN,NaN,NaN,0,"Capture ends before SFD.
  preamble start (work) : 239629
  required end (work)   : 507854 (buffer length 408501, short by 99353)
  preamble_repetitions  : 256, SFD symbols: 8
  current sample_num    : 301662
  increase sample_num to at least 375031 (recommended 425031)."
858,0,522122252,NaN,0,NaN,NaN,NaN,0,NaN,NaN,NaN,0,"The decoded PSDU must contain a nonempty whole number of bytes."
859,0,522726668,NaN,0,NaN,NaN,NaN,0,NaN,NaN,NaN,0,"Input ternarySymbols is too short: need samples 134113:144864."
860,1,523255005,523255005,272936,0.957091603,888.440536,-335.499451,1150.56249,571522.165,481959.195,0.740228079,0,""
861,0,523644780,NaN,0,NaN,NaN,NaN,0,NaN,NaN,NaN,0,"The decoded PSDU must contain a nonempty whole number of bytes."
862,0,523835820,NaN,0,NaN,NaN,NaN,0,NaN,NaN,NaN,0,"Capture ends before SFD.
  preamble start (work) : 171085
  required end (work)   : 439308 (buffer length 408501, short by 30807)
  preamble_repetitions  : 256, SFD symbols: 8
  current sample_num    : 301662
  increase sample_num to at least 324413 (recommended 374413)."
863,0,524224044,NaN,0,NaN,NaN,NaN,0,NaN,NaN,NaN,0,"Capture ends before SFD.
  preamble start (work) : 157877
  required end (work)   : 426100 (buffer length 408501, short by 17599)
  preamble_repetitions  : 256, SFD symbols: 8
  current sample_num    : 301662
  increase sample_num to at least 314659 (recommended 364659)."
864,0,524756132,NaN,0,NaN,NaN,NaN,0,NaN,NaN,NaN,0,"Capture ends before SFD.
  preamble start (work) : 462366
  required end (work)   : 730589 (buffer length 497594, short by 232995)
  preamble_repetitions  : 256, SFD symbols: 8
  current sample_num    : 367454
  increase sample_num to at least 539512 (recommended 589512)."
865,1,525525828,525525828,306964,0.957494748,-13930.1004,-198.192699,201.780533,625439.578,620427.649,0.0349421642,0,""
866,0,525776940,NaN,0,NaN,NaN,NaN,0,NaN,NaN,NaN,0,"Input ternarySymbols is too short: need samples 144865:154080."
867,0,527029956,NaN,0,NaN,NaN,NaN,0,NaN,NaN,NaN,0,"The decoded PSDU must contain a nonempty whole number of bytes."
868,0,527438827,NaN,0,NaN,NaN,NaN,0,NaN,NaN,NaN,0,"The decoded PSDU must contain a nonempty whole number of bytes."
869,0,527799308,NaN,0,NaN,NaN,NaN,0,NaN,NaN,NaN,0,"Alignment correlation 0.013 is below threshold 0.100."
870,1,528090340,528090340,227565,0.859043399,-1954.99105,-2374.11449,1656.97824,1145886.52,622308.018,2.65136214,1,""
871,1,528527332,528527333,306208,0.855329111,-34503.1779,0.232912162,-65.5084663,622760.121,622492.977,0.00186338334,0,""
872,1,528866788,528866788,227565,0.856570111,-6015.31643,-243.808618,-101.716073,1040244.62,1035861.61,0.0183374038,1,""
873,1,529689003,529689004,263862,0.855882954,-11570.205,67.6525996,198.306395,590210.524,587478.727,0.0201480409,0,""
874,0,529929612,NaN,0,NaN,NaN,NaN,0,NaN,NaN,NaN,0,"Input ternarySymbols is too short: need samples 134113:144864."
875,1,530364164,530364164,227565,0.859074381,-3825.87731,1648.54307,743.459425,1131195.68,926927.713,0.864918698,1,""
876,0,530657292,NaN,0,NaN,NaN,NaN,0,NaN,NaN,NaN,0,"Capture ends before SFD.
  preamble start (work) : 158894
  required end (work)   : 427117 (buffer length 408501, short by 18616)
  preamble_repetitions  : 256, SFD symbols: 8
  current sample_num    : 301662
  increase sample_num to at least 315410 (recommended 365410)."
877,1,531189380,531189381,297890,0.856986298,-5766.53325,89.5081815,-716.251634,606378.231,573741.96,0.240269892,0,""
878,0,531573292,NaN,0,NaN,NaN,NaN,0,NaN,NaN,NaN,0,"The decoded PSDU must contain a nonempty whole number of bytes."
879,1,531861540,531861540,227565,0.861110792,-1780.93405,-3032.63594,-1001.77888,1220587.88,583259.568,3.20707183,1,""
880,0,532721708,NaN,0,NaN,NaN,NaN,0,NaN,NaN,NaN,0,"The decoded PSDU must contain a nonempty whole number of bytes."
881,0,533476364,NaN,0,NaN,NaN,NaN,0,NaN,NaN,NaN,0,"The decoded PSDU must contain a nonempty whole number of bytes."
882,1,534611371,534611371,234370,0.957349145,1739.90147,729.532253,-970.927927,648816.18,556678.669,0.665170911,0,""
883,0,534990252,NaN,0,NaN,NaN,NaN,0,NaN,NaN,NaN,0,"The decoded PSDU must contain a nonempty whole number of bytes."
884,0,535198188,NaN,0,NaN,NaN,NaN,0,NaN,NaN,NaN,0,"Capture ends before SFD.
  preamble start (work) : 159909
  required end (work)   : 428132 (buffer length 408501, short by 19631)
  preamble_repetitions  : 256, SFD symbols: 8
  current sample_num    : 301662
  increase sample_num to at least 316160 (recommended 366160)."
885,0,535586412,NaN,0,NaN,NaN,NaN,0,NaN,NaN,NaN,0,"Capture ends before SFD.
  preamble start (work) : 146701
  required end (work)   : 414924 (buffer length 408501, short by 6423)
  preamble_repetitions  : 256, SFD symbols: 8
  current sample_num    : 301662
  increase sample_num to at least 306406 (recommended 356406)."
886,1,536069732,536069733,227565,0.855500335,197.425281,291.947774,1919.56094,974052.559,738523.523,1.20218059,1,""
887,0,536314092,NaN,0,NaN,NaN,NaN,0,NaN,NaN,NaN,0,"Capture ends before SFD.
  preamble start (work) : 186326
  required end (work)   : 454549 (buffer length 408501, short by 46048)
  preamble_repetitions  : 256, SFD symbols: 8
  current sample_num    : 301662
  increase sample_num to at least 335667 (recommended 385667)."
888,0,536702315,NaN,0,NaN,NaN,NaN,0,NaN,NaN,NaN,0,"Capture ends before SFD.
  preamble start (work) : 173119
  required end (work)   : 441342 (buffer length 408501, short by 32841)
  preamble_repetitions  : 256, SFD symbols: 8
  current sample_num    : 301662
  increase sample_num to at least 325915 (recommended 375915)."
889,0,537090540,NaN,0,NaN,NaN,NaN,0,NaN,NaN,NaN,0,"Capture ends before SFD.
  preamble start (work) : 159910
  required end (work)   : 428133 (buffer length 408501, short by 19632)
  preamble_repetitions  : 256, SFD symbols: 8
  current sample_num    : 301662
  increase sample_num to at least 316160 (recommended 366160)."
890,0,537472012,NaN,0,NaN,NaN,NaN,0,NaN,NaN,NaN,0,"Capture ends before SFD.
  preamble start (work) : 155845
  required end (work)   : 424068 (buffer length 408501, short by 15567)
  preamble_repetitions  : 256, SFD symbols: 8
  current sample_num    : 301662
  increase sample_num to at least 313158 (recommended 363158)."
891,0,538792268,NaN,0,NaN,NaN,NaN,0,NaN,NaN,NaN,0,"Alignment correlation 0.013 is below threshold 0.100."
892,0,539153420,NaN,0,NaN,NaN,NaN,0,NaN,NaN,NaN,0,"The decoded PSDU must contain a nonempty whole number of bytes."
893,0,540291084,NaN,0,NaN,NaN,NaN,0,NaN,NaN,NaN,0,"The decoded PSDU must contain a nonempty whole number of bytes."
894,0,541001292,NaN,0,NaN,NaN,NaN,0,NaN,NaN,NaN,0,"The decoded PSDU must contain a nonempty whole number of bytes."
895,0,541243212,NaN,0,NaN,NaN,NaN,0,NaN,NaN,NaN,0,"Capture ends before SFD.
  preamble start (work) : 174133
  required end (work)   : 442356 (buffer length 408501, short by 33855)
  preamble_repetitions  : 256, SFD symbols: 8
  current sample_num    : 301662
  increase sample_num to at least 326663 (recommended 376663)."
896,1,541432093,541432093,234370,0.957203203,-10445.0062,64.4177566,58.5589577,600399.861,599928.337,0.00341207269,0,""
897,0,541631436,NaN,0,NaN,NaN,NaN,0,NaN,NaN,NaN,0,"Capture ends before SFD.
  preamble start (work) : 160926
  required end (work)   : 429149 (buffer length 408501, short by 20648)
  preamble_repetitions  : 256, SFD symbols: 8
  current sample_num    : 301662
  increase sample_num to at least 316911 (recommended 366911)."
898,0,544821260,NaN,0,NaN,NaN,NaN,0,NaN,NaN,NaN,0,"Alignment correlation 0.013 is below threshold 0.100."
899,0,546344364,NaN,0,NaN,NaN,NaN,0,NaN,NaN,NaN,0,"Alignment correlation 0.013 is below threshold 0.100."
900,1,547485370,547485370,230590,0.956718413,-7989.30514,94.4311699,-569.150738,627915.782,607176.104,0.145867277,0,""
901,0,548234058,NaN,0,NaN,NaN,NaN,0,NaN,NaN,NaN,0,"The decoded PSDU must contain a nonempty whole number of bytes."
902,0,548494924,NaN,0,NaN,NaN,NaN,0,NaN,NaN,NaN,0,"Alignment correlation 0.037 is below threshold 0.100."
903,0,548980684,NaN,0,NaN,NaN,NaN,0,NaN,NaN,NaN,0,"Alignment correlation 0.013 is below threshold 0.100."
904,0,549610828,NaN,0,NaN,NaN,NaN,0,NaN,NaN,NaN,0,"Input ternarySymbols is too short: need samples 144865:154080."
905,0,551252068,NaN,0,NaN,NaN,NaN,0,NaN,NaN,NaN,0,"The decoded PSDU must contain a nonempty whole number of bytes."
906,0,552021420,NaN,0,NaN,NaN,NaN,0,NaN,NaN,NaN,0,"The decoded PSDU must contain a nonempty whole number of bytes."
907,0,552789959,NaN,0,NaN,NaN,NaN,0,NaN,NaN,NaN,0,"The decoded PSDU must contain a nonempty whole number of bytes."
908,0,553911115,NaN,0,NaN,NaN,NaN,0,NaN,NaN,NaN,0,"The decoded PSDU must contain a nonempty whole number of bytes."
909,1,554586276,554586276,227565,0.858858026,-2551.20168,-2187.12798,-1527.81094,1129673.77,685032.771,2.17241696,1,""
910,0,554879404,NaN,0,NaN,NaN,NaN,0,NaN,NaN,NaN,0,"Capture ends before SFD.
  preamble start (work) : 158894
  required end (work)   : 427117 (buffer length 408501, short by 18616)
  preamble_repetitions  : 256, SFD symbols: 8
  current sample_num    : 301662
  increase sample_num to at least 315410 (recommended 365410)."
911,0,555267628,NaN,0,NaN,NaN,NaN,0,NaN,NaN,NaN,0,"Capture ends before SFD.
  preamble start (work) : 145686
  required end (work)   : 413909 (buffer length 408501, short by 5408)
  preamble_repetitions  : 256, SFD symbols: 8
  current sample_num    : 301662
  increase sample_num to at least 305656 (recommended 355656)."
912,0,557698476,NaN,0,NaN,NaN,NaN,0,NaN,NaN,NaN,0,"The decoded PSDU must contain a nonempty whole number of bytes."
913,0,558833483,NaN,0,NaN,NaN,NaN,0,NaN,NaN,NaN,0,"The decoded PSDU must contain a nonempty whole number of bytes."
914,0,559420299,NaN,0,NaN,NaN,NaN,0,NaN,NaN,NaN,0,"Capture ends before SFD.
  preamble start (work) : 159911
  required end (work)   : 428134 (buffer length 408501, short by 19633)
  preamble_repetitions  : 256, SFD symbols: 8
  current sample_num    : 301662
  increase sample_num to at least 316161 (recommended 366161)."
915,0,559808524,NaN,0,NaN,NaN,NaN,0,NaN,NaN,NaN,0,"Capture ends before SFD.
  preamble start (work) : 146701
  required end (work)   : 414924 (buffer length 408501, short by 6423)
  preamble_repetitions  : 256, SFD symbols: 8
  current sample_num    : 301662
  increase sample_num to at least 306406 (recommended 356406)."
916,0,560196748,NaN,0,NaN,NaN,NaN,0,NaN,NaN,NaN,0,"Input ternarySymbols is too short: need samples 134113:144864."
917,0,560536204,NaN,0,NaN,NaN,NaN,0,NaN,NaN,NaN,0,"Capture ends before SFD.
  preamble start (work) : 186326
  required end (work)   : 454549 (buffer length 408501, short by 46048)
  preamble_repetitions  : 256, SFD symbols: 8
  current sample_num    : 301662
  increase sample_num to at least 335667 (recommended 385667)."
918,0,560924427,NaN,0,NaN,NaN,NaN,0,NaN,NaN,NaN,0,"Capture ends before SFD.
  preamble start (work) : 173119
  required end (work)   : 441342 (buffer length 408501, short by 32841)
  preamble_repetitions  : 256, SFD symbols: 8
  current sample_num    : 301662
  increase sample_num to at least 325915 (recommended 375915)."
919,0,561312652,NaN,0,NaN,NaN,NaN,0,NaN,NaN,NaN,0,"Capture ends before SFD.
  preamble start (work) : 159910
  required end (work)   : 428133 (buffer length 408501, short by 19632)
  preamble_repetitions  : 256, SFD symbols: 8
  current sample_num    : 301662
  increase sample_num to at least 316160 (recommended 366160)."
920,0,561700876,NaN,0,NaN,NaN,NaN,0,NaN,NaN,NaN,0,"Capture ends before SFD.
  preamble start (work) : 146702
  required end (work)   : 414925 (buffer length 408501, short by 6424)
  preamble_repetitions  : 256, SFD symbols: 8
  current sample_num    : 301662
  increase sample_num to at least 306407 (recommended 356407)."
921,0,562470572,NaN,0,NaN,NaN,NaN,0,NaN,NaN,NaN,0,"Input ternarySymbols is too short: need samples 134113:144864."
922,0,563014379,NaN,0,NaN,NaN,NaN,0,NaN,NaN,NaN,0,"Alignment correlation 0.012 is below threshold 0.100."
923,0,563375531,NaN,0,NaN,NaN,NaN,0,NaN,NaN,NaN,0,"The decoded PSDU must contain a nonempty whole number of bytes."
924,0,563763468,NaN,0,NaN,NaN,NaN,0,NaN,NaN,NaN,0,"The decoded PSDU must contain a nonempty whole number of bytes."
925,1,565656555,565656459,226809,0.222484428,22155.0852,-53.5894653,8.60147352,612509.662,612329.159,0.00128003087,0,""
926,0,565902315,NaN,0,NaN,NaN,NaN,0,NaN,NaN,NaN,0,"Alignment correlation 0.042 is below threshold 0.100."
927,0,566241772,NaN,0,NaN,NaN,NaN,0,NaN,NaN,NaN,0,"Capture ends before SFD.
  preamble start (work) : 147718
  required end (work)   : 415941 (buffer length 408501, short by 7440)
  preamble_repetitions  : 256, SFD symbols: 8
  current sample_num    : 301662
  increase sample_num to at least 307157 (recommended 357157)."
928,0,567399692,NaN,0,NaN,NaN,NaN,0,NaN,NaN,NaN,0,"Input ternarySymbols is too short: need samples 144865:154080."
929,1,568610692,568610692,227565,0.855890218,-11103.2092,19.1961885,-100.02301,1015667.3,1015018.33,0.0027758563,1,""
930,0,569043372,NaN,0,NaN,NaN,NaN,0,NaN,NaN,NaN,0,"Input ternarySymbols is too short: need samples 144870:211429."
931,0,570061740,NaN,0,NaN,NaN,NaN,0,NaN,NaN,NaN,0,"Alignment correlation 0.047 is below threshold 0.100."
932,0,570566476,NaN,0,NaN,NaN,NaN,0,NaN,NaN,NaN,0,"The decoded PSDU must contain a nonempty whole number of bytes."
933,0,570831436,NaN,0,NaN,NaN,NaN,0,NaN,NaN,NaN,0,"Alignment correlation 0.029 is below threshold 0.100."
934,0,571170892,NaN,0,NaN,NaN,NaN,0,NaN,NaN,NaN,0,"Input ternarySymbols is too short: need samples 134113:144864."
935,0,571654212,NaN,0,NaN,NaN,NaN,0,NaN,NaN,NaN,0,"The decoded PSDU must contain a nonempty whole number of bytes."
936,1,572456170,572456170,224540,0.95695369,14534.4221,30.4269857,-25.4879512,689852.214,689747.109,0.00066173377,0,""
937,0,573231868,NaN,0,NaN,NaN,NaN,0,NaN,NaN,NaN,0,"The decoded PSDU must contain a nonempty whole number of bytes."
938,0,573591581,NaN,0,NaN,NaN,NaN,0,NaN,NaN,NaN,0,"Capture ends before SFD.
  preamble start (work) : 445094
  required end (work)   : 713317 (buffer length 486336, short by 226981)
  preamble_repetitions  : 256, SFD symbols: 8
  current sample_num    : 359140
  increase sample_num to at least 526758 (recommended 576758)."
939,1,574267492,574267492,227565,0.858182482,-620.161469,2314.28651,-1187.52786,1126686,703989.256,2.04236869,1,""
940,0,574560620,NaN,0,NaN,NaN,NaN,0,NaN,NaN,NaN,0,"Capture ends before SFD.
  preamble start (work) : 157878
  required end (work)   : 426101 (buffer length 408501, short by 17600)
  preamble_repetitions  : 256, SFD symbols: 8
  current sample_num    : 301662
  increase sample_num to at least 314660 (recommended 364660)."
941,1,575474180,575474181,265374,0.857347917,-5170.88712,668.223365,-710.570538,633210.587,573757.165,0.428200449,0,""
942,0,575884162,NaN,0,NaN,NaN,NaN,0,NaN,NaN,NaN,0,"A reliable repeated preamble was not found. Check receiver settings."
943,0,576243531,NaN,0,NaN,NaN,NaN,0,NaN,NaN,NaN,0,"The decoded PSDU must contain a nonempty whole number of bytes."
944,0,576643354,NaN,0,NaN,NaN,NaN,0,NaN,NaN,NaN,0,"The decoded PSDU must contain a nonempty whole number of bytes."
945,0,577763760,NaN,0,NaN,NaN,NaN,0,NaN,NaN,NaN,0,"The decoded PSDU must contain a nonempty whole number of bytes."
946,1,578133227,578133228,291084,0.856799843,-20750.8223,36.6542584,147.726957,588990.958,587542.208,0.0106955619,0,""
947,0,578904423,NaN,0,NaN,NaN,NaN,0,NaN,NaN,NaN,0,"The decoded PSDU must contain a nonempty whole number of bytes."
948,0,579489740,NaN,0,NaN,NaN,NaN,0,NaN,NaN,NaN,0,"Capture ends before SFD.
  preamble start (work) : 145686
  required end (work)   : 413909 (buffer length 408501, short by 5408)
  preamble_repetitions  : 256, SFD symbols: 8
  current sample_num    : 301662
  increase sample_num to at least 305656 (recommended 355656)."
949,1,579925793,579925793,227565,0.952160849,-1689.69925,-3845.50082,-1304.97182,1227148.9,196874.664,7.94707433,1,""
950,0,580217420,NaN,0,NaN,NaN,NaN,0,NaN,NaN,NaN,0,"Capture ends before SFD.
  preamble start (work) : 185310
  required end (work)   : 453533 (buffer length 408501, short by 45032)
  preamble_repetitions  : 256, SFD symbols: 8
  current sample_num    : 301662
  increase sample_num to at least 334917 (recommended 384917)."
951,0,581547715,NaN,0,NaN,NaN,NaN,0,NaN,NaN,NaN,0,"The decoded PSDU must contain a nonempty whole number of bytes."
952,0,581907428,NaN,0,NaN,NaN,NaN,0,NaN,NaN,NaN,0,"The decoded PSDU must contain a nonempty whole number of bytes."
953,0,583055595,NaN,0,NaN,NaN,NaN,0,NaN,NaN,NaN,0,"The decoded PSDU must contain a nonempty whole number of bytes."
954,0,583810285,NaN,0,NaN,NaN,NaN,0,NaN,NaN,NaN,0,"The decoded PSDU must contain a nonempty whole number of bytes."
955,0,584467628,NaN,0,NaN,NaN,NaN,0,NaN,NaN,NaN,0,"Alignment correlation 0.014 is below threshold 0.100."
956,0,584758315,NaN,0,NaN,NaN,NaN,0,NaN,NaN,NaN,0,"Capture ends before SFD.
  preamble start (work) : 186327
  required end (work)   : 454550 (buffer length 408501, short by 46049)
  preamble_repetitions  : 256, SFD symbols: 8
  current sample_num    : 301662
  increase sample_num to at least 335668 (recommended 385668)."
957,1,584947947,584947947,306208,0.968144626,-29389.7513,-64.4462062,102.908036,624208.191,623302.278,0.00630748631,0,""
958,1,585324167,585324167,238908,0.956991248,-14270.4775,-316.965551,-137.097321,649111.045,641696.127,0.0498958086,0,""
959,0,585922988,NaN,0,NaN,NaN,NaN,0,NaN,NaN,NaN,0,"Capture ends before SFD.
  preamble start (work) : 146702
  required end (work)   : 414925 (buffer length 408501, short by 6424)
  preamble_repetitions  : 256, SFD symbols: 8
  current sample_num    : 301662
  increase sample_num to at least 306407 (recommended 356407)."
960,0,586311212,NaN,0,NaN,NaN,NaN,0,NaN,NaN,NaN,0,"Input ternarySymbols is too short: need samples 134113:144864."
961,0,587597644,NaN,0,NaN,NaN,NaN,0,NaN,NaN,NaN,0,"Alignment correlation 0.012 is below threshold 0.100."
962,0,587985580,NaN,0,NaN,NaN,NaN,0,NaN,NaN,NaN,0,"Alignment correlation 0.038 is below threshold 0.100."
963,0,588368437,NaN,0,NaN,NaN,NaN,0,NaN,NaN,NaN,0,"The decoded PSDU must contain a nonempty whole number of bytes."
964,1,588752909,588752910,272180,0.856848128,13799.7681,207.470636,-64.7234054,542839.584,539858.94,0.0239121092,0,""
965,0,589511468,NaN,0,NaN,NaN,NaN,0,NaN,NaN,NaN,0,"Alignment correlation 0.041 is below threshold 0.100."
966,0,589878668,NaN,0,NaN,NaN,NaN,0,NaN,NaN,NaN,0,"Alignment correlation 0.093 is below threshold 0.100."
967,0,590610188,NaN,0,NaN,NaN,NaN,0,NaN,NaN,NaN,0,"Alignment correlation 0.014 is below threshold 0.100."
968,0,591776268,NaN,0,NaN,NaN,NaN,0,NaN,NaN,NaN,0,"The decoded PSDU must contain a nonempty whole number of bytes."
969,0,592058795,NaN,0,NaN,NaN,NaN,0,NaN,NaN,NaN,0,"Alignment correlation 0.014 is below threshold 0.100."
970,0,592349484,NaN,0,NaN,NaN,NaN,0,NaN,NaN,NaN,0,"Capture ends before SFD.
  preamble start (work) : 156862
  required end (work)   : 425087 (buffer length 408501, short by 16586)
  preamble_repetitions  : 256, SFD symbols: 8
  current sample_num    : 301662
  increase sample_num to at least 313911 (recommended 363911)."
971,0,592737708,NaN,0,NaN,NaN,NaN,0,NaN,NaN,NaN,0,"Capture ends before SFD.
  preamble start (work) : 143654
  required end (work)   : 411877 (buffer length 408501, short by 3376)
  preamble_repetitions  : 256, SFD symbols: 8
  current sample_num    : 301662
  increase sample_num to at least 304156 (recommended 354156)."
972,0,593265484,NaN,0,NaN,NaN,NaN,0,NaN,NaN,NaN,0,"The decoded PSDU must contain a nonempty whole number of bytes."
973,0,593465388,NaN,0,NaN,NaN,NaN,0,NaN,NaN,NaN,0,"Capture ends before SFD.
  preamble start (work) : 183278
  required end (work)   : 451501 (buffer length 408501, short by 43000)
  preamble_repetitions  : 256, SFD symbols: 8
  current sample_num    : 301662
  increase sample_num to at least 333417 (recommended 383417)."
974,0,595829996,NaN,0,NaN,NaN,NaN,0,NaN,NaN,NaN,0,"Alignment correlation 0.013 is below threshold 0.100."
975,0,596120684,NaN,0,NaN,NaN,NaN,0,NaN,NaN,NaN,0,"Capture ends before SFD.
  preamble start (work) : 175149
  required end (work)   : 443374 (buffer length 408501, short by 34873)
  preamble_repetitions  : 256, SFD symbols: 8
  current sample_num    : 301662
  increase sample_num to at least 327415 (recommended 377415)."
976,0,596508908,NaN,0,NaN,NaN,NaN,0,NaN,NaN,NaN,0,"Capture ends before SFD.
  preamble start (work) : 161942
  required end (work)   : 430165 (buffer length 408501, short by 21664)
  preamble_repetitions  : 256, SFD symbols: 8
  current sample_num    : 301662
  increase sample_num to at least 317661 (recommended 367661)."
977,0,597453324,NaN,0,NaN,NaN,NaN,0,NaN,NaN,NaN,0,"The decoded PSDU must contain a nonempty whole number of bytes."
978,0,598055052,NaN,0,NaN,NaN,NaN,0,NaN,NaN,NaN,0,"Input ternarySymbols is too short: need samples 144865:154080."
979,1,598877828,598877828,227565,0.856734475,-6668.56989,-148.976315,-178.869251,1073702.7,1070317.43,0.0137144555,1,""
980,1,599314820,599314821,265374,0.857051694,-6903.51541,318.735146,368.256997,646918.393,632108.661,0.100577577,0,""
981,0,599698732,NaN,0,NaN,NaN,NaN,0,NaN,NaN,NaN,0,"The decoded PSDU must contain a nonempty whole number of bytes."
982,1,601236523,601236434,225296,0.975698063,-20969.0017,-45.1767005,-57.1174423,595952.019,595620.267,0.0024182801,0,""
983,0,601584332,NaN,0,NaN,NaN,NaN,0,NaN,NaN,NaN,0,"Alignment correlation 0.014 is below threshold 0.100."
984,0,601826252,NaN,0,NaN,NaN,NaN,0,NaN,NaN,NaN,0,"Input ternarySymbols is too short: need samples 134113:144864."
985,1,602355339,602355340,263105,0.855801592,3598.8644,580.278955,-149.017203,592119.765,569658.103,0.167952787,0,""
986,0,603123659,NaN,0,NaN,NaN,NaN,0,NaN,NaN,NaN,0,"The decoded PSDU must contain a nonempty whole number of bytes."
987,0,603372396,NaN,0,NaN,NaN,NaN,0,NaN,NaN,NaN,0,"Alignment correlation 0.039 is below threshold 0.100."
988,0,603760620,NaN,0,NaN,NaN,NaN,0,NaN,NaN,NaN,0,"Alignment correlation 0.025 is below threshold 0.100."
989,1,604195172,604195173,227565,0.855990991,769.602939,1446.23827,767.391997,968407.607,800958.019,0.824484383,1,""
990,0,604439532,NaN,0,NaN,NaN,NaN,0,NaN,NaN,NaN,0,"Capture ends before SFD.
  preamble start (work) : 185310
  required end (work)   : 453533 (buffer length 408501, short by 45032)
  preamble_repetitions  : 256, SFD symbols: 8
  current sample_num    : 301662
  increase sample_num to at least 334917 (recommended 384917)."
991,0,604827756,NaN,0,NaN,NaN,NaN,0,NaN,NaN,NaN,0,"Capture ends before SFD.
  preamble start (work) : 172102
  required end (work)   : 440325 (buffer length 408501, short by 31824)
  preamble_repetitions  : 256, SFD symbols: 8
  current sample_num    : 301662
  increase sample_num to at least 325164 (recommended 375164)."
992,1,606129540,606129541,235883,0.857232168,-8888.24332,23.5038173,-37.6897048,712767.205,712645.001,0.000744664828,0,""
993,0,607280396,NaN,0,NaN,NaN,NaN,0,NaN,NaN,NaN,0,"The decoded PSDU must contain a nonempty whole number of bytes."
994,1,608032397,608032397,264618,0.956820049,-6978.22111,274.465751,-599.166465,588965.326,561810.051,0.205002233,0,""
995,0,608738508,NaN,0,NaN,NaN,NaN,0,NaN,NaN,NaN,0,"Alignment correlation 0.013 is below threshold 0.100."
996,0,608980428,NaN,0,NaN,NaN,NaN,0,NaN,NaN,NaN,0,"Capture ends before SFD.
  preamble start (work) : 186325
  required end (work)   : 454548 (buffer length 408501, short by 46047)
  preamble_repetitions  : 256, SFD symbols: 8
  current sample_num    : 301662
  increase sample_num to at least 335667 (recommended 385667)."
997,1,609170059,609170059,278985,0.956594998,4054.49694,542.471904,22.8083562,561085.732,542659.815,0.145015629,0,""
998,1,609546279,609546279,235127,0.956344554,-1662.1838,1586.0014,-435.141394,659073.236,490213.979,1.28547984,0,""
999,0,610145100,NaN,0,NaN,NaN,NaN,0,NaN,NaN,NaN,0,"Capture ends before SFD.
  preamble start (work) : 146702
  required end (work)   : 414925 (buffer length 408501, short by 6424)
  preamble_repetitions  : 256, SFD symbols: 8
  current sample_num    : 301662
  increase sample_num to at least 306407 (recommended 356407)."
1000,0,610533324,NaN,0,NaN,NaN,NaN,0,NaN,NaN,NaN,0,"Input ternarySymbols is too short: need samples 134113:144864."
1001,0,611254252,NaN,0,NaN,NaN,NaN,0,NaN,NaN,NaN,0,"Capture ends before SFD.
  preamble start (work) : 182262
  required end (work)   : 450487 (buffer length 408501, short by 41986)
  preamble_repetitions  : 256, SFD symbols: 8
  current sample_num    : 301662
  increase sample_num to at least 332668 (recommended 382668)."
1002,0,611642476,NaN,0,NaN,NaN,NaN,0,NaN,NaN,NaN,0,"Capture ends before SFD.
  preamble start (work) : 169054
  required end (work)   : 437277 (buffer length 408501, short by 28776)
  preamble_repetitions  : 256, SFD symbols: 8
  current sample_num    : 301662
  increase sample_num to at least 322913 (recommended 372913)."
1003,0,612207692,NaN,0,NaN,NaN,NaN,0,NaN,NaN,NaN,0,"The decoded PSDU must contain a nonempty whole number of bytes."
1004,1,613709454,613709455,285035,0.856988664,-12793.8116,249.390583,86.4489816,575904.092,571516.583,0.0332132819,0,""
1005,0,614100780,NaN,0,NaN,NaN,NaN,0,NaN,NaN,NaN,0,"The decoded PSDU must contain a nonempty whole number of bytes."
1006,1,614492655,614492655,233614,0.956589186,-37255.0544,59.3538348,23.4575941,523730.04,523482.482,0.00205331745,0,""
1007,0,614849772,NaN,0,NaN,NaN,NaN,0,NaN,NaN,NaN,0,"The decoded PSDU must contain a nonempty whole number of bytes."
1008,0,615074219,NaN,0,NaN,NaN,NaN,0,NaN,NaN,NaN,0,"Input ternarySymbols is too short: need samples 134113:144864."
1009,0,615413675,NaN,0,NaN,NaN,NaN,0,NaN,NaN,NaN,0,"Capture ends before SFD.
  preamble start (work) : 187343
  required end (work)   : 455566 (buffer length 408501, short by 47065)
  preamble_repetitions  : 256, SFD symbols: 8
  current sample_num    : 301662
  increase sample_num to at least 336418 (recommended 386418)."
1010,1,617103684,617103685,236639,0.857024963,-4627.048,-16.7983659,1236.60721,712010.224,616531.862,0.62530704,0,""
1011,1,617394372,617394372,227565,0.858955741,-1650.29835,-3493.50538,-763.498893,1218787.74,419731.684,4.62956323,1,""
1012,0,617687500,NaN,0,NaN,NaN,NaN,0,NaN,NaN,NaN,0,"Capture ends before SFD.
  preamble start (work) : 183278
  required end (work)   : 451501 (buffer length 408501, short by 43000)
  preamble_repetitions  : 256, SFD symbols: 8
  current sample_num    : 301662
  increase sample_num to at least 333417 (recommended 383417)."
1013,0,620154059,NaN,0,NaN,NaN,NaN,0,NaN,NaN,NaN,0,"The decoded PSDU must contain a nonempty whole number of bytes."
1014,0,620342795,NaN,0,NaN,NaN,NaN,0,NaN,NaN,NaN,0,"Capture ends before SFD.
  preamble start (work) : 175151
  required end (work)   : 443374 (buffer length 408501, short by 34873)
  preamble_repetitions  : 256, SFD symbols: 8
  current sample_num    : 301662
  increase sample_num to at least 327415 (recommended 377415)."
1015,0,620731020,NaN,0,NaN,NaN,NaN,0,NaN,NaN,NaN,0,"Capture ends before SFD.
  preamble start (work) : 161942
  required end (work)   : 430166 (buffer length 408501, short by 21665)
  preamble_repetitions  : 256, SFD symbols: 8
  current sample_num    : 301662
  increase sample_num to at least 317662 (recommended 367662)."
1016,1,621676092,621676092,239664,0.957084372,-17566.1122,-21.724571,-276.742211,549429.92,544604.491,0.0383108706,0,""
1017,0,622044058,NaN,0,NaN,NaN,NaN,0,NaN,NaN,NaN,0,"The decoded PSDU must contain a nonempty whole number of bytes."
1018,0,622424811,NaN,0,NaN,NaN,NaN,0,NaN,NaN,NaN,0,"The decoded PSDU must contain a nonempty whole number of bytes."
1019,0,623053612,NaN,0,NaN,NaN,NaN,0,NaN,NaN,NaN,0,"Alignment correlation 0.037 is below threshold 0.100."
1020,1,623536932,623536933,234370,0.856448716,-11200.1581,292.467034,212.75694,729678.307,721498.513,0.0489599448,0,""
1021,1,624306628,624306629,301671,0.856455305,-25087.9815,-63.0397679,-31.957674,614644.384,614338.201,0.00216395613,0,""
1022,0,626387820,NaN,0,NaN,NaN,NaN,0,NaN,NaN,NaN,0,"Capture ends before SFD.
  preamble start (work) : 189374
  required end (work)   : 457598 (buffer length 408501, short by 49097)
  preamble_repetitions  : 256, SFD symbols: 8
  current sample_num    : 301662
  increase sample_num to at least 337919 (recommended 387919)."
1023,0,626577451,NaN,0,NaN,NaN,NaN,0,NaN,NaN,NaN,0,"The decoded PSDU must contain a nonempty whole number of bytes."
1024,0,626978430,NaN,0,NaN,NaN,NaN,0,NaN,NaN,NaN,0,"The decoded PSDU must contain a nonempty whole number of bytes."
1025,1,627357651,627357651,276717,0.956306533,-21360.1398,123.370622,-21.1355775,554739.138,553766.701,0.00761970483,0,""
1026,1,628417284,628417284,227565,0.855208167,-8245.17807,-34.4963549,481.588131,969804.853,955245.243,0.0656946928,1,""
1027,0,628661644,NaN,0,NaN,NaN,NaN,0,NaN,NaN,NaN,0,"Capture ends before SFD.
  preamble start (work) : 185310
  required end (work)   : 453533 (buffer length 408501, short by 45032)
  preamble_repetitions  : 256, SFD symbols: 8
  current sample_num    : 301662
  increase sample_num to at least 334917 (recommended 384917)."
1028,0,629438092,NaN,0,NaN,NaN,NaN,0,NaN,NaN,NaN,0,"Capture ends before SFD.
  preamble start (work) : 158894
  required end (work)   : 427117 (buffer length 408501, short by 18616)
  preamble_repetitions  : 256, SFD symbols: 8
  current sample_num    : 301662
  increase sample_num to at least 315410 (recommended 365410)."
1029,0,630351652,NaN,0,NaN,NaN,NaN,0,NaN,NaN,NaN,0,"The decoded PSDU must contain a nonempty whole number of bytes."
1030,0,631502508,NaN,0,NaN,NaN,NaN,0,NaN,NaN,NaN,0,"Input ternarySymbols is too short: need samples 144860:207835."
1031,0,632254509,NaN,0,NaN,NaN,NaN,0,NaN,NaN,NaN,0,"The decoded PSDU must contain a nonempty whole number of bytes."
1032,0,632960620,NaN,0,NaN,NaN,NaN,0,NaN,NaN,NaN,0,"Alignment correlation 0.013 is below threshold 0.100."
1033,0,633202540,NaN,0,NaN,NaN,NaN,0,NaN,NaN,NaN,0,"Capture ends before SFD.
  preamble start (work) : 186325
  required end (work)   : 454548 (buffer length 408501, short by 46047)
  preamble_repetitions  : 256, SFD symbols: 8
  current sample_num    : 301662
  increase sample_num to at least 335667 (recommended 385667)."
1034,0,633392171,NaN,0,NaN,NaN,NaN,0,NaN,NaN,NaN,0,"The decoded PSDU must contain a nonempty whole number of bytes."
1035,0,633771052,NaN,0,NaN,NaN,NaN,0,NaN,NaN,NaN,0,"The decoded PSDU must contain a nonempty whole number of bytes."
1036,0,633978988,NaN,0,NaN,NaN,NaN,0,NaN,NaN,NaN,0,"Capture ends before SFD.
  preamble start (work) : 159910
  required end (work)   : 428134 (buffer length 408501, short by 19633)
  preamble_repetitions  : 256, SFD symbols: 8
  current sample_num    : 301662
  increase sample_num to at least 316161 (recommended 366161)."
1037,0,634367212,NaN,0,NaN,NaN,NaN,0,NaN,NaN,NaN,0,"Capture ends before SFD.
  preamble start (work) : 146702
  required end (work)   : 414925 (buffer length 408501, short by 6424)
  preamble_repetitions  : 256, SFD symbols: 8
  current sample_num    : 301662
  increase sample_num to at least 306407 (recommended 356407)."
1038,0,634755436,NaN,0,NaN,NaN,NaN,0,NaN,NaN,NaN,0,"Input ternarySymbols is too short: need samples 134113:144864."
1039,0,636252812,NaN,0,NaN,NaN,NaN,0,NaN,NaN,NaN,0,"Capture ends before SFD.
  preamble start (work) : 155846
  required end (work)   : 424069 (buffer length 408501, short by 15568)
  preamble_repetitions  : 256, SFD symbols: 8
  current sample_num    : 301662
  increase sample_num to at least 313159 (recommended 363159)."
1040,0,636592108,NaN,0,NaN,NaN,NaN,0,NaN,NaN,NaN,0,"Capture ends before SFD.
  preamble start (work) : 208894
  required end (work)   : 477117 (buffer length 408501, short by 68616)
  preamble_repetitions  : 256, SFD symbols: 8
  current sample_num    : 301662
  increase sample_num to at least 352333 (recommended 402333)."
1041,0,636798828,NaN,0,NaN,NaN,NaN,0,NaN,NaN,NaN,0,"Alignment correlation 0.014 is below threshold 0.100."
1042,1,637931566,637931566,306208,0.980473753,-23689.1857,-100.028795,-107.736002,623077.021,621729.715,0.00940110233,0,""
1043,0,638956876,NaN,0,NaN,NaN,NaN,0,NaN,NaN,NaN,0,"Alignment correlation 0.029 is below threshold 0.100."
1044,1,639461954,639461955,223028,0.857158126,-23341.8818,105.15903,15.8778956,601493.645,600790.246,0.00508170276,0,""
1045,0,639684556,NaN,0,NaN,NaN,NaN,0,NaN,NaN,NaN,0,"Input ternarySymbols is too short: need samples 134113:144864."
1046,0,640412236,NaN,0,NaN,NaN,NaN,0,NaN,NaN,NaN,0,"Capture ends before SFD.
  preamble start (work) : 160926
  required end (work)   : 429149 (buffer length 408501, short by 20648)
  preamble_repetitions  : 256, SFD symbols: 8
  current sample_num    : 301662
  increase sample_num to at least 316911 (recommended 366911)."
1047,0,641121452,NaN,0,NaN,NaN,NaN,0,NaN,NaN,NaN,0,"Capture ends before SFD.
  preamble start (work) : 225553
  required end (work)   : 493776 (buffer length 408501, short by 85275)
  preamble_repetitions  : 256, SFD symbols: 8
  current sample_num    : 301662
  increase sample_num to at least 364635 (recommended 414635)."
1048,0,641328235,NaN,0,NaN,NaN,NaN,0,NaN,NaN,NaN,0,"Alignment correlation 0.014 is below threshold 0.100."
1049,0,641909612,NaN,0,NaN,NaN,NaN,0,NaN,NaN,NaN,0,"Capture ends before SFD.
  preamble start (work) : 183278
  required end (work)   : 451501 (buffer length 408501, short by 43000)
  preamble_repetitions  : 256, SFD symbols: 8
  current sample_num    : 301662
  increase sample_num to at least 333417 (recommended 383417)."
1050,0,642297836,NaN,0,NaN,NaN,NaN,0,NaN,NaN,NaN,0,"Capture ends before SFD.
  preamble start (work) : 170070
  required end (work)   : 438293 (buffer length 408501, short by 29792)
  preamble_repetitions  : 256, SFD symbols: 8
  current sample_num    : 301662
  increase sample_num to at least 323663 (recommended 373663)."
1051,0,643599620,NaN,0,NaN,NaN,NaN,0,NaN,NaN,NaN,0,"The decoded PSDU must contain a nonempty whole number of bytes."
1052,0,644953132,NaN,0,NaN,NaN,NaN,0,NaN,NaN,NaN,0,"Capture ends before SFD.
  preamble start (work) : 161941
  required end (work)   : 430164 (buffer length 408501, short by 21663)
  preamble_repetitions  : 256, SFD symbols: 8
  current sample_num    : 301662
  increase sample_num to at least 317660 (recommended 367660)."
1053,0,645341356,NaN,0,NaN,NaN,NaN,0,NaN,NaN,NaN,0,"Capture ends before SFD.
  preamble start (work) : 148734
  required end (work)   : 416958 (buffer length 408501, short by 8457)
  preamble_repetitions  : 256, SFD symbols: 8
  current sample_num    : 301662
  increase sample_num to at least 307908 (recommended 357908)."
1054,0,645729580,NaN,0,NaN,NaN,NaN,0,NaN,NaN,NaN,0,"Input ternarySymbols is too short: need samples 134113:144864."
1055,1,646266170,646266170,313014,0.979704558,-6493.76743,-208.42202,664.706079,638422.192,607978.792,0.212195449,0,""
1056,0,646499276,NaN,0,NaN,NaN,NaN,0,NaN,NaN,NaN,0,"Input ternarySymbols is too short: need samples 144865:154080."
1057,1,647014858,647014858,243445,0.957317595,-33211.0472,10.2770843,-66.6519525,637373.631,637083.261,0.00197897551,0,""
1058,1,647322052,647322052,227565,0.857070407,-4135.55848,425.390961,1532.71459,1072833.59,914790.323,0.692107993,1,""
1059,0,647759044,NaN,0,NaN,NaN,NaN,0,NaN,NaN,NaN,0,"A reliable repeated preamble was not found. Check receiver settings."
1060,1,648098500,648098500,227565,0.85525226,-13710.1673,128.800706,-253.422033,964870.479,959796.335,0.0228993159,1,""
1061,1,648528740,648528740,237395,0.957309701,-7814.73444,331.608454,354.581879,652737.029,638058.107,0.0987801983,0,""
1062,0,650032868,NaN,0,NaN,NaN,NaN,0,NaN,NaN,NaN,0,"The decoded PSDU must contain a nonempty whole number of bytes."
1063,0,650430096,NaN,0,NaN,NaN,NaN,0,NaN,NaN,NaN,0,"The decoded PSDU must contain a nonempty whole number of bytes."
1064,0,650802220,NaN,0,NaN,NaN,NaN,0,NaN,NaN,NaN,0,"The decoded PSDU must contain a nonempty whole number of bytes."
1065,0,651046924,NaN,0,NaN,NaN,NaN,0,NaN,NaN,NaN,0,"Input ternarySymbols is too short: need samples 144865:154080."
1066,0,652704044,NaN,0,NaN,NaN,NaN,0,NaN,NaN,NaN,0,"The decoded PSDU must contain a nonempty whole number of bytes."
1067,1,653027620,653027621,257056,0.857516537,-3936.87366,-864.996451,-1229.5317,813140.629,672116.622,0.827210251,0,""
1068,0,653320748,NaN,0,NaN,NaN,NaN,0,NaN,NaN,NaN,0,"Input ternarySymbols is too short: need samples 144865:154080."
1069,0,654247813,NaN,0,NaN,NaN,NaN,0,NaN,NaN,NaN,0,"The decoded PSDU must contain a nonempty whole number of bytes."
1070,0,654576204,NaN,0,NaN,NaN,NaN,0,NaN,NaN,NaN,0,"The decoded PSDU must contain a nonempty whole number of bytes."
1071,1,654913220,654913221,227565,0.855628539,-3458.20598,-299.203662,1921.84873,953246.07,716777.532,1.2382064,1,""
1072,0,655724620,NaN,0,NaN,NaN,NaN,0,NaN,NaN,NaN,0,"Alignment correlation 0.014 is below threshold 0.100."
1073,0,656118892,NaN,0,NaN,NaN,NaN,0,NaN,NaN,NaN,0,"Alignment correlation 0.015 is below threshold 0.100."
1074,0,656479276,NaN,0,NaN,NaN,NaN,0,NaN,NaN,NaN,0,"The decoded PSDU must contain a nonempty whole number of bytes."
1075,0,657424652,NaN,0,NaN,NaN,NaN,0,NaN,NaN,NaN,0,"Capture ends before SFD.
  preamble start (work) : 186325
  required end (work)   : 454548 (buffer length 408501, short by 46047)
  preamble_repetitions  : 256, SFD symbols: 8
  current sample_num    : 301662
  increase sample_num to at least 335667 (recommended 385667)."
1076,0,657614283,NaN,0,NaN,NaN,NaN,0,NaN,NaN,NaN,0,"The decoded PSDU must contain a nonempty whole number of bytes."
1077,0,657812876,NaN,0,NaN,NaN,NaN,0,NaN,NaN,NaN,0,"Capture ends before SFD.
  preamble start (work) : 173117
  required end (work)   : 441340 (buffer length 408501, short by 32839)
  preamble_repetitions  : 256, SFD symbols: 8
  current sample_num    : 301662
  increase sample_num to at least 325913 (recommended 375913)."
1078,0,658201100,NaN,0,NaN,NaN,NaN,0,NaN,NaN,NaN,0,"Capture ends before SFD.
  preamble start (work) : 159909
  required end (work)   : 428132 (buffer length 408501, short by 19631)
  preamble_repetitions  : 256, SFD symbols: 8
  current sample_num    : 301662
  increase sample_num to at least 316160 (recommended 366160)."
1079,0,658589324,NaN,0,NaN,NaN,NaN,0,NaN,NaN,NaN,0,"Capture ends before SFD.
  preamble start (work) : 146702
  required end (work)   : 414925 (buffer length 408501, short by 6424)
  preamble_repetitions  : 256, SFD symbols: 8
  current sample_num    : 301662
  increase sample_num to at least 306407 (recommended 356407)."
1080,1,659072644,659072645,227565,0.855251358,-5148.6334,-972.217604,108.197091,974014.684,914241.654,0.275044999,1,""
1081,0,659317004,NaN,0,NaN,NaN,NaN,0,NaN,NaN,NaN,0,"Capture ends before SFD.
  preamble start (work) : 186326
  required end (work)   : 454549 (buffer length 408501, short by 46048)
  preamble_repetitions  : 256, SFD symbols: 8
  current sample_num    : 301662
  increase sample_num to at least 335667 (recommended 385667)."
1082,0,660474924,NaN,0,NaN,NaN,NaN,0,NaN,NaN,NaN,0,"Capture ends before SFD.
  preamble start (work) : 155846
  required end (work)   : 424069 (buffer length 408501, short by 15568)
  preamble_repetitions  : 256, SFD symbols: 8
  current sample_num    : 301662
  increase sample_num to at least 313159 (recommended 363159)."
1083,0,660863148,NaN,0,NaN,NaN,NaN,0,NaN,NaN,NaN,0,"Capture ends before SFD.
  preamble start (work) : 142638
  required end (work)   : 410861 (buffer length 408501, short by 2360)
  preamble_repetitions  : 256, SFD symbols: 8
  current sample_num    : 301662
  increase sample_num to at least 303406 (recommended 353406)."
1084,1,661296950,661296950,227565,0.85868627,-1656.92493,-1470.08173,3277.55847,1230230.17,424025.77,4.62594123,1,""
1085,1,661786540,661786461,232102,0.861116126,-3448.77463,263.578404,1197.88158,607220.813,513363.134,0.729219716,0,""
1086,0,662156332,NaN,0,NaN,NaN,NaN,0,NaN,NaN,NaN,0,"The decoded PSDU must contain a nonempty whole number of bytes."
1087,0,663293996,NaN,0,NaN,NaN,NaN,0,NaN,NaN,NaN,0,"The decoded PSDU must contain a nonempty whole number of bytes."
1088,0,663518444,NaN,0,NaN,NaN,NaN,0,NaN,NaN,NaN,0,"Input ternarySymbols is too short: need samples 134113:144864."
1089,0,663955436,NaN,0,NaN,NaN,NaN,0,NaN,NaN,NaN,0,"Alignment correlation 0.013 is below threshold 0.100."
1090,0,664246124,NaN,0,NaN,NaN,NaN,0,NaN,NaN,NaN,0,"Capture ends before SFD.
  preamble start (work) : 174134
  required end (work)   : 442357 (buffer length 408501, short by 33856)
  preamble_repetitions  : 256, SFD symbols: 8
  current sample_num    : 301662
  increase sample_num to at least 326664 (recommended 376664)."
1091,0,664435005,NaN,0,NaN,NaN,NaN,0,NaN,NaN,NaN,0,"The decoded PSDU must contain a nonempty whole number of bytes."
1092,0,664778212,NaN,0,NaN,NaN,NaN,0,NaN,NaN,NaN,0,"Capture ends before SFD.
  preamble start (work) : 478622
  required end (work)   : 746845 (buffer length 519111, short by 227734)
  preamble_repetitions  : 256, SFD symbols: 8
  current sample_num    : 383343
  increase sample_num to at least 551517 (recommended 601517)."
1093,0,665362028,NaN,0,NaN,NaN,NaN,0,NaN,NaN,NaN,0,"Capture ends before SFD.
  preamble start (work) : 200550
  required end (work)   : 468773 (buffer length 408501, short by 60272)
  preamble_repetitions  : 256, SFD symbols: 8
  current sample_num    : 301662
  increase sample_num to at least 346171 (recommended 396171)."
1094,1,666275588,666275589,237395,0.856786407,-916.61706,-1993.53266,579.008373,871103.402,602231.909,1.60305947,0,""
1095,1,666615044,666615044,227565,0.858155654,-242.840692,-2265.30386,737.852547,1123582.52,768895.3,1.64737769,1,""
1096,0,667478667,NaN,0,NaN,NaN,NaN,0,NaN,NaN,NaN,0,"The decoded PSDU must contain a nonempty whole number of bytes."
1097,0,667824172,NaN,0,NaN,NaN,NaN,0,NaN,NaN,NaN,0,"The decoded PSDU must contain a nonempty whole number of bytes."
1098,0,669347275,NaN,0,NaN,NaN,NaN,0,NaN,NaN,NaN,0,"Alignment correlation 0.013 is below threshold 0.100."
1099,1,669714084,669714085,219247,0.857030902,-9616.7605,24.8203667,-104.977455,757412.583,756686.942,0.00416276343,0,""
1100,0,669951692,NaN,0,NaN,NaN,NaN,0,NaN,NaN,NaN,0,"Input ternarySymbols is too short: need samples 134113:144864."
1101,0,670291148,NaN,0,NaN,NaN,NaN,0,NaN,NaN,NaN,0,"Capture ends before SFD.
  preamble start (work) : 188358
  required end (work)   : 456581 (buffer length 408501, short by 48080)
  preamble_repetitions  : 256, SFD symbols: 8
  current sample_num    : 301662
  increase sample_num to at least 337168 (recommended 387168)."
1102,1,670480029,670480029,279742,0.95776313,3363.26888,226.240428,-650.344308,562916.388,533293.514,0.23477591,0,""
1103,0,670869804,NaN,0,NaN,NaN,NaN,0,NaN,NaN,NaN,0,"The decoded PSDU must contain a nonempty whole number of bytes."
1104,1,671236970,671236970,273692,0.956619655,8746.67458,-109.581608,-249.813949,569514.704,564892.719,0.0353896396,0,""
1105,0,671981156,NaN,0,NaN,NaN,NaN,0,NaN,NaN,NaN,0,"The decoded PSDU must contain a nonempty whole number of bytes."
1106,0,672564972,NaN,0,NaN,NaN,NaN,0,NaN,NaN,NaN,0,"Capture ends before SFD.
  preamble start (work) : 184294
  required end (work)   : 452517 (buffer length 408501, short by 44016)
  preamble_repetitions  : 256, SFD symbols: 8
  current sample_num    : 301662
  increase sample_num to at least 334167 (recommended 384167)."
1107,0,672750852,NaN,0,NaN,NaN,NaN,0,NaN,NaN,NaN,0,"The decoded PSDU must contain a nonempty whole number of bytes."
1108,0,674254980,NaN,0,NaN,NaN,NaN,0,NaN,NaN,NaN,0,"The decoded PSDU must contain a nonempty whole number of bytes."
1109,0,674651457,NaN,0,NaN,NaN,NaN,0,NaN,NaN,NaN,0,"X 应为 非空。"
1110,0,675024331,NaN,0,NaN,NaN,NaN,0,NaN,NaN,NaN,0,"The decoded PSDU must contain a nonempty whole number of bytes."
1111,0,675366572,NaN,0,NaN,NaN,NaN,0,NaN,NaN,NaN,0,"Alignment correlation 0.013 is below threshold 0.100."
1112,0,675608492,NaN,0,NaN,NaN,NaN,0,NaN,NaN,NaN,0,"Capture ends before SFD.
  preamble start (work) : 162958
  required end (work)   : 431181 (buffer length 408501, short by 22680)
  preamble_repetitions  : 256, SFD symbols: 8
  current sample_num    : 301662
  increase sample_num to at least 318411 (recommended 368411)."
1113,0,675792871,NaN,0,NaN,NaN,NaN,0,NaN,NaN,NaN,0,"The decoded PSDU must contain a nonempty whole number of bytes."
1114,0,676544560,NaN,0,NaN,NaN,NaN,0,NaN,NaN,NaN,0,"The decoded PSDU must contain a nonempty whole number of bytes."
1115,1,676914027,676914028,297890,0.855512707,-3375.97943,-930.670664,551.187083,605553.154,532323.449,0.559766732,0,""
1116,1,677637956,677637957,299402,0.856601923,-3525.43455,-147.340058,1334.90903,660519.185,547923.719,0.811653357,0,""
1117,0,677882316,NaN,0,NaN,NaN,NaN,0,NaN,NaN,NaN,0,"Capture ends before SFD.
  preamble start (work) : 158894
  required end (work)   : 427117 (buffer length 408501, short by 18616)
  preamble_repetitions  : 256, SFD symbols: 8
  current sample_num    : 301662
  increase sample_num to at least 315410 (recommended 365410)."
1118,1,678365636,678365636,227565,0.857020397,-10924.2841,-113.865126,70.8506589,1022549.6,1021426.61,0.00477213205,1,""
1119,0,678798316,NaN,0,NaN,NaN,NaN,0,NaN,NaN,NaN,0,"Alignment correlation 0.013 is below threshold 0.100."
1120,1,679474788,679474788,227565,0.859852966,-1101.90815,-68.99327,-2893.25839,1164220.71,640966.456,2.59200019,1,""
1121,0,679946731,NaN,0,NaN,NaN,NaN,0,NaN,NaN,NaN,0,"Alignment correlation 0.012 is below threshold 0.100."
1122,0,680701388,NaN,0,NaN,NaN,NaN,0,NaN,NaN,NaN,0,"Input ternarySymbols is too short: need samples 144864:221663."
1123,0,681836395,NaN,0,NaN,NaN,NaN,0,NaN,NaN,NaN,0,"The decoded PSDU must contain a nonempty whole number of bytes."
1124,0,682215276,NaN,0,NaN,NaN,NaN,0,NaN,NaN,NaN,0,"Input ternarySymbols is too short: need samples 144861:221148."
1125,0,682423212,NaN,0,NaN,NaN,NaN,0,NaN,NaN,NaN,0,"Capture ends before SFD.
  preamble start (work) : 159909
  required end (work)   : 428132 (buffer length 408501, short by 19631)
  preamble_repetitions  : 256, SFD symbols: 8
  current sample_num    : 301662
  increase sample_num to at least 316160 (recommended 366160)."
1126,0,682811436,NaN,0,NaN,NaN,NaN,0,NaN,NaN,NaN,0,"Capture ends before SFD.
  preamble start (work) : 146701
  required end (work)   : 414924 (buffer length 408501, short by 6423)
  preamble_repetitions  : 256, SFD symbols: 8
  current sample_num    : 301662
  increase sample_num to at least 306406 (recommended 356406)."
1127,1,683248239,683248239,227565,0.973599968,-1683.77719,1441.39882,3877.78045,1229717.1,160096.185,8.85424231,1,""
1128,0,683539116,NaN,0,NaN,NaN,NaN,0,NaN,NaN,NaN,0,"Capture ends before SFD.
  preamble start (work) : 186326
  required end (work)   : 454549 (buffer length 408501, short by 46048)
  preamble_repetitions  : 256, SFD symbols: 8
  current sample_num    : 301662
  increase sample_num to at least 335667 (recommended 385667)."
1129,0,683927339,NaN,0,NaN,NaN,NaN,0,NaN,NaN,NaN,0,"Capture ends before SFD.
  preamble start (work) : 173119
  required end (work)   : 441342 (buffer length 408501, short by 32841)
  preamble_repetitions  : 256, SFD symbols: 8
  current sample_num    : 301662
  increase sample_num to at least 325915 (recommended 375915)."
1130,0,684315564,NaN,0,NaN,NaN,NaN,0,NaN,NaN,NaN,0,"Capture ends before SFD.
  preamble start (work) : 159910
  required end (work)   : 428133 (buffer length 408501, short by 19632)
  preamble_repetitions  : 256, SFD symbols: 8
  current sample_num    : 301662
  increase sample_num to at least 316160 (recommended 366160)."
1131,0,685085260,NaN,0,NaN,NaN,NaN,0,NaN,NaN,NaN,0,"Capture ends before SFD.
  preamble start (work) : 142638
  required end (work)   : 410861 (buffer length 408501, short by 2360)
  preamble_repetitions  : 256, SFD symbols: 8
  current sample_num    : 301662
  increase sample_num to at least 303406 (recommended 353406)."
1132,0,685424716,NaN,0,NaN,NaN,NaN,0,NaN,NaN,NaN,0,"Capture ends before SFD.
  preamble start (work) : 195470
  required end (work)   : 463693 (buffer length 408501, short by 55192)
  preamble_repetitions  : 256, SFD symbols: 8
  current sample_num    : 301662
  increase sample_num to at least 342420 (recommended 392420)."
1133,0,685812940,NaN,0,NaN,NaN,NaN,0,NaN,NaN,NaN,0,"Capture ends before SFD.
  preamble start (work) : 182262
  required end (work)   : 450485 (buffer length 408501, short by 41984)
  preamble_repetitions  : 256, SFD symbols: 8
  current sample_num    : 301662
  increase sample_num to at least 332666 (recommended 382666)."
1134,0,686378444,NaN,0,NaN,NaN,NaN,0,NaN,NaN,NaN,0,"The decoded PSDU must contain a nonempty whole number of bytes."
1135,0,686970860,NaN,0,NaN,NaN,NaN,0,NaN,NaN,NaN,0,"Capture ends before SFD.
  preamble start (work) : 151782
  required end (work)   : 420005 (buffer length 408501, short by 11504)
  preamble_repetitions  : 256, SFD symbols: 8
  current sample_num    : 301662
  increase sample_num to at least 310158 (recommended 360158)."
1136,0,687359084,NaN,0,NaN,NaN,NaN,0,NaN,NaN,NaN,0,"Input ternarySymbols is too short: need samples 134113:144864."
1137,0,688659468,NaN,0,NaN,NaN,NaN,0,NaN,NaN,NaN,0,"Alignment correlation 0.093 is below threshold 0.100."
1138,1,688951556,688951556,227565,0.857452523,-6089.97282,20.993927,65.2125282,1084519.65,1084227.48,0.00117010912,1,""
1139,1,689426062,689426063,246469,0.855967534,-35750.6699,-15.3800476,61.7915282,515409.559,515148.064,0.00220396407,0,""
1140,0,689801260,NaN,0,NaN,NaN,NaN,0,NaN,NaN,NaN,0,"Alignment correlation 0.014 is below threshold 0.100."
1141,0,690742060,NaN,0,NaN,NaN,NaN,0,NaN,NaN,NaN,0,"Capture ends before SFD.
  preamble start (work) : 170070
  required end (work)   : 438293 (buffer length 408501, short by 29792)
  preamble_repetitions  : 256, SFD symbols: 8
  current sample_num    : 301662
  increase sample_num to at least 323663 (recommended 373663)."
1142,0,691662372,NaN,0,NaN,NaN,NaN,0,NaN,NaN,NaN,0,"The decoded PSDU must contain a nonempty whole number of bytes."
1143,0,692046284,NaN,0,NaN,NaN,NaN,0,NaN,NaN,NaN,0,"Alignment correlation 0.013 is below threshold 0.100."
1144,0,692447073,NaN,0,NaN,NaN,NaN,0,NaN,NaN,NaN,0,"Capture ends before SFD.
  preamble start (work) : 423758
  required end (work)   : 691981 (buffer length 525244, short by 166737)
  preamble_repetitions  : 256, SFD symbols: 8
  current sample_num    : 387872
  increase sample_num to at least 511002 (recommended 561002)."
1145,0,693569388,NaN,0,NaN,NaN,NaN,0,NaN,NaN,NaN,0,"The decoded PSDU must contain a nonempty whole number of bytes."
1146,0,693834348,NaN,0,NaN,NaN,NaN,0,NaN,NaN,NaN,0,"Alignment correlation 0.027 is below threshold 0.100."
1147,0,694173804,NaN,0,NaN,NaN,NaN,0,NaN,NaN,NaN,0,"Input ternarySymbols is too short: need samples 134113:144864."
1148,0,694513260,NaN,0,NaN,NaN,NaN,0,NaN,NaN,NaN,0,"Capture ends before SFD.
  preamble start (work) : 188358
  required end (work)   : 456581 (buffer length 408501, short by 48080)
  preamble_repetitions  : 256, SFD symbols: 8
  current sample_num    : 301662
  increase sample_num to at least 337168 (recommended 387168)."
1149,0,695459082,NaN,0,NaN,NaN,NaN,0,NaN,NaN,NaN,0,"The decoded PSDU must contain a nonempty whole number of bytes."
1150,0,696205708,NaN,0,NaN,NaN,NaN,0,NaN,NaN,NaN,0,"Input ternarySymbols is too short: need samples 144862:215005."
1151,0,696398860,NaN,0,NaN,NaN,NaN,0,NaN,NaN,NaN,0,"Capture ends before SFD.
  preamble start (work) : 197502
  required end (work)   : 465725 (buffer length 408501, short by 57224)
  preamble_repetitions  : 256, SFD symbols: 8
  current sample_num    : 301662
  increase sample_num to at least 343920 (recommended 393920)."
1152,0,696594493,NaN,0,NaN,NaN,NaN,0,NaN,NaN,NaN,0,"Capture ends before SFD.
  preamble start (work) : 445094
  required end (work)   : 713317 (buffer length 498606, short by 214711)
  preamble_repetitions  : 256, SFD symbols: 8
  current sample_num    : 368201
  increase sample_num to at least 526758 (recommended 576758)."
1153,1,697270404,697270404,227565,0.858409888,-2423.59031,1759.87025,-2073.46958,1126855.95,664718.377,2.29230718,1,""
1154,0,698477092,NaN,0,NaN,NaN,NaN,0,NaN,NaN,NaN,0,"Capture ends before SFD.
  preamble start (work) : 458302
  required end (work)   : 726525 (buffer length 499649, short by 226876)
  preamble_repetitions  : 256, SFD symbols: 8
  current sample_num    : 368971
  increase sample_num to at least 536511 (recommended 586511)."
1155,0,699246444,NaN,0,NaN,NaN,NaN,0,NaN,NaN,NaN,0,"The decoded PSDU must contain a nonempty whole number of bytes."
1156,0,699830604,NaN,0,NaN,NaN,NaN,0,NaN,NaN,NaN,0,"Capture ends before SFD.
  preamble start (work) : 162957
  required end (work)   : 431180 (buffer length 408501, short by 22679)
  preamble_repetitions  : 256, SFD symbols: 8
  current sample_num    : 301662
  increase sample_num to at least 318410 (recommended 368410)."
1157,0,700362692,NaN,0,NaN,NaN,NaN,0,NaN,NaN,NaN,0,"The decoded PSDU must contain a nonempty whole number of bytes."
1158,0,700766672,NaN,0,NaN,NaN,NaN,0,NaN,NaN,NaN,0,"The decoded PSDU must contain a nonempty whole number of bytes."
1159,0,701148268,NaN,0,NaN,NaN,NaN,0,NaN,NaN,NaN,0,"The decoded PSDU must contain a nonempty whole number of bytes."
1160,0,701862508,NaN,0,NaN,NaN,NaN,0,NaN,NaN,NaN,0,"The decoded PSDU must contain a nonempty whole number of bytes."
1161,0,702104428,NaN,0,NaN,NaN,NaN,0,NaN,NaN,NaN,0,"Capture ends before SFD.
  preamble start (work) : 158894
  required end (work)   : 427117 (buffer length 408501, short by 18616)
  preamble_repetitions  : 256, SFD symbols: 8
  current sample_num    : 301662
  increase sample_num to at least 315410 (recommended 365410)."
1162,0,702492652,NaN,0,NaN,NaN,NaN,0,NaN,NaN,NaN,0,"Capture ends before SFD.
  preamble start (work) : 145686
  required end (work)   : 413909 (buffer length 408501, short by 5408)
  preamble_repetitions  : 256, SFD symbols: 8
  current sample_num    : 301662
  increase sample_num to at least 305656 (recommended 355656)."
1163,1,702975972,702975972,227565,0.855479974,-9733.28668,85.9331846,-482.273448,969235.706,954253.155,0.0676580033,1,""
1164,0,704923500,NaN,0,NaN,NaN,NaN,0,NaN,NaN,NaN,0,"The decoded PSDU must contain a nonempty whole number of bytes."
1165,0,706813197,NaN,0,NaN,NaN,NaN,0,NaN,NaN,NaN,0,"The decoded PSDU must contain a nonempty whole number of bytes."
1166,0,707033548,NaN,0,NaN,NaN,NaN,0,NaN,NaN,NaN,0,"Capture ends before SFD.
  preamble start (work) : 146701
  required end (work)   : 414924 (buffer length 408501, short by 6423)
  preamble_repetitions  : 256, SFD symbols: 8
  current sample_num    : 301662
  increase sample_num to at least 306406 (recommended 356406)."
1167,0,707519308,NaN,0,NaN,NaN,NaN,0,NaN,NaN,NaN,0,"Alignment correlation 0.014 is below threshold 0.100."
1168,0,707761228,NaN,0,NaN,NaN,NaN,0,NaN,NaN,NaN,0,"Capture ends before SFD.
  preamble start (work) : 186326
  required end (work)   : 454549 (buffer length 408501, short by 46048)
  preamble_repetitions  : 256, SFD symbols: 8
  current sample_num    : 301662
  increase sample_num to at least 335667 (recommended 385667)."
1169,0,707950859,NaN,0,NaN,NaN,NaN,0,NaN,NaN,NaN,0,"The decoded PSDU must contain a nonempty whole number of bytes."
1170,1,708327079,708327079,307720,0.956778706,6119.61491,72.0931286,25.1548922,627347.173,626978.092,0.00255579095,0,""
1171,0,708537676,NaN,0,NaN,NaN,NaN,0,NaN,NaN,NaN,0,"Capture ends before SFD.
  preamble start (work) : 159910
  required end (work)   : 428133 (buffer length 408501, short by 19632)
  preamble_repetitions  : 256, SFD symbols: 8
  current sample_num    : 301662
  increase sample_num to at least 316160 (recommended 366160)."
1172,0,708925900,NaN,0,NaN,NaN,NaN,0,NaN,NaN,NaN,0,"Capture ends before SFD.
  preamble start (work) : 146702
  required end (work)   : 414925 (buffer length 408501, short by 6424)
  preamble_repetitions  : 256, SFD symbols: 8
  current sample_num    : 301662
  increase sample_num to at least 306407 (recommended 356407)."
1173,0,709695596,NaN,0,NaN,NaN,NaN,0,NaN,NaN,NaN,0,"Input ternarySymbols is too short: need samples 134113:144864."
1174,0,710035052,NaN,0,NaN,NaN,NaN,0,NaN,NaN,NaN,0,"Capture ends before SFD.
  preamble start (work) : 182262
  required end (work)   : 450485 (buffer length 408501, short by 41984)
  preamble_repetitions  : 256, SFD symbols: 8
  current sample_num    : 301662
  increase sample_num to at least 332666 (recommended 382666)."
1175,0,710240439,NaN,0,NaN,NaN,NaN,0,NaN,NaN,NaN,0,"The decoded PSDU must contain a nonempty whole number of bytes."
1176,0,710600556,NaN,0,NaN,NaN,NaN,0,NaN,NaN,NaN,0,"Alignment correlation 0.013 is below threshold 0.100."
1177,0,710988492,NaN,0,NaN,NaN,NaN,0,NaN,NaN,NaN,0,"The decoded PSDU must contain a nonempty whole number of bytes."
1178,0,712881580,NaN,0,NaN,NaN,NaN,0,NaN,NaN,NaN,0,"Alignment correlation 0.091 is below threshold 0.100."
1179,0,713078572,NaN,0,NaN,NaN,NaN,0,NaN,NaN,NaN,0,"Capture ends before SFD.
  preamble start (work) : 160925
  required end (work)   : 429148 (buffer length 408501, short by 20647)
  preamble_repetitions  : 256, SFD symbols: 8
  current sample_num    : 301662
  increase sample_num to at least 316910 (recommended 366910)."
1180,0,715401164,NaN,0,NaN,NaN,NaN,0,NaN,NaN,NaN,0,"Alignment correlation 0.038 is below threshold 0.100."
1181,0,715884484,NaN,0,NaN,NaN,NaN,0,NaN,NaN,NaN,0,"The decoded PSDU must contain a nonempty whole number of bytes."
1182,0,717381860,NaN,0,NaN,NaN,NaN,0,NaN,NaN,NaN,0,"The decoded PSDU must contain a nonempty whole number of bytes."
1183,1,718158308,718158308,235127,0.868353566,-4953.14064,738.275003,-903.394081,707608.559,622590.062,0.555908934,0,""
1184,0,718566892,NaN,0,NaN,NaN,NaN,0,NaN,NaN,NaN,0,"Alignment correlation 0.091 is below threshold 0.100."
1185,0,719511820,NaN,0,NaN,NaN,NaN,0,NaN,NaN,NaN,0,"Capture ends before SFD.
  preamble start (work) : 161942
  required end (work)   : 430165 (buffer length 408501, short by 21664)
  preamble_repetitions  : 256, SFD symbols: 8
  current sample_num    : 301662
  increase sample_num to at least 317661 (recommended 367661)."
1186,0,720427820,NaN,0,NaN,NaN,NaN,0,NaN,NaN,NaN,0,"Alignment correlation 0.015 is below threshold 0.100."
1187,0,721009196,NaN,0,NaN,NaN,NaN,0,NaN,NaN,NaN,0,"Capture ends before SFD.
  preamble start (work) : 184294
  required end (work)   : 452517 (buffer length 408501, short by 44016)
  preamble_repetitions  : 256, SFD symbols: 8
  current sample_num    : 301662
  increase sample_num to at least 334167 (recommended 384167)."
1188,1,721203329,721203329,223028,0.956986539,-8769.09536,89.570999,408.37981,647698.967,636740.153,0.074109669,0,""
1189,0,721834412,NaN,0,NaN,NaN,NaN,0,NaN,NaN,NaN,0,"Alignment correlation 0.037 is below threshold 0.100."
1190,0,722173868,NaN,0,NaN,NaN,NaN,0,NaN,NaN,NaN,0,"Capture ends before SFD.
  preamble start (work) : 144670
  required end (work)   : 412893 (buffer length 408501, short by 4392)
  preamble_repetitions  : 256, SFD symbols: 8
  current sample_num    : 301662
  increase sample_num to at least 304906 (recommended 354906)."
1191,0,722701644,NaN,0,NaN,NaN,NaN,0,NaN,NaN,NaN,0,"Alignment correlation 0.013 is below threshold 0.100."
1192,0,723468556,NaN,0,NaN,NaN,NaN,0,NaN,NaN,NaN,0,"Alignment correlation 0.012 is below threshold 0.100."
1193,0,724248460,NaN,0,NaN,NaN,NaN,0,NaN,NaN,NaN,0,"Input ternarySymbols is too short: need samples 144860:210395."
1194,0,724988784,NaN,0,NaN,NaN,NaN,0,NaN,NaN,NaN,0,"The decoded PSDU must contain a nonempty whole number of bytes."
1195,1,725358251,725358252,264618,0.856396492,-23111.9817,150.18719,82.7426859,589451.96,587623.635,0.0134916076,0,""
1196,0,726084620,NaN,0,NaN,NaN,NaN,0,NaN,NaN,NaN,0,"The decoded PSDU must contain a nonempty whole number of bytes."
1197,0,726326540,NaN,0,NaN,NaN,NaN,0,NaN,NaN,NaN,0,"Capture ends before SFD.
  preamble start (work) : 158893
  required end (work)   : 427116 (buffer length 408501, short by 18615)
  preamble_repetitions  : 256, SFD symbols: 8
  current sample_num    : 301662
  increase sample_num to at least 315409 (recommended 365409)."
1198,1,726809860,726809860,227565,0.85597142,-14438.7199,-216.416109,-203.178934,1023673.83,1018160.18,0.0234549318,1,""
1199,0,727054219,NaN,0,NaN,NaN,NaN,0,NaN,NaN,NaN,0,"Capture ends before SFD.
  preamble start (work) : 198519
  required end (work)   : 466742 (buffer length 408501, short by 58241)
  preamble_repetitions  : 256, SFD symbols: 8
  current sample_num    : 301662
  increase sample_num to at least 344672 (recommended 394672)."
1200,0,727491212,NaN,0,NaN,NaN,NaN,0,NaN,NaN,NaN,0,"Input ternarySymbols is too short: need samples 134113:144864."
1201,0,729132452,NaN,0,NaN,NaN,NaN,0,NaN,NaN,NaN,0,"The decoded PSDU must contain a nonempty whole number of bytes."
1202,0,730280619,NaN,0,NaN,NaN,NaN,0,NaN,NaN,NaN,0,"The decoded PSDU must contain a nonempty whole number of bytes."
1203,0,731255660,NaN,0,NaN,NaN,NaN,0,NaN,NaN,NaN,0,"Capture ends before SFD.
  preamble start (work) : 146701
  required end (work)   : 414924 (buffer length 408501, short by 6423)
  preamble_repetitions  : 256, SFD symbols: 8
  current sample_num    : 301662
  increase sample_num to at least 306406 (recommended 356406)."
1204,0,731643884,NaN,0,NaN,NaN,NaN,0,NaN,NaN,NaN,0,"Input ternarySymbols is too short: need samples 134113:144864."
1205,0,731983339,NaN,0,NaN,NaN,NaN,0,NaN,NaN,NaN,0,"Capture ends before SFD.
  preamble start (work) : 186327
  required end (work)   : 454550 (buffer length 408501, short by 46049)
  preamble_repetitions  : 256, SFD symbols: 8
  current sample_num    : 301662
  increase sample_num to at least 335668 (recommended 385668)."
1206,1,732172971,732172971,303939,0.971536163,-35326.6209,2.53471222,34.1866271,618905.312,618833.428,0.000504453317,0,""
1207,0,732759788,NaN,0,NaN,NaN,NaN,0,NaN,NaN,NaN,0,"Capture ends before SFD.
  preamble start (work) : 159910
  required end (work)   : 428133 (buffer length 408501, short by 19632)
  preamble_repetitions  : 256, SFD symbols: 8
  current sample_num    : 301662
  increase sample_num to at least 316160 (recommended 366160)."
1208,0,733148012,NaN,0,NaN,NaN,NaN,0,NaN,NaN,NaN,0,"Capture ends before SFD.
  preamble start (work) : 146702
  required end (work)   : 414925 (buffer length 408501, short by 6424)
  preamble_repetitions  : 256, SFD symbols: 8
  current sample_num    : 301662
  increase sample_num to at least 306407 (recommended 356407)."
1209,0,734257164,NaN,0,NaN,NaN,NaN,0,NaN,NaN,NaN,0,"Capture ends before SFD.
  preamble start (work) : 182262
  required end (work)   : 450485 (buffer length 408501, short by 41984)
  preamble_repetitions  : 256, SFD symbols: 8
  current sample_num    : 301662
  increase sample_num to at least 332666 (recommended 382666)."
1210,0,734822668,NaN,0,NaN,NaN,NaN,0,NaN,NaN,NaN,0,"The decoded PSDU must contain a nonempty whole number of bytes."
1211,0,735210603,NaN,0,NaN,NaN,NaN,0,NaN,NaN,NaN,0,"Alignment correlation 0.048 is below threshold 0.100."
1212,0,735960332,NaN,0,NaN,NaN,NaN,0,NaN,NaN,NaN,0,"Alignment correlation 0.015 is below threshold 0.100."
1213,0,736530988,NaN,0,NaN,NaN,NaN,0,NaN,NaN,NaN,0,"Capture ends before SFD.
  preamble start (work) : 178198
  required end (work)   : 446421 (buffer length 408501, short by 37920)
  preamble_repetitions  : 256, SFD symbols: 8
  current sample_num    : 301662
  increase sample_num to at least 329665 (recommended 379665)."
