index,success,abs_start_detected,abs_start_fitted,samples_subtracted,alignment_correlation,integer_alignment_correlation,fractional_delay_samples,fitted_cfo_hz,global_gain,phr_gain,payload_gain,frame_suppression_db,clipped_component_count,fcs_pass,message
1,1,18818,18818,227565,0.986916161471771,0.964584321277465,0.19,-1625.69926732365,3343.13541690013-2811.59344657075i,0.857838034704894-0.00747068050673692i,0.873892662274926-0.0336173940412197i,14.4225373309291,0,1,
2,1,397289,397289,227565,0.987570830870098,0.974841144748842,-0.12,-1641.22023016357,-2664.88552577692+3431.45186973043i,0.861751370191304-0.0391080913936762i,0.88294223942754-0.0382080017967245i,14.7321142645571,0,1,
3,1,775760,775760,227565,0.986863292253213,0.955083053205043,-0.23,-1629.894318504,1256.26080673592-4200.92766204086i,0.858525042044553-0.0329612102250828i,0.872016210072988-0.0368326125791957i,14.4566449235899,0,1,
4,1,1154230,1154230,227565,0.987120615044011,0.962988996621353,-0.2,-1650.90531922354,-1697.01660235091+4028.89504999858i,0.85961299821753-0.0309989781610807i,0.879479699503784-0.0454479630492355i,14.5062833527419,0,1,
5,1,1532701,1532701,227565,0.986323614210628,0.932209148132656,-0.31,-1632.46193846886,228.893508843054-4411.63673202378i,0.855498806711621-0.0220508067101432i,0.87716877870493-0.0529619093908104i,14.3027331962894,0,1,
6,1,1911171,1911171,227565,0.987392130687738,0.966671142770516,0.18,-1608.72580493202,464.609559093542+4350.7639839911i,0.858256858181387-0.0143841748569574i,0.871504877494792-0.0687237400502747i,14.5237843849315,0,1,
7,1,2289642,2289642,227565,0.985962239040359,0.903671110197429,-0.38,-1637.53817051923,-897.715697301857-4360.30854429101i,0.855884839709823+0.00289177678405337i,0.869039182347134-0.022257458987841i,14.1576586068,0,1,
8,1,2668112,2668112,227565,0.985916545614623,0.917258813466881,-0.35,-1612.20616906188,678.279692776562+4389.79652038166i,0.854642802585347-0.0396203497804658i,0.874914932364075-0.03027864226613i,14.2027494896074,0,1,
9,1,3046582,3046582,227565,0.986908168450507,0.950234962529318,0.25,-1618.59329626984,-1345.20317874364-4194.05433937265i,0.854521585329023-0.0208927065902014i,0.877226492425074-0.0466303804709158i,14.3701179528686,0,1,
10,1,3425053,3425053,227565,0.98655434472682,0.932686296187154,-0.31,-1628.32961352474,1859.0516345481+4019.45971264205i,0.857072271498531+0.00191591481189414i,0.87115424926756-0.0234016505847887i,14.2370472950169,0,1,
11,1,3803523,3803523,227565,0.98768658799417,0.96799770164388,0.18,-1639.55705345696,-2129.25450826093-3823.79754626707i,0.858318323212491-0.018953096411341i,0.879508452975726-0.0497209737810989i,14.4630934967925,0,1,
12,1,4181994,4181994,227565,0.987747604230319,0.980408879256108,0.0599999999999999,-1652.06178575574,3197.19690239035+2935.04246765161i,0.860787707280266-0.00538423509573084i,0.875810703114015-0.025461852447631i,14.6267337232424,0,1,
13,1,4560465,4560465,227565,0.985810859490083,0.855679470642448,-0.48,-1605.84010394443,-3694.55265800531-2511.29018306248i,0.852383722757762-0.0423259299069137i,0.864358567975108-0.0732911745530303i,14.0910041799927,0,1,
14,1,4938935,4938935,227565,0.986865765585449,0.982498153927715,0,-1661.98424327995,3768.7993818187+2140.92449390202i,0.864277138724126+0.0220931031664201i,0.88481376183265-0.0180138535355237i,14.7664985388503,0,1,
15,1,5317405,5317405,227565,0.98545347758,0.875716616362837,0.45,-1627.1465558498,-4175.58767291191-1578.89498473155i,0.852278814972928-0.050367597584836i,0.872176411997571-0.0640530723389725i,14.0490497125668,0,1,
16,1,5695876,5695876,227565,0.98597138216782,0.891926833927169,-0.41,-1645.85808587064,4094.01997897148+1764.51557497114i,0.855053533110066+0.0145566983269281i,0.868865236023535-0.00289087927589691i,14.0473874051398,0,1,
17,1,6074346,6074347,227565,0.986295596818964,0.96316387427058,-0.19,-1634.28874790658,-4367.11308680609+259.333202250561i,0.856649989572652-0.000744679355044402i,0.873133787434289-0.00881172007091025i,14.3639388406143,0,1,
18,1,6452817,6452817,227565,0.984184131111078,0.918741774066771,0.34,-1594.62194679085,4300.19711368291-1005.67343256154i,0.84601305087353-0.0329889431262524i,0.869542858314486-0.0686112957183536i,13.6715311565527,0,1,
19,1,6831287,6831287,227565,0.985989751626312,0.887363482095404,0.42,-1660.06792662096,-4418.02432776367+617.477019525368i,0.853439255337136+0.0117753615090279i,0.866020936105395-0.0252393849294884i,14.0446426516912,0,1,
20,1,7209758,7209758,227565,0.987948777033812,0.974200562031239,-0.14,-1652.25206930044,4241.49294401639-1016.93724943089i,0.862044261328435-0.0202290969179959i,0.881319264563212-0.0559987737045894i,14.5578977764999,0,1,
21,1,7588228,7588228,227565,0.986115839614189,0.894393584641749,0.4,-1644.24801093558,-4077.00522477369+1800.66543760506i,0.850505299371866-0.0148658364856198i,0.874279037273267-0.0393113826905682i,14.0631537489963,0,1,
22,1,7966699,7966699,227565,0.987297921221674,0.954745988104211,0.24,-1643.9990797756,3275.56315131309-2939.25308694126i,0.856372306828336-0.0232988995565659i,0.871349461268379-0.0208130683952494i,14.3851732921927,0,1,
23,1,8345170,8345170,227565,0.986213659507428,0.928472567417072,-0.32,-1658.46722048241,-2903.45562540201+3349.86618499173i,0.856878063487575-0.000474270976962542i,0.868392082600195-0.0389494901935369i,14.2457882285711,0,1,
24,1,8723640,8723640,227565,0.987649869481011,0.969931184907186,0.16,-1645.30944923348,2357.45936709216-3678.96190469257i,0.858352360745318-0.0217560948822963i,0.878878747296837-0.0313217933587305i,14.5790914421857,0,1,
25,1,9102111,9102111,227565,0.985987483841546,0.897900247104317,-0.4,-1653.17419454693,-1961.23420454181+4000.60670943791i,0.85446875728802+0.00289292733286266i,0.876284061917988-0.0221398647053114i,14.1500078364515,0,1,
26,1,9480581,9480581,227565,0.98678420351088,0.950677577660486,-0.25,-1633.59666547723,1892.11442508497-3975.28765777719i,0.858566877159947-0.0194712095672809i,0.873003620070481-0.0248314338995495i,14.4470619755429,0,1,
27,1,9859051,9859051,227565,0.986207864119848,0.913208755587942,0.36,-1615.30283917674,-1232.88244563608+4267.60480432678i,0.853412811957607-0.0224652659289752i,0.876799040348178-0.0321457067049591i,14.1573492472188,0,1,
28,1,10237522,10237522,227565,0.986730192582791,0.927898239964191,-0.32,-1607.74168292613,872.667563934376-4343.72039292059i,0.856092504239047-0.0447164378585302i,0.870383848709123-0.0595680595016201i,14.3537078018573,0,1,
29,1,10615993,10615993,227565,0.985800026209573,0.884576534822418,-0.43,-1621.24641206108,278.203980249821+4448.23040411865i,0.852159027944317-0.0428122923297817i,0.867130139823675-0.0546410309928546i,13.9841106485601,0,1,
30,1,10994463,10994463,227565,0.987262149831428,0.982445649805967,0.0399999999999999,-1642.12032695686,-598.639594737661-4292.20101912246i,0.861896758573454+0.00625360288641645i,0.88066880758646-0.000885425350470323i,14.6116193730374,0,1,
31,1,11372934,11372934,227565,0.986049305177633,0.849075750373764,-0.5,-1654.02117273962,1074.33258308031+4331.99595772203i,0.852819511873226-0.02857052329899i,0.866365237068556-0.0601308695174428i,14.0005298929359,0,1,
32,1,11751404,11751404,227565,0.987485659193973,0.982273876535667,-0.0399999999999999,-1627.36845874427,-1661.22102944713-4002.53392769756i,0.860481164019666-0.0128649270060821i,0.880621516751792-0.0513462582767611i,14.6817681864335,0,1,
33,1,12129874,12129874,227565,0.98708896961435,0.974437556812586,0.13,-1641.01522350465,1565.94186709286+4065.18249437529i,0.859605670864184-0.00739679141769139i,0.882123640886608-0.0366961375119096i,14.6402049508327,0,1,
34,1,12508345,12508345,227565,0.987441035991644,0.97611239141204,-0.12,-1641.31214950433,-2622.49652043125-3475.94262158741i,0.861104800750135+0.000618051500314382i,0.874376267132594-0.0466897949417927i,14.5718296239224,0,1,
35,1,12886815,12886815,227565,0.987600083750068,0.98243868926873,0.0499999999999999,-1629.69515825812,2638.61671929706+3441.93349006797i,0.861221568983569+0.01097619499577i,0.881825846816609-0.0309161642925757i,14.6434506272274,0,1,
36,1,13265286,13265286,227565,0.987517063066411,0.980605369061715,-0.0699999999999999,-1622.56300790801,-3567.68243826146-2471.29457414402i,0.862431746826496+0.0177307530113122i,0.877195612641212-0.0357057370957624i,14.6805366521456,0,1,
37,1,13643756,13643756,227565,0.98644938839875,0.896022046466032,0.4,-1645.25995754789,3864.60446247005+2213.5905839453i,0.852786563550926-0.0282205978875448i,0.866817793297738-0.0507348272258632i,14.0522520121225,0,1,
38,1,14022227,14022227,227565,0.987744561795998,0.967434941933563,0.18,-1652.07063163721,-4256.89944098338-1013.62250706282i,0.85839597329018-0.00686713105357477i,0.881937953874263-0.0333166191536639i,14.5301084431746,0,1,
39,1,14400697,14400697,227565,0.987180014495078,0.981260134676678,0,-1608.61759107041,4049.35028615632+1536.09438337936i,0.86059563302458-0.0169201039156043i,0.883301400838901-0.0289443457063826i,14.6635161963232,0,1,
40,1,14779168,14779168,227565,0.987217192192886,0.954962858462973,-0.23,-1610.53154223199,-4367.97334445665-494.171641267854i,0.857789858179759-0.0449225963431077i,0.872755742926666-0.0376114163920892i,14.5067085811582,0,1,
41,1,15157639,15157639,227565,0.986306970584884,0.924022271591446,-0.34,-1647.92687658737,4364.90824989251-809.541710686131i,0.853835997745898-0.0188705348308782i,0.86779685715303-0.0238041184545435i,14.2359044399516,0,1,
42,1,15536109,15536109,227565,0.986801058342971,0.933854696336493,-0.31,-1619.84201838269,-4403.99656134172+465.147580984794i,0.857630273962942-0.0354014545165119i,0.875692818037776-0.0508994167766778i,14.3709829760819,0,1,
43,1,15914580,15914580,227565,0.985926686361333,0.890855919716513,-0.41,-1627.45252040986,4083.42652833746-1790.19432721938i,0.854161237310212-0.0409449905643792i,0.865378156152576-0.0842241837514917i,14.1328911966892,0,1,
44,1,16293050,16293050,227565,0.985821691221224,0.905527955311484,-0.38,-1616.76524403877,-4175.46779661327+1541.56808730983i,0.851888080250752-0.0554281647723169i,0.87324170093259-0.071627428262985i,14.2428171271431,0,1,
45,1,16671520,16671520,227565,0.986713259792302,0.958235217220558,0.22,-1665.74238798196,3907.16565309905-2004.18562303527i,0.85744855164093+0.00355823177214311i,0.880389939817661+0.00398471894635341i,14.4485841408533,0,1,
46,1,17049991,17049991,227565,0.987975764170526,0.976189901889509,0.11,-1619.28615038995,-2992.19234831931+3159.18098394978i,0.859765526349697-0.0162388029341788i,0.874349214410138-0.0546666469637238i,14.5972819817993,0,1,
47,1,17428462,17428462,227565,0.986283050719937,0.877939283057264,-0.44,-1624.88266111872,2613.5535640526-3614.8301058156i,0.851521656209712-0.0114544507506955i,0.866626883479137-0.0357314204066619i,14.0120598274508,0,1,
48,1,17806932,17806932,227565,0.987756669359659,0.98194637756214,0,-1609.43199029901,-2139.43399320551+3763.59154850848i,0.859158423530583+0.0020281577358023i,0.882189394705723-0.0459864959759534i,14.4923844817658,0,1,
49,1,18185402,18185402,227565,0.986426626125695,0.909070474976608,0.37,-1655.86091688002,2004.58233808542-3966.75574725232i,0.850469978372511+0.0016904313667981i,0.875800124182209-0.0159915637785945i,14.0408682705411,0,1,
50,1,18563873,18563873,227565,0.986505049884507,0.91169966012493,-0.37,-1644.25218216632,-1823.7883240127+4053.24907837612i,0.854448640514068-0.0238785553170276i,0.866728537467272-0.0603833947202764i,14.139057530319,0,1,
51,1,18942343,18942343,227565,0.985868378913605,0.891364712462341,0.42,-1659.89962123441,659.662402739057-4408.02924790769i,0.852754356765709-0.0111448213334116i,0.875923926626945-0.0209014038290858i,14.0474600501512,0,1,
52,1,19320814,19320814,227565,0.986744995173597,0.947264698184049,-0.26,-1660.4513530083,-379.797702239655+4392.52600188476i,0.859037812759612+0.00394560219899031i,0.871366677938763-0.00628242336199043i,14.3886219242697,0,1,
53,1,19699284,19699284,227565,0.985947141377243,0.919521098380782,0.34,-1654.12960827573,-421.409782121454-4416.68569195637i,0.852047157614852+0.0166964336651435i,0.869556054042199+0.000400651840541616i,14.1000215274225,0,1,
54,1,20077755,20077755,227565,0.986921912071433,0.9806084132355,-0.0899999999999999,-1633.98630449922,1264.48379100646+4157.38807337651i,0.861331078150877+0.00439810706985953i,0.88066271398207-0.0345270002919305i,14.6851496332133,0,1,
55,1,20456225,20456225,227565,0.978582582141767,0.874640152731336,0.45,-1615.59716496561,-2251.53056817561-3774.22570830344i,0.835628135218144-0.0466435664912623i,0.862747006146322-0.0488296743915114i,12.5414630368515,0,1,
56,1,20834696,20834696,227565,0.98583302584407,0.863719906207928,-0.47,-1643.00518579229,1569.68967168595+4178.99742133572i,0.854036527753335-0.00313505202055543i,0.867348372139785-0.0132132285271793i,14.0237241773984,0,1,
57,1,21213166,21213166,227565,0.987512553060753,0.96393499065021,0.19,-1656.21471591425,-2144.11159394205-3818.21555017015i,0.856163590028511+0.00423538854939052i,0.873493483628773-0.0302369297383558i,14.352971838226,0,1,
58,1,21591636,21591636,227565,0.985986201611222,0.869653676222959,0.46,-1606.44016531596,2594.00305450666+3632.39318553209i,0.850737975412498-0.0488150426501228i,0.872472879953328-0.0738494915518661i,14.0709539852239,0,1,
59,1,21970107,21970108,227565,0.983616571549967,0.962715246194506,-0.18,-1639.28383037962,-3815.89334493009-2091.24109081479i,0.848691868427161-0.0272718738758067i,0.866373985848986-0.0205915275064122i,13.5715466628012,0,1,
60,1,22348578,22348578,227565,0.987165396804546,0.962308302084557,-0.2,-1646.50424461787,3766.5681393609+2245.66585926004i,0.860116360530431+0.00335897151804517i,0.880072072700652-0.00861921107838437i,14.5967469597981,0,1,
61,1,22727048,22727048,227565,0.986303003762204,0.940858803696136,0.28,-1641.05992157022,-3967.73689446423-1934.89722798642i,0.853271096031307-0.00156234888964976i,0.87476958409413-0.0389966970951072i,14.1959597401431,0,1,
62,1,23105519,23105519,227565,0.986603396617308,0.943094633675632,-0.28,-1661.65169823336,4165.83414957519+1464.1304458746i,0.855935231482687-0.0126955663123182i,0.87128194843482-0.0470229286103145i,14.3213492186829,0,1,
63,1,23483989,23483989,227565,0.978819669909922,0.919388658252829,0.33,-1629.34755435605,-3350.65780494104+2805.61183445741i,0.836329225413533-0.0191296312162686i,0.864708017165142-0.0275439738477234i,12.5441762768076,0,1,
64,1,23862460,23862460,227565,0.987985357286273,0.978319909105011,0.0999999999999999,-1625.44217312155,4303.51313963021-635.600487087098i,0.858452975167535+0.0286691338354712i,0.874123989052502-0.0237181180427785i,14.6271806792968,0,1,
65,1,24240930,24240930,227565,0.986996939704774,0.949594912767831,0.25,-1650.37005048096,-4386.26021806937+374.401147890259i,0.85381457370655-0.0318463580716838i,0.872195059681798-0.012203740234509i,14.2583210479749,0,1,
66,1,24619401,24619401,227565,0.987665416364566,0.975566447148913,-0.12,-1614.71972485035,4142.38852880469-1346.23438319555i,0.861257203161962+0.00640668671533134i,0.87963311658129-0.0441481592114139i,14.6795641756454,0,1,
67,1,24997871,24997871,227565,0.987618867131842,0.966678858942633,0.18,-1637.48238543646,-4125.1227760143+1457.82416179834i,0.857692080323325-0.0143968186742553i,0.873328015771687-0.0272375201492485i,14.4643026094549,0,1,
68,1,25376342,25376342,227565,0.986160204464822,0.905009103555993,-0.38,-1644.67861841675,3974.47606761016-2000.14247012456i,0.855516406437236+0.00152221989117567i,0.874337732801004-0.0266135566664746i,14.187915964762,0,1,
69,1,25754812,25754812,227565,0.985477759364117,0.893802040637742,0.4,-1609.92697283905,-3207.93504053778+3087.82038138027i,0.852459360229894-0.0133450782305973i,0.872628059371506-0.0628419034320452i,14.0407962904016,0,1,
70,1,26133283,26133283,227565,0.986914860659314,0.959485560809169,-0.22,-1635.91505158362,2994.30348604644-3211.03351203555i,0.858285680572025-0.0216293327350656i,0.874396295098473-0.0398671667337376i,14.4476044763665,0,1,
71,1,26511753,26511753,227565,0.985492451441901,0.876481248143169,0.45,-1663.15496967344,-2422.225098197+3748.57987495713i,0.852627980125716-0.00389385149742151i,0.866378713772828-0.0242852823613902i,13.9720188027985,0,1,
72,1,26890224,26890224,227565,0.987237006611231,0.977204675205837,-0.11,-1664.67930953187,1888.41985152361-3919.04431087041i,0.86001573108763-0.0140150810618246i,0.881278906431166-0.0329582221880103i,14.6069014086485,0,1,
73,1,27268694,27268694,227565,0.987200508383027,0.981405497052115,0.0599999999999999,-1638.63788415942,-1826.79240355177+3935.36748961509i,0.861091652503174-0.0164732743160659i,0.882517699049135-0.0326846965592586i,14.5420275958877,0,1,
74,1,27647165,27647165,227565,0.985631610376779,0.856123622952979,-0.48,-1660.16661952845,1407.45869686882-4237.22594550509i,0.852645849574026-0.0134017559211526i,0.867070439728599-0.0397226957062464i,14.0185602952137,0,1,
75,1,28025635,28025635,227565,0.986761161837212,0.981321045602865,0,-1643.45407483097,-819.279412449845+4256.39284328997i,0.863861360749549+0.00667975928931117i,0.881705628329489-0.0383870423880925i,14.7763699330837,0,1,
76,1,28404105,28404105,227565,0.986137287892817,0.875679120401985,0.45,-1629.48429966537,331.285326378376-4450.49189860795i,0.851743399926858-0.000998348240036643i,0.866753296055053-0.0423925503586372i,14.042896837114,0,1,
77,1,28782576,28782576,227565,0.986038217938053,0.92026631040342,0.34,-1631.93227536222,921.30003035882+4339.47183757845i,0.853112786528102-0.00367035857728658i,0.868343902978378-0.0347645253475176i,14.0933115083079,0,1,
78,1,29161047,29161047,227565,0.987565153260163,0.982280590058939,0,-1628.42801883879,-1871.17566645656-3909.77177659156i,0.863532732708888-0.0201001660957932i,0.882182551606148-0.0354539351134851i,14.829198142101,0,1,
79,1,29539517,29539517,227565,0.986804345669346,0.94491172525813,0.27,-1640.46230810457,1859.42060154413+4001.09698465176i,0.853572262433186-0.0178230143431042i,0.878347715400599-0.0213300551755194i,14.3311504621502,0,1,
80,1,29917987,29917987,227565,0.986158271529668,0.889393995085333,0.42,-1653.88923440782,-1913.73028968188-4026.76478834677i,0.852606663870892-0.0280736653360757i,0.864886583114934-0.0486396584527125i,14.0428136202859,0,1,
81,1,30296459,30296459,227565,0.983064313867535,0.97318687139426,-0.11,-1634.70086032413,2765.20163681638+3325.84539121454i,0.845260343071081-0.0352729817810291i,0.861820294342699-0.0400375731630046i,13.4015036491714,0,1,
82,1,30674929,30674929,227565,0.986193509965463,0.912800281518635,-0.37,-1602.59795310562,-3364.90307651978-2900.21675080113i,0.85307329496401-0.0505434123322538i,0.872385842268801-0.0473666115363065i,14.1654409928462,0,1,
83,1,31053400,31053399,227565,0.985656018350293,0.862055803591104,0.47,-1632.13416861665,4026.98776399939+1910.43465199404i,0.850675211435453-0.0152704260040833i,0.86515019259527-0.0376159747819353i,13.9938668237356,0,1,
84,1,31431870,31431870,227565,0.986174645096658,0.927528359561673,-0.32,-1616.58768368394,-3986.47150783908-1916.59883319117i,0.856851858569564-0.0224044087998943i,0.877226686892055-0.0386608940182592i,14.3534779167504,0,1,
85,1,31810340,31810340,227565,0.98724031346998,0.970601251743696,0.16,-1618.14151092314,4118.0764411879+1432.80198457393i,0.858709813549348+0.00314286986729242i,0.880102712322406-0.0413259932309633i,14.5771129611661,0,1,
86,1,32188811,32188811,227565,0.986951598126063,0.97918425644492,-0.0899999999999999,-1643.63417823767,-4313.87734124749-462.051416081121i,0.860503779950682-0.0205132911602679i,0.875331925590299-0.0313654430241545i,14.6828959569015,0,1,
87,1,32567282,32567282,227565,0.985725288376991,0.850222336622085,-0.5,-1647.23952448086,4442.94582526867-325.715846830709i,0.852623453150796-0.0060751578556879i,0.86629609492915-0.036037070715243i,13.9390555463477,0,1,
88,1,32945752,32945752,227565,0.987755098028172,0.982387604027975,-0.0399999999999999,-1633.75596195899,-4258.06151420885+770.088384654155i,0.860219782971598-0.0384072512612732i,0.883885394051748-0.0324140753063714i,14.6979063363743,0,1,
89,1,33324222,33324222,227565,0.985881736565754,0.882359205743758,0.43,-1633.23375107191,4242.47605733621-1371.24524140839i,0.852409341586123-0.00681065005292081i,0.87313737991227-0.0508210015443491i,14.075202713611,0,1,
90,1,33702693,33702693,227565,0.985407137006101,0.884696866595624,-0.42,-1657.03520168268,-4358.67507115725+931.191648015763i,0.854309258776626-0.0123176187833859i,0.867462000434475-0.0340261227725187i,14.0883069495849,0,1,
91,1,34081163,34081163,227565,0.987525405753081,0.981690922039143,0.0499999999999999,-1663.53637225439,4092.22418986196-1432.73799789629i,0.861177404737594-0.0254559611515323i,0.88313846422153-0.0204273541578145i,14.6674127316782,0,1,
92,1,34459634,34459634,227565,0.985955651197022,0.847712088256596,-0.5,-1620.6012952008,-3866.77098456758+2229.72896570127i,0.851271916549611-0.0218753074455546i,0.865973272230415-0.0245204889036092i,13.989472919654,0,1,
93,1,34838104,34838104,227565,0.98776906394161,0.983341404225206,-0.0399999999999999,-1638.21890706908,3509.47305968049-2546.03667981274i,0.860532960620153-0.0227615363722473i,0.876028152693027-0.0299961425974651i,14.7090965958996,0,1,
94,1,35216575,35216575,227565,0.987050398617179,0.970537913675222,-0.15,-1631.43427602867,-2453.06751611025+3610.56893913624i,0.860461660731923-0.0176801562049653i,0.878689859708901-0.0595100340649529i,14.6794279051826,0,1,
95,1,35595045,35595045,227565,0.987860072663453,0.981892514672535,-0.0499999999999999,-1623.15332954553,2566.05260686347-3498.95391496892i,0.861931411618012-0.0160458168936125i,0.872958646910598-0.0276339996358967i,14.7127214876139,0,1,
96,1,35973516,35973515,227565,0.98536218099074,0.860585675680011,0.47,-1629.68393192214,-2153.52350413501+3909.82547377148i,0.851786266240288-0.00225472463881027i,0.871963577671678-0.0295784137806035i,14.0009416738282,0,1,
97,1,36351986,36351986,227565,0.987900197818772,0.98041808737788,-0.0699999999999999,-1642.16251107198,1614.56104495847-4029.68179372513i,0.862201032974217-0.0234535862120844i,0.883711306813508-0.0046622452931766i,14.6911431002514,0,1,
98,1,36730456,36730456,227565,0.985524827937951,0.89507602517387,0.4,-1621.9123345002,-1143.02735660225+4304.08166661028i,0.851690542884941-0.0145806635450144i,0.865398133378303-0.0312160931900696i,14.0052246825562,0,1,
99,1,37108927,37108927,227565,0.986944171880378,0.965677619190309,0.18,-1647.89434724803,214.997228220511-4370.7518688272i,0.857597211596139+7.93619250049207e-05i,0.879890532056729-0.0281753190953941i,14.5425079940041,0,1,
100,1,37487398,37487398,227565,0.986546433438035,0.947903632491356,-0.26,-1656.24751286604,539.408729366775+4375.86818784758i,0.859007715964604-0.00933045874729165i,0.870420525551897-0.0337094428997469i,14.4475834685124,0,1,
101,1,37865868,37865868,227565,0.987216614436325,0.981170713134273,0,-1653.62673866677,-689.150910825726-4274.49756234232i,0.85680766486287-0.0195545771789441i,0.874025714832086-0.0336548080510493i,14.3678003837178,0,1,
102,1,38244339,38244339,227565,0.986260011825507,0.922387786632525,-0.34,-1639.21256774276,1728.58585927024+4088.25926124809i,0.854376185348925-0.0334452038517318i,0.873114144165961-0.0715359944889242i,14.2771181805625,0,1,
103,1,38622809,38622809,227565,0.985151335577436,0.874694252740693,0.45,-1630.81992062134,-2856.61091319831-3428.63518831528i,0.851954317557521-0.0184360832526488i,0.872191682601805-0.0621405948343422i,14.0938167046878,0,1,
104,1,39001279,39001280,227565,0.985668813644864,0.967474798178503,0.16,-1604.36640596418,3351.11119049235+2780.79470259463i,0.846406718629115-0.0389756899277402i,0.865387819544638-0.0547579839669538i,13.8948271885711,0,1,
105,1,39379751,39379750,227565,0.985398418493243,0.853965127590753,0.49,-1630.14019300441,-3761.61421292957-2408.04328846097i,0.852244065072834-0.033006195040692i,0.865298983635503-0.0610434467917669i,14.014317200607,0,1,
106,1,39758221,39758221,227565,0.987510661638323,0.981963648155446,-0.0499999999999999,-1653.57562302732,3911.15343784877+1880.81227787313i,0.860570308364244-0.024764115775141i,0.88037556581649-0.037301763329736i,14.7369980309232,0,1,
107,1,40136691,40136691,227565,0.987790367675908,0.976420721935089,0.11,-1621.92559190305,-3852.93528235244-2020.39287400456i,0.858433421023237-0.0143787415922147i,0.873498529305254-0.0400343885561144i,14.5485043615431,0,1,
108,1,40515162,40515162,227565,0.985909280768855,0.87990235845759,-0.44,-1650.72161629649,4145.09129053739+1648.57000324193i,0.854190416609318-0.00906357423558392i,0.872367326891443-0.0268211299278711i,14.0968296966104,0,1,
109,1,40893632,40893632,227565,0.987270914603871,0.96874812054549,-0.17,-1642.63223846042,-4133.99602120114-1427.39475972489i,0.859781863376187+0.00565357986192362i,0.879873168385007-0.0283890291890566i,14.6177992452286,0,1,
110,1,41272102,41272102,227565,0.986717268392413,0.908365159375467,0.37,-1666.86139270689,4343.42875811379+950.685796621118i,0.851828862310189+0.0338067156611732i,0.86762829807603+0.021849778204109i,14.0602080965353,0,1,
111,1,41650573,41650573,227565,0.986281325672618,0.902977805514624,0.39,-1664.2263341348,-4379.87460629373+797.199294673463i,0.852468872044061+0.0185266705823198i,0.872726018602397-0.00389278497765511i,14.1257918280838,0,1,
112,1,42029044,42029044,227565,0.986835082990303,0.968117784101919,-0.17,-1641.18128851376,4150.62138089905-1375.7491877934i,0.858976966206917-0.00114415233619475i,0.873151992104836-0.0224102193715439i,14.5561152364346,0,1,
113,1,42407514,42407515,227565,0.983163183875619,0.906078845406694,-0.38,-1622.96453297418,-1304.65680187201+4216.63309910512i,0.843799209226303-0.00373252000468705i,0.861497969316855-0.0374845939974681i,13.2559887775499,0,1,
114,1,42785984,42785984,227565,0.985545554920537,0.918676411689195,0.34,-1615.88176838956,4133.26429660514-1608.09804046632i,0.85180080046734-0.0176981782912178i,0.874625131162951-0.0265810569216328i,14.1109420474208,0,1,
115,1,43164455,43164455,227565,0.987554508540292,0.979124767115651,-0.0899999999999999,-1624.92793012974,-3739.1180902341+2213.87463064609i,0.860005153545968-0.0235221266786355i,0.872675815364771-0.0395243365745963i,14.6570438757075,0,1,
116,1,43542926,43542926,227565,0.986545492525489,0.926743114190599,-0.32,-1667.20062796667,3239.23649407043-3023.38693796886i,0.85573655730752-0.0208313170194313i,0.877133817507771-0.0111314988077771i,14.3231802450765,0,1,
117,1,43921396,43921396,227565,0.986706623425403,0.940721830216674,0.28,-1659.19126146167,-2587.40551121552+3576.17536482602i,0.853051865540705-0.0156359237273298i,0.876609346636095-0.0293007844886484i,14.3206119898105,0,1,
118,1,44299867,44299867,227565,0.987802203517015,0.977659108286269,-0.0899999999999999,-1655.44438050659,1618.04099713471-4033.56465324129i,0.86143616639726+0.00791822203354704i,0.874282224445684-0.0131549055858211i,14.6846921571438,0,1,
119,1,44678337,44678337,227565,0.986683092854852,0.961230011677092,0.21,-1623.98654822491,-1562.62083342065+4100.43926965013i,0.85563990728076-0.0128825066705115i,0.869736058373609-0.0453327705956634i,14.4298817126972,0,1,
120,1,45056807,45056808,227565,0.986474990502751,0.978834034331401,0.0699999999999999,-1638.17287728454,-2489.16199151323-3551.2246342882i,0.851756041424983+0.0269319729408045i,0.874702802262053-0.0370557173211i,14.2521262424045,0,1,
121,1,45435278,45435278,227565,0.986665487293753,0.961795903118995,-0.2,-1634.81668975701,-1140.74295252484+4234.25036713958i,0.858316914728675-0.0250567192826586i,0.879043157149996-0.0145916153106687i,14.5323185860972,0,1,
122,1,45813748,45813748,227565,0.985388076471847,0.867932864569433,0.46,-1625.3860404053,339.819092582152-4449.79422170928i,0.850875802302173-0.0289569664267392i,0.865962443477113-0.0446236671083079i,13.9839608311388,0,1,
123,1,46192219,46192220,227565,0.984331104698808,0.865078752946379,-0.47,-1639.63144222169,1399.56590300261+4217.61477153069i,0.845320662506943-0.030858102247548i,0.868446508099283-0.0621338628144964i,13.6255562594944,0,1,
124,1,46570690,46570690,227565,0.985785324413602,0.906012123821309,-0.38,-1638.36428666527,-1218.83026756078-4279.88554171046i,0.85308790317872-0.0248570417728516i,0.867905815522404-0.00700721479300838i,14.1530679444727,0,1,
125,1,46949160,46949160,227565,0.987678472700535,0.979024625572595,0.0899999999999999,-1653.24730408765,1595.36126217818+4042.57999823858i,0.859026953045618-0.0104571132218638i,0.8737389916349-0.036871132151284i,14.6116844757468,0,1,
126,1,47327631,47327631,227565,0.987513507819696,0.970477434460727,-0.15,-1623.16311239747,-2920.70583189679-3246.16692259469i,0.858859570976299-0.0210050427842444i,0.879619804268792-0.0511789892159976i,14.7143742369116,0,1,
127,1,47706101,47706101,227565,0.986205533237858,0.924958417826901,0.33,-1631.14012873124,3105.24536633962+3163.24644532889i,0.85284369679492-0.0237797043078145i,0.866705372384516-0.0437520079306605i,14.1494923584065,0,1,
128,1,48084572,48084572,227565,0.987819213208334,0.978252892103673,-0.0999999999999999,-1642.62675035737,-3576.03289497364-2477.8212767002i,0.859917972092535-0.019199382274742i,0.879979674222244-0.0498372346416055i,14.7419638604311,0,1,
129,1,48463042,48463042,227565,0.987185711207281,0.963757621595932,0.19,-1642.85986124088,3704.78282967743+2334.89285983536i,0.85637031009761-0.0167931042321749i,0.877838218249494-0.038120582270023i,14.4387656067818,0,1,
130,1,48841512,48841512,227565,0.985534050287216,0.895936976789045,0.4,-1620.72891645221,-3826.45758556083-2279.53945138289i,0.850435589635536-0.0377981220205207i,0.865583182503437-0.0477007209608431i,14.0582134539458,0,1,
131,1,49219983,49219983,227565,0.987384201442075,0.982980506744422,0,-1618.63306374057,4051.07225692286+1548.63211841874i,0.861136062196504-0.0194092551710714i,0.882616552939177-0.0451777518310828i,14.7683492610073,0,1,
132,1,49598453,49598453,227565,0.985427146573024,0.87557217232197,0.44,-1645.76223641703,-4307.61706396369-1157.62623271421i,0.85161650580905-0.00380694790734585i,0.867133719742359+0.00308997016213186i,13.9773642488192,0,1,
133,1,49976924,49976924,227565,0.987459766350237,0.977795949136735,-0.11,-1618.49399342025,4309.34889941197+617.788468918556i,0.858966515412885-0.0336472903227402i,0.874873121376864-0.039395367681013i,14.5885405781463,0,1,
134,1,50355395,50355395,227565,0.987315585106161,0.959883765102221,-0.22,-1621.11781295909,-4315.46769872232+815.491721518846i,0.858755807804253-0.0137089941647687i,0.877305924854384-0.0482028551756659i,14.5726177866046,0,1,
135,1,50733865,50733865,227565,0.986454295548907,0.945465959629671,0.27,-1619.93932829914,4197.44318074741-1361.36673898481i,0.854845784773596-0.020620670824001i,0.874205109788771-0.0377962614114529i,14.3745582840146,0,1,
136,1,51112336,51112336,227565,0.987287413745588,0.939211923828345,-0.29,-1638.280197126,-4022.48361184159+1834.98115880893i,0.857272923132632-0.0201360467701045i,0.868553150309874-0.0402459954366854i,14.3739183490463,0,1,
137,1,51490806,51490807,227565,0.981468936090126,0.886710079793566,-0.42,-1654.18719523577,3508.4687779167-2678.00993590185i,0.841254141231948-0.0361169960710954i,0.859008007851456-0.0459569046668714i,13.0819009174831,0,1,
138,1,51869277,51869277,227565,0.986098590248378,0.887130595256357,-0.42,-1635.47974539343,-3513.3179053761+2745.44351875483i,0.853150160899593-0.00398342870455724i,0.872597312414664-0.0279458404739609i,14.1291267146409,0,1,
139,1,52247747,52247747,227565,0.986812972357991,0.959631703392987,-0.22,-1620.36392427477,3473.63992996437-2687.26900412722i,0.856809796759665-0.0573396417636414i,0.867990926339043-0.0737895640829478i,14.4480435961308,0,1,
140,1,52626217,52626217,227565,0.986762148951619,0.945171878226016,0.27,-1659.24858696094,-3225.60357959262+3008.49960160036i,0.853128571503427-0.0104713472992104i,0.876712054657846-0.0169961942450327i,14.3330893429543,0,1,
141,1,53004688,53004688,227565,0.987423089749324,0.969593543791343,0.16,-1620.89178111271,2037.28829445321-3866.42634230192i,0.85704178061954-0.0141056567024433i,0.878847734011431-0.0361418012564631i,14.6117882217515,0,1,
142,1,53383159,53383159,227565,0.985975030478964,0.899882630913144,-0.4,-1604.2152967672,-1639.25700801873+4140.15294184258i,0.853371881700762-0.0237793607603941i,0.866543059874087-0.0488241046361924i,14.0865064998872,0,1,
143,1,53761629,53761630,227565,0.982259214229388,0.856631151379065,-0.49,-1630.95646347127,402.812199408826-4405.22455104549i,0.841924643881492-0.0168541538304511i,0.859436485611625-0.0206510263419712i,13.1465312196259,0,1,
144,1,54140099,54140099,227565,0.987214764659896,0.953406546082291,0.24,-1602.68734852396,-1091.17164238165+4262.46998105865i,0.854558608495286+0.00325039632320943i,0.876452309039818-0.0273429112721648i,14.4274032290018,0,1,
145,1,54518570,54518570,227565,0.98668597108925,0.92816025944053,-0.32,-1645.10217446337,874.045134181757-4344.76464315467i,0.854628083299775-0.0149331473088492i,0.877047715032059+0.00240287252238174i,14.3344528554324,0,1,
146,1,54897041,54897041,227565,0.985852554451057,0.88657728350669,-0.42,-1670.20105756414,384.486000686123+4443.15612031333i,0.85319638669702+0.0317031025529615i,0.867418476608187+0.0053580890424803i,14.1256911549329,0,1,
147,1,55275511,55275511,227565,0.987570223288952,0.97867292982825,-0.0899999999999999,-1638.26502217235,-805.312650403001-4271.55866545279i,0.858671404093536-0.0109932301474868i,0.880332177681032+0.00398017431483437i,14.7411695512395,0,1,
148,1,55653982,55653982,227565,0.985557502627829,0.849257357042712,-0.5,-1650.47247833522,1434.82754144942+4221.74109731426i,0.85181004237216+0.0177448272648089i,0.868496376852744+3.25888729530912e-05i,13.9575712015892,0,1,
149,1,56032452,56032452,227565,0.98736335927059,0.981074220455381,-0.0399999999999999,-1628.29920951786,-1909.20298948465-3888.96583822775i,0.860010912789088-0.0294735973553346i,0.874939313594135-0.0413640588313902i,14.662063071382,0,1,
150,1,56410922,56410922,227565,0.985564792630043,0.88296079064192,0.43,-1657.72391954632,2210.58830726793+3871.47798649365i,0.851578729103756-4.44324696221656e-05i,0.874044794085658-0.0242123354428848i,14.0210569404879,0,1,
151,1,56789393,56789393,227565,0.986819539213885,0.926523287234881,0.33,-1644.04604761569,-3419.33398179958-2822.24578505184i,0.851143859744671-0.0183680122562574i,0.873572063552064-0.0469339668819871i,14.1589345172638,0,1,
152,1,57167863,57167863,227565,0.986623517872175,0.935444038915711,0.3,-1648.39929056589,3064.40848562536+3189.51710278497i,0.850924813870264-0.0360851981995919i,0.869103303736798-0.0380578142103877i,14.1886881787186,0,1,
153,1,57546334,57546334,227565,0.986767991921002,0.949133139993941,0.25,-1621.72677785688,-4002.84585943624-1838.32948982497i,0.85491209181221-0.0340735358928099i,0.869116491197984-0.0216459823329378i,14.3926700049258,0,1,
154,1,57924805,57924805,227565,0.986307871613308,0.933305025475261,-0.31,-1648.32026956361,4166.69108799222+1499.56276159131i,0.855655163227701-0.0111770533188568i,0.8744854997815-0.0505082248402516i,14.3091266378734,0,1,
155,1,58303275,58303275,227565,0.988025651215061,0.971758570797695,-0.15,-1637.98351515369,-4141.35175923738-1389.37456907639i,0.861428340399146+0.0105910131391226i,0.871808060133303-0.0105856860739236i,14.6657383972768,0,1,
156,1,58681746,58681746,227565,0.986649237430382,0.906623419448655,-0.38,-1645.84527743742,4430.96955087044+420.068131223951i,0.851923276457979-0.0469010713618452i,0.874280021813944-0.0337568321372604i,14.2062292004514,0,1,
157,1,59060216,59060216,227565,0.987117512371027,0.956125313344997,-0.23,-1655.19181103136,-4367.75935717737-526.503198306283i,0.857106155607994+0.0272793477728967i,0.878452796120236-0.0135717542391241i,14.4969058908067,0,1,
158,1,59438687,59438687,227565,0.986441125554186,0.923617311415045,-0.34,-1644.52829349718,4356.06768175388-857.563636751934i,0.854083429260043-0.00730109640605461i,0.869442878780716-0.0150325694570977i,14.2263374732068,0,1,
159,1,59817157,59817157,227565,0.987738847356012,0.972725924095227,0.14,-1661.1807935351,-4204.57552013955+1167.83819217225i,0.855944924399684+0.00696152093019739i,0.880184799265317-0.0226728034648523i,14.4856934856137,0,1,
160,1,60195627,60195627,227565,0.987565495721666,0.967352334144911,0.18,-1642.70756517043,4255.27189778382-1030.93756242776i,0.856733075784066+0.00400679108440214i,0.87106451237667-0.0225651250813768i,14.5184453195378,0,1,
161,1,60574098,60574098,227565,0.986891728055066,0.948364811714213,-0.26,-1639.02033942451,-3992.19006782421+1876.54135215158i,0.855891925832268-0.0335352907811129i,0.870169199512722-0.0225002443788656i,14.4278130109612,0,1,
162,1,60952568,60952568,227565,0.986748883994815,0.958128239984954,0.22,-1607.84292912384,3719.963588287-2336.19816739603i,0.854172677568437-0.0437947379154468i,0.874845137310095-0.0659019229252899i,14.3888300531025,0,1,
163,1,61331039,61331039,227565,0.986360205124218,0.922256517156403,-0.34,-1634.6963440806,-3561.65090351965+2649.86116013914i,0.85593360837677-0.0203085475992202i,0.866226442305802-0.0424235493658238i,14.1781672131824,0,1,
164,1,61709509,61709509,227565,0.985210158760845,0.876514659239645,0.44,-1643.35883556814,2918.46150068478-3376.41430572393i,0.850587797749277-0.00659270748562368i,0.872385475296622-0.0219105198543752i,14.0088476726925,0,1,
165,1,62087980,62087980,227565,0.986530441617541,0.981202084740608,0,-1627.09247394921,-2066.52174304163+3811.31437883214i,0.857023226612581-0.00658758278415406i,0.881553750308625-0.0178264593638199i,14.508717721024,0,1,
166,1,62466451,62466450,227565,0.985998972603904,0.854534411215374,0.49,-1627.47322821049,1541.95029768097-4194.6773839223i,0.851551464510581-0.0228872027001031i,0.863612892339584-0.0640220104982613i,14.0482988522753,0,1,
167,1,62844921,62844921,227565,0.988036333091293,0.982586663018682,-0.0599999999999999,-1637.02934969703,-1162.18257366515+4186.17015173145i,0.858081050598694+0.0103869333354163i,0.873688461172947-0.0164180183536476i,14.6733754125511,0,1,
168,1,63223391,63223392,227565,0.983707769899563,0.939220308555762,-0.28,-1667.00356723218,-177.04439314273-4392.44628400455i,0.847956735085308-0.00486254385837077i,0.87027584122038-0.000996672467150461i,13.6644031492594,0,1,
169,1,63601862,63601862,227565,0.986839987457609,0.950507538304255,0.25,-1647.76006892195,788.921789287368+4337.31018379259i,0.853090456473996+0.0086710005063838i,0.876088595761571-0.0263184342743454i,14.3466965549564,0,1,
170,1,63980333,63980333,227565,0.985878411014377,0.888063581325208,-0.42,-1651.34167276242,-938.625339715188-4363.42803521024i,0.851739405277115+0.000303647109812274i,0.867671688533903-0.0208737970745827i,14.1258603893884,0,1,
171,1,64358803,64358803,227565,0.987384239075046,0.976145089851043,0.11,-1655.51136459311,1522.85153551715+4081.63519619333i,0.858857190373727+2.3260712447993e-05i,0.879543082814221-0.0292793785713825i,14.6402035936628,0,1,
172,1,64737273,64737273,227565,0.98610190934434,0.902910721119251,0.39,-1624.16179846291,-2000.81558168474-3982.17170054476i,0.850723821200228-0.0325661487458983i,0.866415128573147-0.0449837637130692i,14.1105669691896,0,1,
173,1,65115744,65115744,227565,0.98711179792376,0.968172096421826,-0.17,-1621.60092261425,2330.9787162726+3703.83420903684i,0.858660040861972-0.0410366328225271i,0.872592675621865-0.058280525839012i,14.4952524854538,0,1,
174,1,65494215,65494214,227565,0.986090120752987,0.854641717778726,0.49,-1639.33236701388,-3003.97965073293-3310.98530300686i,0.850593366029864+0.00600855939570178i,0.872928394699401-0.0251525499577165i,14.0787015683256,0,1,
175,1,65872685,65872685,227565,0.987094765459974,0.979795153852232,0.0799999999999999,-1648.60162861216,3408.18802193835+2677.70883491521i,0.860071723370479+0.0114952322965194i,0.879977119297599-0.0137127742118551i,14.6928176136473,0,1,
176,1,66251156,66251156,227565,0.986556954680684,0.917963822155876,-0.35,-1640.01900933806,-3941.65607604999-2022.12971816539i,0.853767204963033-0.0118802929443521i,0.86643063314383-0.0202686864022318i,14.2627475322359,0,1,
177,1,66629626,66629626,227565,0.987250343172184,0.975803084472831,0.13,-1659.92852868297,4002.47626270605+1704.03020210913i,0.856274951052802-0.0148940550179841i,0.87230905079065-0.0147648197803378i,14.5892583481238,0,1,
178,1,67008096,67008096,227565,0.986334716101415,0.941347327956737,0.28,-1683.35887757937,-3993.84654482893-1856.28739900083i,0.853419328107173-0.00167557537853356i,0.876558936497496-0.00121674483578092i,14.1604239401897,0,1,
179,1,67386567,67386567,227565,0.987652998484319,0.979503387077954,-0.0899999999999999,-1638.51035561028,4265.86885708941+795.335319350152i,0.859844628225674+0.0165007904948841i,0.872549563996027-0.0163481376653946i,14.7026312843695,0,1,
180,1,67765037,67765037,227565,0.986813506255104,0.960137451000438,0.21,-1660.16971159371,-4320.10630275063-711.400241414162i,0.855383632579676-0.00535291664286466i,0.87752755890747-0.0240241552538768i,14.4572992082546,0,1,
181,1,68143508,68143508,227565,0.98767861361589,0.981299680624569,-0.0399999999999999,-1628.63917582965,4292.84626728547-561.819004335981i,0.859680266982411-0.0185038681626197i,0.88271878768776-0.0454082973030405i,14.7912571337201,0,1,
182,1,68521979,68521979,227565,0.985933082163254,0.872332140911336,-0.45,-1648.17652972895,-4274.24768994163+1284.91135399284i,0.852570432966619+0.00269821380731798i,0.868142155463658-0.00916510036471596i,14.0530238577311,0,1,
183,1,68900449,68900449,227565,0.985708577156676,0.886957918048398,-0.42,-1634.37508215366,4376.93078540245-868.305631238129i,0.852418934258262-0.0303554472212704i,0.866687581873671-0.0433304465936887i,14.0982748595011,0,1,
184,1,69278920,69278919,227565,0.985486824501606,0.862177975815666,0.48,-1615.01341777858,-3883.62487386978+2215.59340473856i,0.849738138267114-0.0318594180193747i,0.870260793692055-0.0636723719465574i,14.1130942294846,0,1,
185,1,69657390,69657390,227565,0.986745376265571,0.905991392920136,-0.38,-1652.49318419425,3987.76454739705-1989.99334844204i,0.852055778426063-0.00984931238044169i,0.873374612880499-0.0184527493412579i,14.2563451492878,0,1,
186,1,70035860,70035860,227565,0.987684880845984,0.97915448097219,0.0999999999999999,-1648.17267989348,-3631.53360573307+2405.7411158541i,0.859342194983586+0.0217925408469019i,0.87308426017328+0.0016113897168281i,14.6735709908641,0,1,
187,1,70414331,70414331,227565,0.987183499907278,0.97148002328214,-0.15,-1639.20811976002,2846.01011602287-3319.03405018291i,0.858627612950726-0.0178756251034711i,0.879290572033851-0.0270181510801866i,14.5773064311281,0,1,
188,1,70792802,70792802,227565,0.985854539434292,0.905584554544103,-0.38,-1623.86253523818,-1805.5909016499+4073.94454044692i,0.852647510977223-0.00633887187266089i,0.868783742059773-0.026633820887692i,14.2279563325142,0,1,
189,1,71171272,71171272,227565,0.98714953947029,0.978449870929431,-0.11,-1628.61241331717,1767.45164989685-3982.98496931012i,0.859359874344736-0.0273343848337863i,0.872384925065915-0.0428181662582014i,14.596799638804,0,1,
190,1,71549743,71549743,227565,0.986618891770404,0.924342611639594,-0.34,-1643.58928241946,-624.060692554408+4399.67885815033i,0.852946136275429-0.0424013501556041i,0.874435536462187-0.0328304121143511i,14.2351263246204,0,1,
191,1,71928213,71928213,227565,0.98603977920398,0.887082854734203,-0.42,-1635.78887077902,1325.72970187193-4262.80910493232i,0.85260837247943-0.0333903447713321i,0.864231138386257-0.0547720449313196i,14.0659564335384,0,1,
192,1,72306684,72306684,227565,0.986334124268469,0.937919121631663,-0.29,-1633.53813832178,863.081090536235+4342.52479244702i,0.856496704124597+0.00865046378979769i,0.875445622086857-0.0266411662484613i,14.4681600523962,0,1,
193,1,72685154,72685154,227565,0.986510384872995,0.96389795959546,0.19,-1642.47477368302,-1066.88418238753-4253.56350768728i,0.854035727952061-0.00974047641459007i,0.878652233836797-0.0239329181017497i,14.4175635092726,0,1,
194,1,73063625,73063625,227565,0.986086107659078,0.912038036262121,-0.37,-1627.33005600922,1540.48645554418+4177.93185786075i,0.85268333570676-0.0270873585552252i,0.866727609454487-0.0332555609795479i,14.1530553761369,0,1,
195,1,73442095,73442095,227565,0.987183800680579,0.960040859188789,-0.22,-1632.19017417302,-1472.09424468989-4146.37560067013i,0.858095116068163-0.0132972421817442i,0.877436297026672-0.0222015396839704i,14.5572946832981,0,1,
196,1,73820566,73820566,227565,0.985586314983191,0.880038323991911,-0.44,-1616.85923200468,2555.68420048347+3664.70192693167i,0.85108896301719+0.000890892280449727i,0.864314794171674-0.0521001017490275i,14.0949788135728,0,1,
197,1,74199036,74199036,227565,0.986148787324881,0.937718893611813,-0.29,-1633.27580208604,-2360.673573165-3745.01466855533i,0.856276565734631-0.0115222697948018i,0.868929863338976-0.0376824884135986i,14.3008604609794,0,1,
198,1,74577506,74577506,227565,0.987489123120119,0.965149996908477,0.19,-1632.97873772317,2775.5911427867+3396.45735438084i,0.854588095986243-0.0135212477778607i,0.875951131214813-0.0196981989111443i,14.4775821661214,0,1,
199,1,74955977,74955977,227565,0.985979620491461,0.88674030048546,-0.42,-1627.95675231905,-3113.01468035539-3181.11862949371i,0.852954452243012-0.0268645458643683i,0.87287715835681-0.0368109959584689i,14.2050274080729,0,1,
200,1,75334448,75334448,227565,0.985866083212374,0.865817746665003,-0.47,-1664.3228392178,3975.80225624006+2020.92590478208i,0.851282480483051-0.00411840290228725i,0.864280452283159-0.0204168180799968i,14.0960361577784,0,1,
201,1,75712918,75712918,227565,0.987606269945468,0.982881169559587,0,-1633.24991552481,-4082.37795136513-1448.58205095949i,0.860940500277372+0.00333947510033501i,0.871590602410951-0.049741033507638i,14.7048834297591,0,1,
202,1,76091388,76091388,227565,0.98691863608322,0.969302816526409,0.16,-1658.00711198633,4079.26107848541+1554.14750833895i,0.855826491213036-0.0239279935584698i,0.877592126152096-0.0484431151114059i,14.5578927793828,0,1,
203,1,76469859,76469859,227565,0.985690915395421,0.898666788524021,-0.4,-1627.85606942058,-4338.58819158598-982.823630296735i,0.851763877863694+0.00433771274661146i,0.8651047845684-0.0168695065741189i,14.0575257648691,0,1,
204,1,76848329,76848329,227565,0.985975430392135,0.901810597282518,0.39,-1639.51241396683,4447.38357125085-23.9193783046072i,0.850588507329883-0.0115073583008066i,0.873429956429407-0.0261031301602703i,14.1833930169582,0,1,
205,1,77226800,77226800,227565,0.987661843718455,0.982000767006526,-0.0399999999999999,-1635.88867190228,-4250.67906589922+862.836949682106i,0.859595300698878-0.0102336460873393i,0.881221873712942-0.042565002097308i,14.7631422116248,0,1,
206,1,77605270,77605270,227565,0.986103680448375,0.883669755441698,0.43,-1644.94555826786,4215.18117285465-1474.39634081612i,0.850189484959112+0.000543325004368334i,0.865035676752505-0.0244416945315602i,13.9993944195051,0,1,
207,1,77983741,77983741,227565,0.987684815543807,0.976840284690846,-0.12,-1634.55837340817,-3913.20986682573+1930.8766277177i,0.859864539962305-0.0121550932999493i,0.871837330570306-0.0345847694159305i,14.6297390156739,0,1,
208,1,78362212,78362212,227565,0.98635008029091,0.9180762788173,-0.35,-1627.11189343715,3318.11840402904-2963.02007601938i,0.853104216169457-0.0213850169224028i,0.873595347110833-0.0317378946750628i,14.3060649723785,0,1,
209,1,78740682,78740682,227565,0.986288731731471,0.851032760416189,-0.5,-1650.1065258958,-3824.13911239642+2316.41454019489i,0.849345181052388-0.0372228380375303i,0.873114148221585-0.0082632667115424i,14.0800916134694,0,1,
210,1,79119152,79119152,227565,0.98779345569587,0.978368832856138,0.0999999999999999,-1634.88536474337,3164.50839945502-2994.04194492944i,0.858710218587939+0.00948173541140836i,0.873445292641681-0.0130991607300787i,14.5896479399633,0,1,
211,1,79497623,79497623,227565,0.98752771178215,0.966813324950089,0.18,-1632.25122368309,-1925.70605319096+3937.70757303578i,0.855871757392454-0.00415210963018999i,0.877521191403069-0.0355794841914244i,14.6054470288662,0,1,
212,1,79876093,79876093,227565,0.986061276614229,0.925806894856929,0.33,-1673.76663999249,2181.1490493195-3868.34545966294i,0.850672028495186-0.0171122576856884i,0.867216576140548-0.0266986988564362i,14.1383815913902,0,1,
213,1,80254564,80254564,227565,0.987295983894707,0.956678537102125,-0.23,-1629.32658460736,-1391.46218393217+4177.34424831035i,0.857360456728274-0.00558257595097829i,0.870561545038341-0.0227415498857082i,14.4752919246503,0,1,
214,1,80633034,80633034,227565,0.986723994690977,0.95070227614011,0.25,-1634.40522057444,1058.68728542418-4280.14274039669i,0.853848605063096-0.00121369752830751i,0.876997439238809-0.0201892481963346i,14.3161787794223,0,1,
215,1,81011505,81011505,227565,0.986536853511784,0.932964506986645,-0.31,-1666.6800732942,-641.779282265301+4387.66877479526i,0.852155155350868+0.0168907916234064i,0.875787549042431-0.015877103514337i,14.2633296117059,0,1,
216,1,81389976,81389976,227565,0.986749511799622,0.894111746663792,-0.41,-1636.05879161707,-934.827814550888-4365.09522000781i,0.850615536945201-0.0291096306357758i,0.865876423020076-0.0389682733438546i,14.1476219499526,0,1,
217,1,81768446,81768446,227565,0.987416200571975,0.980560697934365,0.0599999999999999,-1641.96176969618,1353.0204796794+4133.43753645263i,0.858264282583562-0.004888018853899i,0.873765028018357-0.0424303588887476i,14.7039595773097,0,1,
218,1,82146917,82146917,227565,0.985485432773299,0.857230500649499,-0.48,-1647.47834566192,-1913.16963809691-4042.97976163029i,0.850531477554752-0.00251711597600693i,0.873126398603055-0.0213670772889875i,14.1256640377795,0,1,
219,1,82525387,82525387,227565,0.985948884614278,0.921751323026848,-0.34,-1662.61269975968,1741.59184136906+4089.48928400687i,0.852155211053793-0.00622734257858243i,0.867790324901253-0.01845468384743i,14.1235180628278,0,1,
220,1,82903857,82903857,227565,0.987359542932499,0.972260198730164,0.14,-1624.93521712177,-2246.69790909105-3746.5512555237i,0.855966142705103-0.00985242863964771i,0.877637824093484-0.0252825603000829i,14.5681211685281,0,1,
221,1,83282328,83282328,227565,0.987575294690585,0.977979813406094,-0.0999999999999999,-1628.61616867647,3119.41030087672+3043.22022596463i,0.859956666680181+0.0039042205266207i,0.879844559742906-0.0310826412424947i,14.7149722615804,0,1,
222,1,83660799,83660798,227565,0.985226815535317,0.853455194596551,0.49,-1619.11677696604,-3673.76801674872-2549.7433449237i,0.850118093806373+0.00464714834188788i,0.864147839613697-0.0585461784878856i,14.0666595345579,0,1,
223,1,84039269,84039269,227565,0.98718669450864,0.981360861239815,-0.0499999999999999,-1658.47258704566,3742.32526738151+2212.92496761364i,0.85929628630605+0.0247772948747181i,0.880634020423746-0.0101310555122135i,14.7713815152507,0,1,
224,1,84417739,84417739,227565,0.985918011835013,0.889651008341033,0.42,-1618.93908756734,-4140.31440969248-1675.62607909549i,0.850325568435246-0.0038015120776552i,0.865454375028903-0.0277382659922542i,14.1648381794791,0,1,
225,1,84796209,84796209,227565,0.986217428301728,0.876798317731978,0.45,-1645.78338171522,3953.92817614132+2089.03993259126i,0.850875066876124-0.0220373748924018i,0.865215537899313-0.0230102164875711i,14.0983841265064,0,1,
226,1,85174680,85174680,227565,0.987118315650923,0.982167137819602,0,-1619.58504713885,-4125.48802623971-1339.22287919604i,0.856431475259393-0.000232137839001242i,0.879428564772383-0.0151300504678712i,14.4782342270098,0,1,
227,1,85553151,85553151,227565,0.987498745257788,0.960654035436628,-0.22,-1642.29175169282,4388.48645465541+311.004957266151i,0.857048801516328-0.0111650296544422i,0.87215479915378-0.0165899562629174i,14.5426555117911,0,1,
228,1,85931621,85931621,227565,0.987631109227448,0.981280699259164,-0.0599999999999999,-1637.61358056081,-4341.7661561465-208.38699440361i,0.859672552712305-0.0254754223909327i,0.880055977336967-0.0337297569620705i,14.7203004927544,0,1,
229,1,86310092,86310092,227565,0.987339190101201,0.96884888317458,-0.17,-1652.0576155231,4259.55073404836-1017.60154800255i,0.858325547451724-0.0333586509041074i,0.879075445110148-0.0311583747248588i,14.6328305771246,0,1,
230,1,86688562,86688562,227565,0.986014130608808,0.931836145783323,0.31,-1620.02561151166,-4141.24992365466+1582.75775544161i,0.851235981091127-0.0174444134562639i,0.867832657198967-0.0255744577784743i,14.2080613819308,0,1,
231,1,87067033,87067033,227565,0.987227589294609,0.978224945069758,0.0799999999999999,-1632.78344490403,3498.39900681271-2588.07281644208i,0.859020528231116-0.00957090717655204i,0.872925195354136-0.0357601451017398i,14.658474033865,0,1,
232,1,87445504,87445504,227565,0.986190021147999,0.86611411393347,-0.47,-1625.59829637631,-3271.40676262149+3046.94213022345i,0.848996014513294-0.0348122940374712i,0.870489343266992-0.0193526623870591i,14.0395711780926,0,1,
233,1,87823973,87823974,227565,0.987224891273613,0.973212502726524,0.14,-1622.89855793106,-409.982061584328-4349.53639877682i,0.851937567623506-0.0149448073719874i,0.876292204011358-0.0323143886431593i,14.5077822136269,0,1,
234,1,88202445,88202445,227565,0.986266814777768,0.887053605886598,-0.42,-1644.21309445172,-2246.20661496642+3861.99768629855i,0.85180407365816-0.0137326388536724i,0.866001764080271-0.0428111657702654i,14.2035951084066,0,1,
235,1,88580915,88580915,227565,0.985591673385998,0.872294046298679,-0.45,-1646.43586511366,2611.86650742325-3629.98339749358i,0.849509033299825-0.0362951677423935i,0.869912721121283-0.0668190487868347i,14.1152918016636,0,1,
236,1,88959385,88959385,227565,0.987655605776257,0.961450123167706,0.21,-1626.22253081927,-1701.71006507402+4055.83466131566i,0.855908038815862-0.00420917422725865i,0.870421378566557-0.029923861318109i,14.499968151989,0,1,
237,1,89337856,89337856,227565,0.986179544979059,0.917981115567734,-0.35,-1641.74538394125,1410.13390355008-4220.26549919037i,0.854741654857347-0.00930172208725339i,0.868774507072354-0.0336585785975559i,14.2767861939805,0,1,
238,1,89716326,89716326,227565,0.985758256754352,0.882984181719291,0.43,-1672.90312910829,-471.890434520105+4443.86252189158i,0.848557242361484-0.0233322553017489i,0.87347442430733-0.0252380303927553i,14.0774152888465,0,1,
239,1,90094797,90094797,227565,0.987944196046429,0.982616468714914,0,-1642.24140298887,-323.377676025167-4331.62343799368i,0.855504068886416+0.00274931782264796i,0.872184168904092-0.0344527346751314i,14.5599315899997,0,1,
240,1,90473267,90473267,227565,0.987292614169127,0.978701767911009,-0.0899999999999999,-1648.77824710426,-170.369432340394+4353.03365540643i,0.858433345697353-0.0249507828381579i,0.881222551847418-0.0315068237371813i,14.6411080210278,0,1,
241,1,90851738,90851738,227565,0.987400628623114,0.980412649625837,-0.0699999999999999,-1636.99269637281,-1540.69412639079-4071.32381827066i,0.858440917205204+0.0251864745995743i,0.881533821689656-0.018212884186968i,14.6996572491875,0,1,
242,1,91230208,91230208,227565,0.987905236874725,0.98221520576063,-0.0399999999999999,-1641.03956149033,1172.6164615085+4187.42007512822i,0.859565617856034+0.0124394663263322i,0.872565581567346-0.0236918470751604i,14.6405842195033,0,1,
243,1,91608679,91608679,227565,0.987699729351428,0.973060077392825,-0.15,-1647.37942469664,-2381.99138779272-3672.72573977185i,0.859497602259153-0.0366563933670846i,0.881032289482986-0.0236532859602974i,14.7118667264878,0,1,
244,1,91987149,91987149,227565,0.987419954671381,0.97685767504562,-0.11,-1621.47494038984,2126.98158882346+3809.4989944932i,0.85653195793172-0.0394623376240222i,0.870972807635364-0.0638645718980242i,14.6176085954087,0,1,
245,1,92365620,92365619,227565,0.986237456552084,0.862367628865768,0.48,-1639.46038733725,-2971.85360461869-3346.57192001321i,0.850984808592103-0.0181502867352389i,0.864711558536557-0.0488039645638137i,14.1112331866313,0,1,
246,1,92744090,92744090,227565,0.985984493375905,0.90906770975435,0.37,-1629.71884367464,3831.44552219736+2273.89801589834i,0.849518736464518-0.0430630289164373i,0.873183935620718-0.0403944699018066i,14.1664625912202,0,1,
247,1,93122561,93122561,227565,0.987020252725907,0.965212264283788,-0.19,-1654.74721306133,-3992.16679505004-1830.04199692298i,0.858798560103392-0.0212519962015918i,0.87733099740143-0.0282821459794046i,14.5613619897422,0,1,
248,1,93501031,93501032,227565,0.985205502051113,0.888737791034618,-0.42,-1644.86953697266,4421.16243386702+562.298058496319i,0.84743174024045-0.0233269100008412i,0.863124253976808-0.0290939677716844i,13.8663694175841,0,1,
249,1,93879502,93879502,227565,0.986690450962013,0.9064658867378,-0.38,-1618.73627712848,-4369.93972288672-896.025399104042i,0.852270762860609-0.0144646663755364i,0.865895316165972-0.0556725869708856i,14.1742412646653,0,1,
250,1,94257972,94257972,227565,0.987064901207528,0.977404559686216,-0.0999999999999999,-1622.17049923044,4290.51494371876+774.31850376085i,0.860208455376734-0.0251954657292743i,0.879687565139614-0.0480078916304977i,14.7415598063615,0,1,
251,1,94636443,94636443,227565,0.98761342672711,0.983599607898985,0,-1636.71002894533,-4247.74719251924+925.915152579447i,0.860981820719334-0.00175997535165661i,0.872512167064645-0.0296576930846262i,14.7299194950865,0,1,
252,1,95014913,95014913,227565,0.987635892022157,0.982913172383385,0,-1611.02266198153,4312.01300229342-528.366401205738i,0.859175181062848-0.0115195700563842i,0.880428699045433-0.0329013591920532i,14.6698906396228,0,1,
253,1,95393384,95393384,227565,0.987188726015934,0.939077301644636,-0.29,-1627.40858591215,-4173.91017646797+1482.87787033888i,0.854814337731978-0.0441186644614091i,0.87689094731599-0.0561942952823479i,14.3910237441233,0,1,
254,1,95771854,95771854,227565,0.986796718351418,0.964319039571363,0.19,-1634.84785573159,3987.70727260949-1835.95298656622i,0.854071856264111-0.0124184317975268i,0.873501325034393-0.0246382290093868i,14.4668841171784,0,1,
255,1,96150325,96150325,227565,0.986083201852603,0.91104704740133,-0.37,-1642.80225183148,-3741.22729790989+2421.83326315246i,0.852461373336191-0.0124974729704186i,0.874542253918421-0.0102347883377405i,14.2301635448596,0,1,
256,1,96528796,96528796,227565,0.984435808914651,0.88504181426459,-0.43,-1625.31363623096,2733.40728612904-3522.69943657373i,0.847452767484599-0.0326068380340899i,0.864713181547251-0.0344988209214103i,13.8539108027747,0,1,
257,1,96907266,96907266,227565,0.986249249010201,0.879444647626909,-0.44,-1654.50356105161,-3074.09303836438+3248.31604299441i,0.850126450640407-0.0137636991154331i,0.867086327781213-0.0281192181192215i,14.0824451656837,0,1,
258,1,97285736,97285736,227565,0.986062925481707,0.870261024817888,0.46,-1626.23098225123,1788.61983891541-4100.46479249281i,0.850512911131481-0.0185794724303796i,0.874076570908245-0.0263037602669027i,14.1210583776174,0,1,
259,1,97664207,97664207,227565,0.987728555196578,0.979472274849677,-0.0899999999999999,-1671.36244432898,-1502.86292831099+4091.58397338449i,0.858689052258531-0.00420464853446903i,0.873600650688464-0.0233325518579219i,14.7127881186792,0,1,
260,1,98042677,98042677,227565,0.987032399264286,0.980732201281214,0.0799999999999999,-1650.53888355537,1524.06436695567-4079.72009889291i,0.85875731460572+0.0140338397296016i,0.881318572568583-0.0103190228135189i,14.6538222250957,0,1,
261,1,98421148,98421148,227565,0.986166148979501,0.866580119777582,-0.47,-1648.5601565821,-938.429611948471+4374.99339046145i,0.850499989411493-0.022769769583483i,0.872815672366661-0.0196219250541821i,14.0654748665847,0,1,
262,1,98799618,98799618,227565,0.987895485295832,0.981603929904665,0.0599999999999999,-1646.72878286841,285.598364879106-4341.7385309545i,0.859119341850625-0.00671625559904675i,0.874736712071106-0.00935574845661324i,14.6546872659719,0,1,
263,1,99178089,99178089,227565,0.987826659296703,0.976510654489614,-0.12,-1623.1058595282,1118.91946733029+4222.05622419209i,0.858250588544294-0.0104426238555117i,0.870931836326589-0.0574592505885514i,14.6622971742536,0,1,
264,1,99556559,99556559,227565,0.986399357930619,0.913940542784096,0.36,-1614.83667352334,-1639.69076300199-4143.16373314432i,0.851819663117071-0.0300341469659651i,0.872222490680294-0.0274114195400162i,14.2530035587093,0,1,
265,1,99935030,99935030,227565,0.987330015779115,0.963334103602413,-0.2,-1598.30925100314,2041.43008182489+3894.31427714909i,0.855326642378605-0.0583288841850568i,0.877912712394334-0.060838608684343i,14.6018906875542,0,1,
266,1,100313500,100313500,227565,0.987542776164319,0.982186067305747,-0.0399999999999999,-1639.05194189394,-1801.06428299882-3960.19907238432i,0.860837919099075-0.000489302406970477i,0.874533959215426-0.0314761714226754i,14.6644939806922,0,1,
267,1,100691970,100691970,227565,0.986141630679378,0.88286867227741,0.43,-1649.9650175968,2232.34425406427+3872.45856324264i,0.850108563083954-0.0184588541350735i,0.871368745520982-0.0269100282232104i,14.061991210862,0,1,
268,1,101070441,101070441,227565,0.987467893518742,0.975696117997059,-0.12,-1639.87909947583,-2669.72146583699-3456.92097788351i,0.861455106366951+0.00335822568807202i,0.87410030913234-0.0223884572715338i,14.7181427511109,0,1,
269,1,101448912,101448912,227565,0.985938607728257,0.91681603685088,-0.35,-1660.41635568993,3479.55141035241+2776.63306390926i,0.852432702191312-0.0239762030808457i,0.867313931328597-0.0389030687670687i,14.202777572022,0,1,
270,1,101827382,101827382,227565,0.986456049697201,0.949243427628927,0.25,-1635.81339792718,-3950.91734880232-1973.58106638376i,0.852515705909841+0.00211289554956616i,0.87716322923264-0.0233239811938675i,14.3401789708699,0,1,
271,1,102205853,102205853,227565,0.986564339764721,0.932696363539226,-0.31,-1635.76064813225,4161.48770928262+1545.15063683698i,0.852097382793529-0.0433432594665103i,0.874391260214231-0.0654661940691065i,14.2894304134153,0,1,
272,1,102584323,102584323,227565,0.987077394762297,0.966506729481605,0.18,-1629.60126573281,-4251.3668706683-1086.57847079222i,0.856774828054856-0.0236390754723318i,0.87092478285861-0.0387752286228644i,14.4568284830359,0,1,
273,1,102962793,102962793,227565,0.986115083064041,0.92482525367907,0.33,-1613.77052912221,4319.94164489472+1055.32272767556i,0.8516271624409-0.0134717807253252i,0.868475822979846-0.0286280428143918i,14.2369412701709,0,1,
274,1,103341264,103341264,227565,0.982423605102035,0.897609667356886,0.4,-1650.95024205046,-4357.30185726462+800.249439788329i,0.841231214994286-0.0183857287307453i,0.86651610508204-0.0501142517962769i,13.2763697679882,0,1,
275,1,103719734,103719735,227565,0.977489839161994,0.880228500059257,-0.44,-1654.40606264888,4214.39218369623-1266.00731210509i,0.835212775304419-0.0172837699665079i,0.854635172453204-0.0374832435706603i,12.389655393722,0,1,
276,1,104098205,104098205,227565,0.985684622809293,0.876686822232966,0.44,-1622.12723399715,-4014.31568412148+1971.04747923226i,0.849935816521257-0.0609612910861565i,0.87026962364363-0.0732217216915269i,14.0611573492468,0,1,
277,1,104476676,104476676,227565,0.986112848308858,0.892907292170424,-0.41,-1643.69394338928,4065.39067974589-1856.64828588017i,0.853015921006136-0.0257684441232731i,0.873100532929435-0.0477365492367171i,14.22841032731,0,1,
278,1,104855146,104855146,227565,0.987032778270303,0.981523560486921,0.0599999999999999,-1643.14959035047,-3762.02407953706+2187.07276830747i,0.859350162833734+4.89454875572455e-05i,0.872718152168657-0.0160385731329702i,14.6101279232615,0,1,
279,1,105233617,105233617,227565,0.985982280165528,0.859453876062794,-0.48,-1623.26869654586,3436.25524837082-2870.46521078144i,0.851783729761405-0.0186319882793652i,0.863933146646841-0.0338375510411974i,14.0680897830526,0,1,
280,1,105612087,105612087,227565,0.986333170167048,0.890702360883125,0.42,-1632.57913233797,-2495.15629906045+3709.18425560798i,0.848144828575275-0.0630954952915513i,0.868792484918404-0.0782750050936139i,14.1296907478935,0,1,
281,1,105990558,105990558,227565,0.987793613984683,0.973873873246337,-0.14,-1642.94911506132,2005.11358888427-3887.07422734137i,0.859126589655847+0.0144023919441878i,0.88019811441111-0.0344402584876471i,14.6951195690108,0,1,
282,1,106369028,106369028,227565,0.987297969717548,0.976779495608683,-0.11,-1614.1807619839,-2273.36017873615+3722.61364853258i,0.857119279529072-0.0225951996899935i,0.873734923075119-0.0620707612757747i,14.6128969407255,0,1,
283,1,106747499,106747498,227565,0.986089355848026,0.855067753527208,0.49,-1630.5165134514,1646.22560193059-4161.89084237643i,0.850250696920165-0.0348838645171919i,0.87089856822407-0.0454495724086566i,14.0567518654926,0,1,
284,1,107125969,107125969,227565,0.987780106525429,0.982464849481769,-0.0499999999999999,-1610.33668225166,-1016.6501540009+4227.67570087176i,0.85950749590946-0.0611157202339375i,0.873140428200882-0.0671348120240499i,14.7309845797596,0,1,
285,1,107504439,107504439,227565,0.985614665767294,0.890814629508275,0.42,-1633.25549336435,716.660598455601-4409.37281915287i,0.849796110545237-0.0181856615903766i,0.863977618698441-0.0608150148812554i,14.0550238611707,0,1,
286,1,107882910,107882910,227565,0.987551264774975,0.965471065694737,0.19,-1666.64272083625,408.228223401529+4369.46504324098i,0.855343882677838-0.00405157499463801i,0.878114505152477+0.00217266367734774i,14.4539902494607,0,1,
287,1,108261381,108261381,227565,0.98659950299977,0.952539116952718,-0.25,-1631.5495790866,-1288.2846385002-4222.81162614369i,0.855114768189319-0.0480841499300574i,0.869392376141317-0.046068677903348i,14.4340631810757,0,1,
288,1,108639851,108639851,227565,0.986796161421866,0.960442489270722,-0.21,-1652.45053187287,989.3763236188+4288.47553825698i,0.856993817455233-0.00993489033788346i,0.877082472801982-0.0358772943726076i,14.5407255016506,0,1,
289,1,109018322,109018322,227565,0.986643992321518,0.928752070443006,-0.32,-1656.98117684808,-2296.22342905135-3805.53942680206i,0.854857339913921-0.00446886526829463i,0.876220666122424-0.0467340310308333i,14.3529827034601,0,1,
290,1,109396792,109396792,227565,0.987019059372793,0.96871310487516,-0.17,-1619.77657707915,2284.66721990299+3742.94919824328i,0.858570232860868-0.0216579236497479i,0.8723711942564-0.0396265059121363i,14.5561290683723,0,1,
291,1,109775262,109775262,227565,0.986291439078654,0.931674825809135,0.31,-1614.30183073764,-2785.31020402998-3456.38702417028i,0.853327020624665-0.0286661728833793i,0.872957818323761-0.0510727411505404i,14.2500031004332,0,1,
292,1,110153733,110153733,227565,0.986944935137971,0.952752754219966,-0.25,-1632.63566115786,3107.77671705733+3139.88897510078i,0.856682982275425+0.0164424889132713i,0.870819813999982-0.0309328130888533i,14.4452263254812,0,1,
293,1,110532203,110532204,227565,0.982627499198303,0.949320970534929,-0.24,-1616.80342588796,-4132.58657908931-1450.75591117043i,0.842215289462133-0.0412646111570057i,0.859740713755378-0.0656157598436549i,13.4530704953364,0,1,
294,1,110910674,110910674,227565,0.987495502690913,0.974619721555371,0.13,-1643.49799712026,4081.59825308728+1561.63365260081i,0.858530457396769+0.00431435183484355i,0.881562751097246-0.0143233259940454i,14.628862190178,0,1,
295,1,111289145,111289145,227565,0.986915299495666,0.975369488079162,-0.12,-1608.26936972512,-4361.37126146648-271.88426752559i,0.859178371930604-0.0125155437154432i,0.879568310355313-0.0499878929634456i,14.7523627060762,0,1,
296,1,111667615,111667615,227565,0.987486322294356,0.98180765875227,0.0399999999999999,-1669.31619081953,4280.01086386284+767.585042664648i,0.858261628262742-0.0314792812866553i,0.874618744200357-0.0101031504022495i,14.5732105725137,0,1,
297,1,112046085,112046086,227565,0.984920694393341,0.976157465455163,0.0999999999999999,-1635.71642952913,-4266.85051068057+830.501629016776i,0.847765997320931-0.018623554227343i,0.862505995051935-0.0440433882095697i,13.8433579451458,0,1,
298,1,112424556,112424556,227565,0.985887663144484,0.895736417689977,0.4,-1652.67403855515,4241.88540406027-1393.8922639656i,0.850295088656607-0.000397666814986148i,0.871593431996671-0.0195617782301658i,14.1176616518711,0,1,
299,1,112803026,112803026,227565,0.984747938805562,0.880935618937341,0.43,-1622.07590014599,-4314.06373154594+1170.80340314588i,0.850302653969707-0.0104072881403373i,0.86663362920399-0.0472158192009735i,14.1083375169134,0,1,
300,1,113181497,113181497,227565,0.98760644235044,0.983114635788419,0,-1621.16136154013,4003.30238857365-1691.14334098242i,0.858427477434733-0.0216374123265207i,0.881345645406299-0.0495456907797012i,14.6584466775365,0,1,
301,1,113559967,113559967,227565,0.986279974903636,0.915210490819349,0.36,-1628.62373228781,-3959.88610791037+2040.70853492399i,0.850939042191375-0.0193939148444869i,0.875128720531972-0.0400556434575301i,14.2196904440492,0,1,
302,1,113938438,113938438,227565,0.987157765898568,0.981667894724392,-0.0699999999999999,-1630.90329234851,3493.67949817617-2599.00012038702i,0.859704839353649-0.0272788145887917i,0.872941893498421-0.052815525647862i,14.6849260563135,0,1,
303,1,114316909,114316909,227565,0.985624193345824,0.932422529608361,-0.31,-1628.59843524494,-2698.44762396192+3524.62800729007i,0.854438647000559-0.025602721153461i,0.867866566503003-0.0593074908293037i,14.3001710294204,0,1,
304,1,114695379,114695379,227565,0.98661752191101,0.971374922675379,-0.15,-1669.86136784245,2851.0770014356-3322.73793385037i,0.859439289094798+0.0239014871119657i,0.879867781762894-0.0131315188939265i,14.6448420057037,0,1,
305,1,115073850,115073850,227565,0.986249364523765,0.905883736618827,-0.38,-1654.89668487524,-1912.95909553007+4029.37897444064i,0.852434364975498+0.00412381117380427i,0.873466391612476-0.0296967463784065i,14.1714712493696,0,1,
306,1,115452320,115452320,227565,0.98718254446291,0.957521394561984,0.22,-1651.57157174491,1111.89649250461-4260.02637419219i,0.855458295933499+0.00401052543588461i,0.870633890371652+0.00152744805820857i,14.2945690991836,0,1,
307,1,115830790,115830790,227565,0.985873274458062,0.909237434095701,0.37,-1654.89627435802,-1200.66494799498+4291.08175406147i,0.851566662867103-0.0197185596130584i,0.87505648744892-0.0219792851319153i,14.1343440374521,0,1,
308,1,116209261,116209261,227565,0.987468920361402,0.967851995020863,-0.18,-1638.86913747818,581.192644319972-4347.66640888874i,0.858304929046909-0.0279685543955271i,0.874314821196649-0.0259563000296717i,14.5186992675026,0,1,
309,1,116587732,116587732,227565,0.985812561094392,0.892811497925386,-0.41,-1619.02869911805,703.715892931869+4411.57875053499i,0.851930850185677-0.0151584546431996i,0.867170781198638-0.0430544310731595i,14.1351744075488,0,1,
310,1,116966202,116966202,227565,0.985811318047629,0.908879123346048,0.37,-1622.28159064009,-1826.52555817403-4064.72551763581i,0.851732517581882-0.0261666452356028i,0.872951079118803-0.044710354958844i,14.1847087756632,0,1,
311,1,117344673,117344673,227565,0.986654808305133,0.912259690664143,-0.37,-1650.85704644711,1779.77857851163+4088.66449446043i,0.852468646211216-0.0274232063857005i,0.873954602700021-0.0334228671370198i,14.1738596883436,0,1,
312,1,117723143,117723143,227565,0.987416601922388,0.982808139803277,0,-1640.05399053112,-2145.09404812541-3782.16496815557i,0.859908444683461-0.00536530860577149i,0.872771198745744-0.0518764198352974i,14.7690762404373,0,1,
313,1,118101614,118101614,227565,0.986878587113791,0.947944687291007,-0.26,-1649.58736764391,3020.91482149588+3227.05811064541i,0.856760075809755-0.00341221346809277i,0.870962729456911-0.0146511827624287i,14.3731658811164,0,1,
314,1,118480084,118480084,227565,0.986444036004605,0.938060449029353,-0.29,-1629.38283542141,-2918.4019829257-3334.07379832298i,0.855669264864136-0.0141090687374272i,0.876909262197354-0.0447623692824581i,14.4523945828679,0,1,
315,1,118858554,118858554,227565,0.987418362555912,0.964921123427258,0.19,-1661.5696615112,3219.48285130114+2986.42321569474i,0.854377996836447-0.013199765512696i,0.872028432915957+0.00282325294305161i,14.4126600330991,0,1,
316,1,119237025,119237026,227565,0.981192588273118,0.874402103066747,-0.45,-1651.2470234703,-4221.38090322018-1335.96132903057i,0.840752292088092-0.0137083770849191i,0.863447888763286-0.0364038879264738i,13.0630033847152,0,1,
317,1,119615496,119615496,227565,0.986728271035174,0.865536554067484,-0.47,-1674.81244206248,4178.48854551941+1608.17480640719i,0.850741259737956-0.00585968789737619i,0.871313290774555-0.0197632097974811i,14.0159730012977,0,1,
318,1,119993966,119993966,227565,0.986074778629772,0.930861945809139,0.31,-1632.8983470404,-4433.6705348686-233.893709311846i,0.85080272667432-0.0150753439480851i,0.869655826985261-0.0201298305067531i,14.2127931813948,0,1,
319,1,120372436,120372436,227565,0.986085857943598,0.869513567722604,0.46,-1617.78651252214,4459.08237177901+390.88028382294i,0.851444861300044-0.00610708265757027i,0.871744952783591-0.0443972550034784i,14.1222645991028,0,1,
320,1,120750907,120750907,227565,0.987076303309316,0.97934457155627,-0.0899999999999999,-1630.58445864709,-4358.56685444039+36.8523189470653i,0.860325170764284-0.0132272170863227i,0.872886162979025-0.0281951344494418i,14.6139161777808,0,1,
321,1,121129378,121129378,227565,0.987160830013447,0.964059087288573,-0.2,-1626.89035566231,4126.38614574262-1520.40316540404i,0.859867684264073-0.00235759281640253i,0.872454527898224-0.0234445637186348i,14.5920779461361,0,1,
322,1,121507848,121507848,227565,0.986990711530355,0.940490599976436,0.29,-1640.64822187225,-3926.20555267466+2058.7231946467i,0.853206315080041+0.00593239774310019i,0.87683212867133-0.0155595103825006i,14.4000734763239,0,1,
323,1,121886319,121886319,227565,0.986452749933789,0.943967929051986,-0.27,-1646.40350851479,3646.93864830174-2504.59224854536i,0.854988188543383-0.0117362572285229i,0.870503141485497-0.0181978724900311i,14.3368004252534,0,1,
324,1,122264789,122264789,227565,0.987688702785884,0.976139484198295,-0.12,-1632.6827019722,-3693.53785565943+2332.81982233673i,0.858706740069347-0.0299378152964355i,0.87917376773672-0.0404083480644822i,14.6796379680965,0,1,
325,1,122643259,122643259,227565,0.986534496990242,0.9147674759482,0.36,-1631.6431908913,3466.87831459813-2798.21286445334i,0.851192551183656-0.012113201841276i,0.874337362794371-0.0238694896490459i,14.203887578951,0,1,
326,1,123021730,123021730,227565,0.986457931991629,0.960894575015945,-0.2,-1636.20825828729,-3051.37046893458+3164.35197087664i,0.8583724534754-0.0136818272885525i,0.873988568071683-0.0423239924070988i,14.5166897667717,0,1,
327,1,123400201,123400201,227565,0.986549216462653,0.934367670584253,-0.31,-1652.30689217735,2084.56966188419-3920.77489239338i,0.853416351871836-0.0265896725025309i,0.870570917225059-0.0208770138820323i,14.274966067728,0,1,
328,1,123778671,123778671,227565,0.987163207227831,0.968152398253145,0.17,-1628.49531176164,-1590.6770390344+4085.50995483654i,0.855413107692146-0.0152939965189676i,0.879368152290749-0.0231207988784606i,14.5390576124699,0,1,
329,1,124157142,124157142,227565,0.986313806698107,0.907211362284555,-0.38,-1630.93528676462,1025.90674101935-4342.42367397098i,0.85164907830813-0.0204664825866531i,0.872443405175505-0.06213745005795i,14.2290148205386,0,1,
330,1,124535612,124535612,227565,0.986387646546377,0.918080082203031,-0.35,-1642.06148561698,-1444.7585735199+4212.23174921941i,0.85430897852992+0.000335255514759448i,0.868580385100942-0.0213950263643296i,14.207423289107,0,1,
331,1,124914082,124914082,227565,0.986797031266318,0.949236037360439,0.25,-1615.14194957551,583.442971392312-4377.78715971605i,0.85454880180003-0.0128958647526005i,0.875435608499617-0.0502455951899201i,14.3634807924337,0,1,
332,1,125292553,125292553,227565,0.98589715906865,0.933821493386729,-0.31,-1625.08078941372,-58.3816455404089+4440.40447304831i,0.854865181147762-0.000435074256875674i,0.8689678936558-0.0447826583152082i,14.312678408734,0,1,
333,1,125671023,125671023,227565,0.98689106811056,0.966350829819405,0.17,-1626.98372264457,-398.474048383726-4365.75024943458i,0.855150556226536-0.00600142337234443i,0.869910294354487-0.0719889776952772i,14.3995754364087,0,1,
334,1,126049494,126049494,227565,0.987303324143635,0.979446256102764,0.0599999999999999,-1659.21079313848,1665.16735144144+4022.85361695022i,0.858113896978464+0.0122754840453563i,0.88112552271365+0.0048539285773256i,14.7606949097879,0,1,
335,1,126427965,126427965,227565,0.986006355099045,0.85759243983751,-0.48,-1654.14297054454,-2179.48102574105-3913.89408770368i,0.849493832270779-0.0339525721034235i,0.871886434610429-0.0279373095728296i,14.11923483088,0,1,
336,1,126806435,126806435,227565,0.986618279198153,0.983152578575995,0,-1642.61832502274,2521.20173888781+3542.65947126993i,0.861223518668172-0.0197560165664398i,0.875247283793344-0.038330913273872i,14.6264667625215,0,1,
337,1,127184906,127184906,227565,0.985680036789538,0.879974096136675,-0.44,-1639.10001263406,-3217.58625798487-3109.16384862486i,0.851267266236084+0.00361042681758449i,0.864088340643103-0.0379151402441401i,14.0431170115659,0,1,
338,1,127563376,127563376,227565,0.98220301206378,0.862625474130778,0.48,-1629.85591959116,3255.66794300295+3012.52175876221i,0.841888727777507-0.0233598782172072i,0.865937565890759-0.0174029951913207i,13.199938181214,0,1,
339,1,127941846,127941847,227565,0.985531319700303,0.940034188234957,-0.28,-1648.36909474044,-4179.70486594994+1426.03729149526i,0.851730873443592-0.0143915120489708i,0.867958330564075-0.00316180644604313i,14.0741857871713,0,1,
340,1,128320317,128320317,227565,0.986766092104701,0.946619706020327,0.27,-1639.98180925847,4282.03276383881+1118.87088036308i,0.853655269988227-0.0152245871450334i,0.876969688663089-0.0175307739736822i,14.3674581951884,0,1,
341,1,128698787,128698787,227565,0.985831725389484,0.890220879348733,0.42,-1663.92928408325,-4253.37866428385-1375.23927706623i,0.852091494093291-0.0137305177899623i,0.87440314757263-0.0279939727720344i,14.0527741653807,0,1,
342,1,129077258,129077258,227565,0.981553926378819,0.868764849159336,0.46,-1657.16483138818,4431.74519770099-31.8073522425408i,0.840658704792407-0.00559342740933293i,0.860237809923006-0.0141680894808482i,13.0924753516784,0,1,
343,1,129455729,129455729,227565,0.98659551887625,0.912210115966434,-0.37,-1647.27313679098,-4443.42066523196+388.792882085021i,0.852727085202618-0.0378772106328806i,0.868586807019098-0.0365151069672287i,14.2146401888737,0,1,
344,1,129834199,129834199,227565,0.987204231387783,0.95391407961918,0.24,-1640.97361893324,4219.11133234195-1296.08517025455i,0.853532864942086-0.00171201568767392i,0.878079040800839-0.0175184688698741i,14.4710871525954,0,1,
345,1,130212670,130212670,227565,0.986635777602228,0.928291325362441,-0.32,-1646.83288698528,-4061.46157473329+1811.6620465843i,0.855042448361413+0.00120422306229517i,0.875921642941103-0.0330256008107365i,14.4132061872882,0,1,
346,1,130591140,130591140,227565,0.987312180857164,0.970634326396926,0.16,-1634.61207121479,3736.79154760114-2289.48217435425i,0.854221415995907-0.0294524405965543i,0.872801476802227-0.030072954944166i,14.5493563822813,0,1,
347,1,130969611,130969611,227565,0.98646034358464,0.901108328344488,-0.39,-1662.50865697922,-3617.80710437147+2609.38892661385i,0.853576409904921+0.0149859685005668i,0.874668694090551-0.0260337230396413i,14.1797345449908,0,1,
348,1,131348081,131348081,227565,0.986084548090618,0.94977604500891,-0.25,-1662.24086614326,3573.35783625207-2598.12410497563i,0.856642582810542+0.0162003769199849i,0.869284834166814+0.00299028791835449i,14.3523443986167,0,1,
349,1,131726551,131726551,227565,0.98721990692178,0.953310606909934,0.24,-1633.0641241507,-3224.3658164928+3007.80155143113i,0.855563501295828-0.00412350708047452i,0.869123633130297-0.0291132597372551i,14.4223589490732,0,1,
350,1,132105022,132105022,227565,0.986170030652843,0.928231903968298,-0.32,-1642.5995063545,2909.47894521328-3360.68115679856i,0.854963328481058-0.0292027858269226i,0.87630140762662-0.0368623330943466i,14.3611214690357,0,1,
351,1,132483493,132483493,227565,0.986165812624403,0.887568880489009,-0.42,-1637.50532147142,-1704.4260964987+4135.17980207498i,0.850975790146053-0.0510981080670789i,0.862650005655666-0.0530611524018995i,14.1148858797882,0,1,
352,1,132861963,132861963,227565,0.988097657149532,0.982549925548363,0.0499999999999999,-1637.76597097851,1186.90725997577-4188.71211773413i,0.859193889751713+0.0161603864480062i,0.880237304315366+0.00299782814166401i,14.7976317759189,0,1,
353,1,133240434,133240434,227565,0.98610360122295,0.850814488611381,-0.5,-1622.63760554998,-747.024085910514+4417.50568193437i,0.848549712074104-0.0192499662610174i,0.872960673491452-0.046978049240389i,14.0776794048756,0,1,
354,1,133618904,133618904,227565,0.987630596673064,0.983091821258784,-0.0399999999999999,-1636.21262048407,275.676932124434-4344.35007241055i,0.859230158417751-0.00227817060564373i,0.873082046015815-0.0445425545779699i,14.7029067305136,0,1,
355,1,133997374,133997374,227565,0.987204746116643,0.974982553549733,0.13,-1624.81442492377,-185.397117313237+4368.17381363701i,0.857215025522335-0.0129614321672944i,0.878913784979933-0.0453511955238184i,14.5899116673358,0,1,
356,1,134375845,134375845,227565,0.987286079717547,0.960424305702363,0.21,-1656.39038323781,-1436.76853530554-4161.04391947138i,0.853603882546124+0.00896838709919151i,0.871311809514151-0.0171866873902909i,14.4436255086511,0,1,
357,1,134754315,134754315,227565,0.986575793027788,0.915134067434662,0.36,-1639.15106207153,1332.13063661981+4255.54356235487i,0.852501494661295-0.00786473439806856i,0.866164901427873-0.0217260857832424i,14.184699267807,0,1,
358,1,135132786,135132786,227565,0.987079114949923,0.978842955555371,-0.0699999999999999,-1645.02642868545,-2076.91636630342-3829.31873073057i,0.859478731200843-0.0147260595833659i,0.882461206592253-0.0326959393894036i,14.6692823456373,0,1,
359,1,135511256,135511256,227565,0.986376940378436,0.896299994811613,0.4,-1644.0059335748,2399.84832502098+3769.24387551597i,0.851666534023771-0.0319453335513696i,0.873544287365251-0.0290972431631992i,14.1398913551604,0,1,
360,1,135889727,135889727,227565,0.987854533956539,0.966399679055003,0.18,-1633.9168401132,-3348.3513855579-2840.90323117591i,0.856963274789357-0.0056111804198059i,0.869742910520539-0.044437168166017i,14.575778260641,0,1,
361,1,136268197,136268198,227565,0.986119973246404,0.969979073918443,-0.15,-1640.96968011934,3840.05572312033+2082.9397249435i,0.852359759386322-0.00725518921067674i,0.86658220167117-0.0151846154240189i,14.1576523990798,0,1,
362,1,136646668,136646668,227565,0.987317099580237,0.957889361110704,0.22,-1617.74101037946,-4084.71222328335-1652.26167774725i,0.855667870093616-0.00866028818887894i,0.877570895783222-0.0296059640217245i,14.545018476868,0,1,
363,1,137025139,137025139,227565,0.986093436013409,0.872871051727415,-0.45,-1629.06503231875,4281.40420944624+1308.31521703323i,0.853203490709409-0.00282917628816502i,0.865896285888339-0.0339066611940237i,14.2149566183102,0,1,
364,1,137403609,137403609,227565,0.986590829673769,0.933739287231522,-0.31,-1660.87168861437,-4107.42556877731-1687.79151859438i,0.854569229761293+0.0147029417217902i,0.877087612929313-0.00776386996095432i,14.3625364952155,0,1,
365,1,137782080,137782080,227565,0.986097079624424,0.893918264599418,-0.41,-1642.39953303942,4460.32186931941+254.259373794963i,0.850861512523965-0.0361120720636439i,0.870898282227929-0.0642410545947995i,14.1052957011417,0,1,
366,1,138160550,138160550,227565,0.987168669375572,0.948753575526935,-0.26,-1637.14139332367,-4407.50453945555-332.994093291228i,0.857239662211998+0.00122139831034101i,0.86974491273028-0.0327651398755867i,14.3589036448558,0,1,
367,1,138539020,138539020,227565,0.987729807251456,0.958389447996643,0.22,-1633.00883186612,4399.64533049163-190.386795789482i,0.854424840688888+0.0187613711523476i,0.876443252123994-0.0124646302508452i,14.4615006527265,0,1,
368,1,138917491,138917491,227565,0.987644761425695,0.976910613816724,0.11,-1621.3606881955,-4072.16013877778+1570.61123713294i,0.858060340450098-0.0203849224221235i,0.871773873359738-0.0327978668777696i,14.6127091064111,0,1,
369,1,139295962,139295962,227565,0.985980793911093,0.879463395229624,-0.44,-1616.76168948811,3930.78430471374-2136.08979179988i,0.850918869380048-0.0432503816527327i,0.865116520400854-0.055279003946188i,14.0876873380285,0,1,
370,1,139674432,139674432,227565,0.98633451768746,0.893762377264733,-0.41,-1642.51916856011,-4113.7249522976+1744.48571513416i,0.853067269655699-0.0196323258969755i,0.873739845391186-0.0243902041844692i,14.197819313391,0,1,
371,1,140052902,140052902,227565,0.986254285143666,0.910361905715435,0.37,-1648.9351069992,3544.3533746908-2703.62606323847i,0.851964252300731-0.0212995058095263i,0.86543223583873-0.0191017782429278i,14.0808476043391,0,1,
372,1,140431373,140431373,227565,0.985421616749595,0.910775229191188,-0.37,-1644.03093666875,-3415.92034656656+2864.30223661727i,0.853502547419195-0.018342203539674i,0.874056958278442-0.0205721455756353i,14.1770326317565,0,1,
373,1,140809843,140809844,227565,0.985367756909806,0.931179943335178,-0.31,-1651.27320899621,2102.51396991287-3898.8801623215i,0.852002374785038+0.00310362351839777i,0.874535344668273-0.0120337979366759i,14.1292537024001,0,1,
374,1,141188314,141188314,227565,0.986676074580733,0.946712320633754,-0.26,-1646.53843300321,-2219.116006351+3809.51000956205i,0.855693805632766-0.0104272983291634i,0.869201309789457-0.0322923117817957i,14.4267716327153,0,1,
375,1,141566784,141566784,227565,0.986305509877925,0.919505623391354,0.35,-1633.37556540248,1485.16759265564-4179.10676362944i,0.853596677065804-0.00243948131261843i,0.867394751481328-0.0347154508931378i,14.2012910801463,0,1,
376,1,141945255,141945255,227565,0.987777205990685,0.978991670785828,-0.0899999999999999,-1615.78020454603,-825.535375272678+4265.25245324924i,0.860561305447187-0.00610915044376321i,0.880208072706028-0.037567457542807i,14.706380340378,0,1,
377,1,142323725,142323725,227565,0.986101907880622,0.902198821845328,0.39,-1662.44622933529,335.295929180892-4435.49618237137i,0.851292779123762+0.0160085842980963i,0.873242708679819+0.00871335107801784i,14.0875124726208,0,1,
378,1,142702196,142702196,227565,0.986259575294848,0.865221181321543,-0.47,-1624.36721154134,-85.3746965408273+4459.62127502807i,0.849599365095967-0.0208988347171932i,0.865223836791134-0.0281518944418724i,13.9681668844084,0,1,
379,1,143080666,143080666,227565,0.98704227144944,0.963620867283073,0.19,-1619.0021228642,-577.876787546263-4336.38311285622i,0.855111344747743-0.0101163331094341i,0.878681759800924-0.0474581164472429i,14.4875266682514,0,1,
380,1,143459136,143459137,227565,0.986783412013372,0.969070136680964,0.16,-1626.59477164787,1967.27918919988+3890.85536464978i,0.853020799077597-0.0143713277369107i,0.869393753647686-0.035489480400939i,14.373959678872,0,1,
381,1,143837607,143837607,227565,0.987144258516866,0.954591117747478,0.24,-1635.61529931071,-1638.46815990274-4078.45155707567i,0.856416984571959-0.0199414193244705i,0.871074590328799-0.0579606424501689i,14.3249664062711,0,1,
382,1,144216078,144216078,227565,0.987301365313769,0.963465008732964,-0.2,-1651.68654016655,2317.08377546784+3734.37053002051i,0.856878325374295-0.0202898957270171i,0.878659150538543-0.0373096321624208i,14.5103877066746,0,1,
383,1,144594548,144594548,227565,0.987053695751861,0.941133630773934,0.28,-1645.23890555927,-2811.02776973373-3417.86179147488i,0.853558323788459+0.00151423928723597i,0.869472662503326-0.014531322757943i,14.2954464665432,0,1,
384,1,144973019,144973019,227565,0.986958029734047,0.943701038959498,-0.28,-1634.55400944117,3238.09731061795+3020.80328084813i,0.857200205132154-0.00831175188762722i,0.876069316265927-0.0203643996497137i,14.4955739536176,0,1,
385,1,145351490,145351490,227565,0.985531995365714,0.90391338912503,-0.38,-1649.53636619751,-4025.22925837605-1924.54024767134i,0.85333233153899-0.0124081122724134i,0.873507301538864-0.0205419252790851i,14.2155824810905,0,1,
386,1,145729960,145729960,227565,0.987737725991496,0.978631973422859,0.0899999999999999,-1652.86323217421,4094.73426544513+1494.84126689937i,0.858259541048086-0.021072666427872i,0.874615915096543-0.0195268208208974i,14.6291914026917,0,1,
387,1,146108431,146108431,227565,0.985871838875385,0.871245035818476,-0.45,-1631.76992374767,-4377.27937364416-928.766263823383i,0.852546928108492-0.0199152139298148i,0.87235205740791-0.0456556380218243i,14.1526919186143,0,1,
388,1,146486901,146486901,227565,0.987672612509769,0.982414830715628,0,-1636.66295676222,4309.35617292756+540.135331555178i,0.860048912350522-0.00145687539614212i,0.875113441127011-0.0178549451422506i,14.6100969071764,0,1,
389,1,146865371,146865371,227565,0.987253667965204,0.968394560035985,0.17,-1625.6670540121,-4358.71178394356-451.641620227171i,0.856810590146783-0.00198653800634067i,0.870172165716842-0.0395510154347102i,14.4734525800798,0,1,
390,1,147243842,147243842,227565,0.985726927659858,0.906465775713491,-0.38,-1622.34248460743,4460.00694376106-5.16086762104333i,0.852800979642488-0.0442151602608583i,0.873933330065032-0.0284990970770389i,14.2801552580842,0,1,
391,1,147622313,147622313,227565,0.98584267035597,0.886356484141618,-0.42,-1643.03206207585,-4139.94167047434+1684.63435575749i,0.852199774751452-0.0254926040892862i,0.873089975876957-0.0123702241199061i,14.1976001835747,0,1,
392,1,148000783,148000783,227565,0.987311560816682,0.982942766598128,0,-1625.09879286388,3824.94316281288-2063.80384732238i,0.860610417784039-0.00532901635588422i,0.874910707910054-0.0368113775886781i,14.7924953428327,0,1,
393,1,148379253,148379253,227565,0.985398210543778,0.8754074281756,0.45,-1646.27920620558,-3739.04355519418+2455.35638862423i,0.851922134034769-0.0257254183394265i,0.867550792012577-0.0273878868714672i,14.1579876798701,0,1,
394,1,148757724,148757724,227565,0.987922800614028,0.977285501657951,-0.0999999999999999,-1610.90854938411,3255.13227823176-2903.60580699891i,0.859671854081227-0.0249980980606588i,0.880185552299954-0.0522710007084454i,14.8130836978517,0,1,
395,1,149136194,149136194,227565,0.987728107489825,0.981031140259646,0.0599999999999999,-1637.55560709169,-3443.16839512206+2662.02968553216i,0.858971803111126-0.00212089238673701i,0.87477751342665-0.0279160070184725i,14.6708715246072,0,1,
396,1,149514665,149514665,227565,0.985464996440689,0.857902684624789,-0.48,-1635.9501718337,3187.75763117833-3142.77021262093i,0.850681261953952-0.0128879262529564i,0.872814952122773-0.0556860209705094i,14.1272283456391,0,1,
397,1,149893135,149893135,227565,0.987913045363549,0.981907646095574,0,-1640.48425630107,-2605.29056422158+3479.86705750622i,0.862100790581783-0.00479505292733618i,0.881372630317484-0.0126449198317025i,14.8884970262716,0,1,
398,1,150271605,150271605,227565,0.985535513676315,0.875298835286094,0.45,-1643.62533556251,2333.54625746248-3801.92483888814i,0.851613503201607-0.0270395875866309i,0.86603970128013-0.0325488969899101i,14.07355878223,0,1,
399,1,150650076,150650076,227565,0.986434814944089,0.920838893939744,0.34,-1632.61967214123,-1219.99552684609+4264.21051434963i,0.850732453615341-0.0298112062050782i,0.867366845634841-0.0380640491758888i,14.1511670077469,0,1,
400,1,151028547,151028547,227565,0.986919723438662,0.958663383562868,-0.22,-1649.2906836814,604.639266355216-4351.61565365247i,0.858179927906865-5.02966043320095e-05i,0.878191696268545-0.0169209005640721i,14.5691298404837,0,1,
401,1,151407017,151407017,227565,0.987058338400864,0.944999068062336,0.27,-1625.48327138691,131.776472642322+4412.18632046782i,0.853960101725962-0.0193480719970944i,0.876644404287141-0.0392860722064407i,14.3979135887545,0,1,
402,1,151785487,151785487,227565,0.985687799308351,0.889104140188522,0.42,-1633.16704198748,6.65585455543397-4459.0657231672i,0.851720846932491-0.037083021227725i,0.866498408527694-0.0266754965152504i,14.1386506422251,0,1,
403,1,152163958,152163959,227565,0.982943754625843,0.946203131005806,-0.25,-1641.56270454139,1889.37981787931+3951.53478136558i,0.845850108882837-0.0332997477012103i,0.869052579191413-0.0524340880917173i,13.6521100680445,0,1,
404,1,152542429,152542429,227565,0.98648318966659,0.911633060122673,-0.37,-1645.7364040973,-1508.63219279686-4183.72977292671i,0.853656190800699-0.0164253954071243i,0.868677410354218-0.0221553413267706i,14.1497892610776,0,1,
405,1,152920899,152920899,227565,0.986944672869032,0.953366649735469,0.24,-1634.64830090119,2217.46101856549+3813.3538844572i,0.855073219564847-0.00543037210003372i,0.870897157446397-0.0467121116281984i,14.3778935569824,0,1,
406,1,153299370,153299370,227565,0.986435195466874,0.928055332521033,-0.32,-1623.50358219653,-2794.65293054375-3455.32446923038i,0.855017620502497-0.0328269757671693i,0.875345299711178-0.0392979428360604i,14.3265402042136,0,1,
407,1,153677840,153677840,227565,0.987293677898493,0.969663264776774,0.16,-1622.93076973779,3041.71427646647+3151.4520713457i,0.855502591701221-0.017334934736508i,0.879694114504704-0.0365826069154256i,14.6360960033503,0,1,
408,1,154056311,154056311,227565,0.987272724931258,0.978571991041273,-0.0899999999999999,-1629.96401419091,-3679.93694788389-2335.27061735492i,0.859098484393235-0.0275956013123944i,0.874741288641132-0.0388388705139367i,14.6962165345488,0,1,
409,1,154434782,154434782,227565,0.985639787804055,0.850618079419596,-0.5,-1642.31257355244,4144.57267164408+1696.47967398372i,0.850694470318987+0.0151956012660756i,0.866508597771905-0.0097394346332055i,13.9490677942966,0,1,
410,1,154813252,154813252,227565,0.987631253165364,0.981665559191135,-0.0399999999999999,-1635.43852741771,-4202.59632931227-1125.16576257362i,0.86026045955544-0.0153742231982017i,0.881718095169864-0.0235973795478016i,14.716888368092,0,1,
411,1,155191722,155191722,227565,0.986109861520326,0.885418552688669,0.43,-1664.27205148147,4406.43142725898+767.818049862718i,0.850867879338526+0.00740853644088746i,0.866922774093483-0.0201178016255433i,14.0704650855276,0,1,
412,1,155570193,155570193,227565,0.986034565922022,0.887250399220442,-0.42,-1653.03387928012,-4397.37627340858-808.47546322278i,0.853189341126709-0.0308793077173386i,0.874267846073699-0.0238578765629166i,14.1186038648669,0,1,
413,1,155948663,155948663,227565,0.98770901680043,0.981831743105807,0.0499999999999999,-1637.91605051884,4347.18734197464+213.440423560138i,0.860190754397323+0.010132628045049i,0.883620699543108-0.0128330120214729i,14.7720141281665,0,1,
414,1,156327134,156327134,227565,0.985679106565856,0.850510165481264,-0.5,-1640.03041806594,-4471.99453624543+260.068008345124i,0.850128397077902-0.033751791991646i,0.86731357192451-0.032098694988935i,14.0367992650248,0,1,
415,1,156705604,156705604,227565,0.987664271311333,0.983142742875574,-0.0399999999999999,-1617.69106886954,4290.95228077635-714.708531885879i,0.86037606316923-0.021271795493626i,0.880417190539365-0.054196389192833i,14.7353469873371,0,1,
416,1,157084075,157084075,227565,0.987312986209582,0.970402968487993,-0.15,-1647.80813350681,-3863.3004136166+2060.11502147499i,0.859999263287682-0.0287615871672311i,0.874021897098892-0.0302817377316636i,14.6158677889622,0,1,
417,1,157462545,157462545,227565,0.986309084256968,0.925670426045352,0.33,-1614.89606243407,3578.26769329291-2641.00847719005i,0.850838646914733-0.00396946842717614i,0.867501597816704-0.0232201594419289i,14.2185708847203,0,1,
418,1,157841016,157841016,227565,0.987339535111633,0.956338714661726,-0.23,-1630.28023468995,-3321.85630620905+2902.74118505962i,0.85750620872821-0.0202181682789908i,0.878359749140922-0.0175403393347032i,14.5416645522705,0,1,
419,1,158219486,158219486,227565,0.987489031725746,0.979917020397492,-0.0699999999999999,-1630.43005650469,3296.22063155625-2847.38909013356i,0.859672258812559-0.0405551225474684i,0.873465871033106-0.0464306113272749i,14.6720582196663,0,1,
420,1,158597956,158597956,227565,0.986152827456142,0.896503891231002,0.4,-1627.47842038697,-2976.85861888104+3329.12592564823i,0.850961744690329-0.026292977885288i,0.87384129447716-0.0287310429626708i,14.0651921428005,0,1,
421,1,158976427,158976427,227565,0.987173523418847,0.966635970207291,0.18,-1631.22963034892,2000.1873255737-3908.04291349921i,0.855562670704495-0.0179395860326849i,0.879207600598629-0.0326162907038118i,14.5678667505087,0,1,
422,1,159354898,159354898,227565,0.986624526826469,0.946511918661739,-0.26,-1634.44667417897,-1349.80364679242+4210.75513566304i,0.856925210115915-0.0147106691234503i,0.870209146609719-0.0369509213903531i,14.4453469397071,0,1,
423,1,159733368,159733368,227565,0.987299690417712,0.958194945503175,0.22,-1652.39134180759,894.745675473696-4312.72948060809i,0.855013006832239-0.0100448275263573i,0.86900685517959-0.0188190945248958i,14.405375534827,0,1,
424,1,160111839,160111839,227565,0.986147244462055,0.924014481956193,-0.34,-1616.20108521297,-186.983708333774+4446.99857910224i,0.85332212479658-0.0289930725330379i,0.875155872840076-0.0450743872635864i,14.2383045905115,0,1,
425,1,160490309,160490309,227565,0.987626049457638,0.973307103062659,0.15,-1632.90862315356,-118.405942431292-4374.30348520214i,0.858535384916744-0.0031771564923607i,0.879238009398664-0.0167808971762828i,14.610569792344,0,1,
426,1,160868780,160868780,227565,0.986103966433216,0.893679052712922,-0.41,-1653.36560342249,455.83574730098+4442.85146968519i,0.852770767073446-0.0268016489605025i,0.867567209308991-0.0363427468965067i,14.1475060016374,0,1,
427,1,161247251,161247250,227565,0.986221700474578,0.854784489361988,0.49,-1631.7224363851,-2068.00117908556-3969.61998476352i,0.850561698722414+0.00640778424641802i,0.872129350723141-0.0101855549855859i,14.1292264076357,0,1,
428,1,161625721,161625721,227565,0.987669842745897,0.982460827404422,-0.0599999999999999,-1639.28096162647,2411.15649304083+3620.41520662933i,0.861544407797768-0.00243760368700522i,0.875745645026627-0.0283353385494789i,14.6729739214933,0,1,
429,1,162004191,162004191,227565,0.987540400419144,0.976485053321778,0.11,-1655.50388322019,-2236.23326185584-3745.99889705173i,0.85768487247669-0.00670290912206205i,0.873785551435522-0.0465696929923178i,14.6567705038301,0,1,
430,1,162382662,162382662,227565,0.986083662835036,0.879426433648596,-0.44,-1669.35892924704,2760.53646501633+3518.16624717563i,0.850402592967088-0.00204825599948607i,0.873840285154419+0.00271292991181979i,14.1198764897397,0,1,
431,1,162761132,162761132,227565,0.986835343852576,0.921175591797371,0.34,-1635.27798027396,-3612.77689679831-2595.93023177188i,0.850215182240171+0.0135683966347651i,0.874915134632099+0.0104985932486535i,14.2409892717983,0,1,
432,1,163139602,163139602,227565,0.986239960891524,0.907970468648411,0.37,-1651.69769230198,3319.75074002546+2974.80810290757i,0.851049562814368-0.00841166489445623i,0.865880853343643-0.0196356864771943i,14.0584818467127,0,1,
433,1,163518073,163518073,227565,0.98623847402093,0.903231996421817,0.39,-1655.1178514678,-4179.7179008306-1566.54082627789i,0.851913398627738+0.00604283946789944i,0.865508024376794-0.0331620295347983i,14.0924189781437,0,1,
434,1,163896543,163896543,227565,0.986596372735958,0.891013989816499,0.42,-1631.5781990136,4063.78247886921+1863.37548976251i,0.851548120298088-0.0219328102554629i,0.873615084386973-0.0348545585374088i,14.1741773136101,0,1,
435,1,164275014,164275014,227565,0.987808999626721,0.979352989592823,0.0599999999999999,-1641.43710664219,-4217.44697277817-1071.38051331525i,0.859716280805474+0.00772644649134155i,0.874101240148624-0.0237856299499364i,14.711319118536,0,1,
436,1,164653484,164653484,227565,0.986447990461461,0.919670977469108,0.34,-1660.51818206481,4338.66835138745+983.404106517773i,0.85278946390463-0.00438512254417237i,0.875102083028924-0.00106475541561223i,14.2309032842392,0,1,
437,1,165031955,165031955,227565,0.987536216643763,0.979373574001573,-0.0899999999999999,-1623.65122791177,-4358.04120843627+58.5751631525909i,0.860147767322007-0.0106752846712994i,0.881481603077482-0.0543219691244529i,14.6632581867123,0,1,
438,1,165410426,165410426,227565,0.986207462010247,0.927397374575191,-0.32,-1649.83990525089,4304.3522081641-1108.6666930108i,0.854759500235609+0.0111035523242341i,0.869399029611238-0.0322935637306558i,14.3072585200611,0,1,
439,1,165788896,165788896,227565,0.986994842889492,0.940374229325793,0.28,-1608.91185795947,-3987.94338618145+1924.91019362473i,0.851643435466689-0.0264378489201759i,0.868434602264837-0.0382239492452917i,14.2687620615874,0,1,
440,1,166167367,166167367,227565,0.987546093940456,0.97931269081018,-0.0899999999999999,-1627.24302029725,3435.55516368273-2683.70606226751i,0.860798065818908+0.0016961006237163i,0.880354909193248-0.0379603463787561i,14.7789461397141,0,1,
441,1,166545837,166545837,227565,0.987075918528989,0.960159293322236,0.21,-1633.35666818831,-3465.92650360304+2710.7553208714i,0.856063546616888-0.0161901736022469i,0.876398062952443-0.00609747384379663i,14.4590966550912,0,1,
442,1,166924308,166924308,227565,0.987925063368612,0.982517395996538,-0.0399999999999999,-1631.43918444589,2418.90487511013-3616.28833141769i,0.858338395182496-0.0225406388518133i,0.872203854509717-0.0345787872900587i,14.7365733576967,0,1,
443,1,167302778,167302778,227565,0.986852647186253,0.961877406875097,-0.2,-1613.20103161001,-3013.22080706837+3200.76453193748i,0.857802857787995-0.030320745831484i,0.878007560545166-0.0341344721361532i,14.5679647606667,0,1,
444,1,167681248,167681248,227565,0.985450650730577,0.868503944345802,0.46,-1617.68364308619,2482.85216178805-3723.36282375959i,0.849782166892824-0.0445703404106909i,0.866534756529717-0.0505508417579999i,14.0496792809161,0,1,
445,1,168059719,168059719,227565,0.986488797308485,0.914980188305485,0.36,-1620.76124281116,-1130.53726739571+4308.7397887789i,0.850502030799647-0.0401649082508758i,0.865043585602085-0.0705424613864048i,14.1541141550827,0,1,
446,1,168438190,168438190,227565,0.985456678168225,0.904438660476667,-0.38,-1645.65026857123,1103.33688365349-4322.54259234627i,0.853087205307137+0.00216513546721927i,0.874408795921138-0.0321664592695091i,14.2007145879243,0,1,
447,1,168816660,168816660,227565,0.987935165098153,0.978100469283464,0.0999999999999999,-1652.71207057852,-604.111564682208+4319.76399677457i,0.860386419380939-0.00825848092524296i,0.871042083457996-0.0562614770918713i,14.6552536391458,0,1,
448,1,169195131,169195131,227565,0.986226081498495,0.873283133107404,-0.45,-1644.72786173109,34.0711910739399-4475.3096880481i,0.852029034100928+0.00168192744045458i,0.87368722082364-0.00274756435978433i,14.2108774084203,0,1,
449,1,169573601,169573601,227565,0.987570885897372,0.975680286717211,-0.12,-1636.66723970654,274.937463408724+4358.83465822785i,0.861125187881015+0.000465031519961436i,0.881411365001503-0.030576042542179i,14.6647876868291,0,1,
450,1,169952072,169952072,227565,0.987467805980326,0.977096960920471,-0.0999999999999999,-1643.30826881596,-1860.7171417099-3946.5138597799i,0.859301330074418-0.00495726369730189i,0.873467610619547+0.00311508034723463i,14.7236977344451,0,1,
451,1,170330542,170330542,227565,0.985797801589803,0.909225880122814,0.37,-1655.49842031374,2227.80238905181+3862.23065939956i,0.853041692577202+0.00942346763331394i,0.874101560187678+0.0139745732545668i,14.1391920389898,0,1,
452,1,170709012,170709012,227565,0.987078101292752,0.942231187863935,0.28,-1632.40406240682,-1736.65546628593-4072.01612794471i,0.85331326168481-0.00707889788478296i,0.867686484188927-0.0343419366918539i,14.2540277324593,0,1,
453,1,171087483,171087483,227565,0.98769138573216,0.982798272272921,0,-1635.53779831566,2459.85731551535+3584.18926549701i,0.862532091862486-0.00224437081815712i,0.872975676917624-0.0327643648117393i,14.774576319469,0,1,
454,1,171465953,171465953,227565,0.985901750918849,0.877334392199694,0.45,-1663.83405558055,-2869.02930291109-3432.28918007281i,0.852078866035695-0.0215919509165794i,0.874128863270136-0.00278568136275486i,14.1251198062813,0,1,
455,1,171844424,171844424,227565,0.987754974926083,0.978819390460115,-0.0999999999999999,-1629.7137442811,3269.37841789478+2886.49862282598i,0.861427393905463-0.0347150916758404i,0.882241008390625-0.0432177320057878i,14.7165979212574,0,1,
456,1,172222894,172222894,227565,0.98674006228536,0.930925712456433,0.31,-1642.21558493982,-3513.36489307907-2711.60831837424i,0.851518303482638-0.0254528712649024i,0.868382573477585-0.0319559040388603i,14.2199165206981,0,1,
457,1,172601365,172601365,227565,0.986757906664725,0.944962921213941,0.27,-1622.52061528489,4264.53025618588+1177.73693485002i,0.853780480331928-0.0121623574624969i,0.869284979169352-0.0224052157438972i,14.350987756601,0,1,
458,1,172979836,172979836,227565,0.986703866247158,0.938210419169199,-0.29,-1659.52130619566,-4368.73869468516-753.9448463462i,0.856281452767939-0.0141445258462729i,0.878222407798512-0.0223500351761141i,14.4159725794371,0,1,
459,1,173358306,173358306,227565,0.987191932510248,0.964400690421829,0.19,-1655.7031280631,4390.6157117919+110.85830345316i,0.856019904685174+0.00946808614137316i,0.871628307470285-0.00995898238349455i,14.4661222456925,0,1,
460,1,173736776,173736776,227565,0.986435919369753,0.921199138756509,0.34,-1651.64386424278,-4442.49512547723-240.76830241665i,0.852949207011665+0.0169703165469117i,0.873073142907566+0.00250781380961891i,14.1212789119737,0,1,
461,1,174115247,174115247,227565,0.987336486762222,0.959972253523925,-0.22,-1633.66925041871,4390.21139758633-365.141325940052i,0.85707864688069+0.00237347948408616i,0.877440655813219-0.0460442611808262i,14.4511952003118,0,1,
462,1,174493717,174493717,227565,0.986278019469879,0.94456751541973,0.27,-1628.00581169481,-4344.28272195921+845.780679066505i,0.854848908941446-0.0194274545170442i,0.86994691731742-0.018852679883218i,14.397674935033,0,1,
463,1,174872188,174872188,227565,0.987672408583451,0.970216002284052,0.16,-1655.3257086776,3898.97585568545-2000.89610612087i,0.858072119569933-0.033252712926009i,0.872703546309275-0.0200712652962764i,14.5251723173311,0,1,
464,1,175250659,175250659,227565,0.986353328719554,0.901140427117844,-0.4,-1642.18176663163,-3625.8772525568+2610.68631736308i,0.853154192885525-0.0215602693195322i,0.873199607983541-0.0320288497564879i,14.1875056779522,0,1,
465,1,175629129,175629129,227565,0.986095047958674,0.901704336617001,0.39,-1634.25487409536,2711.92088384888-3549.75118892346i,0.851859512832239-0.0161699097369664i,0.875184337946579-0.00658453638314713i,14.2277834676465,0,1,
466,1,176007599,176007599,227565,0.987118727909396,0.954474462083282,0.24,-1634.51116617945,-3335.42596729883+2889.9232525104i,0.856462313252434-0.0242898227262939i,0.870374760884992-0.0265234860324036i,14.3900851502647,0,1,
467,1,176386070,176386071,227565,0.982380092178542,0.86452227136627,-0.47,-1623.36351776222,1703.47641778449-4105.51567738226i,0.844953137879647-0.00894547646725534i,0.867388485596119-0.0485679970664661i,13.4368198241999,0,1,
468,1,176764541,176764541,227565,0.98762463018531,0.976603360097765,-0.11,-1640.84921923991,-1216.21466496597+4191.228352763i,0.857131737153739-0.0469726996028865i,0.873509880842085-0.0495464801569298i,14.6103930558067,0,1,
469,1,177143011,177143011,227565,0.987302393025315,0.977550487931902,-0.0899999999999999,-1637.51536003049,1652.83338913915-4033.5000675897i,0.86044586715485-0.011856053127662i,0.87338149394052-0.0400350242344785i,14.71220610458,0,1,
470,1,177521482,177521482,227565,0.985319420585426,0.848647470141246,-0.5,-1636.17264870379,-861.192882388914+4395.51378459549i,0.851445886111329-0.0283596712347955i,0.872089439807759-0.0473897304920675i,14.076849178596,0,1,
471,1,177899952,177899952,227565,0.987866020956441,0.983273932069664,-0.0399999999999999,-1659.55488562449,335.215812544699-4337.39162501134i,0.86005205988249+0.0225931997127513i,0.883167325359353+0.0182557735136647i,14.6919694721187,0,1,
472,1,178278422,178278422,227565,0.985567156759188,0.882433802066805,0.43,-1654.7737873112,201.598527379744+4467.05506988056i,0.851967253901766-0.00286617020157399i,0.867986419090198-0.014885013869471i,14.060099533333,0,1,
473,1,178656893,178656893,227565,0.986518829316346,0.92563357314021,0.33,-1636.251750104,-1695.79497353667-4110.03905609996i,0.85143700950031-0.0338720696434886i,0.867592562039143-0.0593641664520387i,14.2513307030281,0,1,
474,1,179035364,179035364,227565,0.987626715276186,0.95640008857776,-0.23,-1640.54750591457,2232.77533353922+3802.8438268356i,0.858617434715299+0.00653353513172424i,0.880252464997199-0.0226912615494162i,14.5542131418821,0,1,
475,1,179413834,179413834,227565,0.986524342823615,0.949069007454337,0.25,-1648.34628822662,-2574.00872384509-3587.94666072668i,0.854439969367377-0.0132576268185247i,0.870502725339157-0.0210034211018201i,14.3120537665665,0,1,
476,1,179792305,179792305,227565,0.98624169411171,0.931963102086534,-0.31,-1664.03385185448,2936.11274608342+3333.42252130108i,0.853609047626109+0.0018512819790538i,0.875834729817532-0.0230186793580263i,14.3002295515519,0,1,
477,1,180170775,180170775,227565,0.987568631910738,0.971754546892356,-0.15,-1628.21227266837,-2939.69980351369-3241.41651679903i,0.860077626489851-0.0301069803071037i,0.880396955058495-0.0484060469837456i,14.6504936088262,0,1,
478,1,180549245,180549245,227565,0.98618236793593,0.926586388776814,0.33,-1647.3303297495,3297.32479981649+2983.013028448i,0.851780649921413+0.0212337609510828i,0.868294130237085-0.0236404177392296i,14.17839886462,0,1,
479,1,180927716,180927716,227565,0.986468801810334,0.955392791175826,-0.23,-1603.98231600767,-3717.19765407745-2370.82629042707i,0.857637296911353-0.0301594715989119i,0.879073288571906-0.0275449008337478i,14.5719974672864,0,1,
480,1,181306187,181306187,227565,0.98657282352662,0.924348270804737,-0.33,-1625.55638173787,4269.48493741833+1246.47209554099i,0.855669946054986-0.0170921703273199i,0.868836241479231-0.0306300327711729i,14.3452732566341,0,1,
481,1,181684657,181684657,227565,0.9868983474963,0.973194451565251,0.14,-1629.29671898399,-4269.11230294549-920.683515255608i,0.856925250849288-0.00347909027487964i,0.872218019028493-0.0313070156036697i,14.4956132288969,0,1,
482,1,182063127,182063127,227565,0.98717782794614,0.967519401810466,0.18,-1674.64783421612,4148.95831323001+1400.09860384679i,0.8568192185566-0.00707402242746068i,0.878446203140619-0.0197955198386849i,14.5011256800088,0,1,
483,1,182441598,182441598,227565,0.987314818002528,0.947994114115278,-0.26,-1637.96359863138,-4376.24930314395-579.131084987321i,0.855956301114042-0.0339944030669912i,0.871608170434855-0.0405235250077553i,14.456716361473,0,1,
484,1,182820068,182820068,227565,0.986643908239963,0.957379298668588,0.22,-1629.835930109,4392.54065558917+153.185247932547i,0.856832221580853-0.0342326726382466i,0.874237247542696-0.078937652945122i,14.3900179414104,0,1,
485,1,183198539,183198539,227565,0.985795364001737,0.922246550952542,-0.34,-1641.14096203985,-4407.54604004077+545.681346683273i,0.85501202668853-0.0200892155053493i,0.873744417226762-0.0424019546353451i,14.2548444958132,0,1,
486,1,183577009,183577009,227565,0.985543469115784,0.875438352099036,0.45,-1651.62934738159,4181.86612241642-1563.51509820026i,0.85125384215078-0.0156143738277029i,0.865902654977757-0.0222361194231322i,14.0281069515821,0,1,
487,1,183955480,183955480,227565,0.98692892050426,0.982853899510155,0,-1629.53793634397,-3738.06489415579+2193.28938316917i,0.858081129325961+0.00504404708777312i,0.873512657813703-0.0347962173145678i,14.3878835419242,0,1,
488,1,184333951,184333951,227565,0.987221111593532,0.959478159185021,-0.22,-1657.30441821721,2978.67436832352-3244.37164888102i,0.857299727909776-0.0139961022365974i,0.876348730513502-0.0301302618322164i,14.5799185292123,0,1,
489,1,184712421,184712421,227565,0.988417895190384,0.981766080118081,-0.0599999999999999,-1601.71295958205,-2821.31577806588+3313.81499105177i,0.860817541179663-0.0201318066340312i,0.881263055353179-0.046436512899488i,14.7474117991678,0,1,
490,1,185090891,185090892,227565,0.987127201575363,0.976645259054372,-0.0999999999999999,-1637.59442024848,-1348.47589519469-4143.72292536708i,0.8573051155092-0.00317733372660211i,0.871688142584332-0.0301811193239836i,14.4590692963278,0,1,
491,1,185469362,185469362,227565,0.987002636769547,0.930294612313194,0.32,-1636.90882129601,-1187.93046203233+4283.3111543777i,0.851561697954937-0.000972349346738816i,0.874320203629141-0.00251266128569718i,14.3653517953924,0,1,
492,1,185847832,185847832,227565,0.986476700970194,0.919479056446416,0.34,-1634.86992401313,1610.68538570325-4147.32976284075i,0.852723642063939+0.0132680740013243i,0.867942934538843-0.00960806027739987i,14.2247006577767,0,1,
493,1,186226303,186226303,227565,0.987836987142306,0.978227818504774,0.11,-1665.9093791989,-697.622491503422+4306.43250953207i,0.857562184573772-0.0263559850572731i,0.872623266413873-0.0349464904964926i,14.5333817134947,0,1,
494,1,186604773,186604773,227565,0.985815369193891,0.902934757395802,0.39,-1661.86213675673,254.262528349363-4455.40192035268i,0.850786113004663+0.0177881476145947i,0.874962037640581+0.0227243180245907i,14.1041470443659,0,1,
495,1,186983244,186983244,227565,0.987683509517577,0.96945045526729,-0.17,-1635.72159995119,293.917024239163+4374.42985667774i,0.860248785429697+0.00435522169287417i,0.873299938355202-0.0106826871302271i,14.5944727130729,0,1,
496,1,187361714,187361714,227565,0.986979251823239,0.950663412079592,0.25,-1643.04508135911,-589.697778874414-4373.84584152158i,0.85457801392386-0.0149475283509893i,0.876134254590819-0.0534178038734987i,14.3386007623042,0,1,
497,1,187740185,187740185,227565,0.987477371116633,0.979812694326135,0.0799999999999999,-1633.55598771923,1874.94114152354+3931.34213077275i,0.859519591898894-0.0165828893912198i,0.882089179459322-0.0372952596153478i,14.6985402344904,0,1,
498,1,188118656,188118656,227565,0.985958440910475,0.915613087806375,-0.35,-1627.06188749215,-2540.24034651808-3657.37300501559i,0.854401217294248-0.00844330572090798i,0.867027115821667-0.0552010376357593i,14.2676435182287,0,1,
499,1,188497126,188497126,227565,0.986403835212694,0.929051062004894,-0.32,-1621.48712543499,2323.424713389+3786.84903610443i,0.855546581860051-0.0249008813562228i,0.875189857176863-0.0459456809874279i,14.3144963480659,0,1,
500,1,188875596,188875596,227565,0.986780636805362,0.941549333006431,0.28,-1659.56225576132,-2813.98873052861-3418.40744515057i,0.853541623831777-0.0115509696568549i,0.868470665572888-0.02918803978028i,14.2907432986943,0,1,
501,1,189254067,189254067,227565,0.987760450742879,0.981996960805769,0.0499999999999999,-1614.23851708231,3635.39765918531+2389.78060647798i,0.859614157008441-0.00813955001370068i,0.874485711247012-0.026769251039401i,14.7073458291924,0,1,
502,1,189632537,189632537,227565,0.986876317574617,0.960829729930664,0.21,-1641.32749646846,-3580.8631629383-2555.00012428717i,0.857051197942708-0.0102324641846275i,0.876788443967871-0.0226415310740222i,14.4503783062935,0,1,
503,1,190011008,190011008,227565,0.986914628050465,0.981173993153244,-0.0399999999999999,-1640.63529225441,4034.0676233624+1621.36804969737i,0.862251116066695-0.00331830112569321i,0.879834186826342-0.0319092339254822i,14.6528843367139,0,1,
504,1,190389478,190389478,227565,0.987886845865672,0.974310687577453,0.13,-1655.96450872973,-3993.41287173754-1775.57242100691i,0.858693205270333-0.0245661059013452i,0.871254857644016-0.0361368523991852i,14.5435367995564,0,1,
505,1,190767949,190767949,227565,0.987523671154047,0.975826643382544,-0.12,-1677.33929454642,4308.26505707509+717.559766711733i,0.859309840675908+0.00509270041815156i,0.875022895914228-0.027426391303786i,14.572259971913,0,1,
506,1,191146420,191146419,227565,0.985986377383632,0.860122267746344,0.48,-1638.02045810394,-4473.90277969698+194.063739307088i,0.852417925397758-0.00643072024554447i,0.87097814200884-0.0234598998715835i,14.1068608853051,0,1,
507,1,191524890,191524890,227565,0.985840800785074,0.906296753721154,-0.38,-1604.50082492128,4458.88712705244-175.530700455229i,0.853885340229634-0.0214572543377374i,0.866969139136576-0.0495231817552455i,14.2136321963347,0,1,
508,1,191903360,191903360,227565,0.987367477874138,0.97827363571048,0.0999999999999999,-1647.9727584673,-4330.16699019678+522.777840084486i,0.861071807856182+0.0200822550204049i,0.880433522535395-0.0302503930725038i,14.6877054060891,0,1,
509,1,192281831,192281831,227565,0.987138355132264,0.971466885554529,-0.15,-1645.36011823255,4063.84284639236-1627.88576691679i,0.861410301193184-0.00680973538234857i,0.882204440781277-0.0210686399192031i,14.6851704982126,0,1,
510,1,192660302,192660302,227565,0.986061440634981,0.905785382147773,-0.38,-1640.21232227814,-3568.69956574582+2679.19115561711i,0.854562782190097-0.010245530656762i,0.868134255577358-0.0555065808160204i,14.2211840454277,0,1,
511,1,193038772,193038772,227565,0.987501815844227,0.976335983194,-0.11,-1640.10770734226,3392.51275904574-2743.96159759001i,0.86042141291431-0.0239471970758862i,0.880761388486137-0.0342934777494601i,14.697676218993,0,1,
512,1,193417242,193417242,227565,0.985416721178941,0.907726293124483,0.37,-1628.6889578843,-3100.88378872646+3203.01857104276i,0.851549094725513-0.0225088168437841i,0.868376557777436-0.0439111127458265i,14.1358721629557,0,1,
513,1,193795713,193795713,227565,0.986441170344921,0.887330435110297,-0.42,-1656.64108433335,3134.99393585278-3187.82694835495i,0.854000499449477-0.0052117291995179i,0.868076525428261-0.0327447102538721i,14.1440653432418,0,1,
514,1,194174184,194174184,227565,0.98698530816032,0.93863238064546,-0.29,-1665.66630770284,-1489.37990873309+4174.55097190432i,0.856782493082972+0.00778820971622363i,0.877230627033977-0.00718849893088947i,14.3643415037756,0,1,
515,1,194552654,194552654,227565,0.986891872679713,0.964257547998959,0.19,-1633.4827680675,964.976742733635-4283.70828112281i,0.857477684057262+0.0144109894211666i,0.870131564197154-0.00932539986664062i,14.4628421896713,0,1,
516,1,194931125,194931125,227565,0.985978799242503,0.910774554970526,-0.37,-1619.49577724293,-234.908928343705+4452.09060781574i,0.853622381076465-0.023942191528306i,0.871884846403945-0.0715468788334467i,14.2149330586754,0,1,
517,1,195309595,195309595,227565,0.987436741270352,0.959092653681322,-0.22,-1620.76455814745,227.070044747253-4400.35338796276i,0.857514111959754-0.0311954990166106i,0.878380677701813-0.0545604743450869i,14.6775658565494,0,1,
518,1,195688066,195688066,227565,0.986605992824944,0.880566475522672,-0.44,-1632.43351474077,868.042789580874+4390.86538850066i,0.85223310123215-0.0287636694994083i,0.866167598538204-0.0491309971211264i,14.076668438449,0,1,
519,1,196066536,196066536,227565,0.98624038207781,0.937300505223157,-0.29,-1632.0526628244,-753.259681627746-4370.53133593821i,0.857873527571721+0.00885351712282303i,0.870134790369008-0.0106044707904861i,14.3603794382175,0,1,
520,1,196445006,196445006,227565,0.986798804981371,0.963345876730084,0.19,-1631.06994208691,1043.12630474752+4267.08618255533i,0.856129022803573-0.0166238301546901i,0.877271684049895-0.0273806882890754i,14.4249274748512,0,1,
521,1,196823477,196823477,227565,0.988134013392939,0.981556519403836,0.0799999999999999,-1635.73384462362,-2267.42333339333-3724.01645755841i,0.858883543558+0.00145586781410764i,0.881533837742064-0.0259160760848505i,14.7804249778193,0,1,
522,1,197201948,197201948,227565,0.985678097913765,0.864518305139191,-0.47,-1650.52807655947,2760.14544390708+3527.86337107993i,0.852056504028024-0.0112648608344339i,0.86568035856144-0.0470306971354933i,14.0514740720321,0,1,
523,1,197580418,197580418,227565,0.986450613420869,0.981607608613913,0,-1612.31229626619,-3094.68228361156-3053.09270540627i,0.862715743530991-0.0268871302953813i,0.879376279595523-0.0736438564046345i,14.7150769195421,0,1,
524,1,197958888,197958888,227565,0.986949880279778,0.970122426922475,0.16,-1624.94739026876,2971.36361939501+3221.61284072905i,0.855211126845343+0.0158600065262982i,0.873198077925377-0.00331762388503823i,14.3647592207079,0,1,
525,1,198337359,198337359,227565,0.986330135113357,0.900114867378414,-0.39,-1671.679002587,-3321.62871525733-2988.54587572345i,0.854827283709325-0.00884168196047529i,0.868709030108479-0.0199159984679587i,14.1873416057041,0,1,
526,1,198715829,198715829,227565,0.986139133759764,0.904203885044775,0.39,-1639.47945103704,3968.14936044063+2051.35540354014i,0.851769391980504-0.027619060915359i,0.874665120883909-0.0344719538256732i,14.196408425196,0,1,
527,1,199094300,199094300,227565,0.986672601206483,0.982553837752181,-0.0399999999999999,-1645.68160834655,-4153.26548601201-1295.11506622621i,0.860541530029945-0.0177893965069159i,0.880922549768623-0.0392638394227725i,14.7002512486678,0,1,
528,1,199472770,199472770,227565,0.98617871613616,0.884270912107565,0.43,-1634.20380348275,4398.69417136309+811.235795042819i,0.850403321789046-0.0151778575134811i,0.867601957224552-0.0179665485255031i,14.0918899011859,0,1,
529,1,199851241,199851241,227565,0.987972782770611,0.976221352344231,-0.12,-1630.63432977989,-4363.07142929923-201.427429699444i,0.860209799996686-0.0228743347651898i,0.874241206591837-0.0222156306154547i,14.7160420108288,0,1,
530,1,200229712,200229712,227565,0.986535979843587,0.918195831023352,-0.35,-1645.3880409555,4356.93078174919-933.385833060398i,0.853844195770101-0.00852698684723716i,0.875500060775534-0.0330657746774488i,14.2895202368495,0,1,
531,1,200608182,200608182,227565,0.983319451405296,0.979005416845805,0,-1639.68357479469,-4012.79085635115+1629.82215140225i,0.845002123074159-0.0303090328252538i,0.863465718243488-0.0309051229020875i,13.6271786857449,0,1,
532,1,200986652,200986652,227565,0.979294434419611,0.875997171663274,0.45,-1616.84492040579,1488.64115191685-4149.12823123232i,0.837177028742051-0.0160665440829762i,0.863730659971844-0.0386350568003098i,12.6224274910459,0,1,
533,1,201365123,201365123,227565,0.986919625630806,0.967358269309836,0.18,-1632.9912626506,-3587.06582973211+2530.96223485237i,0.855439419161829-0.0106141168891255i,0.877659739014122-0.0413211763281465i,14.5550826746339,0,1,
534,1,201743593,201743593,227565,0.986745915251249,0.926540606044227,0.33,-1667.38045395108,3793.7059373226-2320.69993397911i,0.851450022999839-0.0120816199823718i,0.868921981387947-0.0108150047434756i,14.1842315729904,0,1,
535,1,202122064,202122064,227565,0.987084658863407,0.955454046261024,-0.23,-1628.01649038348,-3352.33185398736+2865.49001239295i,0.85791780614444-0.00353056336397451i,0.870613288251465-0.0366199179919564i,14.4723646790719,0,1,
536,1,202500534,202500534,227565,0.987055720385509,0.948908600975686,0.26,-1648.30667603824,3041.95204169672-3210.58363424199i,0.854818883943024-0.00513912337105139i,0.876090206742726-0.00759174770182206i,14.4214412039813,0,1,
537,1,202879005,202879005,227565,0.987091396878327,0.933821409659777,-0.31,-1644.06627819754,-2644.51027724313+3568.36621825144i,0.856966851026762-0.00685810350684218i,0.8771907495428-0.0277783839348092i,14.414046885365,0,1,
538,1,203257476,203257476,227565,0.986198849444492,0.893383176698581,-0.41,-1621.54591899196,1336.00679100243-4265.81950154793i,0.852787893732853-0.0203833150061815i,0.866989611313291-0.024419935668854i,14.0439763542746,0,1,
539,1,203635946,203635946,227565,0.988461606221006,0.981945120519366,0.0599999999999999,-1628.73160051602,-898.442131406069+4261.00688764263i,0.858853031276213-0.0115456047767301i,0.882117901260573-0.0301439643521732i,14.7285740810293,0,1,
540,1,204014417,204014417,227565,0.986090171162446,0.856587785358011,-0.48,-1621.84392595899,344.690679812339-4466.6456701974i,0.852665649375357+0.00944117492381005i,0.867543685557076-0.0332610949544825i,14.0902814991408,0,1,
541,1,204392887,204392887,227565,0.986072006110211,0.922006093336352,-0.34,-1610.03274938595,-533.403270159395+4419.21674833367i,0.855428705134579-0.0261277367161922i,0.869496450295383-0.0425305904535193i,14.2192495508499,0,1,
542,1,204771357,204771357,227565,0.986703461347799,0.972187568807425,0.14,-1644.62612940665,332.242731985613-4360.73107656958i,0.858444288243135-0.00635893914299844i,0.878314851901774-0.0458538764046457i,14.5319581886034,0,1,
543,1,205149828,205149828,227565,0.986345221908389,0.893446088825341,-0.41,-1644.90596344105,300.480349913856+4458.60883678494i,0.853071412282884-0.0412596069717886i,0.86681559041953-0.0356464792304158i,14.1281332800858,0,1,
544,1,205528299,205528298,227565,0.985634512088836,0.854124904627637,0.49,-1648.76413672945,-1754.43487561009-4119.2916837831i,0.850924801101582-0.0369540602054546i,0.869432831859497-0.0457755893343119i,14.0662668606491,0,1,
545,1,205906769,205906769,227565,0.987764131772809,0.981475915625171,-0.0499999999999999,-1613.32765623851,2394.12548442398+3633.54639943351i,0.861146632925695-0.0220208143202338i,0.883793608760452-0.0222440955484581i,14.8207430050571,0,1,
546,1,206285239,206285239,227565,0.986102703059523,0.889265316328621,0.42,-1642.10429535288,-2788.87061067495-3494.49847832824i,0.850118739882875-0.0121694493436661i,0.865642284812106-0.0375767375225573i,14.1089195512339,0,1,
547,1,206663710,206663710,227565,0.987438223942588,0.973990067295659,-0.14,-1628.23209936626,3061.49692315215+3117.56179852791i,0.860172722999872-0.0225012647355501i,0.879045380646388-0.0614767847495389i,14.6513476930374,0,1,
548,1,207042180,207042180,227565,0.987131066434988,0.981439988739708,0,-1655.703076048,-2943.1663887821-3184.37311932337i,0.858654446425828-0.00586897370138787i,0.875867715435766-0.00277144596041921i,14.4098207534041,0,1,
549,1,207420651,207420650,227565,0.986480622315368,0.854918954953362,0.49,-1627.92009948709,3604.67077483003+2656.91148123354i,0.851797166920875-0.0160078683970743i,0.867122473912303-0.00948668722880448i,14.0733760089571,0,1,
550,1,207799122,207799122,227565,0.985000858267226,0.950472130244907,-0.24,-1657.73057752586,-3819.93748715408-2178.01267629739i,0.85118109578543+0.00161273239034911i,0.875449261289471-0.00265415503889091i,14.0320648781859,0,1,
551,1,208177592,208177592,227565,0.987248486516164,0.969734301118606,-0.17,-1621.80234157725,4236.64150519372+1129.21556263924i,0.859620701454514-0.0196699415312557i,0.880053719436535-0.0460225411879538i,14.5691971126004,0,1,
552,1,208556062,208556062,227565,0.98636946084362,0.93052165355902,0.31,-1634.21656909036,-4369.20756601042-779.703982821263i,0.853564964040939-0.0197184012847472i,0.868489487940809-0.0430889097026277i,14.2183811432172,0,1,
553,1,208934533,208934533,227565,0.98730338783365,0.95187454442465,-0.25,-1621.03759120596,4413.08880538214+186.000338213814i,0.857253170611531-0.0346852831492295i,0.868436656550623-0.0372025068278515i,14.4402539775989,0,1,
554,1,209313003,209313003,227565,0.987103333207906,0.975306220963138,0.11,-1628.87909044957,-4363.51383561966-48.1519971889624i,0.85810672203391-0.012793903317579i,0.879225584633238-0.040283494134553i,14.6932201421754,0,1,
555,1,209691474,209691474,227565,0.987577775899934,0.974201018162923,0.13,-1611.29631720793,4026.71016718753-1701.11124177722i,0.858861473498316-0.00703266299971281i,0.873090957977355-0.0342567187402163i,14.750908946533,0,1,
556,1,210069945,210069945,227565,0.985801727633968,0.885828671462961,-0.42,-1651.599878759,-4020.57693259569+1953.62808000662i,0.853298435546437-0.032908721774241i,0.873957208926419-0.0422161246948533i,14.2217448090915,0,1,
557,1,210448415,210448415,227565,0.986346233776995,0.899719790137932,-0.39,-1631.15252131194,4056.30868289476-1866.14936042901i,0.853500419575337+0.00859943568393273i,0.875526075485872-0.031196669745217i,14.2945388425926,0,1,
558,1,210826885,210826885,227565,0.987759851512855,0.980646791945115,0.0799999999999999,-1646.14846603192,-3743.08742117702+2225.94398729786i,0.85930929245847+0.015460453265305i,0.875053224243834-0.00691058858329725i,14.6630616008447,0,1,
559,1,211205356,211205356,227565,0.986901249084461,0.917470837956142,-0.35,-1668.52667637656,3472.60783603016-2788.1416370938i,0.854147240454682-0.00882786443399693i,0.866040938552321-0.0484011444879619i,14.1980222211912,0,1,
560,1,211583826,211583826,227565,0.987112957388805,0.931109138095322,0.31,-1628.40438370022,-2635.56043424155+3572.31007220446i,0.850656482294574-0.0461090770757445i,0.87403273034842-0.0493334767349719i,14.3066258213475,0,1,
561,1,211962297,211962297,227565,0.987805573245992,0.983548766876363,0,-1654.56249603229,1641.67028956426-4023.9827101532i,0.859554782249879+0.00736510913655995i,0.880015658393435-0.00582666483338696i,14.6875139611591,0,1,
562,1,212340767,212340767,227565,0.987293281130789,0.915292861551497,0.36,-1634.10850637509,-1345.47778847842+4248.80586951871i,0.851750782781808-0.0130380745197722i,0.868917136694433-0.00581914316521088i,14.2199030296546,0,1,
563,1,212719238,212719238,227565,0.987857488934328,0.980986273542002,-0.0699999999999999,-1637.78790399859,516.192624657694-4323.87339460879i,0.861664420187868-0.0112453387522662i,0.881820682039574-0.014973080191928i,14.8433162649466,0,1,
564,1,213097708,213097708,227565,0.987098801970478,0.981496683973029,-0.0399999999999999,-1661.47478234303,-1181.45555270276+4184.20997788907i,0.859731285231403-0.00213688545181276i,0.876666740613206-0.0234134678339086i,14.664140237173,0,1,
565,1,213476179,213476179,227565,0.987559055649648,0.970947731480546,-0.15,-1653.79682219398,-304.667639122316-4367.61806510841i,0.857723728342123-0.0267188773532653i,0.87315099055671-0.049073409814313i,14.6417871146953,0,1,
566,1,213854649,213854650,227565,0.98508773786543,0.918123205316673,-0.35,-1618.51988924184,1635.64205228283+4128.31489447637i,0.850213090015835-0.0298324373310213i,0.871928854147561-0.0373113328854439i,14.0185280967399,0,1,
567,1,214233120,214233119,227565,0.986165307688851,0.861391007685694,0.47,-1622.11736066038,-836.764338402442-4397.71929469361i,0.850946380655321+0.00211272537212713i,0.872403702816266-0.0388587340086935i,14.1365520467405,0,1,
568,1,214611590,214611590,227565,0.985945657634863,0.908554583958992,0.37,-1654.69589432517,2022.26750793676+3972.513067617i,0.853019277782908-0.0177191009594745i,0.868500294293111-0.0148321385639736i,14.0946403440409,0,1,
569,1,214990061,214990061,227565,0.987527669272754,0.96599516749378,-0.18,-1618.9362082031,-2650.98712971865-3500.20190991311i,0.858762506354434-0.0322161187079149i,0.874140793534454-0.0213078321682654i,14.6809277335957,0,1,
570,1,215368531,215368532,227565,0.985342300055072,0.918380066960408,-0.35,-1619.48814615338,4431.62381108518-209.946332188279i,0.849518433336365-0.028317157611395i,0.872332939121796-0.0428645971786131i,13.9080100847072,0,1,
571,1,215747002,215747002,227565,0.98594569189596,0.906118755503267,-0.38,-1618.36731895063,-3279.09623267297-3029.22418481971i,0.853155039552946-0.0348614524578496i,0.865917316843167-0.0644283016572218i,14.2261033799961,0,1,
572,1,216125472,216125472,227565,0.987254850676959,0.97793156999766,-0.0999999999999999,-1647.66721121702,3272.60705850778+2884.35505067085i,0.861284845116645-0.00791250508967306i,0.881025316399735-0.0198782365117168i,14.6932826779093,0,1,
573,1,216503943,216503943,227565,0.986839999703206,0.982955076777106,0,-1638.43326019932,-4166.21378434721-1246.23613303487i,0.8598713034024-0.0679216652818624i,0.880275992373287-0.0524495142788642i,14.8687856023571,0,1,
574,1,216882413,216882413,227565,0.987854137078086,0.979809428555173,0.0799999999999999,-1646.68214819646,4084.47796608066+1461.82630792579i,0.859196174482195-0.0185468506787339i,0.875054646422572-0.017615725600812i,14.6251097261282,0,1,
575,1,217260884,217260884,227565,0.987668606197711,0.983246210660259,-0.0399999999999999,-1649.89820147784,-4331.28618967873-128.448661482453i,0.85952405340613-0.0147422381662956i,0.881429904512723-0.0171972745111319i,14.7404968845654,0,1,
576,1,217639354,217639354,227565,0.987409543713284,0.964138890955998,0.19,-1634.96891140511,4376.83792277257+33.5099697150212i,0.857223621910916-0.0233816389402927i,0.870805789404276-0.0207851422017619i,14.4450265307608,0,1,
577,1,218017825,218017825,227565,0.98600220241494,0.911925182452852,-0.37,-1629.99282207655,-4422.93029682666+423.123858313452i,0.853059202835457-0.0131178625173544i,0.867160076932893-0.0412313352073362i,14.1796485907205,0,1,
578,1,218396296,218396296,227565,0.985882607558868,0.865868987879673,-0.47,-1596.12702806186,4045.69139889142-1880.94644214994i,0.85125688686687-0.0321883864063405i,0.869377252933336-0.0716736665626425i,14.1771687165953,0,1,
579,1,218774766,218774766,227565,0.987549413500144,0.982179050359107,0,-1634.004167382,-3764.93137977452+2139.33553316275i,0.858910475348732-0.0264019352509902i,0.874855580632052-0.0263676551804324i,14.7210892722391,0,1,
580,1,219153236,219153236,227565,0.986232538049357,0.869110133227524,0.46,-1653.08381280482,3601.98520072264-2630.84897711233i,0.851407983473026-0.0327377988318844i,0.872107030458293-0.0355780521720531i,14.1720901412641,0,1,
581,1,219531707,219531707,227565,0.987755094912684,0.980138187724331,-0.0899999999999999,-1639.54147741718,-3210.90254501454+2946.36374881124i,0.860921692720838-0.0101499469110848i,0.881490110896755-0.0201043889173865i,14.7291378178189,0,1,
582,1,219910177,219910177,227565,0.987885386666285,0.980843479386504,0.0799999999999999,-1642.44220028542,3246.4032532034-2906.99624387368i,0.859170636950259-0.00876427682987326i,0.876112802570902-0.01381932251499i,14.7169943962274,0,1,
583,1,220288648,220288648,227565,0.985689925704467,0.865313953093754,-0.47,-1631.45134370779,-2904.72728603428+3407.22132934044i,0.85192524926657-0.00517432732147973i,0.866012463053413-0.0305462282276562i,14.0519291184163,0,1,
584,1,220667118,220667118,227565,0.987632318793055,0.983614888005893,0,-1638.35790091413,2495.40735397069-3561.20221138488i,0.860687231604406-0.029414273692895i,0.881888420996968-0.0394532444207094i,14.8237152398612,0,1,
585,1,221045589,221045589,227565,0.987754898367063,0.976057668248712,-0.12,-1622.98594905293,-1269.44563687455+4181.97632324388i,0.858529917887489-0.0390901481385309i,0.879569384105677-0.0489547879363076i,14.7817781795221,0,1,
586,1,221424059,221424059,227565,0.986185989560529,0.914803694879819,0.36,-1634.6165521881,920.988250796383-4360.10238102926i,0.851361755104177-0.0107503626504221i,0.867110682667851-0.0682796686331132i,14.1642705065609,0,1,
587,1,221802530,221802530,227565,0.987376901780231,0.962007488881723,-0.2,-1638.15223983043,-414.764077549689+4377.88197684669i,0.858350072138671-0.0134754880309214i,0.877413562529209-0.0449985583423456i,14.6068362823432,0,1,
588,1,222181000,222181000,227565,0.986869562781988,0.98134432719824,-0.0399999999999999,-1663.07890147167,524.311155706996-4317.71633345548i,0.861636975285557-0.00820624352376365i,0.874487829316139-0.0458063504083851i,14.5568212304892,0,1,
589,1,222559470,222559470,227565,0.985833986383264,0.883552172702409,0.43,-1642.3752371104,177.785774310718+4469.73773635531i,0.851511220889994-0.0153870931351507i,0.867100136035115-0.0322614080882731i,14.0791090718443,0,1,
590,1,222937941,222937941,227565,0.987700043877069,0.975582838766935,-0.12,-1639.3574041548,-802.913692353928-4295.81895462312i,0.860389535912704+0.00374661263325504i,0.880263106152367-0.0313909130279087i,14.7113888331523,0,1,
591,1,223316412,223316412,227565,0.98556464078778,0.916185326856048,-0.35,-1657.77860296035,1801.83538948239+4072.3368349217i,0.854405577442301-0.0300166864217738i,0.876740476353084-0.0356770352546747i,14.2544633158595,0,1,
592,1,223694882,223694882,227565,0.986706338389215,0.949944296447394,0.25,-1616.45708715287,-2580.96193365171-3584.91457070508i,0.855006615619785-0.00268992550872462i,0.870591069723095-0.0287016121045101i,14.3486758025494,0,1,
593,1,224073353,224073353,227565,0.986921879169914,0.933651802540055,-0.3,-1638.76301424265,2867.43071407085+3386.96297055995i,0.856285757720367-0.00997540736605317i,0.867136889033975-0.0429102323889635i,14.40751591278,0,1,
594,1,224451823,224451823,227565,0.987502779111589,0.967707586412534,0.18,-1648.357273394,-3247.51195091328-2953.8250236483i,0.857829319913851+0.0103664287304274i,0.876131179009204-0.0345810717933744i,14.5171012661116,0,1,
595,1,224830293,224830293,227565,0.986154841150526,0.925422677769911,0.33,-1608.8419465624,3306.2534760988+2974.60206840232i,0.852721736812826-0.00640265525369579i,0.866512155129376-0.0250152522026723i,14.2293534799674,0,1,
596,1,225208764,225208765,227565,0.984076555566646,0.894380664663056,-0.41,-1626.80175832727,-4042.53130746203+1851.84303386714i,0.847329708105864-0.0152403941392749i,0.869391433277929-0.0538396299328711i,13.722812713406,0,1,
597,1,225587235,225587235,227565,0.987054628781826,0.980305745933244,0,-1627.00810381674,4295.85948297302+667.990721176685i,0.858947632988499-0.028249218798541i,0.878333883263669-0.0544076395179231i,14.8189409517945,0,1,
598,1,225965705,225965705,227565,0.986133252611326,0.876976306129434,0.44,-1637.3387467798,-4454.20117339166-230.700736578451i,0.847976229142318-0.0506430087098466i,0.866978885547347-0.0198883552332999i,14.0366226287425,0,1,
599,1,226344176,226344176,227565,0.986026589156571,0.892115485796404,-0.41,-1656.85478398908,4448.48926789973+292.501933869416i,0.852940040335904+0.00372881594801725i,0.868319764273446-0.0230935710721727i,14.1863914938762,0,1,
600,1,226722646,226722646,227565,0.987541892810407,0.980743265924683,0.0599999999999999,-1626.93147247632,-4324.37352367195+378.282213045485i,0.859096645955199-0.0284313021861527i,0.881930603469557-0.0289798390511229i,14.7043246677436,0,1,
601,1,227101117,227101117,227565,0.985271881530696,0.857952865583255,-0.48,-1647.83648864171,4400.89363545808-754.385042049081i,0.852388052406072-0.0162324014100839i,0.87346020307911-0.0157779973573596i,14.0459238624482,0,1,
602,1,227479587,227479587,227565,0.985786517535533,0.889127670146012,0.42,-1625.12396199088,-3856.66914534593+2239.77820832554i,0.851105265749223-0.0248269089483887i,0.866056991644971-0.0539633802168283i,14.149460828874,0,1,
603,1,227858058,227858058,227565,0.987798700232788,0.973738072504538,-0.14,-1614.46244967002,3412.52715162106-2719.32709399076i,0.858212644759621-0.0243647226830196i,0.879755546743758-0.0495704515745794i,14.7128330317141,0,1,
604,1,228236528,228236528,227565,0.987714223322134,0.978245715724739,-0.0999999999999999,-1618.79131883037,-3664.86498233663+2350.9251583519i,0.861939588924072-0.0395204232411643i,0.873134927264348-0.0410175314081775i,14.6280028000445,0,1,
605,1,228614999,228614998,227565,0.985626882769065,0.854793944904793,0.49,-1625.57903148493,3272.48290852428-3055.44999380142i,0.852602633198679-0.0256528048219142i,0.865429715619957-0.0452266286366597i,14.0916609091754,0,1,
606,1,228993469,228993469,227565,0.987736302906948,0.981837213988092,-0.0599999999999999,-1653.05705385117,-2934.19390142992+3213.88401412943i,0.861513801223831-0.0204055647028465i,0.881736305672222-0.0356657042396323i,14.6561112242763,0,1,
607,1,229371939,229371939,227565,0.98574472390957,0.889862875084256,0.42,-1625.95714852975,2487.06718323716-3716.08573930216i,0.850853118417236-0.0254155221601081i,0.864503494073761-0.0287151175080203i,14.1227265976639,0,1,
608,1,229750410,229750410,227565,0.987483188595013,0.964067728641762,0.19,-1653.84725425703,-1570.45734047969+4103.19921466588i,0.856696233482907+0.00896328814176408i,0.878255677830356+0.014421593749456i,14.5207194425957,0,1,
609,1,230128881,230128881,227565,0.986980091615871,0.952391415873049,-0.25,-1625.81089224903,717.459365296094-4360.08428500305i,0.85685799521512-0.0156931513386676i,0.877424627681098-0.036997352000419i,14.4638050200432,0,1,
610,1,230507351,230507351,227565,0.986514445685602,0.958273618263951,-0.22,-1619.45462460002,-1082.04394831191+4270.1850670793i,0.857709851002376-0.0255926806070787i,0.87068818704666-0.0427953137184625i,14.4503209453296,0,1,
611,1,230885822,230885822,227565,0.986637788724486,0.929521957324214,-0.32,-1633.87638955713,-152.980054866928-4441.20870482904i,0.853860395872198-0.0073244654729806i,0.877179461586868-0.0128370879745663i,14.3578787525698,0,1,
612,1,231264292,231264292,227565,0.986391645307923,0.920117569531392,0.34,-1637.28422226803,1032.78090598253+4326.91018155414i,0.851806167178398-0.00992809455635952i,0.868915903260718-0.00539615995192958i,14.1684133628983,0,1,
613,1,231642762,231642762,227565,0.986208983280033,0.931455026448642,0.31,-1657.22922823338,-323.875793327696-4425.76539155624i,0.8534725608251-0.0135286204751749i,0.866687233546057-0.0206419657866815i,14.1426049845781,0,1,
614,1,232021233,232021233,227565,0.987092353613449,0.951658584335683,-0.25,-1637.60606850526,953.361016210576+4313.24511799463i,0.856386174747506+0.00469901419662797i,0.879624008623554-0.0227156324486351i,14.413092223583,0,1,
615,1,232399703,232399704,227565,0.984881207036998,0.972989925216968,0.13,-1626.94428204124,-2744.62171341961-3382.13470023901i,0.844924166914553-0.0460465764768982i,0.871167593609451-0.0502538524069149i,13.880667884433,0,1,
616,1,232778174,232778174,227565,0.987538962998525,0.974635830268068,0.13,-1636.11082418759,2730.52194938815+3414.21268054049i,0.859212827140488-0.0287616400507982i,0.871519081550866-0.0309738864011625i,14.6867550085814,0,1,
617,1,233156645,233156645,227565,0.987711017737427,0.976745881760591,-0.12,-1641.01597703411,-3474.23079354844-2649.65623638791i,0.858405968692954-0.00492296015612357i,0.872461178177414-0.0380134726803114i,14.5974624811684,0,1,
618,1,233535115,233535115,227565,0.986174701244652,0.91467099281826,0.36,-1643.63372355509,3893.12411765949+2167.99878087828i,0.850752425586587-0.026054395137638i,0.872907994102742-0.0356517232629574i,14.2021936101181,0,1,
619,1,233913586,233913586,227565,0.980540058692448,0.945078123511056,0.24,-1650.95074673779,-4129.4780013677-1410.73398679437i,0.836500297421911-0.0124924122319755i,0.859780712955198-0.0149506559181626i,12.8098088396845,0,1,
620,1,234292056,234292056,227565,0.985810608787444,0.897317535619405,0.4,-1633.09954963603,4389.85016662415+835.525160132545i,0.850650367140842-0.0106417262970756i,0.872454917196913-0.0328188157654686i,14.1579179706546,0,1,
621,1,234670526,234670526,227565,0.986206922476219,0.883707481632396,0.43,-1633.73380163408,-4280.28686586943-1303.06514991444i,0.851734431422239-0.0065782791864735i,0.871270118860901-0.0326893113605198i,14.1708190916549,0,1,
622,1,235048997,235048997,227565,0.987999058583746,0.983414973306543,0,-1632.01388275224,4305.45296037407+596.165466876598i,0.859561646767999-0.0127765591953479i,0.874384212769433-0.034683055652312i,14.5419422845785,0,1,
623,1,235427468,235427467,227565,0.98599283591965,0.86210182826778,0.47,-1655.59035791226,-4470.23321080859-233.941083301871i,0.85118009497455+0.00338588659781261i,0.871826646504469-0.0182843680002078i,13.9596587019174,0,1,
624,1,235805938,235805938,227565,0.987215927744222,0.982283052725199,0.0599999999999999,-1626.77945197535,4300.16927994148-677.942086514712i,0.858175633219437-0.0299028025923822i,0.873666286971682-0.0571153525484828i,14.6313104180896,0,1,
625,1,236184409,236184409,227565,0.986713408745896,0.932899622223778,-0.31,-1620.49109469521,-4185.36383339681+1480.01916987248i,0.855394499370565-0.0123825358149803i,0.87025932744049-0.0226351553711301i,14.3978557691829,0,1,
626,1,236562879,236562879,227565,0.987617236040314,0.971563667676142,-0.15,-1615.42781057799,4181.13486365495-1299.19508959834i,0.860516924417899-0.0113380711954359i,0.878216488640718-0.0521821374946626i,14.7220043813165,0,1,
627,1,236941350,236941350,227565,0.986329351514194,0.905680957129112,-0.38,-1624.68665811101,-3801.70148423975+2337.89793212746i,0.852713105546231-0.0446454950761642i,0.86683395809496-0.0278274872854693i,14.2273317824228,0,1,
628,1,237319820,237319820,227565,0.986384374406811,0.955933484662719,0.22,-1635.70233282409,3283.08267599158-2935.56181005337i,0.855699961135225+0.0050650328111237i,0.878153157608456-0.0351056035409514i,14.4877892144397,0,1,
629,1,237698290,237698290,227565,0.985742875296343,0.909656497163435,0.37,-1656.01372300206,-3431.79137574718+2844.33597680765i,0.850313360063283+0.000415003379077507i,0.875281239341265-0.00187062574227919i,14.1089596962143,0,1,
630,1,238076761,238076761,227565,0.98730137920622,0.966098970460619,-0.18,-1646.89846944277,2933.73053984757-3267.06182169362i,0.857866763251933+0.00492127081124752i,0.871366344138258-0.0370490190178369i,14.5904868885054,0,1,
631,1,238455232,238455232,227565,0.985293438470323,0.893345735841475,-0.41,-1642.65497489048,-2090.08314201982+3948.86470358346i,0.852852342286526-0.0209601195255078i,0.86453689195517-0.0443586257053369i,14.1018209216449,0,1,
632,1,238833702,238833702,227565,0.986109821163796,0.907742371497246,0.37,-1650.31646279232,922.144796588191-4365.89050058464i,0.849962361987737-0.0317508270815307i,0.873142390424276-0.0403020901404246i,14.1612105004116,0,1,
633,1,239212173,239212173,227565,0.986131144678079,0.911325472350163,-0.37,-1636.28591820059,-705.073737210055+4403.46116865576i,0.854118345002392-0.0310508661182039i,0.873710435838478-0.0289631615511917i,14.1780123695747,0,1,
634,1,239590643,239590643,227565,0.987501883710888,0.982461964561793,0,-1645.0452589623,413.317385848379-4329.59909308678i,0.862140681194638-0.00181353748696853i,0.874442737035566-0.034766984293367i,14.7064245468714,0,1,
635,1,239969114,239969114,227565,0.986835319235093,0.9469697863984,-0.26,-1611.71337788061,833.510194110835+4344.51424514579i,0.856341206923156-0.0230789851458936i,0.877386745517215-0.0500728413682794i,14.5253101562999,0,1,
636,1,240347584,240347584,227565,0.986777936578358,0.939351552347474,-0.29,-1645.94799973755,-100.12532013504-4435.47577837701i,0.855954902061264-0.00552199623156156i,0.869651542971717-0.0282660513916069i,14.3350402459242,0,1,
637,1,240726055,240726055,227565,0.986255301768645,0.899320361942234,-0.39,-1642.34990240027,1600.4598746564+4171.58598096409i,0.852825442648089-0.0180174005649181i,0.865377889362189-0.0459369147105699i,14.1660273059345,0,1,
638,1,241104525,241104525,227565,0.986252081542442,0.943849160047759,0.27,-1615.89911213155,-2447.39577312873-3687.18581533578i,0.854040075043675-0.00846006516766642i,0.876218050271411-0.037711360548265i,14.3926027441977,0,1,
639,1,241482996,241482996,227565,0.985308096122256,0.864474076056631,-0.47,-1670.93037864488,2417.55530427411+3771.35151232697i,0.850967128545124+0.00219359057901273i,0.866032718659543-0.0257660634332545i,14.0834587617382,0,1,
640,1,241861466,241861466,227565,0.986384676999254,0.929877525814029,0.31,-1637.06070469362,-3409.9500328121-2844.72487356265i,0.852211670297458-0.0149718509196592i,0.876934208011589-0.0313304777007389i,14.275426301112,0,1,
641,1,242239936,242239936,227565,0.985345020269832,0.868313116795063,0.46,-1641.01266323989,3359.52174418823+2961.48327668197i,0.851442624204756-0.0150571048906635i,0.871411490891707-0.0186681854451572i,14.0933365752868,0,1,
642,1,242618407,242618407,227565,0.987571528220826,0.978842282714934,-0.0899999999999999,-1641.96864039895,-3499.71638779286-2601.69883665933i,0.860615093527115-0.00534384722169719i,0.87457906633242-0.0276170236551321i,14.7073821495922,0,1,
643,1,242996878,242996878,227565,0.987237376996363,0.961895979237016,-0.2,-1650.0440317518,4201.12875060545+1305.99919858591i,0.858495760013326-0.0157355138991654i,0.878882630594527-0.0410094173846382i,14.6895408162351,0,1,
644,1,243375348,243375348,227565,0.98666727245867,0.941846490680793,0.28,-1642.81901083118,-4353.48503219243-816.509396441307i,0.853260160910291-0.0104823379359855i,0.869813450726983-0.0111353176537334i,14.2738764792543,0,1,
645,1,243753819,243753819,227565,0.986965342415515,0.943420737419494,-0.28,-1632.34328033652,4430.5201832386+130.358402996709i,0.857070175388469-0.0158357861511589i,0.870320670926411-0.00786671655958341i,14.4689876274234,0,1,
646,1,244132289,244132289,227565,0.98738673863941,0.975077192291125,-0.12,-1646.07682865418,-4357.11405784457-353.768663193716i,0.86068768626022-0.00674902817623554i,0.878381535593147-0.0180023342386181i,14.7071151555926,0,1,
647,1,244510759,244510759,227565,0.986460684473367,0.915640560334812,0.36,-1618.71743883501,4448.55845917736-308.296430911666i,0.851183939800323-0.0318090014073904i,0.872598640803654-0.0440502436227427i,14.2828363774693,0,1,
648,1,244889230,244889230,227565,0.987198198490172,0.973946668069969,0.13,-1637.12963288069,-4160.68900505817+1343.48604959154i,0.859343470647329-0.0142967145104664i,0.873363911493009-0.0152048787670567i,14.6164931727089,0,1,
649,1,245267701,245267701,227565,0.98617799333116,0.934059387831271,-0.31,-1642.50209365613,3914.57345891026-2102.13586124948i,0.855346526783001-0.0171631030825373i,0.869762237333426-0.00815702481641523i,14.4030372198041,0,1,
650,1,245646171,245646171,227565,0.987525454482407,0.966869882256475,0.17,-1647.91419368451,-3648.8730826409+2434.63880384868i,0.856744573856477-0.0068100502772808i,0.879001565471271-0.0179888716128834i,14.5044252022264,0,1,
651,1,246024642,246024642,227565,0.986171467666806,0.906519481754653,-0.38,-1636.21421435074,3377.88201484993-2918.12844155229i,0.854602638116632-0.0028468692918704i,0.865704759692038-0.035835092646596i,14.1915400393038,0,1,
652,1,246403112,246403112,227565,0.985881072753423,0.917275368767406,-0.35,-1649.79832502388,-3559.18090284267+2680.02161358844i,0.854935576251178-0.0124315744105384i,0.874255170559364-0.0360992791482311i,14.1842574435467,0,1,
653,1,246781582,246781582,227565,0.987194770562985,0.950134920072398,0.25,-1628.68787143775,2990.42992691033-3251.60517607876i,0.854645908881319-0.0270381045772204i,0.87616116626441-0.0301404504875674i,14.3756634428637,0,1,
654,1,247160053,247160053,227565,0.986986046548381,0.933569617536563,-0.31,-1647.29703926113,-2656.46685701515+3559.67891395284i,0.85524759659635-0.00107143485386996i,0.86898177821556-0.0319981969003622i,14.2818837249525,0,1,
655,1,247538523,247538523,227565,0.987278331779777,0.96587897045504,0.18,-1622.15559295773,2121.3382078738-3844.71622567102i,0.85486724565694-0.0431618907108237i,0.868967240267162-0.0486025980657145i,14.543139174422,0,1,
656,1,247916994,247916994,227565,0.987520965558157,0.981571124536378,0.0599999999999999,-1640.88648210166,-959.405977463164+4245.86098366337i,0.858824628081605+0.00240752135397274i,0.880845287150384-0.0206860638473942i,14.6415767900181,0,1,
657,1,248295465,248295465,227565,0.985694110190112,0.858400189496755,-0.48,-1656.42533186414,438.729885873384-4456.10158385032i,0.849796268288762+0.0259529759732458i,0.875818974352043+0.00375834414200219i,14.1282601000919,0,1,
658,1,248673935,248673935,227565,0.987159964399705,0.982385809541871,0,-1637.87675773271,277.098048295637+4338.74616999795i,0.86214377315772-0.0178734710546977i,0.874342257979921-0.0521940759104647i,14.6916615875329,0,1,
659,1,249052405,249052405,227565,0.986211396402764,0.876446853228632,0.45,-1628.67089752531,-874.819988531282-4389.27956930995i,0.851147567641505+0.000439464430354893i,0.872518522411703-0.0341579180245758i,14.0700008443943,0,1,
660,1,249430876,249430876,227565,0.981051865003948,0.853828842940159,0.49,-1636.12623695148,2120.34936275382+3889.16625254606i,0.839357107465935-0.0195704799181995i,0.859083753470871-0.02850600173254i,13.0065951534328,0,1,
661,1,249809347,249809347,227565,0.987016355072761,0.96010188524299,-0.22,-1672.42672589309,-2504.78866063656-3623.80616214343i,0.858111610958454+0.00187758928572i,0.873483527086548-0.0229555973048306i,14.4302084592041,0,1,
662,1,250187817,250187817,227565,0.987014455793436,0.934345479432173,-0.31,-1669.11252666856,2078.84647028753+3924.94435016237i,0.85655262888965-0.000385974298340138i,0.876915860609714-0.0326420167061842i,14.3378982462061,0,1,
663,1,250566287,250566287,227565,0.985711101613203,0.889020908920144,0.42,-1630.13191239075,-3034.46051455163-3280.89153441209i,0.852364159613557+0.0114026392462782i,0.871238136951353-0.0439980006567478i,14.0184808890317,0,1,
664,1,250944758,250944758,227565,0.987351276067627,0.973654363503764,-0.14,-1640.2690068816,3313.52367871765+2860.60794596676i,0.858260239258062-0.0216391058619716i,0.872807345955926-0.0323401177318792i,14.626939813959,0,1,
665,1,251323229,251323229,227565,0.986234020438226,0.911488252856287,-0.37,-1643.83943460319,-4025.21172674933-1923.67622595215i,0.852480414571072-0.019257047766009i,0.866817780932725-0.0345844536543486i,14.1908862416331,0,1,
666,1,251701699,251701699,227565,0.986922884984998,0.953496987501811,0.24,-1629.2329349335,4271.73856944381+1113.7663818464i,0.852720434769738-0.0277558892362107i,0.874806312144075-0.0592531879585308i,14.4294346281041,0,1,
667,1,252080170,252080170,227565,0.98687278949281,0.929153042891566,-0.32,-1642.75760602792,-4387.70163117061-714.446917791713i,0.856264836928191-0.0208035976105481i,0.868508111642435-0.0177138607652246i,14.2787183345793,0,1,
668,1,252458640,252458640,227565,0.986920801566854,0.941731691094515,0.28,-1623.46625349394,4428.01105014425-136.108679329153i,0.852176927889817-0.0270189336773618i,0.875577376347472-0.0333027786567342i,14.3241650876094,0,1,
669,1,252837110,252837110,227565,0.987197756551545,0.965615781651511,0.19,-1640.41338058859,-4360.79562009753-533.932252060999i,0.856534615379451+0.000650721529947585i,0.879176303111546-0.00468620584682999i,14.5041886628012,0,1,
670,1,253215581,253215581,227565,0.986612666043371,0.951289952717837,-0.25,-1637.68567102538,4414.65162376561-176.443186186933i,0.857792840143339+0.019353305990296i,0.870627721448661-0.0407708178137138i,14.4707612458443,0,1,
671,1,253594051,253594051,227565,0.986778484878356,0.95363160329538,0.24,-1634.19501457687,-4356.31081488821+703.906661537744i,0.854290345454826+3.36649019132131e-05i,0.877580179311827-0.0339547909428017i,14.431455028856,0,1,
672,1,253972522,253972522,227565,0.986217188306826,0.929078295447673,-0.32,-1632.93378166192,4231.00130802221-1356.54404232515i,0.852950826415879-0.0260747373533678i,0.868335203796344-0.0349123967426206i,14.2095492518672,0,1,
673,1,254350993,254350993,227565,0.985939192226601,0.886596998228223,-0.42,-1669.48258815518,-3784.60457223479+2382.96362066925i,0.853317931432075+0.00944144386503594i,0.865386756734136+0.00222933903230214i,14.053684910987,0,1,
674,1,254729463,254729463,227565,0.987790963192554,0.982698195652608,0.0499999999999999,-1623.25554605147,3164.87683166381-2990.64452715227i,0.860683101119034-0.0221386866779815i,0.8789308975146-0.0456847791026564i,14.8246533746324,0,1,
675,1,255107934,255107934,227565,0.985668539786446,0.849045236450832,-0.5,-1627.74770389531,-2872.51659499211+3436.46260615556i,0.850819550090544-0.0184647341374817i,0.86691049236476-0.0223229013376353i,14.0878301871643,0,1,
676,1,255486404,255486404,227565,0.987456927141227,0.981623092136408,-0.0399999999999999,-1628.87483316332,2414.58000694173-3620.30038991092i,0.859724978672552-0.0108975114578477i,0.880835863139608-0.0433919098272753i,14.7701555512606,0,1,
677,1,255864874,255864874,227565,0.987751072510584,0.97503691614138,0.13,-1630.40523361644,-2362.74029602924+3678.34025224008i,0.858120080523421-0.0153720447047643i,0.878363322695935-0.0387143151928408i,14.6527578095314,0,1,
678,1,256243345,256243345,227565,0.987676391033586,0.961466547732471,0.21,-1650.54161564352,836.550541907981-4322.42988576751i,0.855596360629718-0.0415575014428475i,0.871454302595992-0.0268285454859669i,14.4391543578583,0,1,
679,1,256621815,256621816,227565,0.985816141041963,0.973086653638217,-0.12,-1629.73371872781,15.8603630260509+4359.61033527028i,0.8521956173847-0.00506326385128602i,0.86756486393577-0.0317170692632796i,14.1988804746585,0,1,
680,1,257000286,257000286,227565,0.987755890548884,0.979490938912539,-0.0699999999999999,-1650.09737087146,391.834120089997-4338.24683531331i,0.85910023371386-0.0272039755172008i,0.879395734308996-0.0308353648421755i,14.7210202977209,0,1,
681,1,257378756,257378756,227565,0.986501137810019,0.89658472439303,0.4,-1646.89194627738,172.021493578145+4461.69946672769i,0.850871156069086-0.0139686225499828i,0.872110302677828-0.0512305445095181i,14.1063767468003,0,1,
682,1,257757227,257757227,227565,0.987230657757489,0.960513069916723,-0.22,-1631.48110850616,-629.977240058186-4357.94667113571i,0.857995840466294-0.0221299801159389i,0.872160493208515-0.0406574021510538i,14.5361350892634,0,1,
683,1,258135697,258135698,227565,0.985543827738298,0.934009968520657,-0.31,-1627.20150081629,4193.60097885548+1421.39352024416i,0.850877088032108-0.0128027041013046i,0.872759425508144-0.0304174982939054i,14.1138233371064,0,1,
684,1,258514168,258514168,227565,0.987776002008078,0.978724125541311,0.0999999999999999,-1669.83799330328,-2150.35907211165-3795.7795192929i,0.859828086175786-0.010793771154805i,0.874817073131345-0.0133920508369964i,14.6548685306085,0,1,
685,1,258892639,258892639,227565,0.987166588580783,0.923402175761203,-0.34,-1636.45416757957,3009.64912956892+3274.39900134934i,0.853660140605067-0.0192522434209911i,0.868636145950448-0.0476010437214442i,14.2632662754313,0,1,
686,1,259271109,259271109,227565,0.986738473977749,0.93357067904689,-0.3,-1619.96747233086,-2902.27683971303-3355.61907348661i,0.855933708588849-0.0475942189734278i,0.874776732022937-0.0620299545532672i,14.4523152315478,0,1,
687,1,259649579,259649579,227565,0.986435090041724,0.936485226565344,0.3,-1640.4757054935,3288.51352580289+2977.50151799406i,0.852296593339241-0.0582807201247934i,0.873885552251012-0.0549609574807476i,14.268518599279,0,1,
688,1,260028050,260028050,227565,0.986562020467842,0.907303136557187,-0.38,-1650.67277347197,-3646.33949338244-2575.69213056395i,0.852417666367447-0.0168327523576708i,0.863134695133543-0.0427223683750446i,14.1450077946116,0,1,
689,1,260406520,260406520,227565,0.987252080890231,0.95729690501599,0.23,-1630.4201519394,3935.69774731421+1994.00134696437i,0.855923630001676+0.0198164883027552i,0.869309119285065-0.0191803500205109i,14.4732431623872,0,1,
690,1,260784991,260784991,227565,0.987382140901324,0.978133672674392,0.11,-1655.75695420981,-4311.7144026883-683.964972596187i,0.857247706450021-0.0132708108135796i,0.881416168472867-0.0199589530686886i,14.623849398062,0,1,
691,1,261163462,261163462,227565,0.985845658862223,0.881124307757776,-0.44,-1655.55172871306,4474.68586837893+97.3047100547843i,0.850612576843477-8.39493328022351e-05i,0.866284829289989-0.00563036122545539i,14.1432853382904,0,1,
692,1,261541932,261541932,227565,0.985848209586787,0.89430517723947,-0.41,-1632.99384384572,-4430.44592033322-597.154197901806i,0.853445366216243-0.026657421515728i,0.873479249720578-0.0386850846704536i,14.1278616827688,0,1,
693,1,261920402,261920402,227565,0.986010489027738,0.909724698166221,0.37,-1655.13152477349,4448.75991972475-330.388444195926i,0.852206324674863-0.0199254122796279i,0.874130168624802-0.0409029900508264i,14.1237033463291,0,1,
694,1,262298873,262298873,227565,0.986188133618686,0.912183415193446,-0.37,-1613.10032193026,-4406.02996697224+697.123429062414i,0.853600026071315-0.0305459566029548i,0.865901649968177-0.0740994370749509i,14.2015789570024,0,1,
695,1,262677343,262677343,227565,0.986247228751453,0.890443627895787,0.42,-1607.76484349043,4110.3251369711-1762.78452365406i,0.850736582138851-0.0191080735112566i,0.865747984678533-0.0439329514836179i,14.1005890035906,0,1,
696,1,263055814,263055814,227565,0.986765867303896,0.971700194737518,-0.14,-1679.90563516189,-3978.72389565903+1824.58180960324i,0.858954833313958-0.0160030235802902i,0.879270384955752-0.0142213714217364i,14.5984200789695,0,1,
697,1,263434284,263434284,227565,0.986056472114418,0.869240186812648,0.46,-1646.29783364244,3515.59885373503-2775.78545795352i,0.852232415743149-0.0162561977109135i,0.871838031142213-0.00737918064935028i,14.0872324756038,0,1,
698,1,263812755,263812755,227565,0.988092199705463,0.97981604425413,-0.0899999999999999,-1663.69313335248,-3173.4565910494+2994.76786924588i,0.859838542334405-0.00354266040523522i,0.873897850993855-0.0108613962379095i,14.6483757858723,0,1,
699,1,264191225,264191225,227565,0.986839771989394,0.945709526267675,0.27,-1624.02150770999,2927.76141190428-3322.04590942087i,0.853740453943804+0.00328080407407473i,0.875098798467692-0.0249957920652402i,14.4157887308794,0,1,
700,1,264569696,264569696,227565,0.98561085615174,0.866198083699006,-0.47,-1659.34608991682,-2921.02675524812+3392.38930092884i,0.852306989577638-0.0005306643550863i,0.867798241763157-0.0247686087653875i,13.9764295423671,0,1,
701,1,264948166,264948166,227565,0.987033240694999,0.964432532085842,0.19,-1641.95129289631,2143.39693218662-3835.89498495536i,0.857534585144496-0.0223385114673746i,0.871526934509528-0.0417237991779377i,14.4810368740752,0,1,
702,1,265326636,265326637,227565,0.984925577273011,0.941441934205749,0.28,-1631.88786371042,2602.43719512671+3568.07657535433i,0.847324596623199-0.0213167428561453i,0.872536009861968-0.0390999351018364i,13.9641307628284,0,1,
703,1,265705108,265705108,227565,0.986916743018529,0.917784932645997,-0.35,-1662.39339347081,33.6730061497927-4456.92755421513i,0.854607258780346+0.000327943876872423i,0.868496244532994-0.0127800693254325i,14.3121949742221,0,1,
704,1,266083578,266083578,227565,0.986676018843187,0.961656721280301,-0.2,-1646.49629167827,-104.027209248651+4398.60702853066i,0.8580564383107-0.020778406163937i,0.879357293460359-0.0268583437872838i,14.6250311190163,0,1,
705,1,266462048,266462048,227565,0.987005062053719,0.941524189515705,0.28,-1639.09999721679,-448.674530530391-4407.08650403144i,0.851922062530714-0.0361035756429253i,0.876383346013688-0.0360693881983526i,14.2928313798314,0,1,
706,1,266840519,266840519,227565,0.986811198605522,0.942657089671947,-0.28,-1636.96775384623,944.85616224855+4329.99942463025i,0.855726470732899+0.00616684140514385i,0.868232752436009-0.0046273488346534i,14.4251761623472,0,1,
707,1,267218990,267218990,227565,0.986786914986897,0.907438063967637,-0.38,-1657.66908976332,-2329.33810770499-3809.55670458503i,0.852325611061437-0.0408577006263225i,0.874104209759078-0.0299202119393212i,14.2509511838128,0,1,
708,1,267597460,267597460,227565,0.987887029472726,0.979277734311018,0.0999999999999999,-1627.0885159083,2839.08747986512+3315.24723939425i,0.860075046359092-0.0154069747989867i,0.872872311175428-0.0136966364163039i,14.7352975247233,0,1,
709,1,267975930,267975930,227565,0.987397119239611,0.973565657901564,0.13,-1624.09808485768,-2547.77070173242-3553.22735073908i,0.857896789976671+0.00147865026848427i,0.872921926543529-0.0199908442106677i,14.6014454754726,0,1,
710,1,268354401,268354401,227565,0.987212275696017,0.975500165414771,-0.12,-1624.62337242845,3200.49538311398+2977.34379990475i,0.859385566629512-0.0216009640145967i,0.881172352671341-0.0160501961999717i,14.7102320813103,0,1,
711,1,268732871,268732871,227565,0.985479396994899,0.889322110308182,0.42,-1595.5348570125,-3796.30943347514-2367.23207573407i,0.849438668826674-0.0357984033642004i,0.87132459708012-0.0616144945664678i,14.1091339816813,0,1,
712,1,269111342,269111342,227565,0.986291668813646,0.905212183073713,-0.38,-1629.59614407508,3716.14243620208+2475.20736716975i,0.854098408849525-0.0211118087726202i,0.865995839556781-0.0483646239443078i,14.210354877258,0,1,
713,1,269489812,269489812,227565,0.986008504637033,0.896479012967325,0.4,-1649.53795428459,-4227.15049951772-1453.19543108831i,0.85207627161936-0.00726055375416184i,0.865930915157489-0.0267898930061013i,14.1006486220884,0,1,
714,1,269868283,269868283,227565,0.987969870722585,0.982905594766944,0,-1652.04730124856,4335.81994503888+368.083420384867i,0.863204346514493-0.000273815965462397i,0.881257620760591-0.0137819087369943i,14.8410863695417,0,1,
715,1,270246753,270246753,227565,0.985601395359068,0.876590590311176,0.44,-1615.32900204798,-4477.16030602824+49.1800892731861i,0.848469521705599-0.0392365570675851i,0.862826106714237-0.0635595953214525i,14.0247966912851,0,1,
716,1,270625224,270625224,227565,0.987667740540759,0.978368715350668,-0.0999999999999999,-1629.94453268971,4335.49728307611-513.685148155575i,0.859931342324179+0.020492196601942i,0.879844606982432-0.0336985202542774i,14.7219512441329,0,1,
717,1,271003694,271003694,227565,0.987953440413195,0.98091722658899,0.0599999999999999,-1653.29330697185,-4346.95202796791+296.33977495704i,0.860137415490542-0.00286965281825687i,0.880121451219546-0.0286891616080569i,14.7419740161722,0,1,
718,1,271382165,271382165,227565,0.985681039540745,0.857983669010096,-0.48,-1636.38017631722,4387.7639655406-906.278576902639i,0.851552482760347-0.00727878480600647i,0.867098676794289-0.0403909826347929i,14.0610183284044,0,1,
719,1,271760635,271760635,227565,0.98696655114272,0.980494789989443,0,-1623.49455951977,-4057.35176154861+1570.58036542858i,0.861737947622348+0.0102994204706742i,0.875127561418158-0.0212060102922463i,14.8141469427825,0,1,
720,1,272139105,272139105,227565,0.986126810674783,0.876183618664718,0.45,-1634.30659998948,3946.41899404135-2117.17039311962i,0.851474625691362+0.00531155070026421i,0.870113065354327-0.0483828320205825i,14.1587964784368,0,1,
721,1,272517576,272517576,227565,0.985910178365956,0.919819411182038,0.34,-1621.62175220227,-3134.20686762171+3161.71476193174i,0.851722708300577-0.0345063421173255i,0.874334358847975-0.0398684347330724i,14.2551365403129,0,1,
722,1,272896047,272896047,227565,0.986484556579226,0.959369114762624,-0.21,-1635.5047370135,2724.38228469418-3458.1767417343i,0.859062625170786-0.0224769292795279i,0.87183129433798-0.0368964909027221i,14.5704415770252,0,1,
723,1,273274517,273274517,227565,0.9869392273423,0.945843496260098,0.27,-1641.93823983449,-2313.71478389121+3774.78368583895i,0.854737293699219-0.0183584090596739i,0.875031601371221-0.0434237709368221i,14.3868663080603,0,1,
724,1,273652987,273652988,227565,0.987011914605342,0.97152703485791,0.15,-1628.02889154102,937.491989008295-4274.69608753058i,0.854390880930343+0.00848637774805788i,0.870197119452599-0.0391901547103313i,14.4341618073636,0,1,
725,1,274031459,274031459,227565,0.983860130128779,0.934663384227855,-0.3,-1622.90753494733,-318.144609830097+4403.33212686182i,0.849208914763184-0.0322921844485669i,0.864117946180484-0.0507679196373952i,13.7551489273876,0,1,
726,1,274409929,274409929,227565,0.986009837978883,0.912096834308063,-0.37,-1621.72539249937,759.766273578608-4395.93871749212i,0.853780473016079-0.0102610775109502i,0.874056348088733-0.0392635461080014i,14.2387341383938,0,1,
727,1,274788399,274788399,227565,0.98704793314594,0.953771778637173,0.24,-1650.30824673334,-155.415151834652+4412.5263276882i,0.856018840767051-0.0124847939945203i,0.87681651481277-0.00763067280958545i,14.4639895482084,0,1,
728,1,275166870,275166870,227565,0.986712767060491,0.930346237413985,-0.32,-1644.28937030062,-519.136547333681-4415.26056382345i,0.856118217057205-0.0360881481371591i,0.868556399732622-0.0584699343462913i,14.3271705367811,0,1,
729,1,275545340,275545340,227565,0.988086332452776,0.970795057812558,0.16,-1624.72988604249,1053.78810836626+4253.98952105568i,0.856654924757-0.040321549972307i,0.872191240747347-0.0589580049467004i,14.5193204370108,0,1,
730,1,275923811,275923811,227565,0.987381979737596,0.977929139269873,-0.0899999999999999,-1628.41567976438,-2120.50434295671-3811.32871286901i,0.860107267989487-0.0213394203850591i,0.881741948723007-0.0379506703065865i,14.7649337596041,0,1,
731,1,276302282,276302282,227565,0.986681274594202,0.850161750772655,-0.5,-1617.12562417137,2966.26471127038+3357.70161274087i,0.850785897164549-0.0223317411122189i,0.86395461256497-0.0548647791952709i,14.0725878324136,0,1,
732,1,276680752,276680752,227565,0.988216868427722,0.982865041343535,-0.0399999999999999,-1628.06086354927,-3167.33450062487-2986.6266543243i,0.86080606449331-0.0128876056580338i,0.880286951762293-0.0457189164907778i,14.7536600574775,0,1,
733,1,277059222,277059222,227565,0.985556382007216,0.883605043903788,0.43,-1648.48172220914,3516.27842209982+2765.79902645462i,0.850839303695074-0.000724362878888368i,0.872690780176157-0.0273320112967684i,14.1300713970478,0,1,
734,1,277437693,277437693,227565,0.985960263849826,0.886597030302132,-0.42,-1626.87920611016,-3616.41296740975-2633.20827203328i,0.8519009129725-0.00846843028390247i,0.867642984757895-0.0341930560392484i,14.1921580978769,0,1,
735,1,277816163,277816163,227565,0.987401144199256,0.982562816312233,0.0499999999999999,-1622.63044087917,3792.91523460984+2138.12529789985i,0.861589903062801-0.0150960049269214i,0.880379736625048-0.0230489036012784i,14.7967512282733,0,1,
736,1,278194634,278194634,227565,0.985961956119755,0.850895923259623,-0.5,-1648.58230426923,-4029.66804215238-1955.15038827742i,0.850777373571686-0.0436963948171626i,0.864059126469055-0.0421898634895756i,14.0399357003762,0,1,
737,1,278573104,278573104,227565,0.987337431927666,0.980963315279737,-0.0399999999999999,-1631.47018297344,4198.79404731859+1150.22128444127i,0.860347512797475-0.0242277567193671i,0.87276456991013-0.0243005725009409i,14.7286979177168,0,1,
738,1,278951575,278951575,227565,0.986945383166816,0.970812647363594,-0.15,-1669.05391697363,-4381.31539976169-20.6943266604018i,0.85897618677406-0.00659672724174287i,0.877767440437786+0.0127629520848014i,14.6096306087693,0,1,
739,1,279330045,279330045,227565,0.986762235609648,0.961152235103079,0.21,-1626.08515886121,4385.23101286744-384.746046887653i,0.854725163705357-0.00588722382834285i,0.871561465135262-0.0340589483632407i,14.4694149798773,0,1,
740,1,279708516,279708516,227565,0.987091640743348,0.956147406215313,-0.23,-1624.31934784124,-4237.2982944905+1225.41721149234i,0.855503916007303-0.0468009841896034i,0.875060859324004-0.0493492949954979i,14.5619286422573,0,1,
741,1,280086986,280086986,227565,0.987449345386571,0.979063105453457,-0.0699999999999999,-1632.17174222745,4232.1090672395-1034.67313465628i,0.862221512224068-0.00107535387396128i,0.879485994700341-0.0454121232722197i,14.7843779388002,0,1,
742,1,280465456,280465456,227565,0.98613754069165,0.896023185998504,0.4,-1640.75155408935,-4215.90555739791+1479.42418788443i,0.850732221364212-0.0294677643105818i,0.867097870222232-0.0321916883979768i,14.071731116336,0,1,
743,1,280843927,280843927,227565,0.987100851191972,0.96736076419202,0.18,-1628.46826682606,3598.64729427967-2518.50255988466i,0.854688170195155-0.00474970310697925i,0.869831054224196-0.033108013659252i,14.4943281651984,0,1,
744,1,281222398,281222398,227565,0.986770728435258,0.947892332396459,-0.26,-1637.78433923555,-3220.79866132414+3033.02553792477i,0.856617640296454-0.0354426512283253i,0.876919984833497-0.0215305882652198i,14.4835604002939,0,1,
745,1,281600868,281600868,227565,0.987171940672888,0.95702736148969,0.22,-1649.33487475458,2741.03998728111-3450.94440947179i,0.854780741223649+0.00650819138932421i,0.877607997964112-0.0458937069363604i,14.4838831153468,0,1,
746,1,281979339,281979339,227565,0.986588895888345,0.923550721604627,-0.34,-1630.28932050505,-2144.81313517957+3896.69731392558i,0.854474353910331+0.00191402827853096i,0.868728238031368-0.0175793352970085i,14.2691073859621,0,1,
747,1,282357809,282357809,227565,0.987885190600153,0.973225702623338,0.14,-1636.2735638991,1803.04504557177-3988.07138668708i,0.85648643626926-0.0330129753208672i,0.876927582853143-0.0405335912182985i,14.6563514770709,0,1,
748,1,282736280,282736280,227565,0.987375624214742,0.983259243941007,0,-1646.27760346789,-369.195229715786+4325.49886208993i,0.859185702566441-0.00386412475369216i,0.87651021582934-0.0211189807916197i,14.4382257901392,0,1,
749,1,283114751,283114750,227565,0.986151570707513,0.85518551810818,0.49,-1636.18294977331,-184.76631687673-4477.49704528242i,0.8519580653285-0.00977693385281835i,0.864712324827849-0.0365309985571725i,14.0852875991967,0,1,
750,1,283493221,283493221,227565,0.987653395150691,0.981525594281095,-0.0599999999999999,-1627.48156428958,671.370558340813+4302.60126311464i,0.860539350712877-0.0110986926471489i,0.881971702871144-0.0275005090442161i,14.7218205488621,0,1,
751,1,283871691,283871691,227565,0.987797246754115,0.977478444053755,0.11,-1637.27489098299,-490.973521197063-4339.47099549999i,0.858742719700917-0.0268062575534979i,0.87263136579014-0.0387518600809838i,14.5878241302727,0,1,
752,1,284250162,284250162,227565,0.986305845741975,0.851261680188824,-0.5,-1638.87755272599,821.548730453003+4404.9676794562i,0.851764523085636-0.00732816070789219i,0.874163298642648-0.0466091029718862i,14.1040057006805,0,1,
753,1,284628632,284628632,227565,0.986427129795392,0.919438636884611,0.35,-1642.82539168008,-1992.3144615904-3987.68471666464i,0.851320002358782+0.00574968417371579i,0.87442231220826-0.013977424616991i,14.2631632693991,0,1,
754,1,285007102,285007102,227565,0.986159173551437,0.909142950236772,0.37,-1630.80373064898,1653.34395050002+4143.31022051794i,0.852343796192468-0.00915586234187932i,0.865110606611232-0.0512840284201362i,14.1288671491361,0,1,
755,1,285385573,285385573,227565,0.985643588760357,0.902708579209319,0.39,-1668.67460336468,-2913.96128710816-3385.61694599437i,0.851993451112856+0.0172980197468899i,0.874018599612784-0.00367632894344362i,14.1540442697085,0,1,
756,1,285764044,285764044,227565,0.9877614878737,0.969613268995365,-0.17,-1612.24492202,3355.60698147654+2828.04759622037i,0.858534229965587-0.0263566477573419i,0.869667763649942-0.0580552567362561i,14.6404597019044,0,1,
757,1,286142515,286142514,227565,0.985822873949679,0.854341017240273,0.49,-1641.7070963233,-3919.56888280052-2170.55751947531i,0.850719952223789+0.00057894284020181i,0.866392692075975+0.0155051525552542i,14.0672732435426,0,1,
758,1,286520984,286520984,227565,0.985592520160141,0.869757510000719,0.46,-1645.78302299853,3520.25758564217+2768.39485934328i,0.852037848298721+0.000918375166007898i,0.8732604508532+0.00919244869388221i,14.1230910376761,0,1,
759,1,286899455,286899455,227565,0.987578882253968,0.977603224127839,-0.0899999999999999,-1660.4958517984,-3770.77762257952-2191.05844764837i,0.861466924669681-0.0119089061168684i,0.879367359203513-0.0451430256816204i,14.7271358785859,0,1,
760,1,287277926,287277926,227565,0.986382583710084,0.927606277102224,-0.32,-1646.69736941976,4312.29337973462+1086.05845928307i,0.854973553049264-0.00673287506478853i,0.867782780129469-0.0240057961097846i,14.3753108983866,0,1,
761,1,287656396,287656396,227565,0.986845056840242,0.941393643772937,0.28,-1626.16148322559,-4422.98573816776-252.126882234187i,0.853806382128025-0.0160367929813207i,0.870291135200113-0.0472151675660216i,14.3224667851931,0,1,
762,1,288034867,288034867,227565,0.987820552181003,0.981007700203895,-0.0899999999999999,-1647.01257325966,4316.22340308684-627.588639678627i,0.86088679267249-0.000849096926498289i,0.881033994577298-0.00535047568016097i,14.6958075138118,0,1,
763,1,288413337,288413337,227565,0.987227210504597,0.962121754880718,0.21,-1623.7978337566,-4315.50463644684+864.806185487843i,0.856377844592183-0.00251148748090177i,0.870232938300292-0.0422119476704217i,14.4537689506059,0,1,
764,1,288791808,288791808,227565,0.987560808580648,0.982442368227979,-0.0399999999999999,-1634.90289326159,3885.19784860115-1959.51252424138i,0.861860330832539-0.022800323529024i,0.879990548089696-0.0385122150197937i,14.7920676574337,0,1,
765,1,289170278,289170278,227565,0.987169665434138,0.963857566239559,-0.2,-1622.84269638307,-4166.26717109443+1411.62352342365i,0.858765889991626-0.0385333517980253i,0.880680827459151-0.0305521849427614i,14.5794417091349,0,1,
766,1,289548749,289548749,227565,0.986922410013139,0.975928512589078,-0.12,-1662.70965587503,3458.08451010942-2673.61278140018i,0.859078101543281+0.0215786947322898i,0.876475819037622-0.0101691051873793i,14.6449707359714,0,1,
767,1,289927220,289927219,227565,0.985499403615941,0.861553227184695,0.48,-1647.45137171356,-2905.12295184483+3411.615109661i,0.852378993657695-0.0160351913421802i,0.872972333637057-0.0191504710427506i,14.0718342429639,0,1,
768,1,290305690,290305690,227565,0.986349476999156,0.904799535219946,-0.38,-1640.31232257238,3037.38744190509-3272.55459686699i,0.854878784716463-0.0139058752138012i,0.868710626446869-0.0296116769675285i,14.1668562549712,0,1,
769,1,290684160,290684160,227565,0.987301343034627,0.977752376833268,0.0899999999999999,-1649.66846216186,-2649.99955283833+3464.76755477389i,0.859050305194111-0.0136364556334952i,0.873926524938608-0.0234917850530237i,14.6340247225493,0,1,
770,1,291062631,291062631,227565,0.986850659104322,0.970360012834809,-0.15,-1632.68398473081,1574.49114337334-4088.18117824427i,0.85830115262549-0.0309772686612431i,0.881486086478514-0.0378027006203367i,14.6550915145336,0,1,
771,1,291441101,291441101,227565,0.98751711694877,0.975759362207842,-0.12,-1617.80173093085,-1934.7529983497+3919.9009516386i,0.859580357429354-0.00817748151145301i,0.870785281578676-0.0598722262444485i,14.7010901317435,0,1,
772,1,291819572,291819572,227565,0.987501195926305,0.97751592855938,-0.0999999999999999,-1637.82985631574,374.57846352181-4348.89700662974i,0.860396462712992+0.00387443838492756i,0.880233063563078-0.0323674041483345i,14.7043975395271,0,1,
773,1,292198042,292198042,227565,0.987657667582327,0.979764877330075,-0.0699999999999999,-1632.87411722168,-732.38843259196+4295.79599819414i,0.8593418833489-0.00187701641508784i,0.882338192705561-0.0289920030976555i,14.7596911151135,0,1,
774,1,292576512,292576512,227565,0.986118995816383,0.896488058555371,0.4,-1654.0344252809,232.667493686211-4461.06409146098i,0.850553471050766-0.0209834956564838i,0.867256921827136-0.0365576123597955i,14.041052091518,0,1,
775,1,292954983,292954983,227565,0.987281962332401,0.981273079983159,0,-1636.70970665581,591.82196159109+4312.67723385943i,0.861797711925634-0.01538267969956i,0.874456849150301-0.0344815911218474i,14.7814602189767,0,1,
776,1,293333453,293333453,227565,0.986009553565376,0.876716911304842,0.45,-1661.87501602392,-1033.74968630607-4339.34098301481i,0.851732743777844-0.0170260975394069i,0.871937785626209-0.0114974889760268i,14.1154938707322,0,1,
777,1,293711924,293711924,227565,0.987527680413182,0.978894594150883,-0.0999999999999999,-1652.45663273558,1622.01202256+4035.20384342031i,0.860925701889746+0.00272185559613635i,0.879701830761465-0.037719563071203i,14.7266185403535,0,1,
778,1,294090395,294090395,227565,0.986817656026279,0.959218873112392,-0.22,-1647.28898070896,-2733.37102577644-3435.18188816398i,0.855335962922323+0.00995905116869096i,0.872401729003458-0.0228835392221689i,14.4412367866204,0,1,
779,1,294468865,294468865,227565,0.98684156070509,0.945034800207226,0.27,-1631.29990992643,3114.47065479752+3123.41889691382i,0.853206127957332-0.0181602197307426i,0.874706903446518-0.0591251938242047i,14.3493757594391,0,1,
780,1,294847336,294847336,227565,0.986565997950003,0.938111506582764,-0.29,-1654.17004718523,-3438.6297068551-2775.84428146732i,0.856467991963939+0.00181082505787419i,0.870250892451313-0.0325318468121319i,14.4181261064539,0,1,
781,1,295225806,295225806,227565,0.987287263914195,0.964922065488064,0.19,-1634.10767768684,3770.89577035061+2227.76933996334i,0.856487064922253+0.00097289294375889i,0.872435101709412-0.0204478944721808i,14.5004971329262,0,1,
782,1,295604276,295604276,227565,0.985587829001054,0.9203909987578,0.34,-1636.4468070621,-3657.26330579547-2510.7135122878i,0.852016083130444-0.00228547090226898i,0.874848515069309-0.0363254694419637i,14.1421871556644,0,1,
783,1,295982747,295982747,227565,0.986833501884533,0.958830590008665,-0.22,-1616.2001486889,3939.71009296408+1944.84575061227i,0.858403680273391-0.0306635313785979i,0.880219650368425-0.0516582171479797i,14.5108343307057,0,1,
784,1,296361217,296361217,227565,0.987345478228837,0.946023287714237,0.27,-1606.01421260237,-4178.3672502679-1467.45883094839i,0.853889756297361-0.0259283044756775i,0.867750041780048-0.0696630848109479i,14.3221381760636,0,1,
785,1,296739688,296739688,227565,0.987346307859082,0.970618405884625,0.16,-1631.499584628,4377.96838226129+249.514335965358i,0.856756450627443+0.0105584484855112i,0.87121843629893-0.0410901041395989i,14.5262475670781,0,1,
786,1,297118159,297118159,227565,0.986286545155308,0.9003218275866,-0.4,-1654.15693667227,-4456.11613124217+350.006036027219i,0.851356229576021+0.00288267688272598i,0.872439081801106-0.0442069739316402i,14.1176887238719,0,1,
787,1,297496629,297496629,227565,0.986045889440448,0.903805117637676,0.39,-1622.17307964094,4145.7843223452-1662.62121011316i,0.851323590652743-0.0058260825568044i,0.865997782693174-0.0489486004432333i,14.1827859124282,0,1,
788,1,297875100,297875100,227565,0.985135816275877,0.972962814220701,0.12,-1649.532776638,-4188.59836874002+1193.12686760782i,0.846860074186955-0.0207017989286587i,0.872547718304027-0.0288439431102895i,13.849067860656,0,1,
789,1,298253570,298253570,227565,0.983807844557672,0.923572534272263,0.33,-1631.98115970956,712.308317324352-4364.87998211308i,0.844520565891698-0.0268917651030511i,0.870054718703542-0.0203991618812373i,13.5678333122568,0,1,
790,1,298632041,298632041,227565,0.987373291043373,0.975181257108238,-0.12,-1639.29266778619,-3033.24473128578+3148.1151555269i,0.860378420773528+0.00733762655147731i,0.873007125329229-0.0292529085822423i,14.6903469052593,0,1,
791,1,299010511,299010511,227565,0.988134813572635,0.979958182254099,-0.0899999999999999,-1669.59221585164,3359.7404583975-2785.36478694937i,0.859679083393145+0.0209533670040133i,0.871572893524111-0.026654487218024i,14.7051397678868,0,1,
792,1,299388982,299388982,227565,0.986085798012271,0.906187885716241,-0.38,-1652.61339484401,-2474.09058644062+3717.88845356856i,0.853845041978723-0.00498753815726174i,0.874441860481188-0.00367777822586577i,14.2197039324972,0,1,
793,1,299767452,299767452,227565,0.986508645896426,0.938272497711494,-0.29,-1627.8745360747,2637.35951748587-3569.62625016457i,0.856355597298695-0.0207065651748751i,0.87590124916599-0.0369592021875691i,14.3774091281502,0,1,
794,1,300145922,300145922,227565,0.986256517002391,0.884158250546993,0.43,-1636.56300969156,-1774.34077884797+4109.06611796025i,0.850807449602884-0.0256716380586475i,0.866510687218172-0.0502623268460045i,14.1716256162231,0,1,
795,1,300524393,300524393,227565,0.986432348353405,0.926632292168697,0.33,-1615.7711350306,366.651467009027-4435.26163634934i,0.850384514457727-0.0418706144062458i,0.874931272481843-0.0435036027672261i,14.2317570426209,0,1,
796,1,300902864,300902864,227565,0.986541339759187,0.955194144277949,-0.23,-1637.8003481979,77.4646062355794+4413.22848616063i,0.856671292968113+0.00740050691699537i,0.871982964430044-0.0222949558853651i,14.4914597185562,0,1,
797,1,301281334,301281334,227565,0.986615410598778,0.948600773207719,0.25,-1657.44387479143,-415.023802413861-4387.85473844689i,0.853317512240997+0.0170648687366545i,0.870895181191001-0.0143679440118089i,14.2474232172896,0,1,
798,1,301659805,301659805,227565,0.986737154412561,0.933775291307084,-0.31,-1637.34387043032,1034.14626031557+4311.17521905957i,0.8560359902784-0.0176264988055433i,0.876532417318734-0.0299781949843367i,14.3670008937468,0,1,
799,1,302038275,302038275,227565,0.98705656644076,0.9692522751014,-0.15,-1646.72936829036,-734.437210348865-4310.46571009723i,0.858982651864273-0.00711479970716251i,0.872049256840657-0.0457008447512876i,14.6038326131622,0,1,
800,1,302416745,302416745,227565,0.986474436950009,0.925076883713565,0.33,-1652.23904962908,1357.41798509122+4228.35243656185i,0.851978244835478+0.00152797668417788i,0.873647733121208-0.032000784587731i,14.2566527362997,0,1,
801,1,302795216,302795216,227565,0.987111494563295,0.954434039880945,-0.23,-1624.84732996766,-2025.61132414498-3910.92159541748i,0.857165487908259-0.0167159860882707i,0.876935083614669-0.0616650031164951i,14.5603264337193,0,1,
802,1,303173687,303173687,227565,0.986184265199945,0.923259220749454,-0.34,-1633.97781785226,3096.1528308851+3188.50874200701i,0.855153968918134+0.0103355786656726i,0.868310129766775-0.0340509912618991i,14.2920645538433,0,1,
803,1,303552157,303552157,227565,0.987784961092003,0.973303589220766,0.14,-1664.97412296763,-3283.41623351541-2882.44782487977i,0.857457340417623+0.0249191230258155i,0.878898566855119-0.0024022697608519i,14.571996230475,0,1,
804,1,303930628,303930628,227565,0.986188018022052,0.938380322367478,-0.29,-1649.27328836162,3878.2549370861+2159.17389590763i,0.856277809315742+0.00108559888588817i,0.86988124630601-0.0240268635979822i,14.378572618801,0,1,
805,1,304309098,304309098,227565,0.986496756700723,0.948094380078272,-0.26,-1654.04587755603,-3635.42336881314-2526.43945857125i,0.857831239674823-0.017187578716811i,0.870194822816374-0.0409929596354591i,14.3654602858177,0,1,
806,1,304687569,304687569,227565,0.986855494206337,0.965050357932924,-0.18,-1614.40994123764,4346.92122535093+651.24123494262i,0.859089987960195-0.0346470764170743i,0.87864472343011-0.0511962331007912i,14.6680433679815,0,1,
807,1,305066039,305066039,227565,0.983613146021478,0.855781870071263,0.49,-1629.21933271519,-4266.64416137786-1291.75063644052i,0.84459237498855-0.0214007690675461i,0.868092445554782-0.0109400465544309i,13.4887173710736,0,1,
808,1,305444509,305444509,227565,0.986127731894557,0.876317110315339,0.45,-1648.02681230218,4447.0348605392+561.931349956483i,0.850349042529014-0.0313912608585997i,0.867913097511719-0.00317752921746176i,14.1931630004114,0,1,
809,1,305822980,305822980,227565,0.986934196869716,0.982935406223263,0,-1631.16457660506,-4347.57277567947+34.7059739891728i,0.85749810519872-0.00732527701012002i,0.873568637413277-0.0313692848790213i,14.4532150145775,0,1,
810,1,306201451,306201451,227565,0.987440979494635,0.959817233729984,-0.22,-1631.08799024387,4216.02386724331-1294.63231899201i,0.8565463308539-0.0326821392772991i,0.877814473271934-0.0230240553205527i,14.5601073744921,0,1,
811,1,306579921,306579921,227565,0.987108267393805,0.96146673987124,0.21,-1650.79324426723,-4100.53515542489+1610.52911770472i,0.856068180439999-0.00885595247530677i,0.872720589881316-0.0303473196242809i,14.502570306013,0,1,
812,1,306958392,306958392,227565,0.98762772304898,0.968500094585275,-0.17,-1602.4314400281,3518.51558225739-2628.75353858273i,0.858657866703722-0.0419635749916219i,0.878974359828435-0.0378833684626183i,14.7057989649675,0,1,
813,1,307336862,307336862,227565,0.986035863184312,0.930584264990048,0.31,-1644.31059588081,-3434.56816449469+2820.4161084389i,0.851775355499669-0.00914688745149505i,0.87502472511398-0.0182342699523912i,14.2349599190167,0,1,
814,1,307715332,307715332,227565,0.98620899920232,0.919629012221814,0.34,-1617.4803524578,3580.96108972826-2649.1514675466i,0.850973267393143-0.0222107911004094i,0.86748597993252-0.0492411654311813i,14.1860796915496,0,1,
815,1,308093803,308093803,227565,0.987471055501951,0.97765246536319,0.11,-1643.15203700454,-2781.71909331196+3369.42563698746i,0.857045010625146+0.00948232340961406i,0.873067145417176-0.0313122628080663i,14.4904197757554,0,1,
816,1,308472273,308472273,227565,0.986380336756942,0.903582552851797,0.39,-1621.31588879419,2616.92892625445-3623.55788214304i,0.851934867090639-0.0435401730229196i,0.872749531603506-0.0385890659051558i,14.2158106325625,0,1,
817,1,308850744,308850744,227565,0.986636532123558,0.967898806389251,-0.17,-1632.62338040493,-2110.60225548641+3850.75189916113i,0.858560335313151-0.0301671823384501i,0.878746857004662-0.0480534635514616i,14.6253536501321,0,1,
818,1,309229215,309229214,227565,0.985995256549495,0.855887054433374,0.49,-1654.2182081616,1366.96763285162-4269.09526436169i,0.851227824416884-0.0239562616403307i,0.865371415478036-0.0296409967674861i,14.06257859605,0,1,
819,1,309607685,309607685,227565,0.987379110313861,0.978752007926444,0.0799999999999999,-1634.7574090624,-375.181587657799+4345.00615910039i,0.860290700479258-0.0238840930912575i,0.882540900797926-0.0225701054010596i,14.6640851176891,0,1,
820,1,309986156,309986156,227565,0.986822880720678,0.91862021492628,-0.35,-1626.8797999807,-462.348564905691-4435.47300317638i,0.854880692570039+0.000271461282450011i,0.867373416685166-0.0317417629668328i,14.3356934914603,0,1,
821,1,310364626,310364626,227565,0.987700459692002,0.982492461510249,0,-1608.70133940644,676.266497559297+4299.35845133955i,0.859551667064989-0.00761072773451659i,0.874244077517194-0.0400449635406529i,14.6995260067802,0,1,
822,1,310743096,310743096,227565,0.98658711197913,0.940709092637374,0.28,-1631.12447646981,-596.725011385218-4391.18492984142i,0.853778052747156-0.0211111548785492i,0.876073790637333-0.0189670183980257i,14.2811108355866,0,1,
823,1,311121567,311121567,227565,0.987428961364734,0.98019412323842,-0.0899999999999999,-1623.99777967542,1429.36607037716+4123.27293381986i,0.861013412599637-0.0254580861027475i,0.879769179106379-0.0478940797817698i,14.6770962545502,0,1,
824,1,311500037,311500037,227565,0.987346682333945,0.962085781366335,0.21,-1628.35078872213,-1608.22982781104-4098.6903015961i,0.856176245786859+0.0164898277036241i,0.871308309092454-0.0176318426087897i,14.4904564950463,0,1,
825,1,311878508,311878508,227565,0.987134261078099,0.981971232324136,-0.0399999999999999,-1647.73830749541,2463.78936169116+3589.06204815859i,0.861617981279893-0.00887721827483469i,0.875052375491206-0.0194646001626623i,14.7188216223418,0,1,
826,1,312256979,312256979,227565,0.985728372165455,0.871428239663873,-0.45,-1642.97716522099,-3168.71432651126-3164.68660660751i,0.852207412739768-0.0273076607060025i,0.874966827625603-0.0285959582135053i,14.130578691512,0,1,
827,1,312635449,312635449,227565,0.98717880417387,0.975871921390475,-0.12,-1674.27465128208,3203.84761362317+2969.60279752765i,0.862021097011525-0.00813302826457743i,0.874446000555758-0.0245792231202575i,14.7005566206577,0,1,
828,1,313013920,313013919,227565,0.985831032175824,0.861662674049139,0.48,-1653.30299193399,-3827.84687837544-2327.50794367025i,0.85180029066614-0.0168071149979665i,0.871392565365241-0.023095443052367i,14.1056549786039,0,1,
829,1,313392390,313392390,227565,0.985966976130413,0.904492414079559,-0.38,-1644.03868520491,3842.34674310081+2270.92099637668i,0.85363020531657-0.0116327088056338i,0.873982552038911-0.0364789134701526i,14.227912004937,0,1,
830,1,313770860,313770861,227565,0.986299967984311,0.959146207157688,-0.22,-1636.26215880545,-4378.4687381376-454.593065889167i,0.853611797081486-0.0246824151019499i,0.869124001573228-0.0590596212944052i,14.370018651449,0,1,
831,1,314149331,314149331,227565,0.987013678507409,0.969500291187189,-0.15,-1641.37540869635,4320.22159890983+735.190345538283i,0.859591752622531-0.0127404912683671i,0.878979555824538-0.035563847395804i,14.6828415293995,0,1,
832,1,314527802,314527802,227565,0.986699424841952,0.906066335952313,-0.38,-1615.27089020892,-4425.21348121627+608.750853860698i,0.854038049295126-0.00415496273129611i,0.866715883962114-0.0188559496160401i,14.2893787985741,0,1,
833,1,314906272,314906272,227565,0.9879918513741,0.978312816502415,-0.0999999999999999,-1616.44221156499,4312.26187658543-685.643887637623i,0.860737550073301-0.000977770615997709i,0.874007265276192-0.0332446736232343i,14.773099199669,0,1,
834,1,315284742,315284742,227565,0.98612650022983,0.908166646619291,0.37,-1615.9912720759,-4276.40577891547+1275.19813170462i,0.850908159185847-0.0209520159032896i,0.874756203735509-0.0250437465628134i,14.1805855939363,0,1,
835,1,315663213,315663213,227565,0.987805096877061,0.982756480761227,0,-1641.87857423863,3897.50025251939-1933.83306559801i,0.859308427853854+0.0025777090903341i,0.874427527152075-0.0261030430048404i,14.6553045960262,0,1,
836,1,316041684,316041684,227565,0.986878531971287,0.939491478483681,-0.29,-1638.67152186526,-3395.52484966065+2854.64017261711i,0.854727631574772-0.0349473034298505i,0.875390634505208-0.0529630399457828i,14.4170137061713,0,1,
837,1,316420154,316420154,227565,0.987600521347546,0.964229276111253,0.19,-1617.12644410791,3002.11662200973-3211.9361343346i,0.856398992227265-0.0162621752891787i,0.876790098974043-0.0577323816626086i,14.5475715301185,0,1,
838,1,316798625,316798625,227565,0.9858514299716,0.911706225685242,-0.37,-1650.00978221489,-2829.69038711658+3453.47831895958i,0.853502959858916-0.0119454864929644i,0.869520510776523-0.0248074647523857i,14.220275359319,0,1,
839,1,317177095,317177095,227565,0.987328816934749,0.960366768041819,-0.22,-1645.71957913153,2820.96746300096-3388.67573677109i,0.855835941270552-0.0444305838052333i,0.871416645590237-0.0331311349924148i,14.4584453909166,0,1,
840,1,317555565,317555565,227565,0.986626951529639,0.945280297388765,0.27,-1623.62066578273,-2320.75087639393+3771.7552145516i,0.85339402339678+0.0120487013879487i,0.875910749058168-0.0158697045487628i,14.405057889035,0,1,
841,1,317934036,317934036,227565,0.988005865198337,0.970320996117356,0.16,-1622.23402966477,1197.14474802731-4219.6643727764i,0.856128408431536-0.0202734523144891i,0.877628173752155-0.0551696061570829i,14.6102761628413,0,1,
842,1,318312506,318312506,227565,0.987574260858413,0.965070149439897,0.19,-1621.18485257789,-1419.26172312619+4162.0402503394i,0.854695875871599-0.0246814254432493i,0.872201962921604-0.0480048537685866i,14.4832331687258,0,1,
843,1,318690977,318690977,227565,0.987454202238162,0.979381825595715,0.0799999999999999,-1633.05989934532,199.040429192737-4355.66114724723i,0.858322367782807-0.00344109776339983i,0.878891453576054-0.0524863539901139i,14.6610390207574,0,1,
844,1,319069448,319069448,227565,0.986302002703192,0.866322387387837,-0.47,-1601.32225970307,407.178136322297+4463.03079593649i,0.850911892680949-0.0271021309950971i,0.865798812124177-0.0520885210254516i,14.1552400291029,0,1,
845,1,319447918,319447918,227565,0.987614126191825,0.982784661514136,0,-1631.8931929448,-775.425855702112-4281.9244026833i,0.861401174488844-0.0246268481602209i,0.874800565819262-0.0421122347422109i,14.7923902577511,0,1,
846,1,319826388,319826388,227565,0.987402564708395,0.971305328687338,0.16,-1635.87717814259,771.425149755621+4315.46761397951i,0.857433298393216-0.020972758914897i,0.879125939927243-0.0234157427658705i,14.5347301100769,0,1,
847,1,320204859,320204859,227565,0.98591762864552,0.89938290525836,-0.4,-1667.48491490844,-1154.95114845403-4318.48008466653i,0.854523093415555-0.0111991953092736i,0.873662670977471-0.0317825839178555i,14.1935250257479,0,1,
848,1,320583329,320583329,227565,0.986001657941948,0.902035171133522,0.39,-1639.51666641206,2327.00286047431+3813.20508343906i,0.851014007538779+0.00879303738598178i,0.866404745250016-0.0131705015849713i,14.0817086648822,0,1,
849,1,320961800,320961800,227565,0.987647663185004,0.981162431476121,-0.0399999999999999,-1670.34303621835,-2919.08850082045-3229.43493879369i,0.858565483557213-0.00375138341504431i,0.873403285035137-0.0220583771358476i,14.6734951355209,0,1,
850,1,321340270,321340270,227565,0.98657781441857,0.884600459647061,0.43,-1633.48535788303,3382.97797766429+2933.51909590176i,0.849489243872033-0.0260043073837629i,0.872282017842996-0.0290569565140347i,14.1447663807002,0,1,
851,1,321718741,321718741,227565,0.987575176161783,0.976206579662917,-0.12,-1640.62002986189,-3589.11786517125-2495.06235961401i,0.861450625540377-0.0128877432025576i,0.872815034363078-0.0222020169947285i,14.6943012817832,0,1,
852,1,322097212,322097212,227565,0.986009737198458,0.917406891592181,-0.35,-1637.0536141001,4207.21110732574+1473.70670367425i,0.852169424741028-0.0306016325058904i,0.875097641358879-0.033137002121609i,14.2937356290229,0,1,
853,1,322475682,322475682,227565,0.982320277616031,0.897359305019483,0.4,-1631.4571058126,-4361.89975730944-750.049621014605i,0.839007971185518-0.0381263941705082i,0.866501295765588-0.0401666253671578i,13.1174295970615,0,1,
854,1,322854152,322854152,227565,0.985878857443036,0.896851683491002,0.4,-1669.97668894257,4378.52252400694+897.407230516252i,0.85298044193336+0.00341528546980801i,0.867870352239161-0.021726183953479i,14.1058286099368,0,1,
855,1,323232623,323232623,227565,0.987267709990173,0.968453246286793,0.17,-1627.83115292086,-4377.68034881347+309.185322544487i,0.855896434086527+0.0180366500168108i,0.87422428609698-0.00132317541765977i,14.4686090588831,0,1,
856,1,323611093,323611093,227565,0.987080645353997,0.927111108180031,0.33,-1665.55179146965,4451.5685347831-78.1281710664143i,0.851906328645212-0.0111840691794544i,0.875834857882135-0.0280503133321451i,14.2190080625854,0,1,
857,1,323989564,323989564,227565,0.987373030249328,0.955547446148749,-0.23,-1640.73486563321,-4345.22286403551+784.444748914747i,0.856896635878806-0.0169017548104611i,0.877046773066725-0.0596259284882522i,14.4772086012728,0,1,
858,1,324368034,324368034,227565,0.987249617856483,0.950292752276861,0.25,-1650.57679692961,4269.20740141155-1148.92195575778i,0.854321150455683-0.0236539485722721i,0.869184768035335-0.0443083536514721i,14.3844479821585,0,1,
859,1,324746505,324746505,227565,0.986703959614405,0.933249999355844,-0.31,-1631.46127649682,-4023.6896061052+1888.54102469968i,0.856686671507216-0.00738605994579485i,0.873167464534728-0.0642692174507428i,14.3487688661248,0,1,
860,1,325124976,325124976,227565,0.985878204628645,0.892157276346401,-0.41,-1593.81077647189,3143.19647699298-3185.46709421823i,0.85224249354123-0.0280633510343567i,0.863690347655786-0.0739334313719363i,14.1829133516174,0,1,
861,1,325503446,325503446,227565,0.987606252245657,0.980257434555034,0.0599999999999999,-1631.46250287777,-2815.45774591936+3326.37033805157i,0.859332950664402-0.00698658938865906i,0.873818262114351-0.0245991125808218i,14.6017567929509,0,1,
862,1,325881917,325881917,227565,0.985751797807734,0.860013375861388,-0.48,-1647.44854120294,2513.02431465397-3712.68083923906i,0.851792023673316-0.0103096146819543i,0.8731316849705-0.0237798727489004i,14.1350073588594,0,1,
863,1,326260387,326260387,227565,0.986657341006818,0.924172011046455,-0.34,-1606.43869796481,-2460.84096924252+3714.58121573096i,0.853592442302125-0.0279072573326396i,0.865000622462717-0.0346661366962498i,14.2419834718887,0,1,
864,1,326638857,326638857,227565,0.987303697350784,0.972851721900421,0.14,-1666.81651593294,2168.5679844864-3805.79427590859i,0.85788695752992+0.00703486350197451i,0.877543934909118-0.0178515478314213i,14.5554637800135,0,1,
865,1,327017328,327017328,227565,0.986818107018474,0.978398116545883,-0.0999999999999999,-1652.70929713355,-1071.45099817787+4234.83680737734i,0.860476928773169+0.0224293493243204i,0.881675138284669-0.0281748089003514i,14.7229550507125,0,1,
866,1,327395799,327395798,227565,0.985719907764636,0.856733105601341,0.49,-1645.82100081638,401.05608295928-4465.47434251563i,0.853038180394476-0.0160155758313125i,0.86665059404765-0.0214409769155483i,14.067316572291,0,1,
867,1,327774269,327774269,227565,0.98744901992837,0.981884675070445,-0.0499999999999999,-1632.96149337301,234.796925738353+4350.86391185147i,0.861843251394929-0.0164547566544798i,0.880953542714352-0.044288191855341i,14.7876707174584,0,1,
868,1,328152739,328152739,227565,0.9862342737112,0.889274963246782,0.42,-1658.29699794645,-634.07393188719-4432.39919173645i,0.850972760322156-0.0073883687436114i,0.866042852551627+0.00312542085723927i,14.1211024799392,0,1,
869,1,328531209,328531210,227565,0.98565747872936,0.98145077298708,0,-1615.62000246726,3938.67565419006+1814.73038492528i,0.846519999739305-0.0216824215049498i,0.864360889713885-0.0450016426920034i,13.8252260372946,0,1,
870,1,328909680,328909680,227565,0.986267620718433,0.921069411473926,0.34,-1656.51288952692,-1502.46104367748-4195.6239868686i,0.851939925646903-0.00196758832099906i,0.875407465159857-0.0329499613735729i,14.2424844285255,0,1,
871,1,329288151,329288150,227565,0.985894861001264,0.855569951486107,0.49,-1647.88524901868,1564.74076456262+4202.43818696789i,0.851991830744777-0.0145386775180659i,0.873662521211879-0.0275709730837952i,14.1087986329769,0,1,
872,1,329666621,329666622,227565,0.984832324056392,0.964334172273579,-0.18,-1632.9422815886,-3178.82500703343-3009.924127392i,0.849718551742397-0.0111215039473833i,0.865843375503867-0.0215699595893236i,13.7947793213175,0,1,
873,1,330045092,330045092,227565,0.987656248519718,0.969747158067821,-0.17,-1646.69853598186,2945.36135347192+3258.11078403892i,0.859886306716651-0.00497137867417399i,0.872036932444047-0.0129960234425548i,14.6173951453841,0,1,
874,1,330423562,330423562,227565,0.986374475200254,0.932908414992695,0.31,-1632.44380002102,-3386.12758174359-2880.28512355379i,0.853383958586542-0.0229161903829792i,0.874405667874038-0.033069630808032i,14.2333093984629,0,1,
875,1,330802033,330802033,227565,0.987692446109074,0.952455735419649,-0.25,-1631.05426870165,3688.87727978561+2441.41410754982i,0.857448185114472-0.026820919839774i,0.869784010368757-0.0558527469739155i,14.4669898419575,0,1,
876,1,331180503,331180503,227565,0.98757472634101,0.953713703728915,0.24,-1651.30669978609,-3896.79615340514-2083.81325066796i,0.854364408949565+0.00479331890522659i,0.876116852593983-0.0210344924106834i,14.397720652253,0,1,
877,1,331558974,331558974,227565,0.987433571016749,0.975328300525371,0.13,-1635.31043180255,4335.88861883259+606.595350763039i,0.858208711911204-0.024364963663745i,0.879023011479855-0.0361362119515714i,14.6387728916876,0,1,
878,1,331937445,331937445,227565,0.985996071001023,0.887656572646005,-0.42,-1620.62671963517,-4478.60353751928+69.7684925095506i,0.851527048053172-0.0366316546806535i,0.865923343617256-0.0477881738858918i,14.1514569058055,0,1,
879,1,332315915,332315915,227565,0.987457879997556,0.978101951179917,-0.0899999999999999,-1620.81218739591,4361.56946454838-201.476479187068i,0.859283295325548-0.033445552049601i,0.878153466948292-0.0630956722171828i,14.8022087712631,0,1,
880,1,332694385,332694385,227565,0.986965284971999,0.961005336334219,0.21,-1628.85733495693,-4375.70092619802+466.437855087021i,0.857150544266484+0.0125287227216749i,0.868731118075329-0.0292616382382323i,14.4615835020658,0,1,
881,1,333072856,333072856,227565,0.986288903998544,0.917909340739693,-0.35,-1647.26674897562,4374.87933962171-822.158192374944i,0.856086951915578+0.0098878302090018i,0.868157183471662-0.0223356558631598i,14.2896745938901,0,1,
882,1,333451326,333451326,227565,0.986190406779597,0.883752704512239,0.43,-1626.3899500372,-3979.39839556366+2035.90745317274i,0.850127768706606-0.0218509153017663i,0.868413337323311-0.0652409271288987i,14.0926405776275,0,1,
883,1,333829797,333829797,227565,0.987684309699051,0.983400680075815,0,-1630.48529811359,3494.77510795915-2583.8649962053i,0.858538090718241-0.0281375601173617i,0.873040590762303-0.0413829565989736i,14.6358989602262,0,1,
884,1,334208267,334208268,227565,0.985272423337692,0.942768007349018,-0.28,-1621.59957960286,-2920.3788095242+3305.62197060117i,0.849783802099171-0.0451367401640791i,0.871326692709755-0.0483965522926464i,13.9587900406979,0,1,
885,1,334586738,334586738,227565,0.988072988169643,0.980680301472974,-0.0699999999999999,-1656.36707871863,2748.64284925293-3377.20517702529i,0.860255324229864-0.00885237478042734i,0.881968065204303-0.0252815676699214i,14.7317965173628,0,1,
886,1,334965208,334965208,227565,0.987642021035768,0.981444639807582,-0.0399999999999999,-1622.59580453902,-2875.99180806895+3262.86780202494i,0.860027510220373-0.0115823489134687i,0.87222330642536-0.0586488526636018i,14.7728730832744,0,1,
887,1,335343679,335343679,227565,0.9870739922107,0.971671984584259,-0.15,-1653.144204175,1930.14194997516-3936.26840930769i,0.86127137032377-0.0148124239345867i,0.873179107275487-0.0178073736522174i,14.6722746636667,0,1,
888,1,335722149,335722150,227565,0.984631490919639,0.908215266054564,-0.37,-1635.14113707819,2417.66735739224+3739.94509121564i,0.850886662788025-0.0294415001314111i,0.870963420267968-0.0450659815461107i,13.9783150594455,0,1,
889,1,336100620,336100619,227565,0.986154224833857,0.863344793265261,0.47,-1646.31572244309,1550.03521249926-4205.64574551174i,0.851107248579667+0.00173573899645502i,0.870643620323982-0.0389618945966496i,14.0182455095963,0,1,
890,1,336479090,336479090,227565,0.985966642440927,0.909797394399315,0.37,-1625.80403386629,-215.107378234984+4458.81035266814i,0.852752913281855-0.0139627193666306i,0.866963739788036-0.034129347204805i,14.1032735407624,0,1,
891,1,336857561,336857561,227565,0.987042805423401,0.96712543824786,-0.19,-1632.06388913742,-343.274318749-4385.01511422187i,0.857914641258852-0.0143897985957426i,0.879261403497279-0.0309064209360203i,14.547669983386,0,1,
892,1,337236032,337236032,227565,0.985438812482502,0.892850242855107,-0.41,-1634.59090838406,1533.42187643284+4203.37763126514i,0.853793270032699-0.0176528317293774i,0.867787923864098-0.0182415546107925i,14.1542251056603,0,1,
893,1,337614502,337614502,227565,0.985530275975576,0.905801218963668,-0.38,-1640.80169685812,-1210.34136627292-4300.19415111865i,0.854691190596938-0.0156499304601746i,0.86625072258288-0.0433219866786967i,14.2587238987027,0,1,
894,1,337992973,337992973,227565,0.982798276990806,0.967570941006646,-0.15,-1642.0900434027,1712.43522773843+4008.07225188892i,0.845413676487247-0.0316069716657418i,0.869698551700478-0.0336495687286346i,13.5236568488695,0,1,
895,1,338371443,338371443,227565,0.987505031049834,0.982592318015652,0,-1643.30573023289,-2790.44855106179-3343.76557613745i,0.863190619028453-0.00788615146043297i,0.874444542402652-0.0122595327781198i,14.8112778775792,0,1,
896,1,338749913,338749913,227565,0.987764048658293,0.982834386621129,0,-1653.24350943116,2440.9704496567+3604.51344026218i,0.857785267621272+0.0100178810530728i,0.882403037291705-0.000645454296005888i,14.6919981598095,0,1,
897,1,339128384,339128384,227565,0.987055226249323,0.939238276129547,-0.29,-1644.86461757546,-3316.02314594284-2951.92926085984i,0.854850594295342-0.00320850688520444i,0.876447928540756+0.000762246763947038i,14.4249387143187,0,1,
898,1,339506854,339506854,227565,0.987568068212986,0.964861207839105,0.19,-1638.20862851912,3576.74043950861+2559.38998174174i,0.855895948381599-0.00560044776639767i,0.871246669612676-0.020229159979995i,14.5126994845099,0,1,
899,1,339885325,339885325,227565,0.986500170664441,0.911150864281029,-0.37,-1638.36332640415,-3940.17251470404-2100.91927261514i,0.85111101808901-0.0434554691637427i,0.874927856212208-0.0422146974376347i,14.2938893829671,0,1,
900,1,340263796,340263796,227565,0.986284376507774,0.865013363719892,-0.47,-1639.67664427207,4417.40337395823+768.97870322019i,0.850321616610313-0.0202176986930326i,0.865098046843429-0.0195847101625908i,14.1375723020576,0,1,
901,1,340642266,340642266,227565,0.985817330127095,0.879234165939662,-0.44,-1650.60088608986,-4314.90341983507-1205.19465806239i,0.85277665015322-0.000197521680227947i,0.867048728961097-0.00403896689333573i,14.1357655488793,0,1,
902,1,341020736,341020736,227565,0.986493919631297,0.870383165403843,0.46,-1626.06361389496,4475.64977585805-235.622080062303i,0.8497611908808-0.0314376944015435i,0.871653595977617-0.0373835344506649i,14.1214594585214,0,1,
903,1,341399207,341399207,227565,0.98757199495602,0.9795191548043,-0.0899999999999999,-1650.28647419282,-4310.90696041796+694.936809178593i,0.861340752968233+0.00946611457002181i,0.879161599165679-0.0296339785327244i,14.7404359172767,0,1,
904,1,341777677,341777677,227565,0.987291144132897,0.979706776903913,0.0799999999999999,-1636.97658745349,4317.08810546194-632.818015196535i,0.859858339131624-0.00548313321816417i,0.873767066335453-0.0167328971914052i,14.6396661846369,0,1,
905,1,342156148,342156148,227565,0.985521147948964,0.865570506810357,-0.47,-1641.78232337394,-4314.03953219587+1219.71206623564i,0.849333825083317-0.019562194063644i,0.867315507015981-0.0363531438121665i,14.0974114498951,0,1,
906,1,342534618,342534618,227565,0.987292569473655,0.981456848059413,0,-1614.65571663085,3936.60938714593-1866.09518649949i,0.860834227915095+0.00299410433061359i,0.881365431941542-0.0350525981574541i,14.8631737766379,0,1,
907,1,342913089,342913089,227565,0.988011040349414,0.975848582437461,-0.12,-1650.67402964176,-3358.29466163262+2805.5445955804i,0.860363763253312-0.00363810434433905i,0.874159151241228-0.0188353310159343i,14.7132933971137,0,1,
908,1,343291559,343291559,227565,0.985969636189656,0.916375982185292,0.36,-1642.2873278798,3075.15570025331-3235.61404241259i,0.851653124178878+0.00971196846499957i,0.875112128721998+0.00743854892956467i,14.2008883482905,0,1,
909,1,343670029,343670029,227565,0.98581661502279,0.902556409003691,0.39,-1636.61013969012,-3342.93368555162+2970.92997497635i,0.850167908965809-0.0315838871401i,0.871274977519795-0.0586182439806333i,14.1731959147338,0,1,
910,1,344048500,344048500,227565,0.988092411587662,0.98212972964231,-0.0399999999999999,-1626.13630682007,2684.22098845217-3430.18767438165i,0.860607453365053-0.025397963302081i,0.87483529082954-0.0467555881350755i,14.6957180433001,0,1,
911,1,344426970,344426970,227565,0.986066009216716,0.883897298777336,0.43,-1627.77848505826,-2319.71893172282+3831.65772101549i,0.851349733735617-0.0194622580151613i,0.865115618433192-0.0403500876994697i,14.05394997771,0,1,
912,1,344805441,344805441,227565,0.98742351949054,0.975578589726293,-0.12,-1671.1972440767,2003.28151514255-3892.08926839918i,0.860345471041254+0.0219058038593505i,0.880681349035075+0.00657712058580882i,14.7216015933485,0,1,
913,1,345183912,345183912,227565,0.986155226747896,0.917408704754395,-0.35,-1637.65307979513,-828.851095253289+4384.42589324036i,0.850949461724814-0.0344680368452374i,0.875255895277538-0.0283606801922442i,14.3357266126706,0,1,
914,1,345562382,345562382,227565,0.987206448618461,0.950568229405782,0.25,-1626.52919707899,-6.76116304184015-4422.87971710981i,0.853722480849659-0.00797125056991362i,0.868931123891447-0.0496720697046328i,14.3710382571833,0,1,
915,1,345940853,345940853,227565,0.985925099480705,0.932318349721864,-0.31,-1632.2553564716,513.787828345042+4418.04184523511i,0.853500732560958-0.0352911257424592i,0.874731107629989-0.0439679860053306i,14.3158041100295,0,1,
916,1,346319323,346319323,227565,0.987207845656607,0.967737614122026,0.17,-1612.58028096575,-991.956315936551-4277.6257975249i,0.855901233991178-0.00893849053074525i,0.868736606287897-0.0563073473357253i,14.3989602752012,0,1,
917,1,346697793,346697794,227565,0.987320463830532,0.978035461853135,0.0999999999999999,-1624.86375672722,2267.94433226698+3734.05639620408i,0.854654476030476-0.0216282697746839i,0.870702313182961-0.044315541508673i,14.5367313883891,0,1,
918,1,347076265,347076265,227565,0.985611431834577,0.868062769816613,-0.47,-1623.85018621323,-2796.29360104183-3498.50473482055i,0.848341582302403-0.0433627898234158i,0.869930059007522-0.0553187051241937i,14.0287564980968,0,1,
919,1,347454735,347454735,227565,0.987429015402847,0.982668115895065,0,-1612.70087968524,3199.41987401794+2960.05653018819i,0.86247678559867-0.0102351794446069i,0.881377010108955-0.0324789862435817i,14.8936735336496,0,1,
920,1,347833205,347833205,227565,0.986122105191636,0.87765714045751,0.44,-1618.14850799073,-3584.20410663264-2689.99641569567i,0.849390178983054-0.0280435757203935i,0.866378111376691-0.0235228868788236i,14.017132469682,0,1,
921,1,348211676,348211676,227565,0.985924206599065,0.892710176323659,-0.41,-1650.47063051312,3392.44729459459+2921.68618744044i,0.852158387689344-0.0278045570118025i,0.86597028205718-0.0363630220702882i,14.0919389122436,0,1,
922,1,348590146,348590146,227565,0.987829650398985,0.980441958212588,0.0599999999999999,-1613.70293331636,-3749.93664790847-2229.39203063152i,0.858078692392774-0.0428556081586413i,0.878907141807736-0.0618373025499032i,14.6743859266505,0,1,
923,1,348968617,348968617,227565,0.985946123294482,0.858485451700761,-0.48,-1637.31291193012,3967.23463439776+2093.36756773832i,0.851331756330284-0.0139755387577202i,0.864840866377243-0.0265713013191601i,14.1117769334815,0,1,
924,1,349347087,349347087,227565,0.985615775276763,0.892055371760786,0.42,-1658.98937220506,-4397.09099276874-852.787721768542i,0.849464219700428-0.00985755515780604i,0.873551991069717-0.0240413854135179i,14.1342633346631,0,1,
925,1,349725558,349725558,227565,0.987482134638205,0.973575656635286,-0.14,-1637.59804684468,4381.2072981107+153.14234222857i,0.858471701867647-0.00531837301251303i,0.880087035828937-0.0283597198930742i,14.6744822036341,0,1,
926,1,350104028,350104028,227565,0.987528848870933,0.977399092154192,-0.0999999999999999,-1660.03420230756,-4344.62888454876-483.971199522181i,0.861087448871923+0.000157601241865195i,0.875384531872321-0.0190194320556082i,14.7470355956064,0,1,
927,1,350482499,350482498,227565,0.985992913502124,0.856876500130935,0.49,-1635.89785780947,4476.84652531139-290.593094941526i,0.850923563779591-0.0314616053760566i,0.871829460026112-0.0460702426753861i,14.0718424857545,0,1,
928,1,350860969,350860969,227565,0.98749400433136,0.981642554346468,-0.0499999999999999,-1634.33308606786,-4287.23086052136+792.005539319382i,0.861926813766919-0.0378256397690587i,0.872828750210246-0.0326208744297407i,14.7724235686764,0,1,
929,1,351239439,351239439,227565,0.986311308115257,0.889724037628494,0.42,-1647.39850400463,4298.55410437703-1255.87349952786i,0.852509502030233-0.0105508216139178i,0.865690832912908-0.0386118582402177i,14.1252090071484,0,1,
930,1,351617910,351617910,227565,0.987535147001957,0.965165586965706,0.19,-1634.9507562485,-3733.58722765359+2329.64548164652i,0.855953764832189+0.000131625526420858i,0.878761314854554-0.0184246866550188i,14.5723735041812,0,1,
931,1,351996381,351996381,227565,0.987041208349988,0.952313375638895,-0.25,-1619.21166935235,3259.4243192047-2995.8538732344i,0.856436767832302-0.034401844715217i,0.870459860599679-0.052716384315725i,14.4919677899638,0,1,
932,1,352374851,352374851,227565,0.987095330782314,0.953558943633637,0.24,-1651.93093531685,-2977.07776887662+3268.69184515024i,0.855554885668524+0.00753115322384204i,0.877776968715402-0.0267846633912413i,14.4322021747766,0,1,
933,1,352753322,352753322,227565,0.986228919387667,0.928573071566862,-0.32,-1653.24275265392,2549.44186642403-3650.08426957797i,0.85671671643587-0.00298593809024206i,0.875538995848485-0.0145347391394113i,14.3471691043294,0,1,
934,1,353131792,353131792,227565,0.987686223674177,0.969111453360145,-0.17,-1647.98994285896,-2498.0793292772+3613.85242742876i,0.859001669807497+0.0212447157977182i,0.872408827290391-0.00990353821600833i,14.562705456582,0,1,
935,1,353510262,353510262,227565,0.986126767352367,0.930622174010107,0.31,-1629.52439920475,2058.97316275152-3942.4170797505i,0.852508244427009-0.00768779738024086i,0.866541266398203-0.028889248192502i,14.2406698465505,0,1,
936,1,353888733,353888733,227565,0.984351400150355,0.869752572367062,0.46,-1632.96912633524,-118.452005619939+4464.88769139197i,0.845588854412108-0.0297133651646698i,0.869347456960449-0.0420064281039579i,13.7705703306326,0,1,
937,1,354267204,354267204,227565,0.985857371488617,0.977249149892482,0.0899999999999999,-1628.34294613317,-436.21186058909-4336.22938978248i,0.850262603385128-0.00520215097876335i,0.873045427869354-0.0301995422188439i,14.1582541393459,0,1,
938,1,354645674,354645674,227565,0.987362225944303,0.974933606954382,0.13,-1625.08538479257,178.011159071762+4375.37342841952i,0.857539681264669-0.033827273208646i,0.873456832351577-0.0407756222052424i,14.5979816097588,0,1,
939,1,355024145,355024145,227565,0.986246006393249,0.888550680939654,-0.42,-1632.85866084375,-822.536746305857-4404.63435262289i,0.852427726056213-0.0261731105293387i,0.872223818097502-0.0512466495984826i,14.2310988950961,0,1,
940,1,355402615,355402615,227565,0.986635568902815,0.916921472396583,0.36,-1625.89030150057,1959.04463502548+4012.95349800448i,0.853054674560289+0.00832691442913912i,0.867521770839556-0.0359098326927941i,14.2019883354056,0,1,
941,1,355781086,355781086,227565,0.986036405782795,0.849458938050871,-0.5,-1633.27421087,-1662.11582248929-4165.52890553444i,0.849092388024304-0.0143893025382797i,0.866053841388349-0.0348980331450499i,14.0474725878925,0,1,
942,1,356159556,356159556,227565,0.986308702683866,0.897023237942078,0.4,-1639.78598995252,2923.03796926743+3388.25064754607i,0.850756091281218-0.030337700446176i,0.874624527480941-0.0222117375218005i,14.2075340340665,0,1,
943,1,356538026,356538026,227565,0.986353006214628,0.931043512677223,0.31,-1639.13044859245,-2428.0681712378-3725.36674239357i,0.85317025592+0.0159519742774713i,0.873579656543462-0.0226740281194487i,14.280449381216,0,1,
944,1,356916497,356916497,227565,0.987726213332508,0.983501738115869,0,-1641.56736238854,3043.83750480611+3113.56147403916i,0.859763981254481-0.00761770158183845i,0.87170117341334-0.030901917450833i,14.5863532605998,0,1,
945,1,357294968,357294968,227565,0.987510147188086,0.955506683249246,-0.23,-1632.92567198209,-3944.77400802399-1987.63185202172i,0.855914268914996-0.0522857996133049i,0.866369510623957-0.0734474308126721i,14.5085935751697,0,1,
946,1,357673438,357673438,227565,0.987789278569139,0.98024880380899,-0.0699999999999999,-1618.8616059781,3782.84187040398+2167.63274619208i,0.860921122314272-0.0320225286415207i,0.881524242990766-0.0448160613848218i,14.7715201819009,0,1,
947,1,358051909,358051909,227565,0.987099130392017,0.935131579009836,-0.31,-1654.22389940225,-4237.93391749502-1328.66512280258i,0.854833886651673-0.0213903272259635i,0.868298949420678-0.0487703419798603i,14.3788739412954,0,1,
948,1,358430379,358430379,227565,0.98713100283675,0.971145524399822,-0.15,-1644.03287393454,4227.40267653297+1173.69133014909i,0.860681510342743-0.00974192982843142i,0.878474823462108-0.026816220773424i,14.7191458826014,0,1,
949,1,358808850,358808850,227565,0.986243803535878,0.905740762423707,-0.38,-1649.98056118253,-4463.80634100691-222.279449058173i,0.85316460961301-0.00620303382888829i,0.875107523472026-0.0141268380639736i,14.2057012873691,0,1,
950,1,359187320,359187320,227565,0.985358746730984,0.87197692895297,0.46,-1684.56952728033,4364.87569666428-969.288347956384i,0.847621062337956+0.0191442940421183i,0.865394078684015-0.0248260684412826i,13.8529653722281,0,1,
951,1,359565790,359565790,227565,0.986642922629958,0.909629832617985,0.37,-1662.24049651899,-4420.96890231441+635.933927126997i,0.851555816968242-0.000456233832864642i,0.866866219538025-0.0185567871320888i,14.1000809919703,0,1,
952,1,359944261,359944261,227565,0.986943944803938,0.965627823241318,-0.19,-1618.99943545082,4211.83759983797-1271.81416667714i,0.857601000124036-0.0291698820429317i,0.878741575877015-0.0396667770489603i,14.5856577673701,0,1,
953,1,360322732,360322732,227565,0.985999545943714,0.893232608789541,-0.41,-1660.64513680773,-3959.89688828057+2088.97678030412i,0.852778886610258-0.00066020079856136i,0.87162009548834-0.0250433375584054i,14.1883238545678,0,1,
954,1,360701202,360701202,227565,0.986394394664533,0.947780600295176,-0.26,-1609.70065226668,3806.26803148667-2265.79396763763i,0.857309320555791-0.00803015788685261i,0.867206282425042-0.0585251475265443i,14.4236105153547,0,1,
955,1,361079673,361079673,227565,0.986174453657466,0.913184240066225,-0.36,-1643.01241082627,-3097.61716001639+3216.5480141826i,0.854073791953813-0.013190659820405i,0.875440380468888-0.0109342421679468i,14.290245216679,0,1,
956,1,361458143,361458143,227565,0.987355047021159,0.983454704680811,0,-1623.96154610458,2712.50920416726-3407.0664227939i,0.861593436054635-0.0279685074244221i,0.874209231786867-0.0423722425568464i,14.7198863110806,0,1,
957,1,361836614,361836614,227565,0.987166047164875,0.948727648753126,-0.26,-1619.1829195973,-1899.01368774537+4003.90615656702i,0.855113789559219-0.0414116386722063i,0.867646836919219-0.0797814596585175i,14.5247200063826,0,1,
958,1,362215084,362215084,227565,0.986431916251011,0.936947752552051,-0.29,-1628.07649842803,2306.92735912884-3794.76267546634i,0.856178143740141-0.0303246680057506i,0.87607170090144-0.0442745428207158i,14.4444934578842,0,1,
959,1,362593555,362593555,227565,0.986368676396748,0.900677091020522,-0.4,-1635.64643711269,-1129.74302527587+4331.70314621218i,0.852527478399666-0.0214048779710143i,0.86478426825639-0.0525030807655881i,14.190862286977,0,1,
960,1,362972025,362972025,227565,0.986044135567415,0.90151005332789,0.39,-1629.77620759154,-282.673859838229-4464.56572242891i,0.849735710506994-0.00608910333291832i,0.873996537322085-0.0281886786905094i,14.2135961139921,0,1,
961,1,363350496,363350496,227565,0.986482317140406,0.865502183193283,-0.47,-1631.63887909001,16.4724784544956+4484.79731011102i,0.850506178590979-0.011438790167442i,0.872243509167066-0.00860579267263493i,14.119716860001,0,1,
962,1,363728966,363728966,227565,0.986762000222619,0.932779835956449,0.31,-1669.25511724209,-1007.20417013499-4332.16332154363i,0.852348839680865-0.0139908317544028i,0.867059241653677-0.0214464162976005i,14.2273572017996,0,1,
963,1,364107436,364107436,227565,0.986103825473894,0.869625198705622,0.46,-1632.36848185351,957.296061769469+4378.2011297753i,0.850600801799064-0.00173560635170649i,0.872383869907967-0.037941073057974i,14.1029586375673,0,1,
964,1,364485907,364485907,227565,0.987276666192775,0.978957525392953,-0.0899999999999999,-1657.71829852845,-1453.1138196675-4117.60870168323i,0.860455038771898+0.00152208926664982i,0.874278114571889-0.00421601710381331i,14.6094351056311,0,1,
965,1,364864378,364864378,227565,0.986996006897795,0.962983455806858,-0.2,-1609.39133392893,2779.14192891351+3417.59157027465i,0.856996594273861-0.0249651212084389i,0.869250387949841-0.0503207786978366i,14.5421386281833,0,1,
966,1,365242848,365242848,227565,0.986807966881665,0.941717343667063,0.28,-1652.26648984168,-3081.97909422779-3190.91339448807i,0.851967876142538-0.00668192648510983i,0.876649147482799-0.0122014198882212i,14.3525401920818,0,1,
967,1,365621319,365621319,227565,0.986323000754844,0.943181750819254,-0.28,-1645.32168632792,3415.44387280105+2832.82806404645i,0.852457563647349-0.0359339683134555i,0.876577252566657-0.0274201272571158i,14.3571357688901,0,1,
968,1,365999789,365999789,227565,0.987188750289935,0.974824084643762,-0.12,-1656.59969829123,-3303.62053608588-2870.53480385706i,0.860680684638083-0.0231477469090043i,0.873457797366972-0.0340064074158631i,14.6167824253316,0,1,
969,1,366378259,366378259,227565,0.986381287528715,0.915505371196729,0.36,-1608.37369855013,3795.73755092023+2353.20240099233i,0.852119082714569-0.0160235677920322i,0.865637037754007-0.04152404116114i,14.234903648161,0,1,
970,1,366756730,366756730,227565,0.987405757524119,0.975310218689313,0.13,-1648.74951003918,-4162.78607586536-1362.21821637324i,0.856740364866785-0.00783170988635047i,0.879728185958754-0.0285417600158921i,14.5646370484641,0,1,
971,1,367135201,367135201,227565,0.986230715261616,0.93148857086625,-0.31,-1621.91071350419,4419.39757545232+517.094947479583i,0.854569020552063-0.0364379519422148i,0.867549717535321-0.0553390306962901i,14.3219905612482,0,1,
972,1,367513671,367513671,227565,0.987409997418257,0.967966399704145,0.18,-1606.74646103208,-4397.8842112117+76.2343129980524i,0.857130863423094-0.0226078331301916i,0.876837866405453-0.0447914813010023i,14.6308093990552,0,1,
973,1,367892141,367892141,227565,0.986093211103502,0.90343383100842,0.39,-1657.09076807619,4453.63793855364+152.298295429381i,0.851395648676484-0.00731403989456454i,0.872986218011779-0.0167112660986168i,14.2303583861459,0,1,
974,1,368270612,368270613,227565,0.980018613975967,0.916693855296947,-0.35,-1638.55225695857,-4351.99310907525+565.72675665096i,0.836267354408486-0.035159186385547i,0.857160673374844-0.0499347956599549i,12.777881726387,0,1,
975,1,368649082,368649082,227565,0.986688489937337,0.950687257421596,0.25,-1628.1866736307,4284.42885988538-1041.06982170169i,0.854180124171476-0.00875890946447087i,0.867104560502557-0.038491571003205i,14.341921242829,0,1,
976,1,369027553,369027553,227565,0.986895221937748,0.934625686217187,-0.31,-1640.05873265708,-4169.93931811453+1507.43764037049i,0.85432761832267-0.0266654334148423i,0.874117969755227-0.021271404794465i,14.3076713573162,0,1,
977,1,369406023,369406023,227565,0.987021381488306,0.966937888910629,0.18,-1663.9920061224,3945.26480935136-1912.33074160751i,0.856025386374669-0.00119082341161908i,0.879718846613421-0.0126180982781492i,14.5525705119886,0,1,
978,1,369784494,369784494,227565,0.987747892481922,0.981003516180395,0.0599999999999999,-1621.6433712177,-3195.3934636511+2950.45715162371i,0.857185369040443-0.00610107860997122i,0.874381764660101-0.0435456840816312i,14.6375422794607,0,1,
979,1,370162965,370162965,227565,0.986181822113172,0.858994814033294,-0.48,-1638.30724096717,2849.4380359964-3448.34015046666i,0.851035505677914-0.014614394731733i,0.872318564509639-0.0149375442074009i,14.1458428888413,0,1,
980,1,370541435,370541435,227565,0.987639480702124,0.982249589221731,0,-1608.6390755051,-2349.21604514841+3669.84791736253i,0.861797516497653-0.0216209725991447i,0.875904043723458-0.0576450886140907i,14.8058413837102,0,1,
981,1,370919906,370919906,227565,0.986691407707594,0.929111582046948,-0.32,-1630.64659545992,1637.29401299962-4141.99522126299i,0.856537135225539-0.00793857295446983i,0.868232586048329-0.0386095253418118i,14.3899419929463,0,1,
982,1,371298376,371298376,227565,0.983727356813481,0.968911549482408,0.15,-1652.56660114658,2003.47645850125+3877.58183552462i,0.843326876702246-0.0118011357457182i,0.870460749061943-0.0231793404960409i,13.5135563142957,0,1,
983,1,371676847,371676847,227565,0.987173376742632,0.95933205196311,-0.22,-1649.85376699384,382.696827681748-4399.34394714294i,0.857356577110822+0.0277801581026037i,0.878052464603787-0.0139627221154155i,14.4982855051811,0,1,
984,1,372055317,372055317,227565,0.986887258217781,0.944719467349896,0.27,-1613.3598894289,173.110993444483+4431.91521534442i,0.852681767737253-0.0185721006112937i,0.869754447591979-0.0362671063327228i,14.3360279847623,0,1,
985,1,372433787,372433787,227565,0.985981929543322,0.892004459030989,0.42,-1635.53988529589,112.290025764928-4480.95256807236i,0.850501427104993-0.0361917434133335i,0.866507815395403-0.0514366594422502i,14.0726000499245,0,1,
986,1,372812258,372812258,227565,0.987338781334587,0.973603482854646,-0.14,-1659.51240687122,324.094364165407+4373.96517073754i,0.858424282724745-0.0285903949865778i,0.88173653774486-0.039862913043077i,14.6637310117478,0,1,
987,1,373190729,373190729,227565,0.986381978824979,0.911848267097331,-0.37,-1625.44946178494,-1799.98608893827-4091.50954792093i,0.854011191521678-0.0346856071425099i,0.8669017975866-0.0383277351786517i,14.2593324706384,0,1,
988,1,373569199,373569199,227565,0.987388488339664,0.953660744027565,0.24,-1625.61019407131,2425.17752424832+3699.39609613284i,0.85392715260501-0.0192749164193993i,0.874906551896275-0.0530780221889078i,14.4626566829568,0,1,
989,1,373947670,373947670,227565,0.986620286651703,0.929345579512906,-0.32,-1623.82169900186,-2886.14762948228-3395.08402876169i,0.85561215976292-0.0304428502699803i,0.875489277815856-0.0320012991708643i,14.3853664373373,0,1,
990,1,374326140,374326140,227565,0.987263097108846,0.969467193866467,0.16,-1631.24524679126,3066.76859051687+3143.60294766002i,0.857341365516272-0.00870901834993017i,0.873180351644852-0.0219351915908807i,14.5861520190925,0,1,
991,1,374704610,374704610,227565,0.987156458826312,0.964164846750276,0.19,-1647.50574408092,-2875.06739128813-3335.73295710872i,0.855194629777896-0.0122168472464772i,0.878328045468877-0.00915690835832233i,14.5425190069817,0,1,
992,1,375083081,375083081,227565,0.987146715709348,0.952679591435743,-0.25,-1633.79353097501,3420.61563026039+2813.56626681375i,0.857590828293787-0.00494864935948062i,0.867703840196579-0.0610278410815087i,14.4827466047526,0,1,
993,1,375461551,375461551,227565,0.986829400052355,0.953654476437854,0.24,-1612.86073542217,-3800.47732987631-2264.84575221693i,0.853644290932807-0.0242666917272518i,0.86617480236983-0.0784786682211307i,14.450172840717,0,1,
994,1,375840022,375840022,227565,0.987228879553863,0.929664814185027,-0.32,-1633.52562151321,4096.72941938379+1752.24016031298i,0.85391605250911-0.0163732647050576i,0.873294692667119-0.0154880377899027i,14.3884825684222,0,1,
995,1,376218493,376218493,227565,0.986552685347073,0.888598878203816,-0.42,-1639.61099822146,-4459.9512022393-441.697408885824i,0.852888675950355-0.00662165439759027i,0.866817215777573-0.0224247227333232i,14.1956608774761,0,1,
996,1,376596963,376596963,227565,0.988064530105178,0.982735956744699,0.0499999999999999,-1640.01025771116,4361.99045588723+30.2013393120733i,0.860654191396158-0.0282256004426774i,0.880101666983012-0.0197717224228318i,14.7900416461252,0,1,
997,1,376975434,376975434,227565,0.98637159281653,0.851446084066103,-0.5,-1647.75461454855,-4455.66985558279+422.24928021267i,0.850037980009154-0.00805415426566509i,0.872345692185546-0.0111318846349394i,14.1017443990586,0,1,
998,1,377353904,377353904,227565,0.98768989730893,0.981668932027917,-0.0399999999999999,-1620.58835355513,4248.29994784093-935.830008288133i,0.859477086505701-0.0269828434171321i,0.872016640149771-0.0728610208637566i,14.7854631926725,0,1,
999,1,377732374,377732374,227565,0.987096022221448,0.973284160668931,0.13,-1636.74884823432,-4287.44774253215+844.270688582055i,0.858238964958951-0.0166995070172348i,0.87246614304765-0.0227797988782411i,14.5816101138719,0,1,
1000,1,378110845,378110845,227565,0.987335309898203,0.961553724777569,0.21,-1623.81178677983,3599.23415415295-2533.65121638885i,0.855996144285837-0.0322718892898631i,0.874744567803258-0.0240545041488216i,14.5623776624426,0,1,
1001,1,378489315,378489316,227565,0.986650449506108,0.956126567360045,-0.23,-1665.47173895344,-497.840388901771+4375.50142145041i,0.852620743275237-0.030606072785225i,0.875867074361036-0.0146868978388069i,14.398981608727,0,1,
1002,1,378867786,378867786,227565,0.987344799339987,0.979784594536153,-0.0699999999999999,-1634.69419535478,3215.15541030534-2937.52512110509i,0.860880027279794+0.00564803187202683i,0.876331477309144-0.0231201695973838i,14.7411040622624,0,1,
1003,1,379246256,379246256,227565,0.986038553329387,0.897577228920645,0.4,-1649.15784992027,-2986.2905217401+3321.2946245168i,0.852964748332709-0.00841009409094052i,0.872808268651044-0.0224020255815911i,14.1299360804141,0,1,
1004,1,379624727,379624727,227565,0.987588227293467,0.967982748292152,0.18,-1620.24515448571,1881.0807653349-3978.43439756188i,0.856230415908842-0.0153701580564038i,0.870012805342972-0.0501693062192077i,14.5983707292544,0,1,
1005,1,380003198,380003198,227565,0.986558140001599,0.946841220015501,-0.26,-1646.56869107265,-1211.51694611959+4263.44982156316i,0.8572857216387-0.0129784065717591i,0.869861709900627-0.0395949578414693i,14.4740827001316,0,1,
1006,1,380381668,380381668,227565,0.987600942559984,0.978666245442011,0.0999999999999999,-1620.56527099039,861.769774217149-4287.25674146392i,0.858404634875061-0.0171083547396928i,0.882025981491422-0.0193222552970438i,14.7172265644547,0,1,
1007,1,380760139,380760139,227565,0.986495490280339,0.923802960196809,-0.34,-1635.93079165955,-281.637514394234+4453.86044802233i,0.853723626005705-0.00246369037601222i,0.865891149317098-0.0330868929100027i,14.2554347235182,0,1,
1008,1,381138609,381138609,227565,0.987376130960332,0.972924462871826,0.14,-1673.57059343251,-117.444570345725-4384.62338743253i,0.857052539052739+0.00222961624886303i,0.879474544728063-0.0107986565657753i,14.5635848354821,0,1,
1009,1,381517080,381517080,227565,0.986288028951215,0.892735841820012,-0.41,-1648.19653086453,881.037798942336+4390.41661162855i,0.853054428137118-0.0117651887496934i,0.873368301338659-0.0370983624165187i,14.1224851775557,0,1,
1010,1,381895550,381895550,227565,0.985609321219639,0.906578602453112,-0.38,-1629.86265344377,-563.203212780468-4436.20435737638i,0.851837775132319-0.0190669475654372i,0.865530615153482-0.0453971551786948i,14.1533967982819,0,1,
1011,1,382274020,382274020,227565,0.987128619773082,0.957394060818398,0.22,-1613.73103157318,1292.72656201628+4220.1105208999i,0.854866035226893-0.0225213723240155i,0.877829935147361-0.033390737656874i,14.4057050952018,0,1,
1012,1,382652491,382652491,227565,0.987442500930741,0.976040948973283,0.11,-1601.21605684973,-2529.39537326888-3571.05758651718i,0.857392920084565-0.0357174602612217i,0.87225738657098-0.0561646899012421i,14.7050680795839,0,1,
1013,1,383030962,383030962,227565,0.986196715362471,0.880123081455945,-0.44,-1631.93462914796,2928.86883013496+3399.40054232324i,0.852278746685716-0.0124858859348694i,0.865214580615995-0.0231825374744744i,14.2403556330069,0,1,
1014,1,383409432,383409432,227565,0.986311288531768,0.893828675584286,-0.41,-1668.952840415,-2646.91450229157-3613.98094838294i,0.852178174658162-0.00405569088178273i,0.874249347569831-0.0175952556563926i,14.1544977629866,0,1,
1015,1,383787902,383787902,227565,0.986281224008117,0.909617294324801,0.37,-1635.27070449499,3436.59325556601+2859.27502890525i,0.849906919906721-0.0275886734572945i,0.872553734004677-0.0323831786625275i,14.1818700514542,0,1,
1016,1,384166373,384166373,227565,0.986591325115269,0.912837284754697,-0.37,-1646.25601127839,-3515.79699404165-2758.40464454369i,0.852015907446616-0.028986394429174i,0.867589176479437-0.0267042282275849i,14.1381867264544,0,1,
1017,1,384544843,384544843,227565,0.986671900859884,0.890300510712063,0.42,-1645.60543459511,4103.7339769915+1801.55959422595i,0.850380284562571-0.0204211102225132i,0.866076130995844-0.0385608515117258i,14.0949885991362,0,1,
1018,1,384923314,384923314,227565,0.987119099127768,0.948793014714574,-0.26,-1638.82571058624,-4177.27359107659-1481.95112953791i,0.85756822541481-0.00421531018610822i,0.877709065856394-0.00583902757168956i,14.5145875646646,0,1,
1019,1,385301785,385301785,227565,0.986558351889011,0.887365628966207,-0.42,-1626.37948505753,4480.19158925843+135.542082530974i,0.851869570949146-0.0088608716336934i,0.865918393727796-0.0285808199576474i,14.2229035365438,0,1,
1020,1,385680255,385680255,227565,0.987787737482046,0.979822768436191,-0.0899999999999999,-1628.49259900412,-4367.92592897891+132.724143342605i,0.859753899117909-0.0154272385508186i,0.879642558032513-0.0347121286102479i,14.6850757580249,0,1,
1021,1,386058725,386058725,227565,0.98655357252738,0.945468648682308,0.27,-1613.69088545872,4417.51999800615-383.186919604386i,0.852906348112469-0.0273413760990681i,0.876043657399295-0.0613017275096064i,14.3922392588359,0,1,
1022,1,386437196,386437196,227565,0.985458732819887,0.866794245280469,-0.47,-1671.45629829661,-4458.77744402423+504.140495159661i,0.851451875030179+0.0062478126338294i,0.867754070230918-0.0062596575698092i,14.0528342860309,0,1,
1023,1,386815666,386815666,227565,0.987436520051116,0.964979084355402,0.19,-1624.09054382733,4152.99227320109-1468.71792691292i,0.855105142655793-0.0198295538448207i,0.877547155256056-0.0374124890605778i,14.5967377758552,0,1,
1024,1,387194137,387194137,227565,0.982286202768483,0.920510887943646,0.34,-1633.3056302998,-3394.46059345194+2836.24746342336i,0.841027425570201-0.0261873317610119i,0.861366981866266-0.0285539007598611i,13.3312215232487,0,1,
1025,1,387572607,387572607,227565,0.986956523182761,0.95319030562731,0.24,-1661.02073776191,3747.21013290413-2348.37348348587i,0.853817157626802-0.0344102239403687i,0.8709187067577-0.0081739182491135i,14.4174615677179,0,1,
1026,1,387951078,387951078,227565,0.986929763461585,0.96321806542529,-0.2,-1614.59540619826,-3094.95066400094+3137.52874856652i,0.85713104868066+0.00562493820377677i,0.878319053882466-0.0443010059407847i,14.6272934342702,0,1,
1027,1,388329548,388329548,227565,0.986871152353895,0.941607299965445,0.28,-1642.96922561867,2932.82702788926-3328.2886008232i,0.85119713785424-0.00704377641260688i,0.868182634739829-0.0237445870052584i,14.2001603856044,0,1,
1028,1,388708019,388708019,227565,0.986938009662902,0.945210502678125,-0.28,-1630.01931493988,-2394.41679520251+3737.90787834018i,0.856079292232206+0.0140711799594232i,0.875384294926186-0.0237491336232304i,14.465808626293,0,1,
1029,1,389086490,389086490,227565,0.986019704100184,0.905591585549057,-0.38,-1650.17556843486,1192.13908080581-4310.18082084769i,0.853600344441085+0.00401891439593371i,0.87494930523339-0.0328120741681792i,14.2213889454647,0,1,
1030,1,389464960,389464960,227565,0.98704916686581,0.977894711497662,0.0999999999999999,-1633.85554405751,-696.677790937624+4317.37314472324i,0.857907978336518-0.00740899304607549i,0.871128146990592-0.0526711793451107i,14.667841648812,0,1,
1031,1,389843430,389843430,227565,0.987900069261114,0.975049567924323,0.13,-1614.58600070915,778.060233435211-4312.69161581942i,0.85665812429451-0.0211449810085323i,0.872558146652189-0.0316162047569492i,14.5790651954458,0,1,
1032,1,390221901,390221901,227565,0.987054910848565,0.934309313102231,-0.31,-1645.07393126408,-122.74451275677+4451.44431404726i,0.854821543007443-0.0126038306258158i,0.873322232031261-0.0328886654711538i,14.3410145631298,0,1,
1033,1,390600371,390600371,227565,0.987470629979223,0.967045638935951,0.17,-1652.3587866216,-517.471932058261-4364.3741870029i,0.855449690678777+0.0156225694080974i,0.879490327598629+0.0223908775864174i,14.5532271700144,0,1,
1034,1,390978842,390978842,227565,0.986618964388113,0.906663757145467,-0.38,-1655.13030266585,1010.73754134707+4358.2559482402i,0.85477233906457+0.00824009245178712i,0.86701552335277-0.0447152055635281i,14.2638307776983,0,1,
1035,1,391357312,391357312,227565,0.986241944434595,0.895165749993414,0.4,-1629.76687132098,-2104.27813176188-3953.13054553366i,0.85142623854837+0.000298545630629397i,0.87158339106906-0.0445903636147368i,14.1394103922284,0,1,
1036,1,391735783,391735783,227565,0.987140549900052,0.983058009343527,0,-1624.08371710794,2707.26633673728+3418.37640051614i,0.861484790339667-0.0411745064186686i,0.873952948259474-0.0702248866137409i,14.8289905367269,0,1,
1037,1,392114253,392114253,227565,0.9860981750801,0.876553466566601,0.45,-1634.41456882915,-3152.07828764309-3195.20333864778i,0.850148750152994-0.00871660375559725i,0.865297514666405-0.0443085797791841i,14.1658204609375,0,1,
1038,1,392492724,392492724,227565,0.987858401499504,0.977782119801499,-0.0999999999999999,-1640.16049921245,3438.8626300078+2706.20572300698i,0.860211984840047+0.000635324346158743i,0.882561690935603-0.0040942428786096i,14.8369082508826,0,1,
1039,1,392871194,392871194,227565,0.987290759392971,0.98092784456731,0.0599999999999999,-1641.37344080838,-3403.19358157961-2734.81700770432i,0.858478730406614-0.0195078215931522i,0.881894087566497-0.0286265266783078i,14.7645169506814,0,1,
1040,1,393249665,393249665,227565,0.985964021926923,0.858874112107592,-0.48,-1615.96170160738,3872.90251529759+2270.50092994605i,0.850863804285318-0.0474663859221617i,0.861792359817581-0.079347140279688i,14.0661889317073,0,1,
1041,1,393628135,393628135,227565,0.98705046847361,0.981538691147015,0,-1629.07172713012,-3974.65918584334-1793.63527752686i,0.862875804573192+0.000676313163250475i,0.874802523214353-0.0298820437330864i,14.8006929429275,0,1,
1042,1,394006605,394006606,227565,0.986224290374313,0.981228715478047,0.0399999999999999,-1664.34107124344,4353.11874211959+133.704773853511i,0.848108907103625+0.00708484219508856i,0.873827811962077-0.00533029374937919i,14.1158559215989,0,1,
1043,1,394385076,394385076,227565,0.986548827104627,0.921876543463285,0.34,-1624.40150819103,-4460.59523741419-79.2658302789287i,0.852339091487607-0.00740001321132816i,0.865990613112337-0.0488142824194233i,14.2244300416837,0,1,
1044,1,394763547,394763547,227565,0.987189819566189,0.959934994912961,-0.22,-1652.16403420616,4408.77158479333-269.221086053516i,0.857258028267339-0.0344414879124545i,0.878376678997364-0.0359430377901136i,14.5513104351772,0,1,
1045,1,395142017,395142017,227565,0.986917295534659,0.945076747139016,0.27,-1614.15889088123,-4342.79945538347+913.918596627407i,0.855199958312607-0.0099696403254015i,0.875807727911185-0.0459613218703215i,14.4552832093682,0,1,
1046,1,395520488,395520488,227565,0.98711350286918,0.969029316922477,-0.17,-1647.38033416874,4117.14772718027-1546.41458567497i,0.85809115132942-0.0221253241285464i,0.872252005008422-0.027343765020304i,14.6372221286581,0,1,
1047,1,395898959,395898959,227565,0.986547228567018,0.900574827883198,-0.39,-1621.65931675581,-3506.82542030603+2786.44584559523i,0.853735127322674-0.0194464895068747i,0.864425060278481-0.0455223965195117i,14.2676466184836,0,1,
1048,1,396277429,396277429,227565,0.986337068664473,0.913242184630301,-0.36,-1632.13183034068,3805.47660344495-2345.35027321072i,0.853690694378659-0.0391148156750897i,0.87215349436645-0.0337843281614472i,14.2953872909723,0,1,
1049,1,396655899,396655899,227565,0.986734344284844,0.954646951219351,0.24,-1636.44688123965,-3300.34689593734+2947.9028996767i,0.854611248335941-0.0414094447812795i,0.875275319465355-0.0566786967319963i,14.4196138905363,0,1,
1050,1,397034370,397034370,227565,0.987066917283833,0.928624862691345,-0.32,-1625.04130915705,2835.3297913495-3438.8919768969i,0.855830096666418-0.0233287658844768i,0.868290853472628-0.030133098521553i,14.3924556516296,0,1,
1051,1,397412840,397412840,227565,0.987426021591355,0.970303004203231,0.16,-1647.27753011501,-2436.31975373989+3657.4417927999i,0.85754301398783+0.00958600129349126i,0.879902731186194-0.0143896937633232i,14.6451294488772,0,1,
1052,1,397791311,397791311,227565,0.987499869042685,0.979394827388922,-0.0799999999999999,-1652.48348567102,1416.51945934121-4134.5446644705i,0.86109746392625-0.0392714616888324i,0.874633526516965-0.0400714118405363i,14.7658665546881,0,1,
1053,1,398169782,398169782,227565,0.985774113848354,0.851423213873868,-0.5,-1623.8250587264,-627.972456754258+4446.03266209007i,0.850973456263473-0.0106042080085055i,0.865628313729058-0.0186375752466479i,14.0693079451352,0,1,
1054,1,398548252,398548252,227565,0.987323999558809,0.981536771256363,-0.0399999999999999,-1636.29475298941,212.662181461007-4358.4105878567i,0.859671539473456-0.00276128611038575i,0.879873892335795-0.0153928386014619i,14.7700966464961,0,1,
1055,1,398926722,398926722,227565,0.986530252746646,0.885111218643807,0.43,-1650.64119249108,157.615017111991+4480.40637548728i,0.849685958340414-0.0226265537496429i,0.8654008490193-0.018033788158051i,14.0628254333695,0,1,
1056,1,399305193,399305193,227565,0.986189665653477,0.886502187860054,-0.42,-1652.33797759716,-84.7021208126239-4482.17752320074i,0.852523982288631-0.008544905258448i,0.871086451356735-0.0354371325089337i,14.1687484268114,0,1,
1057,1,399683663,399683663,227565,0.987826957102865,0.982675859941788,0.0499999999999999,-1612.17999645325,602.962706067469+4322.20920167589i,0.85902845417397-0.0258501707629044i,0.882072571743815-0.0310941465539019i,14.7584675213261,0,1,
1058,1,400062134,400062134,227565,0.986023652916064,0.85256082980143,-0.49,-1640.91211277266,-1163.21265163558-4337.53573636269i,0.852064954927846-0.0392894411410495i,0.864726476295962-0.0435136966625864i,14.1517441452826,0,1,
1059,1,400440604,400440604,227565,0.987823444428995,0.983741304702642,-0.0399999999999999,-1649.67968519443,1514.54907060806+4089.94449609205i,0.861180143425164+0.00798188016516447i,0.87961233544003-0.0103209140791093i,14.7447076852571,0,1,
1060,1,400819075,400819075,227565,0.987263526451937,0.970313797371679,-0.15,-1626.14749219053,-2791.75680101891-3388.3967382737i,0.858612462877855-0.0186724880725538i,0.872361782875087-0.0493308703657058i,14.6890707120957,0,1,
1061,1,401197545,401197545,227565,0.986909077477448,0.961587207572684,0.21,-1616.1769236391,2994.42321635369+3240.1517944063i,0.856004294088294-0.00840034902689833i,0.870821206402078-0.0392820131257679i,14.5518946045239,0,1,
1062,1,401576016,401576016,227565,0.987227155007424,0.956045036193009,-0.23,-1641.77305465348,-3462.98755613211-2747.43703337583i,0.856908731611026-0.0297934715677005i,0.877945962077811-0.0332828689695297i,14.5569353667155,0,1,
1063,1,401954486,401954486,227565,0.987371105615027,0.980518325054352,-0.0699999999999999,-1646.49531828107,3415.54383513018+2721.88485031351i,0.859033066850575-0.00605836829717087i,0.881135036231248-0.0261247130917529i,14.7268242461743,0,1,
1064,1,402332956,402332956,227565,0.985783298683187,0.895360961529304,0.4,-1655.45776856222,-3778.55793014326-2403.05557240159i,0.850035084378228-0.00263316581067379i,0.867402544164354-0.0212621385925061i,14.0667125391152,0,1,
1065,1,402711427,402711427,227565,0.987547923680706,0.968757839517247,0.17,-1623.70805319439,4230.87587919416+1196.46716652997i,0.854766038358721-0.0251121520549643i,0.868897260670527-0.0435548706754458i,14.4791834438771,0,1,
1066,1,403089898,403089898,227565,0.987114659853104,0.947225662930074,-0.26,-1622.86382574987,-4415.20213396751-414.390906204198i,0.856076569838629-0.0238948364967855i,0.875796988260941-0.0498154186361391i,14.4544067432996,0,1,
1067,1,403468369,403468369,227565,0.986167984984487,0.858204475154293,-0.48,-1638.59976633813,4436.55299442786-685.313461115343i,0.850974525344279-0.0113685173863739i,0.866201178894553-0.0281470604672338i,14.0697404701718,0,1,
1068,1,403846839,403846839,227565,0.986529023283888,0.922939967545478,-0.34,-1608.59295136501,-4423.57334119834+581.370888510773i,0.853904395826921-0.017815625354655i,0.873465374657328-0.0621333362725604i,14.3752647143124,0,1,
1069,1,404225309,404225309,227565,0.986047546640477,0.877167372108966,0.45,-1622.74102766264,4191.53533975239-1602.99228302247i,0.850591258421827-0.0325708737431454i,0.875502736545158-0.0324608843141897i,14.2173512962053,0,1,
1070,1,404603780,404603780,227565,0.986442411426331,0.894566425029433,-0.41,-1602.9819913896,-4224.50231589345+1493.91725912806i,0.852336904374124-0.0420468908486256i,0.864967220447675-0.0517497845265153i,14.1603623146771,0,1,
1071,1,404982251,404982250,227565,0.98560559600107,0.85325238037206,0.49,-1635.26764847825,3665.28340785024-2595.54325391598i,0.849500549969762-0.00912507444431463i,0.866277834370227-0.00499614671993343i,14.143369636851,0,1,
1072,1,405360721,405360721,227565,0.988516809141306,0.982035538740218,-0.0599999999999999,-1639.42577004643,-3240.15511973668+2925.53217364438i,0.860178471131154-0.000667301649689845i,0.881056177879413-0.025812250117085i,14.8186870543015,0,1,
1073,1,405739191,405739191,227565,0.987372819272917,0.975740466500819,0.11,-1623.12117728683,3250.3129359142-2932.17091584265i,0.858155132075577-0.0350359985489413i,0.876425780615473-0.0700504700433701i,14.6295087600657,0,1,
1074,1,406117662,406117662,227565,0.985724031410469,0.879141596231045,-0.44,-1657.74681795865,-3109.8281975189+3234.18485768233i,0.851561411128313-0.0117133814064259i,0.866683000125854-0.0399460120188775i,14.1508673119953,0,1,
1075,1,406496132,406496132,227565,0.986418600450712,0.920634110756018,0.34,-1644.28092402348,2113.51917365303-3929.70086262048i,0.850104697491029+0.00299235279896292i,0.874299332276648-0.0324229938569752i,14.273584843848,0,1,
1076,1,406874602,406874602,227565,0.985786115286782,0.910121959135953,0.37,-1631.54127579167,-2301.19138945156+3831.3314268293i,0.85010513740198-0.0323029769852252i,0.865874269929818-0.0651433016540938i,14.126521621631,0,1,
1077,1,407253073,407253073,227565,0.986318647203274,0.903925107837825,0.39,-1609.42996722689,809.770636789595-4402.77404901244i,0.850307028522989-0.0228345545091285i,0.864148855174909-0.0553612715742677i,14.1648817588942,0,1,
1078,1,407631544,407631544,227565,0.987347739635636,0.969043664211873,-0.17,-1659.63014945718,-452.070514392264+4375.23858570003i,0.857569102651708-0.033250711042506i,0.87805851254402-0.0274054690697503i,14.6536427999306,0,1,
1079,1,408010015,408010014,227565,0.98551033028912,0.855697039411661,0.49,-1646.38140000789,-715.975954915384-4433.36119674232i,0.850484558578803-0.0102015473871449i,0.870964070582132-0.0459481638806165i,14.1261404505543,0,1,
1080,1,408388485,408388485,227565,0.986162132050337,0.967181119927332,0.17,-1630.67879389329,346.37092138117+4371.36183374495i,0.847656232598053-0.0307777032701306i,0.866576278090289-0.0430904053478783i,14.1680423125291,0,1,
1081,1,408766955,408766955,227565,0.987674695885388,0.978305535573018,-0.0899999999999999,-1642.15946741167,-704.396846934866-4311.86148600501i,0.85972923872833-0.0185254959212737i,0.873692175732089-0.0411550846535014i,14.6806117357442,0,1,
1082,1,409145426,409145426,227565,0.987250052181436,0.983215727275376,0,-1639.81417842407,2330.49176995609+3681.35816900392i,0.859623946643597-0.000553275204246481i,0.881614361197706-0.046339657895144i,14.7650548950793,0,1,
1083,1,409523896,409523896,227565,0.987198900396489,0.9422308207935,0.28,-1645.46796002714,-2403.74974229341-3729.29795875946i,0.853069224683391-0.0288731176948283i,0.869155137564498-0.0257007200342419i,14.284800622841,0,1,
1084,1,409902367,409902367,227565,0.987724612581567,0.97850947221641,-0.0899999999999999,-1651.93873861389,3026.0100067523+3152.12096566502i,0.858791460377452-0.0137589795536723i,0.87946853332378+0.000987738323271269i,14.6928086668451,0,1,
1085,1,410280837,410280837,227565,0.987154025975814,0.961567697931609,0.21,-1646.61774357461,-3117.78488399678-3120.8455378658i,0.854826209811137-0.0019033180834932i,0.878430620081949-0.0144712221297594i,14.4779884512164,0,1,
1086,1,410659308,410659308,227565,0.987874886091053,0.982258453843438,-0.0399999999999999,-1631.92624143226,3823.57240379305+2103.97863324921i,0.858905663058802-0.0456262390971163i,0.874619734609774-0.0483887104624205i,14.8068271217055,0,1,
1087,1,411037779,411037779,227565,0.983144301142725,0.92726964938033,-0.32,-1642.52011958014,-3677.67987776361-2462.4777818465i,0.845803354818395-0.0178699213997105i,0.868016315752392-0.0197270549116079i,13.4907190269898,0,1,
1088,1,411416248,411416249,227565,0.985990709118516,0.975779717592771,-0.11,-1663.62872954652,3871.68281024087-2026.02766850014i,0.848992591972097-0.0325179650252764i,0.865312082038392-0.0216879167057404i,14.1319464393552,0,1,
1089,1,411794720,411794719,227565,0.985683395126918,0.862631513672462,0.48,-1637.98858710945,-4489.69182966444-135.234776585389i,0.850538718075632-0.00415978354218749i,0.865120133729885-0.0419562791822825i,14.1113177989491,0,1,
1090,1,412173190,412173190,227565,0.986020738227383,0.907184726083628,-0.38,-1655.51347294419,4433.89751166728+605.607467013347i,0.853337053617871+0.00743008534951723i,0.873623608485935-0.0344734745459139i,14.1963628945107,0,1,
1091,1,412551660,412551660,227565,0.988211084937425,0.979364319735682,0.0999999999999999,-1601.12410197682,-4372.74619520633+153.277331739002i,0.858279348393782-0.0100460674341145i,0.871528055392634-0.0613941205822175i,14.6577588824718,0,1,
1092,1,412930131,412930131,227565,0.987376187268666,0.970668127159033,-0.15,-1637.00652679911,4239.86764414072-1148.11494683621i,0.859535691019419-0.0292844160012308i,0.879585105807547-0.0331033901436476i,14.7685519738182,0,1,
1093,1,413308601,413308601,227565,0.987949579933499,0.976836974300112,-0.12,-1648.55724392743,-4283.00777610721+934.108522360973i,0.860031645115094-0.00035644950979006i,0.880229909228393-0.0346771781703419i,14.7406420871649,0,1,
1094,1,413687072,413687072,227565,0.987287568819421,0.97721916889697,-0.11,-1631.53720186622,3580.60694579512-2520.61345620949i,0.858545501146195-0.0286602055557924i,0.872732114892116-0.0619813217988347i,14.5794049203356,0,1,
1095,1,414065542,414065542,227565,0.986614697295652,0.91046839106708,0.37,-1637.30710922676,-3355.5547991474+2956.98328268668i,0.850531060279327-0.0298600062387846i,0.867711936603346-0.0418248459219786i,14.1449626621786,0,1,
1096,1,414444012,414444012,227565,0.98609766972211,0.898186908115344,0.4,-1631.84395670328,3609.09173381935-2653.16644482147i,0.85089933863381-0.0120765488536482i,0.871738825352548-0.0188360162954529i,14.1429152495722,0,1,
1097,1,414822483,414822483,227565,0.987823991724849,0.983161540642466,0,-1630.60009577618,-3024.30732620283+3144.86136778556i,0.861875972700041-0.0216538576705413i,0.882447363448485-0.0301356580780751i,14.8261293705733,0,1,
1098,1,415200954,415200954,227565,0.986901177009703,0.949438792451237,-0.26,-1627.2961176517,2085.22845115753-3915.21377932688i,0.856887840814771-0.0165067001738321i,0.869276890615821-0.0518347496594886i,14.4713557756502,0,1,
1099,1,415579424,415579424,227565,0.986117355169073,0.897161474707312,0.4,-1646.22935470478,-1260.66126133599+4299.78066534769i,0.849526421453676-0.0142431755088426i,0.873041831100005-0.00687082186441854i,14.1094177122281,0,1,
1100,1,415957895,415957895,227565,0.987415647978601,0.959192788296572,-0.21,-1638.25704825013,893.756298238529-4324.450545819i,0.857088415365665-0.0334722478266824i,0.871278001556622-0.0409676391298517i,14.5836804509856,0,1,
1101,1,416336365,416336365,227565,0.987201763963279,0.946891016444622,0.27,-1657.70903621309,-493.612519415954+4410.41494902218i,0.854383606972911+0.00426542901768086i,0.870557187789253-0.0261309178167069i,14.3447987172599,0,1,
1102,1,416714835,416714836,227565,0.981362596183878,0.941075529102113,-0.27,-1644.1966303904,-3327.11602877406-2873.71135010983i,0.843092224889327-0.0205456612498223i,0.866369621655018-0.0301025324124623i,13.219871967238,0,1,
1103,1,417093306,417093306,227565,0.987301382431977,0.964884496388879,0.19,-1653.25744005576,508.783157549449+4378.37994835511i,0.85452510419669-0.00545342465663645i,0.878779016993624-0.0217451038216937i,14.5394857930274,0,1,
1104,1,417471776,417471776,227565,0.986716564187282,0.921272422336641,0.34,-1656.81815488451,-361.869571222493-4448.65451629862i,0.85220847134257-0.00685842758090657i,0.866038005657575-0.0341949437845671i,14.1927182188377,0,1,
1105,1,417850247,417850247,227565,0.987426052494445,0.961203298863952,-0.22,-1614.12226831009,1039.52382435071+4294.04702649551i,0.855675486819949-0.0535936207587454i,0.868751202422334-0.0499666564448628i,14.5840594032184,0,1,
1106,1,418228717,418228717,227565,0.986400731980995,0.942099548772117,0.28,-1636.37943031689,-1561.63689728339-4155.97898537047i,0.851964488227714-0.0167519470999644i,0.87403991254275-0.0342311537326627i,14.3553080471033,0,1,
1107,1,418607188,418607188,227565,0.987313637349028,0.971398944255429,0.16,-1638.58203937733,2722.44997456657+3449.90171204706i,0.855748047669643-0.0136097878985441i,0.871289822063919-0.0464398712650837i,14.5892071016504,0,1,
1108,1,418985659,418985659,227565,0.985854908941682,0.899681058316068,-0.4,-1623.97723238737,-3213.39494194893-3118.08719587406i,0.850787472857403-0.0125544961722541i,0.873981121079642-0.0392533459273574i,14.2405629576006,0,1,
1109,1,419364129,419364129,227565,0.987272922260658,0.975078881961384,-0.12,-1621.65307446488,3244.16951146281+2943.40228457463i,0.85895386660862-0.0261799371490472i,0.880177051141159-0.0491350265561073i,14.7729935989844,0,1,
1110,1,419742599,419742600,227565,0.986809822396157,0.980398714913016,0.0399999999999999,-1602.22659218485,-4136.43620666968-1380.63944451624i,0.852750422560246-0.0241140612193764i,0.868595117805854-0.04254065683836i,14.4913982709757,0,1,
1111,1,420121070,420121070,227565,0.986052209790924,0.884328059116853,0.43,-1647.53795692782,4356.04828374376+1064.17628623785i,0.849756262024559-0.00980018091620815i,0.865738096966822-0.0421800072369195i,14.12504391403,0,1,
1112,1,420499541,420499541,227565,0.987614609246396,0.975382937501264,-0.12,-1625.25764435206,-4365.95836332851-327.273186927159i,0.859763254522196-0.00951223218676495i,0.880794972938427-0.0313657910835609i,14.8135792875518,0,1,
1113,1,420878011,420878011,227565,0.986903129243177,0.978509732810761,-0.0899999999999999,-1645.13318112344,4275.6646819596+898.397069843242i,0.860135435946972-0.0303747538966213i,0.879490855190341-0.0633810123289014i,14.7196551004541,0,1,
1114,1,421256482,421256482,227565,0.985902005622261,0.851353812582257,-0.5,-1630.75413107277,-4486.2696692104-89.0540158171581i,0.848389930381532-0.0111283864803767i,0.867165687162539-0.0157881716594212i,14.0450552474475,0,1,
1115,1,421634952,421634952,227565,0.987602341629573,0.981789482916191,-0.0399999999999999,-1619.36256430314,4352.29711243649-288.296202077801i,0.860100765739147+0.00407992403723425i,0.881107454642314-0.0477470103192562i,14.7557322737243,0,1,
1116,1,422013422,422013422,227565,0.986651582876353,0.884686255721887,0.43,-1662.22713527261,-4429.72851604613+701.842841653527i,0.850987589507612-0.026066041964786i,0.864593864745732-0.0294888299865741i,14.0844335463053,0,1,
1117,1,422391893,422391893,227565,0.986270987231726,0.926255165918324,0.33,-1607.66259444945,3828.37856368225-2286.70518185684i,0.851896104853924-0.0149161821086618i,0.863879566257013-0.08142684179468i,14.2434404173229,0,1,
1118,1,422770364,422770364,227565,0.98696303444078,0.95629277628409,-0.23,-1653.39760144356,-3647.92325257145+2499.92982092715i,0.858141614667155+0.00609406419432766i,0.877349940975745-0.0180538089866248i,14.574505758746,0,1,
1119,1,423148834,423148834,227565,0.987755183713772,0.951065844053633,0.25,-1655.64757355144,3337.43029682677-2913.97812125413i,0.854473822240723-0.000117564859331568i,0.866987285102223-0.00705990220933051i,14.3338164135802,0,1,
1120,1,423527305,423527305,227565,0.986387659187421,0.934186023149708,-0.31,-1646.9637825726,-2917.67901236362+3363.74730246405i,0.855270870857096+0.00831179477222465i,0.875023271631039-0.0210353891430105i,14.3328031889793,0,1,
1121,1,423905775,423905775,227565,0.987438795569227,0.971802918231565,-0.15,-1626.94052873156,2975.23297920003-3228.89684535133i,0.858897124170955-0.0432610705442661i,0.879651595072079-0.0492987099265652i,14.7441941440075,0,1,
1122,1,424284245,424284245,227565,0.986659607689662,0.926114720008983,0.33,-1663.68124115059,-2651.83521100238+3586.01451782017i,0.852331400470376-0.0112433824426792i,0.867107828184298-0.00918357090802083i,14.2773610883723,0,1,
1123,1,424662716,424662716,227565,0.987376838834218,0.956725498513611,-0.23,-1627.38648514323,2067.16464683868-3909.80665479827i,0.85659796985409+0.00688299317404514i,0.878288309123404-0.0439997891801044i,14.5569427450466,0,1,
1124,1,425041187,425041187,227565,0.986134510420317,0.923889416760035,-0.34,-1629.41200489357,-805.584466144567+4389.92174122637i,0.853612286587259-0.0254203765538694i,0.867043421034142-0.0471402647956339i,14.2422894454779,0,1,
1125,1,425419657,425419657,227565,0.987721850107636,0.972973061585071,0.14,-1640.43238176674,274.281102826348-4377.52566613864i,0.855203905452603-0.0206203044858633i,0.870647294678602-0.0380442119972642i,14.4667766160607,0,1,
1126,1,425798127,425798128,227565,0.986256944124371,0.979836936495602,0.0399999999999999,-1630.03245356345,3522.81551034537+2560.25154300715i,0.848330584846711-0.0342942487144826i,0.87499515131045-0.0428531029444074i,14.2544054047446,0,1,
1127,1,426176598,426176598,227565,0.985796529662678,0.946491972720076,-0.26,-1631.90754628351,-198.925934557607-4428.61039670112i,0.858885803542123-0.00376839657985543i,0.87634350921986-0.0430246407462379i,14.5070955600179,0,1,
1128,1,426555068,426555068,227565,0.987444982719836,0.958754794642642,0.22,-1621.54909066517,820.378687802369+4341.06533423646i,0.855662746489276-0.00613713189799914i,0.869550528297976-0.0343562569941588i,14.44081952614,0,1,
1129,1,426933539,426933539,227565,0.984757427850252,0.919330397838332,0.35,-1616.80217916149,-2500.74328570497-3676.34650657394i,0.844554240663385-0.0335864617953087i,0.861395314063738-0.0516438449738889i,13.6975865401314,0,1,
1130,1,427312010,427312010,227565,0.986292730629519,0.928270870809043,-0.32,-1630.72799658556,2763.54321183801+3499.31751403855i,0.85220608604823-0.0307322876824085i,0.873846981653481-0.0480997066473633i,14.413350061987,0,1,
1131,1,427690480,427690480,227565,0.987359869383269,0.982789766795817,0,-1626.56995028053,-2885.05746258097-3266.29175148557i,0.858154418080081-0.000632236603834696i,0.872287025169205-0.0343139598154153i,14.4895197704951,0,1,
1132,1,428068951,428068951,227565,0.987162820266102,0.959703041454826,-0.21,-1638.52607253655,3711.87797893332+2394.42968992236i,0.857684191415263-0.0206286259686697i,0.879344518116913-0.0256798624160732i,14.6169943982538,0,1,
1133,1,428447421,428447421,227565,0.987269120630333,0.980786538646403,-0.0499999999999999,-1649.93702979824,-3536.15737006881-2559.73711168463i,0.860563929008861-0.0141847132192555i,0.880285026724461-0.0195406996121518i,14.7733491820409,0,1,
1134,1,428825892,428825892,227565,0.986766839936752,0.967577976524343,-0.17,-1648.37401716315,4194.43715175273+1328.11559132759i,0.859216926339035-0.00247955563273737i,0.873022328687971-0.0246296027373345i,14.6109731264999,0,1,
1135,1,429204362,429204362,227565,0.986267563345108,0.929000860114247,0.32,-1662.52671467019,-4339.58173126773-1015.13108952371i,0.853395257653423+0.0222979102291399i,0.87455098898405-0.0273417144491086i,14.3050974678762,0,1,
1136,1,429582832,429582832,227565,0.986353253402723,0.922136443459237,0.34,-1641.95271478419,4240.80096946234+1393.87821815498i,0.850753499721915-0.0205471198811373i,0.865712551095984-0.0185116169286475i,14.2324054072542,0,1,
1137,1,429961303,429961303,227565,0.987570742864976,0.976585139300405,0.11,-1635.60621908477,-4375.52136451994-166.748045238581i,0.85757123508057-0.0064197939629693i,0.873956780872468-0.0113499600598168i,14.6945049404398,0,1,
1138,1,430339773,430339773,227565,0.985872297625153,0.904117018669348,0.39,-1647.85101474435,4477.56974386376+64.9644780619803i,0.850986560347873+0.0116858294837589i,0.87231108597752-0.0190244176910582i,14.1541632118652,0,1,
1139,1,430718244,430718244,227565,0.987868783363738,0.969082897655401,-0.17,-1646.31433445033,-4383.54514972916+389.650343005956i,0.85789420794593+0.000162042034663588i,0.87099981590341-0.0315359706850518i,14.6530085101988,0,1,
1140,1,431096715,431096714,227565,0.985632783698768,0.854651771360041,0.49,-1645.33361772528,4269.84652695927-1396.02445059805i,0.849536712415853-0.0183974616394698i,0.87202209164747-0.0388622848514115i,14.1846497142633,0,1,
1141,1,431475185,431475185,227565,0.986895295889292,0.961762653896159,0.21,-1621.57629520013,-3793.78002347384+2258.91375411178i,0.855222610374139-0.0424250887498255i,0.876452068463017-0.0435536592885373i,14.5323369281727,0,1,
1142,1,431853656,431853656,227565,0.986183680513172,0.916342337417061,-0.35,-1632.83151982578,3451.90489092152-2837.20490683556i,0.852688218568568-0.035747046095589i,0.866745396827246-0.0482865977827532i,14.2496737459241,0,1,
1143,1,432232126,432232126,227565,0.986453651739106,0.928836029702115,-0.32,-1634.53214804683,-3635.36219080577+2577.80532127879i,0.854840335285994+0.00058268247421683i,0.867673263401079-0.0282290659474705i,14.3327099791383,0,1,
1144,1,432610596,432610596,227565,0.986497581174591,0.940356878907897,0.28,-1622.38204094912,3184.31218681813-3095.30262911916i,0.853290697191131-0.000136911732910399i,0.876468475522092+0.00707490630341092i,14.3396978516368,0,1,
1145,1,432989067,432989067,227565,0.987942316230026,0.979773776369487,-0.0899999999999999,-1637.00762157052,-2472.67751502068+3601.34778935112i,0.859871153520079-0.0169235443431434i,0.879640693129773-0.0111766855899999i,14.6963605731066,0,1,
1146,1,433367537,433367537,227565,0.987554481339494,0.962363858672794,0.21,-1623.82476399695,2378.9622033202-3718.04119368976i,0.855492637549042+0.0112846071920887i,0.870743113919123+0.00566614404614593i,14.5470454332492,0,1,
1147,1,433746008,433746008,227565,0.988235977128875,0.982506996876943,-0.0399999999999999,-1621.70365716376,-1375.5060860296+4138.4590016809i,0.860404868727942-0.0308724510403916i,0.879023891575934-0.0729026773655166i,14.7887783929472,0,1,
1148,1,434124479,434124479,227565,0.985916778649232,0.874241215620804,-0.45,-1628.41261291098,572.948401414589-4452.70588609443i,0.851706588473656-0.031332563816157i,0.865975034349896-0.0313025857582499i,14.1400414020171,0,1,
1149,1,434502949,434502949,227565,0.987982306287527,0.975656225136563,-0.12,-1639.89038527308,-549.665428501006+4347.58534103949i,0.858970842491026+0.00356356738800021i,0.872299591591011-0.0364802379950201i,14.6967660108698,0,1,
1150,1,434881420,434881419,227565,0.986074453448269,0.862129669408663,0.48,-1648.12488224335,-382.096748622755-4474.77185148626i,0.851385550991457-0.0192474220504636i,0.873727229007858-0.0181353547678002i,14.1527961628224,0,1,
1151,1,435259890,435259890,227565,0.986384774983075,0.905852309589393,-0.38,-1626.77334709576,455.378259506921+4454.35157184892i,0.854110176889938-0.00881193393634955i,0.866914045302881-0.0169896144069194i,14.2455569836303,0,1,
1152,1,435638360,435638361,227565,0.985629093815259,0.982031387984131,0,-1621.26360144087,-2252.54188341759-3725.01080573794i,0.84831501454791-0.0166853464099379i,0.873768584476512-0.0144872464050091i,14.0607216243958,0,1,
1153,1,436016831,436016831,227565,0.987662571243624,0.971369740640471,-0.15,-1645.59609931601,1922.33924363506+3951.71557510082i,0.859972661669904-0.0032570006111531i,0.879753358937715-0.0395776341647524i,14.7588762557737,0,1,
1154,1,436395302,436395302,227565,0.986179193696651,0.906492447537316,-0.38,-1645.28688085434,-3036.47819699098-3288.09376078246i,0.853357666985191+0.0254100613972771i,0.867330104578668-0.00290458470993247i,14.2770989083174,0,1,
1155,1,436773772,436773772,227565,0.987792735927283,0.9781096569386,-0.0999999999999999,-1632.41930355939,3031.640668064+3158.87163500993i,0.860028106493694-0.00710892529784407i,0.880107472500075-0.0207830814177173i,14.7715661170793,0,1,
1156,1,437152243,437152243,227565,0.986584306619059,0.923851295864579,-0.34,-1627.6079528286,-3864.28143778252-2238.27729172071i,0.852396519081563-0.00667578030105813i,0.86636412152336-0.0426214090593825i,14.2786256724586,0,1,
1157,1,437530713,437530713,227565,0.983229649218885,0.88922502642067,0.42,-1614.26724374985,4195.98812324997+1500.14150649191i,0.843668154574833+0.0040064465013174i,0.861810625658192-0.0249608935461186i,13.4412221965896,0,1,
1158,1,437909184,437909184,227565,0.98682843547611,0.938597073577109,-0.29,-1651.84027484085,-4237.60636362826-1352.48263573145i,0.856476120167668-0.000217020098627303i,0.875346164482376-0.0337164830741039i,14.4249856872202,0,1,
1159,1,438287654,438287654,227565,0.987284103918544,0.964118965652662,0.19,-1660.05235488237,4334.2858642607+798.822334587984i,0.856526276185208-0.00724300193506611i,0.877794808888785-0.0034049183470777i,14.5541715286081,0,1,
1160,1,438666125,438666125,227565,0.986573294095389,0.911954239855382,-0.37,-1636.88408725855,-4469.08382909263-205.932757214536i,0.852455000280701-0.0134324496279196i,0.867955701682361+0.00298876039926052i,14.2777382193444,0,1,
1161,1,439044595,439044595,227565,0.987098156057328,0.95855015975036,-0.22,-1631.15994403184,4407.60616750548+344.492228467523i,0.856362207924072+0.0038104877767976i,0.870244029966206-0.0392231579831498i,14.5060058945281,0,1,
1162,1,439423066,439423066,227565,0.985673095767935,0.88049893242591,-0.44,-1643.65743498499,-4416.09323797696+802.506163367957i,0.851661933110131-0.033022156988613i,0.872815727512014-0.0420465287255832i,14.1562029533959,0,1,
1163,1,439801536,439801536,227565,0.987014182570441,0.938970479006823,-0.29,-1632.20529830553,4398.1357386078-673.499973280697i,0.855750251250259-0.0470506377210073i,0.869422518867643-0.0393692269862357i,14.3805244518995,0,1,
1164,1,440180006,440180006,227565,0.987388378041855,0.96560016129877,0.19,-1621.40266521867,-4249.87029379203+1168.9625545202i,0.852670639721056-0.0363325565339507i,0.875728113080644-0.0651617600960108i,14.4492854497482,0,1,
1165,1,440558477,440558477,227565,0.987477522118722,0.979591051108679,0.0799999999999999,-1641.23383453967,3590.66005421715-2498.46775240684i,0.857934789071766-0.0166098547904366i,0.879729625842108-0.016492669039615i,14.818231032311,0,1,
1166,1,440936948,440936948,227565,0.985572158260742,0.866923488384863,-0.47,-1620.77729408092,-3444.73062191597+2885.86957871168i,0.850074971548734-0.013321987068544i,0.864173840486778-0.0526314867297955i,14.0942984859475,0,1,
1167,1,441315418,441315418,227565,0.987900232996364,0.984252289124349,0,-1639.12915944694,3042.35866362179-3127.69191665803i,0.858253148577908-0.0495814665848648i,0.873756207604589-0.0486386036213845i,14.7520906452819,0,1,
1168,1,441693888,441693888,227565,0.987376077025503,0.970827508569745,0.16,-1638.54288655907,-3133.93589349935+3084.51969490337i,0.85498319026089+0.00461142076175659i,0.878967068397865-0.00740722247747666i,14.6020221502451,0,1,
1169,1,442072359,442072359,227565,0.986185037720005,0.900813868963785,-0.39,-1645.14106297923,2772.7496530865-3520.19689971272i,0.853395883208744-0.01350467217893i,0.874478223951146-0.0302218897689299i,14.2497680562541,0,1,
1170,1,442450829,442450829,227565,0.986160997365085,0.904095915867029,0.39,-1643.21252450275,-1881.81411372995+4063.99108183679i,0.853087720745645-0.0274835656205757i,0.866029090127016-0.0263855818939718i,14.1036070765849,0,1,
1171,1,442829300,442829300,227565,0.988072774923471,0.982907510878206,-0.0399999999999999,-1635.98571190028,977.939708427215-4255.10491703155i,0.85984700452399-0.0244880811526928i,0.880791697533066-0.0454512648154822i,14.8048378523115,0,1,
1172,1,443207770,443207770,227565,0.986514815007542,0.931196582141508,0.32,-1642.29158204192,-750.184968841317+4393.20262126803i,0.852511026712905-0.00740434251907832i,0.868883322878017-0.0207246014149848i,14.295338065444,0,1,
1173,1,443586241,443586241,227565,0.987511841258729,0.974413596388405,-0.12,-1622.75718751892,-98.6101531088-4382.05814041949i,0.860023429603335-0.0254762017282831i,0.872489404672235-0.0509837125390711i,14.7447266233909,0,1,
1174,1,443964712,443964712,227565,0.987283665029102,0.918113315029675,-0.35,-1637.04826882596,1332.19975458044+4251.73560712431i,0.852243323087129-0.050230558363452i,0.874551296554413-0.0397239922944541i,14.3792023646269,0,1,
1175,1,444343182,444343182,227565,0.984279761076514,0.978595825888981,0.0499999999999999,-1640.23596718519,-4011.80035392536-1649.68973641527i,0.845488965328928-0.0241769808902168i,0.870782164854734-0.0390576626779114i,13.8325820298444,0,1,
1176,1,444721653,444721653,227565,0.98630984629573,0.934763080122067,-0.31,-1638.20945648066,2470.42012432801+3688.93518810295i,0.855754210454235-0.00596565512607991i,0.867025238994152-0.0416092795827171i,14.3599371395744,0,1,
1177,1,445100123,445100123,227565,0.987531159130373,0.96704842906581,0.18,-1637.34433678455,-2918.52658461379-3279.65461280875i,0.855793033220772-0.0276394591910781i,0.87270985652328-0.0125726361768872i,14.5674953374366,0,1,
1178,1,445478593,445478593,227565,0.986120206574267,0.926478121082293,0.33,-1634.57814097946,2749.85637886935+3493.38034760024i,0.852276371752677-0.0121914027894712i,0.8736147498859-0.0307916584098149i,14.2878486286188,0,1,
1179,1,445857064,445857064,227565,0.987123569371361,0.954379190045889,-0.23,-1657.48618984679,-3087.96307802697-3147.98555240314i,0.857874966393874+0.00741812627231663i,0.870545717462028+0.00245431978785987i,14.577365816235,0,1,
1180,1,446235534,446235534,227565,0.987140441708671,0.950886958727858,0.25,-1668.44210166564,3471.01467060247+2731.59667176911i,0.853112908540001-0.000963679744739634i,0.877887725411426-0.00376683332524083i,14.4192695717375,0,1,
1181,1,446614005,446614005,227565,0.98660362203443,0.934218482150591,-0.31,-1624.73985683527,-3899.47527216093-2130.32662647972i,0.856658250743135-0.0295233256882873i,0.875788431076165-0.0611630156047901i,14.4280906567878,0,1,
1182,1,446992476,446992476,227565,0.986345773048079,0.894777418211911,-0.41,-1655.54693167971,4415.30151536736+785.501532988139i,0.852017890250968+0.0135749405091311i,0.866533729732379+0.0134355295697006i,14.1758783336096,0,1,
1183,1,447370946,447370946,227565,0.987979343574317,0.98196613353509,0.0599999999999999,-1660.89518839881,-4354.63992412098-340.370315912052i,0.859519451821458-0.0126341160983254i,0.880702960085477-0.0244665441812063i,14.6688547863778,0,1,
1184,1,447749417,447749417,227565,0.986148036636359,0.858566240574327,-0.48,-1651.87653672182,4491.49538516539-155.813553352542i,0.851529206512118-0.0198195186361844i,0.866267911280256-0.0249088980401509i,14.1256780131943,0,1,
1185,1,448127887,448127887,227565,0.986318299228127,0.922477797123909,-0.34,-1630.26179732575,-4460.43137131824+196.04169950846i,0.852993897239516-0.0224844344816503i,0.866239007307906-0.0431044557184399i,14.3111051502899,0,1,
1186,1,448506357,448506357,227565,0.987635675074484,0.973973406723251,0.15,-1612.02143601506,4338.69688923796-699.558776093862i,0.857222458817492-0.0171247015230949i,0.87754733494616-0.0457933235603638i,14.7149962540327,0,1,
1187,1,448884828,448884828,227565,0.988095947559385,0.978668743580429,-0.11,-1632.85524068726,-4050.76900161959+1673.61585220651i,0.858649851044383-0.0182308524096895i,0.8728395592873-0.0456945741156694i,14.6867060487161,0,1,
1188,1,449263299,449263298,227565,0.985890984373066,0.85437541338223,0.49,-1648.53085044974,3803.10194131013-2394.88233757887i,0.851212982341282-0.0297586539313141i,0.871988856594624-0.027382820179784i,14.1528126474836,0,1,
1189,1,449641769,449641769,227565,0.987579606582973,0.981223031494309,-0.0499999999999999,-1648.63196673262,-3342.11566822042+2812.77933061049i,0.861251541998215-0.00283737104802762i,0.881155206336623-0.0209754463130781i,14.7920649678991,0,1,
1190,1,450020239,450020239,227565,0.986384140802681,0.890573496718524,0.42,-1669.77594433777,3103.65798491821-3240.41791887655i,0.850621224426666-0.00351175284561439i,0.865737875280784-0.0101538029590145i,14.0538389705569,0,1,
1191,1,450398710,450398710,227565,0.987447683124141,0.965386365339284,0.19,-1637.08634004405,-2018.05866964055+3919.60264883197i,0.853161193661059-0.0337184802081892i,0.869508345904623-0.0358090818121879i,14.5440008412318,0,1,
1192,1,450777180,450777180,227565,0.988186089034274,0.983991116406152,0,-1638.99949084201,2717.16629639556-3408.04344912179i,0.857570514467424-0.0152623798318816i,0.878578114246754-0.0318499225351712i,14.5435961725309,0,1,
1193,1,451155651,451155651,227565,0.987105516467218,0.95929280709941,-0.21,-1627.58345781155,-1739.31852190087+4060.79977974647i,0.857893134885147-0.023135358192909i,0.877297265417137-0.0518763962361131i,14.6425127877815,0,1,
1194,1,451534121,451534122,227565,0.985276666666345,0.923653659867401,-0.34,-1655.95590794203,-2607.0569509783-3613.22371786913i,0.850310562192575-0.0155661343597901i,0.867099712240828-0.0258598880672817i,14.0298476032722,0,1,
1195,1,451912592,451912592,227565,0.987605092120097,0.969080519339498,-0.17,-1634.34240990598,-488.791011403693+4374.24610701514i,0.860214639479257+0.004677525656177i,0.878136761408933-0.0438693463784484i,14.6233330653088,0,1,
1196,1,452291062,452291062,227565,0.986361693603571,0.931875096309979,0.31,-1621.30805647167,-107.749106636636-4443.03721416004i,0.850691517452391-0.0285008975886184i,0.867110351410675-0.0547065366985775i,14.3196787473845,0,1,
1197,1,452669533,452669533,227565,0.987848536106459,0.979926344128959,0.0799999999999999,-1617.42449929268,1263.41096061881+4176.17654032532i,0.856746243032953-0.0163242868748441i,0.874078480943308-0.0522108229067378i,14.7386199886537,0,1,
1198,1,453048003,453048003,227565,0.986274939433017,0.935638797343621,0.3,-1657.8553177441,-889.911109144911-4351.28410587485i,0.852648439410437-0.00112457393422069i,0.876157616780696-0.00837373159013945i,14.3029515578786,0,1,
1199,1,453426474,453426474,227565,0.987439754735666,0.975428987307667,0.13,-1638.3967087831,2232.17471854313+3765.28183562796i,0.858531539431546-0.00574256505967245i,0.878724003231448-0.0440756398701759i,14.7415132834038,0,1,
1200,1,453804945,453804945,227565,0.986120456114785,0.888130844272784,-0.42,-1608.87081281617,-2916.0455323054-3392.09250610042i,0.8514471880538+0.000174834904376066i,0.864592773101491-0.0183912124583471i,14.2156503262091,0,1,
1201,1,454183415,454183415,227565,0.98748734714351,0.980105327172018,-0.0899999999999999,-1614.30414989689,2879.98777032495+3283.75629224371i,0.860004001220315-0.0304975851322898i,0.870916499085908-0.063224301999294i,14.6897456917937,0,1,
1202,1,454561885,454561885,227565,0.987534084260112,0.961015244293064,0.21,-1672.19790303135,-2829.77101722316-3372.42684716981i,0.855377828764674+0.0153850281600664i,0.879395524562749-0.0121781198401292i,14.4895711814558,0,1,
1203,1,454940356,454940356,227565,0.986021785875908,0.918308627531505,-0.35,-1628.1659627684,3412.3610814415+2885.40239911128i,0.852205116320313-0.0572182356309387i,0.867333658544542-0.0249159384774152i,14.2327104865622,0,1,
1204,1,455318826,455318826,227565,0.987761062297227,0.974677072217095,0.13,-1616.1328049068,-3627.5520149424-2467.83741780958i,0.857193868954748-0.0357310061709117i,0.878284632020767-0.0388660841455654i,14.6920388417919,0,1,
1205,1,455697297,455697297,227565,0.987542812935549,0.984590659438519,0,-1635.78682009929,4154.30843744058+1332.59674943024i,0.858264844731486-0.000594872180149782i,0.884063470765227-0.00869730286010615i,14.6489612673677,0,1,
1206,1,456075767,456075767,227565,0.986576561204639,0.915418195244495,0.36,-1639.40858544866,-4354.01368741512-1005.58731631439i,0.850781552447177-0.0126583223364781i,0.865571898337141-0.00315097432578457i,14.2681806150145,0,1,
1207,1,456454238,456454238,227565,0.987217066296372,0.981257220578412,-0.0699999999999999,-1648.06146334336,4351.81969800142+431.075122811946i,0.861410093353229-0.0189054965591797i,0.873161317279689-0.042489377742379i,14.7826314343376,0,1,
1208,1,456832708,456832708,227565,0.986450637602633,0.898208570772046,0.4,-1626.02319094335,-4475.58235276366+244.655138516792i,0.850875872142131-0.017367884412702i,0.873963372386802-0.0233096297327937i,14.1577136541614,0,1,
1209,1,457211179,457211179,227565,0.986120387290412,0.873995967428487,-0.45,-1621.71254326516,4489.37704959025-163.967777380957i,0.851217146698442-0.0280424880742399i,0.870507066400913-0.0448097601558771i,14.2212632579184,0,1,
1210,1,457589650,457589650,227565,0.985473665424775,0.92519567874064,-0.33,-1644.08794085779,-4056.80343505403+1825.16415026889i,0.850326714107428-0.00559640425162807i,0.86404808670771-0.0405767879606461i,13.9891466666047,0,1,
1211,1,457968120,457968119,227565,0.986168856825521,0.863115634997019,0.47,-1630.83306698623,4311.57144512786-1262.26778861753i,0.849894072919987-0.025318950079477i,0.871410703261027-0.0316450165652125i,14.1296211452313,0,1,
1212,1,458346590,458346590,227565,0.987048319828696,0.910293819725649,0.37,-1655.29144196882,-3750.72947223369+2441.77272820419i,0.851637526460932-0.0314911288307946i,0.867559483170246-0.0247059176310284i,14.1596189592909,0,1,
1213,1,458725061,458725061,227565,0.987303581308213,0.966557778167889,-0.18,-1669.34024713385,3346.11783504491-2867.04208848324i,0.859257651483511+0.00750084110197628i,0.871066475907035-0.032639613653539i,14.5823751984421,0,1,
1214,1,459103532,459103532,227565,0.985854242672789,0.893711896511587,-0.41,-1636.05315160682,-2302.06482108124+3849.85859181816i,0.851322304526832-0.0100747431531607i,0.873402186628987-0.0136627326297252i,14.2105445944502,0,1,
1215,1,459482002,459482002,227565,0.986838104375798,0.907355338279033,-0.38,-1619.70730650252,2811.24587083322-3486.39072977998i,0.851776652186814-0.0437756600871289i,0.865716860583036-0.054374901505145i,14.2515470249952,0,1,
1216,1,459860472,459860473,227565,0.984263561123418,0.940374465428955,-0.28,-1649.53828628443,-1328.87643778678+4223.87502515297i,0.848278168594647-0.0510286069356693i,0.870487700205446-0.0395052249019436i,13.9520462017172,0,1,
1217,1,460238943,460238943,227565,0.987514812662351,0.983188200513723,0,-1620.59423090528,737.053343167416-4302.26979385008i,0.862120418242902-0.0184116757883618i,0.881834471651879-0.0222244144109723i,14.9209976015265,0,1,
1218,1,460617413,460617413,227565,0.986546739598501,0.925379600679623,0.33,-1633.48866799115,-601.623927128727+4422.86318659609i,0.853185554679847-0.00709838977929354i,0.867349309711372-0.0195888637239695i,14.2701606418196,0,1,
1219,1,460995884,460995884,227565,0.986794160298603,0.938599398477544,-0.29,-1639.88865193061,181.733941888985-4445.10931601167i,0.85522444065669+0.00734347247014183i,0.876312188773038-0.0119511298084231i,14.3815159656802,0,1,
1220,1,461374354,461374354,227565,0.987494985100669,0.965918449748815,0.19,-1619.41426396758,306.184293365698+4397.94971291614i,0.853284076834932-0.0348564529372845i,0.869744652665268-0.0340551253944234i,14.4617061653738,0,1,
1221,1,461752825,461752825,227565,0.986262070802197,0.911945931848516,-0.37,-1634.68269006483,-670.245713748936-4425.06136817902i,0.852635482319511-0.0147751116212262i,0.866549592682012-0.0252520811438715i,14.2027973012188,0,1,
1222,1,462131296,462131296,227565,0.986546286964362,0.866953003513757,-0.47,-1634.88094207046,2115.63363561343+3964.15335298165i,0.850928006604397-0.0229992031281058i,0.872046057252318-0.033304908221034i,14.1457132244225,0,1,
1223,1,462509766,462509766,227565,0.985705588886504,0.882059637660382,-0.44,-1652.12035016083,-1685.40495744899-4159.67721247834i,0.850987160876864-9.78756529683081e-05i,0.873177116928809-0.029571003232244i,14.1255624863929,0,1,
1224,1,462888236,462888236,227565,0.986424595465499,0.870432080344455,0.46,-1660.3407655535,2786.44446991543+3519.35119675949i,0.850525304057036-0.00506073724226825i,0.865471576854376-0.0279715082214803i,14.1211499794283,0,1,
1225,1,463266707,463266707,227565,0.987434439843499,0.980105034253776,-0.0899999999999999,-1638.62684250447,-3160.97270640472-3024.45226320824i,0.857742604638646-0.0433178468701193i,0.872088263365535-0.0374177948540195i,14.67195942206,0,1,
1226,1,463645177,463645177,227565,0.987471039848884,0.979146035790165,0.0799999999999999,-1627.34742429629,3139.36390460892+3040.61089434113i,0.857431570671337-0.0328632867446321i,0.880882176353185-0.0407687782941732i,14.6855089572074,0,1,
1227,1,464023648,464023648,227565,0.986011075626953,0.865806562844327,-0.47,-1632.762864302,-3555.47342630562-2741.57545965123i,0.851040216565313-0.0326859078159255i,0.86456054729823-0.0342863804847162i,14.0944393938485,0,1,
1228,1,464402118,464402118,227565,0.98734595113328,0.982464882054684,0,-1661.39797214301,3691.7665676517+2321.80438710869i,0.859679887057773+0.00220825438081433i,0.880775557001678-0.0234154525070429i,14.7811842708976,0,1,
1229,1,464780589,464780589,227565,0.988033050116704,0.976439879667582,-0.12,-1622.44926341633,-4312.45053082064-774.849605256076i,0.858739591489223-0.0236454160297082i,0.880677676981357-0.0221883923544543i,14.747288919194,0,1,
1230,1,465159059,465159059,227565,0.986797116498031,0.915661412453971,0.36,-1637.10673054669,4454.60609131476+389.622211458381i,0.851102366717304-0.00419509969052311i,0.868323180186904-0.0193071283035288i,14.2219212191428,0,1,
1231,1,465537529,465537529,227565,0.986367067491333,0.904299391835934,0.39,-1640.11995371493,-4420.41934353252-727.166042408854i,0.851004185724203-0.0140355239797039i,0.865690959373271-0.0452306792604145i,14.1627634603011,0,1,
1232,1,465916000,465916000,227565,0.987018485832802,0.970011539458535,0.16,-1614.70310746238,4376.16161193592-425.024310604278i,0.855958625415243-0.0114473891867583i,0.875376469055344-0.059091193916132i,14.5332652717837,0,1,
1233,1,466294470,466294470,227565,0.985790550336432,0.883017724045936,0.43,-1637.528577156,-4465.08912388929+438.393385560685i,0.84923045251928-0.0392275565132678i,0.87405712802933-0.046094420334713i,14.1435516648752,0,1,
1234,1,466672941,466672941,227565,0.987322820872338,0.975558215792605,-0.12,-1632.40958199305,4252.98091398499-1062.79504460708i,0.859732163874057-0.0141440864827967i,0.871886066480119-0.0556381022333158i,14.6559727624723,0,1,
1235,1,467051412,467051412,227565,0.986427330071698,0.918329781933064,-0.35,-1618.88316902507,-3916.96100042955+2155.4144158184i,0.85305664065494-0.0324039871463675i,0.872835100884685-0.044308637734377i,14.3261249881143,0,1,
1236,1,467429882,467429882,227565,0.986969368940788,0.949391785181534,0.25,-1652.85817417518,3529.17883893366-2681.21716786378i,0.853319116870279+0.0257439558768757i,0.869797189320816+0.00259756291668872i,14.3743903108502,0,1,
1237,1,467808352,467808352,227565,0.986017322461882,0.86973567260972,0.46,-1625.52450408965,-3565.4278798838+2731.14912772236i,0.848980472231087-0.0424973963222642i,0.86427128858333-0.050188074767242i,14.0857055433005,0,1,
1238,1,468186823,468186823,227565,0.987701073299069,0.969417571763447,0.18,-1645.76403616056,2808.48058892611-3393.51263439253i,0.856066022148286-0.0146543883811574i,0.878757876197825-0.0294176372323279i,14.5762015185698,0,1,
1239,1,468565293,468565294,227565,0.985946956604686,0.963914027765256,0.19,-1646.54201151963,1482.43457487803+4133.36365841575i,0.844431128862454-0.0462148143804022i,0.870520092534465-0.0586125390207067i,13.9446383914653,0,1,
1240,1,468943765,468943765,227565,0.986193945542571,0.857403910039758,-0.48,-1633.10812199958,1000.44543032486-4379.63414828704i,0.850228493425448-0.0310224193786468i,0.864250400494141-0.0485291193784125i,14.1715507472551,0,1,
1241,1,469322235,469322235,227565,0.9875689078971,0.98274969793092,0,-1633.81077969598,-512.171449790209+4332.91952863388i,0.861726282953097-0.015378152690301i,0.87438491960519-0.0268263760223543i,14.7634700258033,0,1,
1242,1,469700705,469700705,227565,0.985765086333665,0.876905098580574,0.45,-1629.23680347548,-112.594635050585-4488.11989614702i,0.850978265156834-0.00467223670710851i,0.873203643249557-0.0332032802334223i,14.1413326092311,0,1,
1243,1,470079176,470079176,227565,0.985785888844752,0.892899386804297,-0.41,-1638.03989851059,-91.1226265379172+4483.69390425792i,0.852253936044734-0.00859791695489052i,0.866534652798648-0.0189677573498754i,14.1525506872625,0,1,
1244,1,470457646,470457646,227565,0.987854531238787,0.981071003914613,0.0599999999999999,-1660.07045877932,-266.881671583252-4361.26493126165i,0.85971799117787-0.0142623857893561i,0.879556547227847-0.0220495088017152i,14.724477002929,0,1,
1245,1,470836117,470836117,227565,0.985732797930093,0.858665848957395,-0.48,-1635.13503254146,955.722581306135+4391.48111631539i,0.849648349327648-0.0312541538142238i,0.872924043749451-0.0439827272521928i,14.1404437076844,0,1,
1246,1,471214587,471214587,227565,0.985108876034001,0.889467211002364,0.42,-1616.8449915477,-2327.66869468436-3833.90350588622i,0.850515560330124-0.0298375675193376i,0.863396449212224-0.0662810420717229i,14.1318665616015,0,1,
1247,1,471593058,471593058,227565,0.987589901732336,0.973942684107046,-0.14,-1622.03940264527,2589.03877016735+3547.51767219336i,0.857989436606353-0.00654032232910009i,0.87909322905316-0.0333509152056159i,14.7780379520209,0,1,
1248,1,471971528,471971528,227565,0.981309483025566,0.961615387426166,0.17,-1652.54379498461,-4346.70414926835-358.196768471179i,0.839014576686408-0.0141797348927024i,0.859828968911038-0.018382322805069i,13.0244410971144,0,1,
1249,1,472349999,472349998,227565,0.986278655143962,0.85505329880163,0.49,-1634.60804625227,2972.12448557543+3370.438899223i,0.850368502958876-0.0152054306442997i,0.865124398665419-0.016253069575461i,14.0985851617445,0,1,
1250,1,472728469,472728469,227565,0.987813303412446,0.982464292929745,-0.0499999999999999,-1625.51149035418,-3264.40049642789-2902.6763144489i,0.860017440150623-0.0275617133192975i,0.879348617560619-0.0306603118855765i,14.8223912319795,0,1,
1251,1,473106939,473106939,227565,0.986019209575714,0.89084924883531,0.42,-1644.62088834385,3583.85115705094+2696.64004728435i,0.851013130868085-0.0330200548419337i,0.867105672322037-0.0389776158773732i,14.0953041787069,0,1,
1252,1,473485410,473485410,227565,0.987116176812669,0.972730694859817,-0.14,-1627.32267279587,-3857.66704780208-2095.56321749429i,0.857598448321263-0.00383678658578928i,0.878384610623832-0.0444736385245795i,14.6728479212276,0,1,
1253,1,473863881,473863881,227565,0.987437674479959,0.95192839803959,-0.25,-1629.02632063284,4313.23158290141+1029.65374065017i,0.856310539756261-0.0193719588557194i,0.876069818267427-0.0294311473874783i,14.539136313602,0,1,
1254,1,474242351,474242351,227565,0.982069846546815,0.968044094481059,0.14,-1639.43550856121,-4173.7935318659-1251.07118265271i,0.838770159826434-0.0177572529456441i,0.861176648011245-0.0356814223157879i,13.1164604980206,0,1,
1255,1,474620822,474620822,227565,0.987132864178258,0.92769208816354,-0.32,-1652.74679935638,4459.42081346851+6.81898628272578i,0.854266203762422+0.00277913680566783i,0.867583583504815-0.0157616579061455i,14.3377521563825,0,1,
1256,1,474999292,474999292,227565,0.986890767616058,0.969522909904896,-0.17,-1647.198860451,-4399.8233623356-60.2708326205049i,0.858207734017645-0.0132666467076789i,0.878066065209806-0.0174656330577085i,14.6259919417608,0,1,
1257,1,475377762,475377762,227565,0.986823516451921,0.931564463245866,0.31,-1621.38351524896,4421.07145905856-543.246746951643i,0.850511924543796-0.0165271631322261i,0.874417481717121-0.0416677319224857i,14.2224115514475,0,1,
1258,1,475756233,475756234,227565,0.982113514675525,0.918310053840772,-0.35,-1652.36136821263,-1155.46236034288+4276.88544584549i,0.842150326288654-0.0220099550082029i,0.862211231279468-0.0205062714066464i,13.320293008948,0,1,
1259,1,476134704,476134704,227565,0.987787668794968,0.982715176435296,-0.0399999999999999,-1639.8792273768,3349.07869916963-2804.01217652346i,0.859755652551162-0.000992917047878829i,0.879977532528135+0.00842732282613846i,14.8152978011972,0,1,
1260,1,476513174,476513174,227565,0.987530521493396,0.975350822007269,0.13,-1634.10164730806,-3443.52137946162+2718.79728581146i,0.857949642616723-0.00833439487024223i,0.873108500540463-0.0218571813858294i,14.6739198964239,0,1,
1261,1,476891645,476891645,227565,0.987007262692901,0.967209186578114,-0.18,-1657.76594010125,2858.35278660242-3353.36907167625i,0.856132003712714-0.0283862112970725i,0.871487063320397-0.0596760073621886i,14.517741128847,0,1,
1262,1,477270115,477270115,227565,0.987463333893147,0.981970336089454,0.0499999999999999,-1656.32627378716,-2773.72841300088+3374.98150654643i,0.859395762133695-0.00892421524713698i,0.881898600783173-0.0154627187852841i,14.7023623319148,0,1,
1263,1,477648586,477648586,227565,0.987618526217357,0.980441721005866,-0.0699999999999999,-1651.78895086493,1403.02227854921-4141.26745454811i,0.859867115000402+0.00830250855021499i,0.873009822128288-0.000138541511829916i,14.7122197005377,0,1,
1264,1,478027056,478027056,227565,0.987597289141907,0.982064449513068,0,-1632.45452672295,-1750.36418017533+3993.36174488967i,0.85631967793107-0.0231858445535808i,0.881469042987221-0.0440167162104107i,14.441990942101,0,1,
1265,1,478405526,478405526,227565,0.985637377059218,0.88351643538885,0.43,-1645.7038777185,1383.51474665849-4268.55251619923i,0.850775092373704-0.011119103155597i,0.873794940095905-0.0148290338406168i,14.1416412959195,0,1,
1266,1,478783997,478783997,227565,0.987737906404769,0.983434833173821,0,-1629.23144904585,-502.766146141582+4333.84658914056i,0.858092117743455-0.0125649308592762i,0.872927461886898-0.0355189784035753i,14.5527944707999,0,1,
1267,1,479162468,479162468,227565,0.986897539021806,0.95509538804462,-0.23,-1641.15642087368,-587.61127099912-4387.09319618673i,0.857350636118076-0.0292598789366754i,0.878752158312981-0.0282571972669586i,14.5769954264519,0,1,
1268,1,479540938,479540938,227565,0.987819294666012,0.980703775692089,-0.0699999999999999,-1649.69352037779,464.29638725278+4348.71384572643i,0.858366002787683-0.0153509188458331i,0.872796049766059-0.0372793072958113i,14.6953986879601,0,1,
1269,1,479919409,479919409,227565,0.986964713316686,0.934307086149909,-0.31,-1617.57070421766,-1685.08416681463-4125.29455064605i,0.854333048430087-0.0184529070758309i,0.866856220676648-0.040199079804029i,14.3588943936487,0,1,
1270,1,480297879,480297879,227565,0.98738722098269,0.972494268349807,-0.15,-1630.961548461,1538.16985386336+4117.27590485722i,0.858911753235-0.0341992860361913i,0.878257324320007-0.0646056549902067i,14.5957516623671,0,1,
1271,1,480676350,480676350,227565,0.98651074715244,0.90593683250074,-0.38,-1632.38090450655,-2640.58186650408-3617.11338216706i,0.852232575832207-0.0458456215175777i,0.871792915037388-0.0502932922700841i,14.2374485156315,0,1,
1272,1,481054820,481054820,227565,0.987572298350793,0.958052735927101,0.22,-1674.04914112228,3109.77953508501+3142.91122183883i,0.853274767778246+0.0210864403873876i,0.868586587842894-0.0216504071417683i,14.4356337471323,0,1,
1273,1,481433290,481433290,227565,0.985940309743157,0.908744107483838,0.37,-1658.14071957719,-3174.30964018503-3154.76523836894i,0.851381998267063-0.00431849951316354i,0.86746273216485-0.0308451865747727i,14.1364842540306,0,1,
1274,1,481811761,481811761,227565,0.987206948481903,0.966570465982718,-0.18,-1613.61111471971,3589.66482683738+2556.96291667089i,0.858854865515047-0.00249741007514985i,0.87885072021729-0.0289520568645465i,14.6839268504073,0,1,
1275,1,482190232,482190232,227565,0.986130171259803,0.896440610862155,-0.41,-1639.7695901298,-4095.4019512498-1834.04767683054i,0.851719601704762-0.016693570129117i,0.866236571035295-0.0395901379153282i,14.1976963274077,0,1,
1276,1,482568702,482568702,227565,0.986212540182576,0.909504279553257,0.37,-1642.32096817146,4418.3729626746+717.282024819386i,0.850691685426185-0.0147607601097822i,0.87288067975498-0.0363301521906787i,14.114567128279,0,1,
1277,1,482947173,482947173,227565,0.986242117864264,0.911936969385487,-0.37,-1622.63580271692,-4445.59591310817-530.942271677321i,0.852401529682191-0.0220251273845123i,0.874503136740157-0.0403747697252986i,14.2480530546919,0,1,
1278,1,483325643,483325643,227565,0.987618468400808,0.983054618633846,0,-1648.49839371172,4351.5622226611+378.845632234271i,0.859620966846239-0.018159719756947i,0.875433279249706-0.0340524294118646i,14.7860406636562,0,1,
1279,1,483704114,483704114,227565,0.987222855563526,0.948661976232353,-0.26,-1604.01799405469,-4348.54657241651+876.311554299885i,0.856795681715889-0.0144662328790837i,0.873699427952043-0.0672100153771762i,14.601094618936,0,1,
1280,1,484082584,484082585,227565,0.980579323145454,0.923732728392322,-0.33,-1650.07701571905,4361.90083986375-629.129088943009i,0.839853693227923-0.0123548213864501i,0.859891852979216-0.0270529349880152i,12.9800759778019,0,1,
1281,1,484461054,484461055,227565,0.983946772211995,0.950756868172624,-0.24,-1649.82651518257,-1513.20835249802+4131.4824890071i,0.844402267495636-0.0357946229800812i,0.863303967779905-0.0449960682534312i,13.6943860540898,0,1,
1282,1,484839525,484839525,227565,0.988230333094031,0.98177466493308,-0.0499999999999999,-1646.80800250484,4006.53660991682-1734.50321953916i,0.860956930358112-0.0238813725506517i,0.8820316184674-0.033919218970309i,14.8998578238643,0,1,
1283,1,485217996,485217996,227565,0.985679815886296,0.865228477344136,-0.47,-1621.50882740238,-3636.3225957752+2629.18722811509i,0.849089509425817-0.0249968514183254i,0.865539640111775-0.0103907408582141i,14.1267636047058,0,1,
1284,1,485596466,485596466,227565,0.98684815956929,0.933004880901371,0.31,-1646.93361322932,2847.33997884335-3417.37340732342i,0.852903029130799+0.0105443963937423i,0.874748825662056-0.00879235653821254i,14.2748229574449,0,1,
1285,1,485974936,485974936,227565,0.98578732101289,0.868312442452986,0.46,-1619.63027224294,-2976.1422017947+3356.88230183117i,0.851270290619125-0.0218018337350496i,0.872485373045706-0.0508798791641527i,14.1635783001811,0,1,
1286,1,486353407,486353407,227565,0.987791068733363,0.980161218932723,-0.0899999999999999,-1644.89369542039,2562.76887274014-3549.23102179683i,0.859983490010962-0.0143267813166484i,0.87401513657588-0.0282096978107977i,14.7250020877386,0,1,
1287,1,486731878,486731878,227565,0.987106062244558,0.961910301779707,-0.2,-1651.52065144837,-1161.79798915672+4259.62679604313i,0.857169827708926-0.0283991971404103i,0.871588113945826-0.0344136408090483i,14.5857335714108,0,1,
1288,1,487110348,487110348,227565,0.987409706563479,0.942470861523915,0.28,-1621.90128538785,532.204011121121-4414.68838122041i,0.853112669898776-0.020708769407256i,0.87302361658217-0.0321963708586855i,14.3773183246455,0,1,
1289,1,487488819,487488819,227565,0.987195870539389,0.944720360691737,-0.28,-1619.08972041515,-73.8610181835382+4447.65745430773i,0.855557648941097-0.0228823416726621i,0.875375278339193-0.0433762267286254i,14.501365525068,0,1,
1290,1,487867289,487867289,227565,0.987671347075061,0.976765113253332,-0.12,-1657.00439715604,567.010117444083-4350.64206015794i,0.859665048048463-0.038924530396109i,0.873972653520178-0.0133394129786654i,14.6501428067486,0,1,
1291,1,488245759,488245759,227565,0.98543498597792,0.913366254832213,0.36,-1646.85992153094,87.5668865133499+4473.4778206017i,0.850894274915093+2.85811106134783e-05i,0.873106889891339-0.0257627347904129i,14.2154670397293,0,1,
1292,1,488624230,488624230,227565,0.987915797655958,0.975011268210957,0.13,-1650.53881887812,-1239.22565521424-4211.49083137965i,0.8582228668461-0.0184231041976337i,0.872394277463389-0.0111706198771162i,14.6418881423569,0,1,
1293,1,489002701,489002701,227565,0.986633123776507,0.933016087955238,-0.31,-1641.13184378292,1911.71142339912+4028.67500310009i,0.855941754991801+0.0129002435411942i,0.868258842145638-0.0532324525912623i,14.3982536249698,0,1,
1294,1,489381171,489381171,227565,0.987376329709335,0.967939217994576,0.17,-1634.85426028963,-2374.91112925241-3709.09630255983i,0.855479169647195-0.0261472531405563i,0.878084634151309-0.0322747970872277i,14.5994526652623,0,1,
1295,1,489759642,489759642,227565,0.986288787331382,0.906693409675175,-0.38,-1641.31569021653,2889.65179928348+3425.23048859249i,0.852933889774557+0.00347211161193015i,0.873940747342-0.0375494999998199i,14.2700925218024,0,1,
1296,1,490138112,490138112,227565,0.985524240425427,0.899053091875814,0.4,-1643.02917881448,-3671.48444945956-2552.4643459745i,0.847697943304517-0.021072459083327i,0.864057202672123-0.0424851401935532i,13.8544624706648,0,1,
1297,1,490516582,490516582,227565,0.986743507735649,0.950110350736601,0.25,-1633.47577268126,3222.94070344612+3044.96175217403i,0.851231430288137-0.0131740317408358i,0.868547747396747-0.045659290207298i,14.3278216017385,0,1,
1298,1,490895053,490895053,227565,0.987527951179023,0.973253227497367,0.14,-1662.58341041316,-3867.94221698358-2080.85219822469i,0.857596922700586-0.00112094505264346i,0.879194655122988-0.0284567470069494i,14.5099336649833,0,1,
1299,1,491273523,491273523,227565,0.986582735534208,0.957534561306065,0.22,-1643.14816433561,3863.65837588683+2139.66943079463i,0.853241473248548-0.0131110812346733i,0.868268739694974-0.00888224432079576i,14.3242570170528,0,1,
1300,1,491651994,491651994,227565,0.987801068934878,0.981431298215598,0.0599999999999999,-1637.45171178276,-4283.66168291887-863.648914533992i,0.858568482948205-0.0062403475681709i,0.879529934542229-0.020907953579755i,14.6573383517313,0,1,
1301,1,492030465,492030465,227565,0.986174196683866,0.859360649515962,-0.48,-1654.10348302594,4482.65054458778+343.894410446105i,0.851354433137523-0.00409909477635454i,0.873319169242157-0.0326582925664677i,14.1369244352368,0,1,
1302,1,492408935,492408935,227565,0.987506822845488,0.982771862563435,0,-1631.58228650183,-4358.17550893943+269.063053932995i,0.862535464288461-0.0181406064102051i,0.8748639610692-0.0186551843494415i,14.7205970036413,0,1,
1303,1,492787405,492787405,227565,0.985880980311523,0.876815725505725,0.45,-1633.66045015715,4442.3653888004-669.02372796227i,0.850050079350402-0.00407933565859272i,0.864516581457159-0.0367621381629529i,14.1210203610974,0,1,
1304,1,493165876,493165876,227565,0.986767303965384,0.939073780273317,-0.29,-1642.19741995232,-4395.94124066696+699.50939926938i,0.855324649591823-0.0278731419283671i,0.875723263300961-0.030996729137641i,14.5001636939971,0,1,
1305,1,493544347,493544347,227565,0.98694612097572,0.959159510634151,-0.22,-1637.01407468437,3751.19475983086-2346.62343600085i,0.855256941118342-0.0175159357289122i,0.877404109869646-0.0309249230923928i,14.546807198102,0,1,
1306,1,493922817,493922817,227565,0.987135009214112,0.946807935046946,0.27,-1652.73759124724,-3595.88907139907+2609.03066872839i,0.85360157630107-0.00725591916488472i,0.870129741629684-0.0115533472123566i,14.3111819037867,0,1,
1307,1,494301287,494301287,227565,0.986718615368956,0.891474197084428,0.42,-1613.76192743525,3581.83187213339-2707.8831230911i,0.850398146979664-0.0410011060085861i,0.871132160485215-0.0667991437639768i,14.21486791809,0,1,
1308,1,494679758,494679758,227565,0.987474208257262,0.973091350454507,-0.14,-1645.97379787019,-3283.57996958033+2918.60917854714i,0.858396369829611-0.00493244894322825i,0.873084572461958-0.0300694795057009i,14.6402485687485,0,1,
1309,1,495058229,495058229,227565,0.98663137776826,0.912621140010807,-0.37,-1624.94969417411,2529.39272990616-3693.91345911075i,0.854005300235353-0.0341926692104028i,0.866574881137139-0.0399811559439506i,14.2215547199281,0,1,
1310,1,495436699,495436699,227565,0.987481356837806,0.953506833669743,0.24,-1631.2345827265,-1698.51802829942+4093.00708938996i,0.855510918574169-0.00704416117327532i,0.875353322108225-0.0423084673847535i,14.4455291729403,0,1,
1311,1,495815170,495815170,227565,0.985055162611391,0.906120735941239,-0.38,-1650.48691136038,1349.87399808117-4270.44103681702i,0.85190999337938-0.0432327402474265i,0.867295037587004-0.0330391502486651i,14.1650077689702,0,1,
1312,1,496193640,496193640,227565,0.987531706127879,0.969590592478245,0.16,-1643.25769211969,-722.632397641822+4339.78137232677i,0.856885959584848+0.00238294967459898i,0.878033615672084-0.0284538588592195i,14.6287969588028,0,1,
1313,1,496572110,496572110,227565,0.987177163035189,0.963433036064768,0.19,-1647.39494009021,1023.57707101658-4290.83039774074i,0.856672678330919-0.00387855294619778i,0.879524084351615-0.0199218190163205i,14.5964250913753,0,1,
1314,1,496950581,496950581,227565,0.987673647883206,0.961957115309972,0.21,-1603.04735179072,778.660545598179+4350.14594080232i,0.854863857369606-0.0130240031077518i,0.869399279182316-0.0396059665788885i,14.5475316987244,0,1,
1315,1,497329051,497329051,227565,0.986991505046278,0.953335361928817,0.24,-1630.56886897596,-336.305384793233-4418.10832019153i,0.854992369054358-0.00611169666328965i,0.874985260804435-0.0332951484025849i,14.4363382603224,0,1,
1316,1,497707522,497707522,227565,0.986490125945974,0.928553403530308,-0.32,-1627.14195713005,869.614237368216+4376.4329444217i,0.854904772355848+0.013013456603164i,0.868323868860789-0.0442339750575559i,14.3924155059922,0,1,
1317,1,498085993,498085993,227565,0.985811095752724,0.887397715633645,-0.42,-1625.28180618552,-2144.98731028026-3945.94426289694i,0.848329192799313-0.0496965540948475i,0.866997742166829-0.0465616615964971i,14.2210580766542,0,1,
1318,1,498464463,498464463,227565,0.987826740255749,0.981369570104476,0.0399999999999999,-1644.95746533201,2462.28480121372+3609.47568586553i,0.858447511224715-0.0139390101445493i,0.882139659275937-0.0168075945344724i,14.7709584141924,0,1,
1319,1,498842934,498842934,227565,0.985640644572987,0.851486325882162,-0.5,-1638.95046987459,-3030.29045590575-3320.39647927816i,0.85035141349657-0.0174664405551693i,0.871258421102816-0.0461091553025898i,14.1704570481487,0,1,
1320,1,499221404,499221404,227565,0.986904703014905,0.942878016213834,0.28,-1653.05382005341,3715.01886177508+2444.80995929779i,0.853586482292079+0.009486298079839i,0.869048036583863+0.0179821082212953i,14.3856502681238,0,1,
1321,1,499599874,499599874,227565,0.986960139446197,0.975869319452861,0.13,-1623.64270981234,-3302.21320573225-2894.00104535363i,0.8567396409695-0.0199417013623097i,0.869025925145848-0.0607024571957957i,14.6583826257968,0,1,
1322,1,499978345,499978345,227565,0.987031777415464,0.960427983129622,0.21,-1618.38366884018,4206.26298615057+1362.64527062087i,0.853548746260656-0.0304516029826373i,0.875747525395873-0.0484940370708362i,14.5927313688872,0,1,
1323,1,500356816,500356816,227565,0.986571016402192,0.971279014819771,-0.15,-1639.0470732166,-4323.2269694523-768.0739027295i,0.852016979772226-0.0424635854873152i,0.867088478609877-0.0757245266238656i,14.3608423337316,0,1,
1324,1,500735286,500735286,227565,0.987975962640295,0.980857348370706,-0.0699999999999999,-1641.39581616018,4293.21829412142+843.995432690057i,0.859614290095727-0.0223040974121292i,0.88124102318378-0.0408586090972433i,14.8194777688584,0,1,
1325,1,501113756,501113756,227565,0.986375295301972,0.896822700901519,0.4,-1615.30823651024,-4482.55616555191-190.176544424016i,0.850411920344484-0.0391051119102784i,0.873525923319585-0.0480437722245864i,14.1770853786175,0,1,
1326,1,501492227,501492227,227565,0.98807296971807,0.967620358133691,0.18,-1644.045166822,4322.10413198575-876.863065239363i,0.855345868559535-0.00946633720045643i,0.871069094022311-0.0183441671333921i,14.6233943510283,0,1,
1327,1,501870698,501870698,227565,0.987164249535111,0.947686236302999,-0.26,-1607.82779314615,-4030.78022499785+1867.23612020641i,0.856985720762449-0.0165800326993186i,0.869918227290101-0.0513096183586375i,14.5394892525552,0,1,
1328,1,502249168,502249168,227565,0.985952497832752,0.918555217751295,-0.35,-1614.53058266953,4302.25235743046-1216.96141814393i,0.854301287011239-0.0378020669626709i,0.870453013280156-0.0727442555581062i,14.3335637681392,0,1,
1329,1,502627639,502627639,227565,0.986449593477169,0.922646816127512,-0.34,-1645.0828823422,-3650.40732399518+2581.82143015039i,0.854183644005172-0.016497461132623i,0.872227243744401-0.0412973328197515i,14.3746601373878,0,1,
1330,1,503006109,503006109,227565,0.987070406548396,0.934164094505684,-0.31,-1642.86712462941,3840.14480601716-2267.21821242889i,0.853543036294625-0.0452578704640728i,0.869235771694075-0.0365043753923537i,14.3299894995934,0,1,
1331,1,503384579,503384579,227565,0.986445574363189,0.937393303162681,0.3,-1649.77113687217,-3428.29131232101+2846.68098248307i,0.852284198858254+0.0192326685226898i,0.875255204415193-0.00706929855242968i,14.3768341370416,0,1,
1332,1,503763050,503763050,227565,0.986471940203524,0.906452066585999,-0.38,-1655.40926943633,3340.47842972504-2986.38008928783i,0.852406434112638-0.0330702848252674i,0.867003482175777-0.0445944854551364i,14.1819315058724,0,1,
1333,1,504141520,504141520,227565,0.986890401566586,0.958811675854501,0.22,-1656.91959762779,-2658.97007051901+3534.50073752239i,0.854732033503228+0.0245014843730886i,0.871443873795426-0.0192644804573637i,14.4400079988087,0,1,
1334,1,504519991,504519991,227565,0.987514826206364,0.976350652467358,0.11,-1626.93495390682,1305.09879384851-4185.84333315987i,0.856908539419005-0.0184395517878674i,0.878263186136251-0.0431934587617994i,14.6500121701045,0,1,
1335,1,504898462,504898462,227565,0.986198695786817,0.88105532283305,-0.44,-1658.42987854069,-1090.72416853521+4358.24273858843i,0.852033823461705+0.0210174236583693i,0.872491009314263+0.00965532530578862i,14.1985497256555,0,1,
1336,1,505276932,505276932,227565,0.986990101092838,0.967318557063538,-0.17,-1656.62533194774,906.302806535776-4310.20131840399i,0.856440893253769-0.0123595254710265i,0.869609867474903-0.0559342331823213i,14.5743044517779,0,1,
1337,1,505655402,505655402,227565,0.986285683940767,0.911122347661082,0.37,-1641.04007973326,-260.289254045484+4466.14029401328i,0.850481723640655-0.0245447012175354i,0.865687902877915-0.040351579794362i,14.1173004211763,0,1,
1338,1,506033873,506033873,227565,0.986795906057486,0.914407488248521,-0.37,-1650.56748111457,123.447251200754-4473.68110037004i,0.854730831944036-0.0106696052117202i,0.874614307511179-0.0223689897399643i,14.2850810504211,0,1,
1339,1,506412343,506412343,227565,0.985822334891512,0.891163264500937,0.42,-1640.37215737849,1085.95416835933+4355.01980474931i,0.851309130355326-0.0422843945422682i,0.866772510435477-0.0410183527612935i,14.1540802994425,0,1,
1340,1,506790814,506790814,227565,0.987187728887342,0.948296594664587,-0.26,-1622.0785123685,-1383.40112271641-4219.27099886176i,0.855131007380634-0.0313238238758476i,0.873335278291444-0.0638298092734563i,14.5135308213985,0,1,
1341,1,507169284,507169284,227565,0.98606146422636,0.920460398720944,0.34,-1643.31114455684,1994.85180653416+3997.40824509513i,0.851859072612351-0.0241533720221037i,0.872919115480231-0.0362188492164683i,14.2601257631173,0,1,
1342,1,507547755,507547755,227565,0.987468301347468,0.979270663580045,-0.0899999999999999,-1639.59432526449,-2642.30587064523-3492.3367970865i,0.859016616077791-0.00744370948918604i,0.875003685365695-0.0235934518567288i,14.7198920794176,0,1,
1343,1,507926226,507926226,227565,0.986283196857244,0.880253072584065,-0.44,-1654.65689701076,3317.91968830159+3028.36506995i,0.847998959500252-0.0637656246079608i,0.870779333445553-0.0490547427925411i,14.1304282451168,0,1,
1344,1,508304696,508304696,227565,0.985852810001504,0.8668618703917,-0.47,-1658.59690453282,-3039.988348381-3310.02117732448i,0.850104019898207-0.00519869727898612i,0.86451066656101-0.0152023022264691i,14.0625112516445,0,1,
1345,1,508683166,508683166,227565,0.986440542905553,0.931414805184057,0.31,-1627.18958033421,3829.63971801179+2276.18442346953i,0.852545627575776-0.0215906487473549i,0.866975007965643-0.0260610623914514i,14.295745403631,0,1,
1346,1,509061637,509061637,227565,0.987373931838485,0.960313542587714,0.21,-1642.5036882934,-4315.84944524052-930.299327140215i,0.85390695824217-0.00988190498626413i,0.876434241680629-0.0263376428835462i,14.5268992104441,0,1,
1347,1,509440107,509440107,227565,0.987346009352509,0.955480127179198,0.24,-1651.40806728403,4223.18894887493+1338.74729704772i,0.853106367197769-0.00906087062717071i,0.869508389471921-0.0269957883956346i,14.4401664579619,0,1,
1348,1,509818578,509818578,227565,0.98662469747205,0.961982641756116,-0.2,-1622.36399105865,-4378.51075247412-566.143090156869i,0.857507398141877-0.0255186553744963i,0.876045092234715-0.0428130929264689i,14.5599486822331,0,1,
1349,1,510197048,510197048,227565,0.986483918947055,0.940285163343042,0.29,-1661.71175581032,4440.24473259272+301.844148058845i,0.85299717889595-0.00636926247627149i,0.87420479790045-0.0293664927282622i,14.3619051954476,0,1,
1350,1,510575519,510575519,227565,0.986686331560514,0.943536606863487,-0.28,-1644.69188861999,-4436.30015820938+327.795390829928i,0.85686736754738+0.00494957776543564i,0.870265762168321-0.0242253574527845i,14.4582107804148,0,1,
1351,1,510953990,510953990,227565,0.986074387949251,0.905554251557341,-0.38,-1636.02146609458,4147.92083814029-1693.14081747074i,0.853277621507328-0.0170673549168081i,0.866487062286787-0.0412204942623466i,14.2743673427527,0,1,
1352,1,511332460,511332460,227565,0.987428806445008,0.978588946931646,0.0999999999999999,-1638.10497564997,-3823.03466026671+2138.37694751269i,0.8573025828954-0.0165816517885366i,0.879568966789511-0.038068840074101i,14.6602097773212,0,1,
1353,1,511710930,511710930,227565,0.987644746077678,0.975642653429329,0.13,-1647.60165243237,4019.9483298862-1763.06214720938i,0.85686703099555-0.00372692771135982i,0.878598064519265-0.0254735432708848i,14.5730396652318,0,1,
1354,1,512089401,512089401,227565,0.987748157269705,0.983929667631221,0,-1644.6352832198,-3232.75304798104+2932.70053722353i,0.859240613325528+0.0328781736605983i,0.875448290094577-0.0238549612484187i,14.6200757460147,0,1,
1355,1,512467871,512467871,227565,0.988023382118269,0.967678609970557,0.18,-1638.18763862726,3398.97707857673-2806.25468853951i,0.856051085698659+0.0111722567754557i,0.878585062132421-0.0397518059892505i,14.5589377065603,0,1,
1356,1,512846342,512846342,227565,0.985561080657301,0.905638833311441,-0.38,-1638.05653398166,-2921.477533544+3398.37993532445i,0.853292463823803-0.0246226519630079i,0.867580436245181-0.0326977054607322i,14.247611933029,0,1,
1357,1,513224812,513224812,227565,0.987042146733914,0.941512643265193,0.28,-1633.01259201886,2304.05541462436-3802.28617794965i,0.851658606368994-0.0282264188316606i,0.86892528616679-0.0275457894103582i,14.2698523958645,0,1,
1358,1,513603283,513603283,227565,0.987706893482351,0.983721744810776,0,-1639.25215324865,-1345.53694747007+4154.99528704572i,0.861902231490244-0.0120178431309047i,0.8809328447105-0.0487204495568402i,14.8841572930018,0,1,
1359,1,513981753,513981753,227565,0.985980796385219,0.877601303189252,0.45,-1664.89546320204,868.755426864929-4408.03476460132i,0.85113505474557-0.0104176330405681i,0.873190035096051-0.0179889330591144i,14.1967881016165,0,1,
1360,1,514360224,514360224,227565,0.987279091209704,0.977517771874998,-0.0999999999999999,-1633.40345133756,-228.758919689662+4374.84691030654i,0.86133361730728-0.0131156979603855i,0.874474140623967-0.0255565952560543i,14.8159985899629,0,1,
1361,1,514738694,514738694,227565,0.988007097778823,0.981073683496427,0.0599999999999999,-1629.46768892089,446.506380511762-4348.86023460995i,0.858707625094859-0.0138202286223967i,0.872996101046966-0.0436388542873492i,14.7133551358451,0,1,
1362,1,515117165,515117165,227565,0.985916232655807,0.858185054301088,-0.48,-1638.1519795815,66.5748539251604+4495.56574524579i,0.851907438313835-0.00389219718779219i,0.871772564377054-0.0241162109279077i,14.1248852117859,0,1,
1363,1,515495635,515495635,227565,0.98707017795448,0.982677017828043,0,-1618.02726059732,-705.401929752339-4310.22440586895i,0.860566333150429-0.0305179798108568i,0.874103922134323-0.0395865826617907i,14.8428619393135,0,1,
1364,1,515874105,515874106,227565,0.981615315979896,0.91371466137429,0.36,-1681.86310160312,2275.44715545274+3801.65830968599i,0.839265984203291-0.0131547276451798i,0.866531599004866-0.0525116196378945i,13.1076479457666,0,1,
1365,1,516252576,516252576,227565,0.986720034377397,0.921613417201729,0.34,-1628.8190514988,-2444.17331626199-3740.19871319762i,0.850043506101702-0.037898726905961i,0.874569983048239-0.036926838501974i,14.2807743609791,0,1,
1366,1,516631047,516631047,227565,0.987216675748203,0.959834766138517,-0.21,-1626.94244238003,2876.17532863117+3355.88492444218i,0.85625191007915-0.0244976899731382i,0.871585147825313-0.0519559047010982i,14.6303989835232,0,1,
1367,1,517009517,517009517,227565,0.986476226500887,0.944808936504819,0.27,-1649.27102335607,-3224.10541801192-3056.88697686056i,0.853286845908795-0.0466223027316508i,0.869182707639039-0.0364123854007261i,14.4109540311304,0,1,
1368,1,517387988,517387988,227565,0.987554097602284,0.982686682733836,0,-1639.4291795946,3810.45668427381+2123.63781560948i,0.856172077487151+7.44337265070066e-05i,0.881762048777657-0.0288980355708266i,14.4676099017215,0,1,
1369,1,517766459,517766459,227565,0.985946473659669,0.901136259268529,-0.39,-1664.49804966314,-4247.99717348829-1435.7346397018i,0.853735500743496+0.0127249453036964i,0.874511964563703-0.00805103666081149i,14.255896763579,0,1,
1370,1,518144929,518144929,227565,0.987497488887433,0.980301054696123,-0.0599999999999999,-1638.73480308261,4232.13756180682+1095.18188322818i,0.858945263654836-0.0190072579592036i,0.873925902182146-0.0485221807414212i,14.732604688764,0,1,
1371,1,518523399,518523400,227565,0.983290732980466,0.965131191684338,-0.16,-1618.03143133292,-4376.50422284383+51.8888973615216i,0.843862579538744-0.0486027214074187i,0.869476212633221-0.0575475020363225i,13.6448246397448,0,1,
1372,1,518901870,518901870,227565,0.985392542229754,0.850836513924911,-0.5,-1625.13506888619,4416.97040791534+742.829083546657i,0.851357518905513-0.0379752409953831i,0.865255325539621-0.0300556534843285i,14.0887035296721,0,1,
1373,1,519280340,519280340,227565,0.98758869013342,0.971297126796487,0.16,-1626.09387759355,-4380.20214139968+180.86836163809i,0.856997609976721-0.0190231483061977i,0.872380199574225-0.0476977974097748i,14.5763050019916,0,1,
1374,1,519658811,519658811,227565,0.986029672479092,0.900760165409093,-0.39,-1618.30251355701,4383.15898906591-871.073826692836i,0.854168372023117-0.0191577738172761i,0.87223397009352-0.0577287166592497i,14.3097273898805,0,1,
1375,1,520037282,520037282,227565,0.985783026198206,0.850555187184497,-0.5,-1639.32849361905,-4014.60901090802+1988.61144443771i,0.849431306777052-0.0201933135692174i,0.863778501491103-0.0312225250014708i,14.0513613876552,0,1,
1376,1,520415752,520415752,227565,0.9878342348965,0.982628664782085,-0.0399999999999999,-1649.33745915013,3633.15585813728-2398.95343677123i,0.858888275334501-0.0359785800973524i,0.880918855055951-0.0233673498740926i,14.6967775864614,0,1,
1377,1,520794222,520794222,227565,0.986057261675804,0.883225493686528,0.43,-1633.42588990824,-3357.95957286637+2958.10389930851i,0.850069427878199-0.0195751062150304i,0.873681401058788-0.0290303597925846i,14.1825037649569,0,1,
1378,1,521172693,521172693,227565,0.985664537814488,0.885598764821069,-0.42,-1633.10964011681,3429.49975549277-2874.78209951474i,0.851815232093479-0.0377755062134782i,0.86529055790304-0.031844513882548i,14.2157541416189,0,1,
1379,1,521551163,521551163,227565,0.987707522495154,0.983515191288849,0.0499999999999999,-1625.02726107899,-2925.07186302117+3232.45556851039i,0.860329664504948-0.0178872178859506i,0.88330162171024-0.0290396784524174i,14.6735655651839,0,1,
1380,1,521929634,521929634,227565,0.986433016869016,0.852092618117729,-0.5,-1634.25298419182,2713.65189414028-3586.47884884412i,0.849772856648572-0.00845987886605379i,0.865031904747357-0.0456208006542124i,14.1349573520603,0,1,
1381,1,522308104,522308104,227565,0.988093209166539,0.983282044856739,-0.0399999999999999,-1651.36734265119,-2309.6680065108+3710.60671335298i,0.860238035150635+0.00572390372910263i,0.872814972185618-0.044701905158901i,14.6798845099962,0,1,
1382,1,522686575,522686575,227565,0.987695464612584,0.971104518449434,-0.15,-1631.56638336075,897.356810992969-4306.14497815292i,0.857480196214675-0.00872218113633108i,0.880879581691087-0.034196986048824i,14.7523860296232,0,1,
1383,1,523065045,523065045,227565,0.986725651383958,0.925299097912031,0.33,-1658.9161061608,-584.443086215448+4430.76905431973i,0.849434354356262+0.0209660143827563i,0.874375959025887-0.0148167233428719i,14.2560928845951,0,1,
1384,1,523443516,523443516,227565,0.987203406020434,0.956202331003273,-0.23,-1630.04194446701,-204.316518105141-4425.06122927287i,0.856242849734122-0.0165198586652359i,0.86890605638786-0.0478048558639941i,14.5361864301595,0,1,
1385,1,523821986,523821986,227565,0.988105423343044,0.980778870075758,-0.0699999999999999,-1643.93159926142,20.8228627177752+4375.00808895021i,0.858847431457335-0.00421203062720049i,0.873115020013459-0.0138067366871596i,14.6742473376852,0,1,
1386,1,524200457,524200457,227565,0.981032805510769,0.917619809575074,0.34,-1650.52795350139,-819.100980946585-4342.80749755883i,0.83804078627636+0.00419614725168797i,0.865727665630031-0.0222705143192256i,12.9776131405444,0,1,
1387,1,524578927,524578927,227565,0.987679315941746,0.968788017580457,0.17,-1673.1685434551,1458.12932146125+4156.05081661102i,0.855712506568656-0.0186506233502126i,0.871381508920719-0.0327939608568336i,14.4944160447286,0,1,
1388,1,524957398,524957398,227565,0.986806118418825,0.948226189661092,-0.26,-1611.41868346749,-2575.84721555613-3620.26234446796i,0.85552340897937-0.0293324379172012i,0.874193176579087-0.0725492961418698i,14.4957171853337,0,1,
1389,1,525335869,525335869,227565,0.983165923257721,0.943181265318727,-0.27,-1632.26283293488,3442.22364639255+2761.09385033466i,0.843618404300168-0.0479622266048634i,0.868203131797897-0.0456966606884467i,13.4727760822169,0,1,
1390,1,525714339,525714339,227565,0.986974670308498,0.923139328886467,-0.34,-1639.94364129901,-3260.01754052829-3059.16291806218i,0.852889799600196-0.00372934908442838i,0.868646907000294-0.0290958554533205i,14.2946622788492,0,1,
1391,1,526092809,526092809,227565,0.986299790347465,0.876859347229814,0.45,-1637.28868542905,3984.98342531207+2081.68049135998i,0.850111249324751+0.0207097309786077i,0.871762281777552-0.0237357267846558i,14.1591691336472,0,1,
1392,1,526471280,526471280,227565,0.987307105551366,0.982703858845359,0,-1614.45807942289,-4162.62462393406-1310.889030203i,0.855831624174941-0.0494106976632037i,0.872374886576444-0.0561554306310079i,14.4574436577801,0,1,
1393,1,526849751,526849750,227565,0.986131295682009,0.855510610450491,0.49,-1632.66273288045,4439.00974818546+733.012528962365i,0.850312999062881+0.0148322601504881i,0.865511324149883-0.0336109955004615i,14.1510088023741,0,1,
1394,1,527228221,527228221,227565,0.988191449154758,0.982659934378936,-0.0599999999999999,-1640.72439194406,-4358.58499081198-377.161800889279i,0.859194630965663-0.00485828569079881i,0.879547546474664-0.0314635575647815i,14.7910462098633,0,1,
1395,1,527606691,527606691,227565,0.987573660605432,0.977607571109146,0.11,-1603.46975508817,4362.71626118913+419.748828098589i,0.856181740892042-0.0356385874601832i,0.868532431163028-0.0499443010119997i,14.7034761607839,0,1,
1396,1,527985162,527985162,227565,0.986155299275087,0.879810667679187,-0.44,-1612.36299871431,-4478.3965979704+97.5665138750473i,0.850363120047886-0.054621557610732i,0.870181952828948-0.0657130597877085i,14.1718557824731,0,1,
1397,1,528363632,528363632,227565,0.986472502830251,0.92080869560752,0.34,-1663.7460345304,4342.25972746319-1009.93263484067i,0.849829677235182+0.0204328025069811i,0.875751495265386+0.000515475749603256i,14.2757612902731,0,1,
1398,1,528742102,528742102,227565,0.986445413188155,0.909250680855917,0.37,-1632.518803614,-4391.18680741548+807.27801039809i,0.85142214653744-0.0369518660140607i,0.865026958856257-0.057921764052282i,14.1534739901727,0,1,
1399,1,529120573,529120573,227565,0.986341172877759,0.902630037733089,0.39,-1628.55348272922,3737.64457804009-2458.90452297598i,0.852301245497936-0.0178658517542381i,0.864027210235965-0.0519200195852498i,14.2690494230807,0,1,
1400,1,529499044,529499044,227565,0.987485928690931,0.96948725876583,-0.17,-1622.24854983977,-3402.21163139724+2781.78807762648i,0.856096045044621-0.0247206775981892i,0.878167575374389-0.0504400260050347i,14.607182340176,0,1,
1401,1,529877515,529877514,227565,0.985454764405924,0.854426717263972,0.49,-1626.94050870519,2873.05382721762-3447.37917929361i,0.850180423582833-0.0466765546115981i,0.870849554782242-0.0571995452751857i,14.1918961589285,0,1,
1402,1,530255984,530255985,227565,0.986974959277046,0.971408837216007,0.16,-1658.49135220359,-2261.23530659293+3761.28346705397i,0.851389424534154-0.0150047786346718i,0.869296224385957-0.0233282944445713i,14.3247875730092,0,1,
1403,1,530634455,530634455,227565,0.987886803537736,0.979179171165427,-0.0899999999999999,-1625.84266874467,2705.1470007597-3442.10335334078i,0.859714366135772-0.0169004780365369i,0.881580308518557-0.000545816673915253i,14.7298478728216,0,1,
1404,1,531012926,531012926,227565,0.987246673318013,0.98259465911733,0,-1630.24562660008,-1207.79664269502+4197.00820627861i,0.860342012918927-0.0184071596907033i,0.875196721753713-0.0248100320023174i,14.7718304496699,0,1,
1405,1,531391396,531391396,227565,0.986864184582115,0.940707576023729,0.28,-1614.15194677021,1050.54317487134-4322.67536293884i,0.851590647832261-0.0175184975783996i,0.867241008983312-0.0333617138271637i,14.3224565943407,0,1,
1406,1,531769867,531769867,227565,0.987572818952976,0.978430669155633,-0.0899999999999999,-1665.60796666123,-330.154041809622+4367.03218782813i,0.859742651475276-0.00655509433625692i,0.880608898910882-0.00356582262618675i,14.6960552748356,0,1,
1407,1,532148337,532148337,227565,0.987202293456794,0.96048564684454,0.21,-1634.34157317354,68.9710077008076-4420.60842880698i,0.855908830121547-0.010490827034827i,0.869041196555252-0.0152583307642482i,14.4896673096053,0,1,
1408,1,532526808,532526808,227565,0.987859430046822,0.981946636133871,-0.0399999999999999,-1636.90597475273,1095.44461184299+4228.96550738563i,0.859772439052154-0.00284492506754912i,0.880936401191909-0.0428945084517008i,14.7687970159525,0,1,
1409,1,532905278,532905279,227565,0.984137831506116,0.905273863784407,-0.38,-1646.83055435398,-1661.02400745737-4139.03133618922i,0.846704821279665-0.0520334853745753i,0.869166386148866-0.0171213208509976i,13.8039792065386,0,1,
1410,1,533283749,533283749,227565,0.98766618799574,0.982855743778667,0,-1624.48851013452,2163.92135767159+3791.0368511384i,0.85807230801279-0.000176190622693173i,0.873034373355961-0.0491120997419508i,14.6451214151395,0,1,
1411,1,533662220,533662219,227565,0.986559310625708,0.862589023680042,0.48,-1657.63540129337,-2569.78854449887-3690.37415990337i,0.851329622047443-0.0101207289134359i,0.874007261670732-0.0240833012659389i,14.2007672238871,0,1,
1412,1,534040690,534040690,227565,0.986089558755334,0.906454099198058,-0.38,-1629.81107045872,2509.22738094124+3713.01794486589i,0.852154069019848-0.0312626129518934i,0.866276561469723-0.0481326038756587i,14.2196805062864,0,1,
1413,1,534419160,534419160,227565,0.987762675182384,0.978781893417564,0.0999999999999999,-1647.64399418284,-2876.71258531621-3304.38036490743i,0.85825166501651-0.0233267930099698i,0.871887341239564-0.0332352343124059i,14.6662307170281,0,1,
1414,1,534797631,534797631,227565,0.987472036225937,0.971648035643071,-0.15,-1633.22244406484,3760.88079096053+2280.78683318928i,0.857552311850889-0.0336476953163001i,0.879430560329576-0.0407950554493422i,14.7667465894011,0,1,
1415,1,535176101,535176101,227565,0.987749024561099,0.984498919837641,0,-1627.9270377371,-3574.73104504983-2506.42874897393i,0.856977515251514-0.0178620735083453i,0.877943150316567-0.0696847275881453i,14.6672952234044,0,1,
1416,1,535554572,535554572,227565,0.987750830722515,0.978118453238657,-0.0999999999999999,-1661.64859175773,4212.72324667341+1206.02747013477i,0.859620230401607+0.00764220616886049i,0.873611222423855-0.0130553327494901i,14.7628677007265,0,1,
1417,1,535933042,535933042,227565,0.986525008072725,0.910330903669916,0.37,-1607.96682670747,-4437.93722123667-595.889193273966i,0.850862940885856+0.000772538054061141i,0.86646405724041-0.0326824637227973i,14.241776164011,0,1,
1418,1,536311512,536311512,227565,0.986322327991373,0.897205663287381,0.4,-1645.61738575777,4329.25088047512+1163.50798053677i,0.85127488806708-0.00193775125091347i,0.873301265342575-0.0192174963693762i,14.1395319453097,0,1,
1419,1,536689983,536689983,227565,0.98704327976018,0.982105343649819,0,-1640.67136897965,-4365.93404777814-96.1847311514557i,0.862704625766164-0.0136909688619602i,0.873956876160994-0.0354777561436612i,14.8296537852825,0,1,
1420,1,537068453,537068453,227565,0.985522959509284,0.8760141160977,0.45,-1664.72309029792,4490.87974567007-167.464829628216i,0.849477234113726-0.016180273750323i,0.873066264681303-0.0267152469665181i,14.0929846872568,0,1,
1421,1,537446924,537446924,227565,0.987178097472312,0.977636373451903,-0.11,-1660.28689427808,-4334.50484229891+662.902864992135i,0.857955439345904-0.00128546384357144i,0.879557835953165-0.0325423313734995i,14.7471835644518,0,1,
1422,1,537825395,537825395,227565,0.986547036018268,0.95825150611697,-0.22,-1635.76361306294,3882.64677574386-2122.91402984039i,0.856225576892137-0.00748403028484953i,0.870441246949894-0.0394436012357132i,14.5683666410641,0,1,
1423,1,538203865,538203865,227565,0.987134066992863,0.945539563465135,0.27,-1615.62763701375,-3634.53099340929+2555.3531567864i,0.853557930766148-0.0250497126414392i,0.868829527650708-0.0317313369439512i,14.3784609338294,0,1,
1424,1,538582336,538582336,227565,0.98726052182837,0.939322443048624,-0.29,-1647.6040954443,3364.78534239071-2915.11468575271i,0.85443799312028+0.00660064802476731i,0.877238866998314-0.0155226069724897i,14.4924084148333,0,1,
1425,1,538960806,538960806,227565,0.986300093083013,0.88585933405912,0.43,-1631.04914910108,-2564.05580041503+3686.16334943512i,0.848752809173005-0.00282147830348479i,0.873001600071339-0.0294653155976161i,14.1740688640195,0,1,
1426,1,539339276,539339276,227565,0.986597107468516,0.921045804115203,0.34,-1612.26444026488,2953.74197571102-3350.25591408582i,0.85182720076927-0.000384439538848014i,0.867062395621683-0.0171916057821013i,14.1712141580927,0,1,
1427,1,539717747,539717747,227565,0.987632053286838,0.958920397447176,-0.22,-1638.12492735389,-2685.93391434521+3513.14459487843i,0.85777963198946-0.0198456169470137i,0.876433539126518-0.0445994251061082i,14.6464760468333,0,1,
1428,1,540096217,540096218,227565,0.987335522488804,0.983710059250641,0,-1669.86735656012,851.962078894017-4279.77381787609i,0.854072078168001-0.0132457737231307i,0.871189133270172-0.00232199384541983i,14.530980794798,0,1,
1429,1,540474688,540474688,227565,0.987620742562854,0.970061517775541,0.16,-1643.15342554442,-938.981612944922+4299.06657663949i,0.856080271697407-0.0023007233723547i,0.874733848902811-0.00397612655128147i,14.6626873246495,0,1,
1430,1,540853159,540853159,227565,0.98588780633841,0.899389020611402,-0.4,-1617.86029643691,353.929666491876-4472.11398220367i,0.851210611757712-0.0286131537164908i,0.871754279119326-0.0410695313648128i,14.1938764801432,0,1,
1431,1,541231629,541231629,227565,0.98621122825568,0.904731424515596,0.39,-1632.30341514506,731.912495607676+4422.69867800923i,0.85053712145224-0.0312808129674916i,0.871895633967989-0.0495602308508147i,14.2383363179632,0,1,
1432,1,541610099,541610100,227565,0.986593774784308,0.9824650516157,0.0399999999999999,-1623.06212272587,-3856.5099772384-2049.75479533966i,0.854134622717287-0.00133577605473029i,0.870475128958543-0.00370664672166875i,14.5240800873835,0,1,
1433,1,541988570,541988570,227565,0.986918034684787,0.93164346830811,0.31,-1667.4094041732,1468.06347181236+4209.385785691i,0.852810718797616+0.0109235802908688i,0.86745902162702+0.00874805467688548i,14.2280375298725,0,1,
1434,1,542367041,542367041,227565,0.988012689421406,0.976392190755127,-0.12,-1618.52515314256,-2437.98833741428-3648.23657445782i,0.8591494894226-0.0419101177550486i,0.878368740502118-0.0527081565528681i,14.7782771657849,0,1,
1435,1,542745511,542745511,227565,0.988119447797308,0.979925548334193,-0.0899999999999999,-1645.98511435612,1968.60851340752+3911.92662932116i,0.858657725656247-0.0168111285438463i,0.873264342464969-0.0211086171009591i,14.6863241856936,0,1,
1436,1,543123982,543123982,227565,0.986069746718261,0.851975108679925,-0.5,-1622.65498763193,-2764.10508116796-3547.1320283459i,0.849963105547155-0.0177646316144431i,0.870976532231164-0.0381348118969597i,14.1184419045647,0,1,
1437,1,543502452,543502453,227565,0.981029464352046,0.903409926572826,-0.38,-1640.1892324369,3760.16574952947+2357.47237466959i,0.841621743236833-0.0332751304780349i,0.867009618043431-0.0292016167941122i,13.2442312559886,0,1,
1438,1,543880922,543880922,227565,0.986213392532704,0.885081047546604,0.43,-1634.70307753645,-3508.82646565112-2802.81991768131i,0.850555614513279-0.0122972057775181i,0.865560126802772-0.0405595754313355i,14.0885658441291,0,1,
1439,1,544259393,544259393,227565,0.987252779842791,0.92790686763738,0.33,-1633.6642925509,4224.3240554216+1449.33557820199i,0.851945708830403-0.028593345511451i,0.874459039656779-0.0276682184285116i,14.3289451005292,0,1,
1440,1,544637863,544637863,227565,0.986108326048341,0.917108160796857,0.36,-1631.28329967447,-4033.37102195341-1940.70481536214i,0.850295693785008-0.0408813099459096i,0.866231539078768-0.0481844677533341i,14.1735635131626,0,1,
1441,1,545016334,545016334,227565,0.987307725272727,0.95168693833702,0.25,-1633.17918975653,4391.61188814962+638.771994564173i,0.852100282331661-0.0176378946158183i,0.86840421993242-0.0423827752906825i,14.467252537318,0,1,
1442,1,545394805,545394805,227565,0.986400733179792,0.933703168941871,-0.31,-1653.16711257151,-4460.29346876211-64.9136144000528i,0.856005230571966-0.000541703698413004i,0.874395808898532-0.0216625824042463i,14.3974017176665,0,1,
1443,1,545773275,545773275,227565,0.987399527648811,0.972165933520563,-0.15,-1632.2890889333,4397.81524766532+49.738934254746i,0.857603344048829-0.021990528827932i,0.872530306074832-0.0374390619092227i,14.6116945444649,0,1,
1444,1,546151745,546151745,227565,0.986876868069586,0.927382909535574,0.33,-1663.26184318725,-4449.49637010809+400.168310118598i,0.850818429940394+0.0244797697873376i,0.873712907061756-0.0160982794900124i,14.2207235358496,0,1,
1445,1,546530216,546530216,227565,0.986689199316689,0.955823540556836,-0.23,-1658.82955651737,4304.30892877381-1045.47871145205i,0.857864431675637-0.00281197437379597i,0.87862150207495-0.0226253647066968i,14.5498841167238,0,1,
1446,1,546908687,546908687,227565,0.986471275720441,0.923378797080335,-0.34,-1655.12384708658,-3772.93843281437+2398.75403728451i,0.854807699308864-0.0136168413046576i,0.866786739110491-0.0130946242855341i,14.3341739522338,0,1,
1447,1,547287157,547287157,227565,0.9873639103032,0.973259650615542,0.15,-1638.44983764609,3336.34078468955-2865.45360663868i,0.857523427954011-0.0180284121551021i,0.87175680274022-0.0215066828820871i,14.5976213265359,0,1,
1448,1,547665628,547665628,227565,0.983537623751801,0.970785346911625,0.13,-1639.41120565313,-2355.84755545079+3676.8217860155i,0.841154854218702-0.00951768307759097i,0.868489404501383-0.0407780578340133i,13.5058237598519,0,1,
1449,1,548044098,548044098,227565,0.986351975490539,0.949174356238956,-0.26,-1624.84711902877,3075.82238762809-3204.27919393974i,0.855487801573783-0.0163056354261566i,0.876323205254785-0.0554737054742666i,14.4834302846407,0,1,
1450,1,548422568,548422568,227565,0.987482836717053,0.956667024951698,0.22,-1633.19962094276,-2738.11411889326+3477.04463114968i,0.855918756020525+0.00876749782555862i,0.872019050808846-0.0150231900265883i,14.4763349240307,0,1,
1451,1,548801039,548801040,227565,0.982445739984803,0.874725098991613,-0.45,-1642.83167827144,-2270.74930200597-3834.44740176732i,0.841521320978976-0.0262351947442156i,0.867087101265764-0.0242771935827269i,13.3284337439119,0,1,
1452,1,549179510,549179510,227565,0.98672277354683,0.928800878582515,-0.32,-1629.60924534575,-877.655356547477+4377.34363861454i,0.855479149149654-0.0147950750264032i,0.867387044714401-0.0454800851953711i,14.3661834321082,0,1,
1453,1,549557980,549557980,227565,0.986928375080336,0.982034166412709,0,-1613.25018130934,601.285267668006-4321.39557979481i,0.857033319978145+0.00714403419146434i,0.874155451284826-0.0453921526962398i,14.4822817265994,0,1,
1454,1,549936451,549936450,227565,0.986120636913555,0.854790231476234,0.49,-1634.2799690241,3.65271108941001+4499.09179716146i,0.849638180669224-0.0410293898033409i,0.871755981975787-0.0439694769980178i,14.1660172635839,0,1,
1455,1,550314921,550314921,227565,0.988013394145386,0.981669952690077,-0.0499999999999999,-1607.87551365138,-461.764752946471-4347.87197674571i,0.857952578928307-0.0550155056291046i,0.878519490370461-0.0612980718721897i,14.759071675601,0,1,
1456,1,550693392,550693392,227565,0.987650787461084,0.968832698780874,-0.17,-1624.1053165548,1854.20654354175+3997.82348926044i,0.857728839941785-0.0232923662263252i,0.869386253826391-0.0315040603195477i,14.6545963175482,0,1,
1457,1,551071862,551071862,227565,0.98680454283386,0.93260176727466,0.31,-1634.06321965992,-2328.02129074658-3803.1347031082i,0.850509151520879-0.0300239803068739i,0.865241833888589-0.0497183135010023i,14.207634857473,0,1,
1458,1,551450332,551450332,227565,0.986590625370048,0.921634607088243,0.34,-1640.04230627115,1886.4747419328+4053.42662025929i,0.851248568098832-0.0153197993548643i,0.873648048600412-0.0248909509134641i,14.2337410309153,0,1,
1459,1,551828803,551828803,227565,0.987474374316715,0.959513841557346,-0.22,-1639.96767779686,-2344.2047837256-3753.46142127466i,0.857816074034847-0.00550685503708718i,0.870678810472394-0.0219804373817465i,14.5457105315034,0,1,
1460,1,552207273,552207273,227565,0.986802818608534,0.904304343883798,0.39,-1656.53434709528,2887.17229967938+3431.96901998055i,0.851767221976139-0.00227687320435498i,0.872592032647242-0.021896411558664i,14.1837954876417,0,1,
1461,1,552585744,552585744,227565,0.98775883963958,0.969953350237062,-0.17,-1622.51758195278,-3373.57593381342-2835.22947613323i,0.858492414505501-0.0323922314949669i,0.878236884928203-0.0603831371978152i,14.6772705513712,0,1,
1462,1,552964215,552964214,227565,0.986407370112208,0.856870279361712,0.49,-1647.76806817918,3903.33059608703+2236.86760264565i,0.84902051602518-0.018484748549112i,0.865622130539351-0.0451508105878561i,14.0677300096336,0,1,
1463,1,553342685,553342685,227565,0.988648177152655,0.980416565974023,0.0799999999999999,-1647.01736207842,-4071.46189099179-1615.34177522728i,0.858188581533952-0.00357649524086182i,0.873245474288672-0.013391952577609i,14.7162060276365,0,1,
1464,1,553721156,553721156,227565,0.986071753598039,0.918902710868107,-0.35,-1657.92041441489,4379.92823069046+919.363961672717i,0.853083937691165-0.0239100156601544i,0.874586477597874-0.0164529060375278i,14.298828832001,0,1,
1465,1,554099626,554099626,227565,0.987966414359553,0.983608230703401,0,-1636.43341572398,-4341.46352846804-488.919288913274i,0.858863769469024-0.0141234875470883i,0.880240832170221-0.0281509300128613i,14.7933499937861,0,1,
1466,1,554478096,554478096,227565,0.987390900482738,0.941917363156448,0.28,-1633.37180858182,4428.99818452221+431.639905025507i,0.851838592603808-0.0141593782061553i,0.866950899896666-0.0184156128733387i,14.358109825577,0,1,
1467,1,554856567,554856567,227565,0.987396848089703,0.979884585798088,-0.0899999999999999,-1638.49396351811,-4357.41912445723+448.429442678374i,0.85849714800878+0.00639702321044614i,0.880183615125405-0.00964232044889261i,14.6860316898261,0,1,
1468,1,555235038,555235038,227565,0.986676393164978,0.929522301183112,-0.32,-1641.25634961486,4157.45781648396-1628.45389503845i,0.855747913757718-0.0102554603980928i,0.868801744800204-0.0316022994195302i,14.4156795704378,0,1,
1469,1,555613508,555613508,227565,0.986778861522773,0.918539599972961,-0.35,-1666.9398867716,-4320.08195937442+1162.09205492593i,0.854579732021337-0.014250171253645i,0.867334783783342-0.0343217431928431i,14.3077787158822,0,1,
1470,1,555991978,555991979,227565,0.986143060718991,0.982457319061309,0,-1629.00928771399,3252.79144963727-2899.7825704676i,0.847131333270367-0.0335959188030718i,0.871651696665608-0.0321621036615474i,14.030265560756,0,1,
1471,1,556370449,556370449,227565,0.988058219844458,0.983736141729296,0,-1653.61995487054,-3394.14410691638+2747.82037681358i,0.857668217370591-0.00938217110740614i,0.873748921939875-0.00998768303824164i,14.675624565956,0,1,
1472,1,556748920,556748919,227565,0.985529164342411,0.862284419649844,0.47,-1650.95428088627,3032.67166638216-3318.48600763416i,0.850528024842071-0.013106621149926i,0.87173604783319-0.0453373856401796i,14.08891934073,0,1,
1473,1,557127390,557127390,227565,0.983171901794631,0.96392564055121,0.17,-1649.10755640831,-1884.45131746595+3953.53981223598i,0.842108555891061-0.00412021596087611i,0.868917087624592-0.0263529554520859i,13.5076973901859,0,1,
1474,1,557505860,557505861,227565,0.977418778904265,0.855976771615302,-0.49,-1607.03566969294,-1932.14425121301-3980.43967848939i,0.834733908708501-0.0226899985164533i,0.85420460633144-0.0392354000640224i,12.4634777062596,0,1,
1475,1,557884331,557884331,227565,0.987849400413963,0.971629555781124,-0.15,-1631.8163759267,-1561.16116959001+4113.70526352001i,0.858169884743163+0.00825947212508757i,0.879320075871251-0.0270243304224841i,14.6615346555491,0,1,
1476,1,558262801,558262801,227565,0.986608706418995,0.944716649482636,0.27,-1630.45060036502,1207.97531761269-4278.65478622035i,0.854116495570453+0.0029331075362655i,0.867725168932891-0.0167567552529542i,14.3921752599441,0,1,
1477,1,558641272,558641272,227565,0.987501055918915,0.976935947017834,-0.0999999999999999,-1639.00860978614,-435.634228128305+4362.35226610368i,0.860812498241405-0.00929164189021383i,0.872356565419832-0.0342632118669034i,14.7362725497575,0,1,
1478,1,559019742,559019742,227565,0.986665592212732,0.950329983781148,0.25,-1633.70409007706,122.3974274385-4434.6159980229i,0.853067490288783-0.0267597468314071i,0.87555172428375-0.0482466119506848i,14.3628645505689,0,1,
1479,1,559398213,559398213,227565,0.987713067460862,0.984462623619765,0,-1644.55686116375,1061.1477178406+4234.52503692083i,0.85772651596736-0.0128907675108726i,0.880618820663716-0.0389130789468132i,14.7050589522842,0,1,
1480,1,559776684,559776684,227565,0.986570158657444,0.940699310227214,-0.29,-1636.04665073646,-2173.24943459834-3885.82147458794i,0.854148863686713-0.00963729419292234i,0.868906968380642-0.0307256131792371i,14.3968540486197,0,1,
1481,1,560155154,560155154,227565,0.987002048908021,0.964432890615512,0.19,-1630.90277866904,2482.39400215947+3645.31434472032i,0.856720185817376+0.0121691638178192i,0.870492122668043-0.0241526382793011i,14.4614631030774,0,1,
1482,1,560533625,560533625,227565,0.986398451333682,0.911354716898692,-0.37,-1630.73082190891,-2871.91571310509-3435.66748472169i,0.852291034521121-0.0369224872332501i,0.872206417748155-0.0557464738600504i,14.2964530976924,0,1,
1483,1,560912095,560912095,227565,0.986853393329496,0.96015488854072,-0.22,-1643.44996591304,2711.89881126952+3495.11519774632i,0.857715283366781-0.00879783638792991i,0.871174600111954+0.0179397685477956i,14.5901924043581,0,1,
1484,1,561290566,561290566,227565,0.986762620985651,0.881073042516618,-0.44,-1637.10971185359,-3578.68338584405-2714.48887055817i,0.852166815582394-0.0030396441440839i,0.87299842591535-0.0178621043954988i,14.2692160296317,0,1,
1485,1,561669036,561669036,227565,0.986337573031235,0.937974037029178,-0.29,-1629.63910846516,3499.4334897967+2753.64010620857i,0.855382960083429-0.0225383015367177i,0.877329791360699-0.0274117706446873i,14.4253944698198,0,1,
1486,1,562047506,562047506,227565,0.987481041002139,0.963790378050583,0.19,-1634.87815821512,-3775.01391145109-2287.98631143649i,0.855630462447569-0.0270609027878149i,0.870168505542733-0.0355606314863312i,14.4847248163174,0,1,
1487,1,562425977,562425977,227565,0.988050857238043,0.980600699101885,0.0799999999999999,-1634.29342805839,4296.69126575738+838.553889721047i,0.857472318264944-0.0134894118325405i,0.871603108459644-0.0472420297284478i,14.6943687282264,0,1,
1488,1,562804448,562804448,227565,0.985931643056303,0.865959791606594,-0.47,-1645.91699959228,-4477.28588960819-426.463433375995i,0.851115199882769-0.0161136502391314i,0.872692965639471-0.0264939604352965i,14.1295037620677,0,1,
1489,1,563182918,563182918,227565,0.987118085476109,0.981888564411945,0,-1641.22768855989,4367.43191965599-91.9982152355853i,0.861191567086907+0.00562301635224755i,0.88091520452272-0.0501062075595224i,14.7815420505462,0,1,
1490,1,563561388,563561388,227565,0.98755533106877,0.969650820168932,0.16,-1634.68338646487,-4402.45871353805+88.3175320064413i,0.856184990802249-0.0291647069992856i,0.872156188278079-0.0473948364634192i,14.6559057642228,0,1,
1491,1,563939859,563939859,227565,0.987975946264963,0.979372143088068,-0.0899999999999999,-1666.39011177719,4257.59400150714-1034.95398342514i,0.858882170916596-0.00944983951201876i,0.879729520472069-0.0193504614129246i,14.7919448818203,0,1,
1492,1,564318329,564318329,227565,0.986198641741839,0.9039958176683,0.39,-1636.46023159526,-4135.45766673431+1742.44595581954i,0.850598500146684+0.00276745536014562i,0.866692920529639-0.0287274815993267i,14.1344579553694,0,1,
1493,1,564696800,564696800,227565,0.987723617245134,0.981027738759945,-0.0399999999999999,-1608.67591438215,3654.66939898822-2397.51416091148i,0.85991224401068-0.0041365581224009i,0.873891369800589-0.033280006348967i,14.7201499406245,0,1,
1494,1,565075270,565075270,227565,0.986399524922536,0.931604895213676,0.31,-1648.65524599665,-3645.31153210694+2568.6879805854i,0.851823919735549+0.00131644010038031i,0.875586518311673-0.0317101691031016i,14.2743630981676,0,1,
1495,1,565453741,565453741,227565,0.9880296083163,0.975176782662308,-0.12,-1622.59567259063,2911.77037384451-3284.61257725684i,0.85834486285544-0.0486092390864649i,0.881470927482754-0.00899786408503617i,14.8047392942089,0,1,
1496,1,565832212,565832212,227565,0.986201944518607,0.917530725634475,-0.35,-1645.90235528497,-2195.25744758964+3899.07523756864i,0.855223850207312-0.014422901679847i,0.868692318365593-0.0207450167309187i,14.2686195441342,0,1,
1497,1,566210682,566210682,227565,0.987057629591841,0.950684172556517,0.25,-1670.65264630051,1605.94147358786-4137.4370784324i,0.85261948423477+0.00991458808196232i,0.871982625995382-0.00160620576029829i,14.4050960769037,0,1,
1498,1,566589153,566589153,227565,0.987139836247116,0.933974158519455,-0.31,-1610.74187036015,-909.681546196948+4368.70913256184i,0.853490957803343-0.041435402537351i,0.875151047772626-0.0660166706063114i,14.4241782706988,0,1,
1499,1,566967623,566967623,227565,0.986312621959189,0.966307101509825,0.17,-1629.53807522773,538.196872581794-4373.99037754985i,0.855965378692095-0.0124602538389957i,0.870807863618466-0.0256331530965848i,14.5297182590112,0,1,
1500,1,567346093,567346093,227565,0.98626692309416,0.926369099105483,0.33,-1651.67243759958,-745.702488628519+4406.16971485932i,0.852966350068446+0.00534561267347195i,0.874003015607754-0.0219971067801193i,14.3390583804746,0,1,
1501,1,567724564,567724564,227565,0.986792404383681,0.957250075714541,-0.23,-1646.24577302752,173.219114025285-4427.07115799382i,0.855859461612333-0.0369998773432945i,0.877624365210439-0.0445172357070365i,14.5949072268194,0,1,
1502,1,568103034,568103034,227565,0.987014608546165,0.950243343322973,0.25,-1628.11576115015,363.717288487615+4423.88347930703i,0.853832391582346-0.0282380022650142i,0.869931074888092-0.0266916739789982i,14.3885797972869,0,1,
1503,1,568481505,568481505,227565,0.986071097940985,0.933861623362803,-0.31,-1632.85461790984,-891.95399021225-4372.01930536934i,0.853996225519702-0.00575785291497087i,0.87483574023864-0.0475727123995975i,14.3861630175889,0,1,
1504,1,568859976,568859976,227565,0.985888652735737,0.893938327996794,-0.41,-1627.46928573808,2301.50150786747+3856.4586231242i,0.851811257675458-0.0268744976470007i,0.865288314500581-0.0526411535634619i,14.2362978702732,0,1,
1505,1,569238446,569238446,227565,0.988103091454793,0.981083848968812,0.0599999999999999,-1658.6707280998,-2555.6339496035-3550.30199042253i,0.85940293159224-0.00636099228499475i,0.872748668796108-0.0362342473791222i,14.7215422117115,0,1,
1506,1,569616917,569616917,227565,0.985276543456785,0.856981637256892,-0.48,-1650.95448358779,3084.3960108171+3272.05780294896i,0.851181509035478-0.0126847738019615i,0.871401424649092-0.0262208594842155i,14.0622350242845,0,1,
1507,1,569995387,569995387,227565,0.985980621514189,0.921781903477289,-0.34,-1622.22671058892,-3076.86321393086-3242.47860284132i,0.852975940835417-0.0615115732113807i,0.867561695948398-0.0513118032835039i,14.329892899961,0,1,
1508,1,570373857,570373857,227565,0.987544966296349,0.973364693270593,0.15,-1667.51352543846,3285.33044078785+2926.43892700951i,0.856194951009068+0.00689163733457541i,0.8788389757491-0.00247840894251453i,14.6636246068568,0,1,
1509,1,570752328,570752328,227565,0.987538429722855,0.977392779540644,-0.0999999999999999,-1625.00058240575,-3933.49660961921-1935.33555735009i,0.859048671421903-0.0160077888599354i,0.87985404084115-0.0340394868758694i,14.811076682828,0,1,
1510,1,571130799,571130798,227565,0.986072762898668,0.855096078059609,0.49,-1631.15816894671,4285.91564532327+1369.29227863386i,0.849469174439883-0.00221125537606212i,0.865870310185904-0.0490675394800293i,14.2023225454121,0,1,
1511,1,571509269,571509269,227565,0.987725672139206,0.982797587293003,-0.0499999999999999,-1655.51157292474,-4276.79843533243-911.900374535337i,0.85953978172605+0.00381695416948929i,0.873912532103042-0.0413181198678693i,14.7479965473339,0,1,
1512,1,571887739,571887739,227565,0.986318141380858,0.890119996265432,0.42,-1626.24411813053,4479.37618021912+337.202559430764i,0.850844570787433-0.019716504966641i,0.87271212822055-0.0208570663575333i,14.2493519035522,0,1,
1513,1,572266210,572266210,227565,0.986638066071626,0.962621467620172,0.19,-1634.17352880061,-4322.51297198581+889.874264855948i,0.855684391026042+0.0132266108560963i,0.876394782634486-0.0330729560913187i,14.5494500795555,0,1,
1514,1,572644680,572644680,227565,0.987116519905218,0.982413668787708,0,-1645.2154234086,4362.66085252767-65.2025322543039i,0.857787046596802-0.00656713990350257i,0.875977803500586-0.0284799600608321i,14.4767923643505,0,1,
1515,1,573023151,573023151,227565,0.984589447315308,0.922443896382366,0.34,-1654.46413231432,-3994.7856416051+1950.82553433538i,0.843479588909099-0.0147673585720263i,0.867134753097084-0.0227686418258786i,13.6097709599073,0,1,
1516,1,573401622,573401622,227565,0.986552579186011,0.928299874190502,-0.32,-1635.67651382279,3567.66261367035-2685.34825397617i,0.854182775752955-0.00637380257385958i,0.867399447505277-0.0333432527132852i,14.3628112972432,0,1,
1517,1,573780092,573780092,227565,0.987055162114273,0.968482415850312,-0.17,-1647.58469153855,-3692.0597542196+2403.46720419153i,0.858197105356709+0.0215770208393512i,0.872689408338347-0.0247078115377409i,14.6363643150437,0,1,
1518,1,574158562,574158562,227565,0.986184062199871,0.931335912198303,0.31,-1654.02175428905,3404.13048321262-2878.8353061353i,0.852410959633222+0.005421492211881i,0.876089076734461-0.0102151106398054i,14.2796592786666,0,1,
1519,1,574537033,574537033,227565,0.986905237212301,0.951946428864866,-0.25,-1657.47198297414,-3052.49787756053+3217.09569251584i,0.855040799876259-0.0203327330937383i,0.869595758072645-0.0402933197600832i,14.4520973407798,0,1,
1520,1,574915504,574915504,227565,0.986022170331379,0.86651989427267,-0.47,-1634.20407069019,2176.14184328477-3933.52870523014i,0.8514265926112-0.0125220556045476i,0.872410013641852-0.0476142059547005i,14.1505909349186,0,1,
1521,1,575293974,575293974,227565,0.987625389897638,0.975863654724584,0.13,-1636.96534132872,-1401.12020542068+4162.04412274372i,0.857668316287806-0.0149860877189095i,0.878506159158712-0.0491898996464585i,14.7234296655076,0,1,
1522,1,575672444,575672444,227565,0.987785251185973,0.971068033474073,0.16,-1630.26211690062,1585.77949874285-4106.56072090747i,0.85760103259102-0.0119461201587831i,0.87010763676102-0.047216956868633i,14.6066104045595,0,1,
1523,1,576050915,576050915,227565,0.986770363949665,0.981465329029774,0,-1631.61766598244,-307.118865956096+4358.43859983509i,0.861640058809122-0.0326094523719034i,0.879241088073955-0.0449871809327226i,14.8215241576089,0,1,
1524,1,576429385,576429385,227565,0.987213982275646,0.962275313209368,0.21,-1653.84186150201,515.967626453127-4389.63382874647i,0.856048955503338-0.0163633728074558i,0.871462359722765+0.00564973097811475i,14.4558840788206,0,1,
1525,1,576807856,576807856,227565,0.985991978702889,0.916813502942585,-0.35,-1623.88281624612,99.5812254712717+4473.10522052674i,0.854154444149937-0.00986278918565062i,0.867284388988386-0.0423366550356521i,14.2873713610822,0,1,
1526,1,577186326,577186326,227565,0.987499495255999,0.97508165069746,0.13,-1646.18771559237,-545.126649352707-4356.41277940591i,0.857324958007611-0.0102106092045163i,0.87848271592923+0.0118603240513109i,14.619683001173,0,1,
1527,1,577564797,577564797,227565,0.987542963072991,0.983606083699394,0,-1640.61267084954,1779.32974946171+3986.46662828889i,0.858915490778323-0.00495753542294885i,0.879684575211922-0.0209880783875747i,14.7065410258116,0,1,
1528,1,577943267,577943267,227565,0.986436477132656,0.915545921512298,0.36,-1629.16733860474,-2078.20439990494-3964.98355315453i,0.850588782626777-0.0135520885538799i,0.866646094457679-0.0369469927218902i,14.2354664278271,0,1,
1529,1,578321738,578321738,227565,0.988219599920528,0.981312018928838,-0.0699999999999999,-1630.37870926386,2747.21168761371+3406.20012411578i,0.859416130950859-0.0222860636988248i,0.873836700561005-0.0395129100577293i,14.7535508931846,0,1,
1530,1,578700208,578700208,227565,0.987479341626515,0.981990115904373,-0.0399999999999999,-1660.48164644357,-2515.85466936914-3571.28127682693i,0.859709640632429-0.0033297677626904i,0.880890330644694-0.0224173353069123i,14.6888456092886,0,1,
1531,1,579078679,579078679,227565,0.987735057147591,0.971438328333981,-0.15,-1647.71763760088,3519.40890939808+2640.70280240981i,0.858713793619226-0.0166043257018832i,0.870635182439282-0.0432236497849243i,14.7025287613109,0,1,
1532,1,579457150,579457150,227565,0.986231936338925,0.906715871982455,-0.38,-1639.64752737784,-4225.71036788355-1499.09103070185i,0.851674380539418-0.0159080539078198i,0.87440137510642-0.0311716269515732i,14.2562076335277,0,1,
1533,1,579835620,579835619,227565,0.986338002014057,0.863741775716083,0.47,-1610.25449761654,3975.33330818391+2102.30263439435i,0.850264542562735-0.0326749951750904i,0.873603046708661-0.046000805298523i,14.1472024248369,0,1,
1534,1,580214090,580214090,227565,0.985535814083779,0.909553853019105,0.37,-1653.8623362942,-4359.70375544644-1027.03700130003i,0.850226441274099+0.0172483556177661i,0.86935083195317-0.0184819429397516i,14.1434723116866,0,1,
1535,1,580592561,580592561,227565,0.987115185361382,0.965521436728248,-0.19,-1618.9028243799,4406.60380254048+239.516219976394i,0.857806867707416-0.0351170541656636i,0.876407791489129-0.0519392512301841i,14.59777118334,0,1,
1536,1,580971032,580971032,227565,0.98581364071077,0.892459710777741,-0.41,-1611.24082570196,-4377.6713717081+998.990263940685i,0.851054795955516-0.0155725227522274i,0.866485612491934-0.0670521424568461i,14.2720760636743,0,1,
1537,1,581349502,581349502,227565,0.987736436852605,0.980868910907492,-0.0699999999999999,-1652.35574778416,4288.21973063597-875.834433807078i,0.859365839891942-0.0238892052576414i,0.874014771303675-0.0527830373850317i,14.744218342465,0,1,
1538,1,581727972,581727972,227565,0.986382220074216,0.921511315175994,0.34,-1657.50725544664,-4288.9684257875+1261.09902278193i,0.851499169965252-0.0200443668320212i,0.874860143033568-0.0474367209629491i,14.1847450788844,0,1,
1539,1,582106443,582106443,227565,0.986194965623162,0.923027584109625,-0.34,-1630.50037169706,4137.55474914743-1693.52111065552i,0.853772152864106-0.0258528518231703i,0.867187643366674-0.0137743132248972i,14.294161937622,0,1,
1540,1,582484913,582484913,227565,0.986248945307147,0.924630068873135,0.33,-1621.20858437304,-3720.92704449492+2471.74607651359i,0.851371024405244-0.032127168402545i,0.874310185698305-0.0468238749915084i,14.2492189896935,0,1,
1541,1,582863384,582863384,227565,0.986776341731054,0.94018744177783,-0.29,-1632.58186492233,3473.54591584846-2786.31247294564i,0.855829900342811-0.0366550925635515i,0.876245571439318-0.0436283530854055i,14.4333727480189,0,1,
1542,1,583241854,583241854,227565,0.986736315956927,0.965076399948358,0.19,-1645.00669455938,-3132.74779835738+3110.95773817527i,0.855574263710419-0.0231445796525583i,0.869296167748755-0.0662246116393983i,14.4799414467822,0,1,
1543,1,583620325,583620325,227565,0.986800226809074,0.9120433275949,-0.37,-1642.03218366122,2739.27539570374-3546.38476843184i,0.852619503651231+0.00572659567937563i,0.86885964555715-0.0119094237732217i,14.2189692638222,0,1,
1544,1,583998796,583998796,227565,0.985693009891506,0.86587146790231,-0.47,-1640.69395692286,-1494.30510603502+4236.87625994223i,0.851797471720862-0.0316119758788355i,0.869056596650964-0.0536140236018384i,14.1316658175867,0,1,
1545,1,584377266,584377266,227565,0.986187148971124,0.88027465549891,-0.44,-1637.54666792138,1856.73998464236-4091.62395706427i,0.850847527778208-0.0356508781546858i,0.871766264142536-0.0469234767759784i,14.1456382459518,0,1,
1546,1,584755736,584755736,227565,0.985924859228785,0.871242002350902,0.46,-1628.92963072553,-477.302233718158+4468.7399271119i,0.850415607031369-0.0342081877620436i,0.866052071124751-0.0624397832884298i,14.1274453937258,0,1,
1547,1,585134207,585134207,227565,0.987044397746228,0.97672913983662,-0.0899999999999999,-1646.06331251028,12.4122886318674-4380.52468470987i,0.85946219876336-0.0176280657802133i,0.881480454711315-0.0034200362055908i,14.7349168603766,0,1,
1548,1,585512677,585512677,227565,0.987551040041326,0.980230198761053,0.0799999999999999,-1622.3621735602,-84.6981493569379+4378.24322835925i,0.85936855806042-0.019070820088352i,0.873963904887888-0.0314918615777109i,14.684946725207,0,1,
1549,1,585891148,585891148,227565,0.98603661797824,0.866325632916022,-0.47,-1635.87710483031,-334.339954048446-4485.44434438104i,0.851114631591792+0.00104752869073074i,0.865612914124331-0.0467519781763424i,14.126342600551,0,1,
1550,1,586269618,586269618,227565,0.987656576009536,0.983606086430127,0,-1629.13507104237,876.391543745456+4281.74349593327i,0.860992570026577-0.0265861577448717i,0.881369799187238-0.0529379200488456i,14.8429137581512,0,1,
1551,1,586648089,586648089,227565,0.987728926997472,0.977431533401959,-0.12,-1618.27842015376,-2221.62004386295-3786.64437138676i,0.859619294637482-0.0312486229219177i,0.881069430481918-0.0351073482222221i,14.7438532788144,0,1,
1552,1,587026559,587026559,227565,0.985879207180097,0.91501239321747,0.36,-1618.83031750627,2546.18216671767+3683.17355354527i,0.850552234113342-0.044009135285283i,0.865551819677666-0.0680826537210383i,14.1403038827289,0,1,
1553,1,587405029,587405030,227565,0.986152866354367,0.980130747828156,0,-1636.72064759379,-3299.2859885783-2854.72019159165i,0.84847948781896-0.0250535125941428i,0.868255420082492-0.0475880665179257i,14.2210448706607,0,1,
1554,1,587783500,587783500,227565,0.98769604501128,0.982290591241201,-0.0399999999999999,-1621.0101428146,2973.67608645733+3205.31256587145i,0.860805460955855-0.010233477653959i,0.881067040624373-0.0560809621654939i,14.8010018928931,0,1,
1555,1,588161970,588161970,227565,0.986451440401855,0.883840534328403,0.43,-1622.73175421769,-3400.77513842777-2936.14106879202i,0.850282026472208-0.0187289331460036i,0.864447457633741-0.0436072777163965i,14.0594831065923,0,1,
1556,1,588540441,588540441,227565,0.987311694107197,0.9748562830286,-0.12,-1631.70586435335,3668.88337267812+2411.98787309353i,0.859977774018522-0.0227669364332984i,0.878952760090456-0.058568465620047i,14.7680055906117,0,1,
1557,1,588918912,588918912,227565,0.986513490971671,0.919433185997878,-0.35,-1661.52174392192,-4178.20156484025-1606.56817805527i,0.852879743898528+0.0127609661945919i,0.874530899200134-0.0213368827198414i,14.2625969506608,0,1,
1558,1,589297382,589297382,227565,0.987378052726196,0.950117701447437,0.25,-1619.38295874272,4389.22007915467+657.249871320748i,0.852407019674189-0.0425649837507003i,0.868638266870485-0.0319884551117741i,14.415134594244,0,1,
1559,1,589675853,589675853,227565,0.987661518764861,0.983292356610616,0,-1631.63976900812,-4335.91050736392+529.281718353631i,0.860142666113039-0.00783564401142545i,0.873225233016134-0.0284822881365654i,14.6731454467395,0,1,
1560,1,590054323,590054323,227565,0.986838429749613,0.966239067533608,0.18,-1649.58291893247,4394.9760587857-371.571297599416i,0.85586490995665-0.00258232529261727i,0.87844523785765+0.0133942095524967i,14.569673436114,0,1,
1561,1,590432794,590432794,227565,0.98363844579189,0.953636754808267,0.23,-1623.14873608357,-3998.21936672284+1845.24740573442i,0.841621990488469-0.0236787337682314i,0.8699901304978-0.0420622256380659i,13.6224706982195,0,1,
1562,1,590811265,590811265,227565,0.986498767444928,0.859797865981195,-0.48,-1639.36727609535,3826.51805772926-2368.96396376261i,0.849159236351671-0.0336880998753126i,0.866082743244526-0.0353070774432554i,14.1809104194297,0,1,
1563,1,591189735,591189735,227565,0.987359533714423,0.982522687846927,0,-1635.52640392077,-3474.0036692675+2653.81368884387i,0.862480970752394-0.0220087491683712i,0.88404825306087-0.0175632331934043i,14.8730838342643,0,1,
1564,1,591568205,591568205,227565,0.986468553397922,0.877974672196384,0.44,-1653.85283912416,3349.93571808838-2999.89369595325i,0.847240658213733-0.0172380775266784i,0.865062718346905-0.0519090267444323i,14.1022996269172,0,1,
1565,1,591946676,591946676,227565,0.986496464690749,0.895677621102153,-0.41,-1635.30060280153,-3335.35714151552+3010.51928110534i,0.85246423476583+0.00121384649491636i,0.867651233337561+0.0130595284687743i,14.2356867533514,0,1,
1566,1,592325146,592325146,227565,0.987323038246632,0.979977049207931,0.0599999999999999,-1626.76867940304,2961.38526494679-3218.75614049735i,0.858768811210099-0.0296710744598382i,0.878405365918188-0.0604283372620904i,14.7262104665172,0,1,
1567,1,592703617,592703617,227565,0.985877957643751,0.859434687397482,-0.48,-1635.89801051642,-2607.51237667798+3668.96218273494i,0.849884188302043-0.0112729903671341i,0.865699161413721-0.0232214118816162i,14.1450705983959,0,1,
1568,1,593082087,593082087,227565,0.985552291764887,0.890754585458689,0.42,-1662.39019048485,1376.20527229454-4277.5557344798i,0.851332991555559+0.00721682957455123i,0.871334219655844-0.0300484149030709i,14.1443164443994,0,1,
1569,1,593460558,593460558,227565,0.987509370307148,0.974493114336918,-0.14,-1644.64749982246,-887.712962766082+4306.62783551493i,0.858204624459146-0.02221944068456i,0.880482513596445-0.0283658589740465i,14.6330580484241,0,1,
1570,1,593839028,593839028,227565,0.986494208197302,0.922189391551722,0.34,-1635.53712823597,393.306724476628-4455.29613644936i,0.85002413313122-0.0275472778144885i,0.866783063315329-0.0463063228397061i,14.1808930719232,0,1,
1571,1,594217499,594217498,227565,0.986247200188797,0.85483407816023,0.49,-1626.13326299292,-435.667738198827+4463.81433799168i,0.849687764798657-0.0477210460499606i,0.870793474147258-0.0289845104711444i,14.1671969001542,0,1,
1572,1,594595969,594595969,227565,0.987343999925203,0.981515807707574,-0.0599999999999999,-1633.10816389958,48.5255188822096-4357.84987009629i,0.859296666053982-0.0263808207341138i,0.873555504063034-0.0437701513247975i,14.6791371139169,0,1,
1573,1,594974439,594974439,227565,0.986435391032475,0.891532037038708,0.42,-1642.8456035709,595.569316765899+4436.05876021449i,0.85223340866556+0.00544710190133593i,0.866349319299005-0.0287286974336552i,14.1690911356409,0,1,
1574,1,595352910,595352910,227565,0.987379258255188,0.974010418850327,-0.14,-1639.25880615416,-1023.81950240829-4257.70295769816i,0.859104276671568+0.00890089561255187i,0.881273941192961-0.00904549018609702i,14.6779035685204,0,1,
1575,1,595731381,595731381,227565,0.986469974225907,0.952349278111658,-0.25,-1646.59219848428,2235.93943691915+3816.82898893269i,0.855830375432687-0.0117907809841702i,0.876546075621171-0.0384959320787195i,14.4520831939482,0,1,
1576,1,596109851,596109852,227565,0.982341345383465,0.93338439076949,-0.3,-1630.55726678434,-3353.67177355545-2857.38613581922i,0.8436730554013-0.0306447727430243i,0.861569536389958-0.0494644285930807i,13.3592940335083,0,1,
1577,1,596488322,596488322,227565,0.986915405265109,0.928862720250263,-0.32,-1633.50385022354,3119.36055271311+3173.62390645381i,0.854284804046729-0.0162525172816758i,0.86596263231408-0.0331164210161677i,14.2148835620418,0,1,
1578,1,596866792,596866792,227565,0.987235540517852,0.969085120506667,-0.17,-1651.07163777622,-2929.58503200996-3274.28935272826i,0.86122489402264-0.0134608047877109i,0.877784345365191-0.0564885066528291i,14.6613079843115,0,1,
1579,1,597245262,597245263,227565,0.979002120862451,0.927263933499399,-0.31,-1640.12454851373,4131.35242184962+1522.95172616636i,0.836227376281329-0.0318405171839498i,0.860122073457126-0.04083213906037i,12.7754097657144,0,1,
1580,1,597623733,597623733,227565,0.981382702043561,0.943505645063197,0.26,-1646.41539574573,-3975.22738013585+1876.86047150744i,0.83773244527291-0.00749188343547882i,0.866488004602702-0.0364545394576336i,13.0023394265889,0,1,
1581,1,598002204,598002204,227565,0.987467430406648,0.982284546924021,-0.0399999999999999,-1607.23855266211,4352.62875155825+398.173218935472i,0.859909147011961-0.0308276315066064i,0.88012734866352-0.071393576204916i,14.7519529814482,0,1,
1582,1,598380674,598380674,227565,0.987512392543123,0.975291566658985,0.13,-1635.65615874696,-4339.54765444355-680.126285060053i,0.855402486432484+0.000191655531479469i,0.872389632383449-0.00302615148549566i,14.601496129829,0,1,
1583,1,598759144,598759144,227565,0.986157088884437,0.87084002701791,0.46,-1639.13845392176,4475.95280714875+445.695987842701i,0.850887048018825-0.0372598350774165i,0.865630968514864-0.0228444767408663i,14.1508341432516,0,1,
1584,1,599137615,599137615,227565,0.98734556028419,0.981959402303367,0.0499999999999999,-1624.13446284929,-4363.33931913067+289.099504754697i,0.857526078854531-0.0560215285489523i,0.878877161558978-0.0581943077652869i,14.7989112038865,0,1,
1585,1,599516086,599516086,227565,0.98772379551249,0.98060674395788,-0.0699999999999999,-1636.51303771315,4009.50040404792-1753.60522804932i,0.859873672048781-0.0212051843162009i,0.880558536258945-0.0344593134632492i,14.7940772251356,0,1,
1586,1,599894556,599894556,227565,0.986194893920306,0.896645900036501,0.4,-1632.93340815596,-3835.51046682272+2331.41863074242i,0.850971978838041-0.00224026393381741i,0.866434424627196-0.0158299771632414i,14.1502830660509,0,1,
1587,1,600273026,600273026,227565,0.986174675521115,0.884003486553677,0.43,-1633.62545282132,4009.13886317715-2030.70056503864i,0.850524782620126-0.0274370112163336i,0.871816172334838-0.0573597334620112i,14.1453594366103,0,1,
1588,1,600651497,600651497,227565,0.987774053518325,0.98381244564073,0,-1633.80304309792,-3507.95691523018+2604.44377746501i,0.85763371367844+0.00338123395298862i,0.874337164597213-0.0367641347082961i,14.5513251066723,0,1,
1589,1,601029967,601029967,227565,0.985861316402173,0.915001943271225,0.36,-1641.70167033904,3484.5269968177-2811.03604652357i,0.849661140881016-0.0250903045479126i,0.866800585436113-0.0489577476494437i,14.1372199214654,0,1,
1590,1,601408438,601408438,227565,0.987101246619757,0.979860754601504,-0.0699999999999999,-1650.26317996471,-2827.48450083114+3340.13620677071i,0.859784282428852-0.0191018025110806i,0.878136044234077-0.0673581105909779i,14.7376672186702,0,1,
1591,1,601786908,601786908,227565,0.985661738982192,0.897405153629584,0.4,-1612.44085119437,2291.95564552324-3858.77088917388i,0.85122591551321-0.0115012149039945i,0.871836237220649-0.0454168423605372i,14.1579418871481,0,1,
1592,1,602165379,602165379,227565,0.987149115427399,0.971346010431675,-0.15,-1628.74395620697,-1947.47367698927+3946.6672844024i,0.857503899032778-0.0310452881869097i,0.871230287999294-0.0402454623827629i,14.6358434524114,0,1,
1593,1,602543850,602543850,227565,0.986170349584757,0.906186983001073,-0.38,-1684.69471392924,1076.32928027103-4353.06638603579i,0.854386974829393+0.00119537119269742i,0.86862698229558-0.0254194744899746i,14.2196722612172,0,1,
1594,1,602922320,602922320,227565,0.987259967159194,0.957836423079705,0.22,-1634.48737337708,-67.4598855871055+4425.77762619759i,0.852790637271179+0.0252790550596063i,0.877967348271489-0.0128524975335636i,14.4284264087519,0,1,
1595,1,603300790,603300790,227565,0.985927155161757,0.910052266209529,0.37,-1633.39932241843,203.104495251478-4463.8597349335i,0.85069805374616-0.0131460827635684i,0.867150113179694-0.029571017860819i,14.1281686338889,0,1,
1596,1,603679261,603679261,227565,0.987693604203703,0.96670520268995,-0.18,-1645.65423318096,341.876539930439+4386.9667623493i,0.859496777385996+0.000770928635473069i,0.880315047920494+0.00568899700963057i,14.6622338878421,0,1,
1597,1,604057732,604057732,227565,0.986083575826044,0.893176427170668,-0.41,-1652.90461875404,-1444.4972115306-4241.4274788096i,0.852244787607598+0.00992244745888714i,0.872551131769472-0.0267227804315109i,14.2071382844974,0,1,
1598,1,604436202,604436202,227565,0.986044412378282,0.909732378080959,0.37,-1620.53431801113,2501.78605931263+3704.01506832709i,0.848365261238812-0.0475982578366754i,0.867783344899109-0.0362422125841956i,14.1339838227583,0,1,
1599,1,604814673,604814673,227565,0.986520642097879,0.912009866885565,-0.37,-1647.73032241169,-2559.43871162406-3666.283543472i,0.851278012990205-0.035748307210075i,0.872949668881457-0.0521682122642045i,14.2489553286981,0,1,
1600,1,605193143,605193143,227565,0.986850253909361,0.980966255461504,0,-1627.2841286457,2850.12454909652+3301.42259704887i,0.86046619027431+0.00566857021331643i,0.874103241793382-0.0138574153280132i,14.7739358572754,0,1,
1601,1,605571614,605571614,227565,0.986964073090667,0.948306841660259,-0.26,-1645.05787378862,-3612.84295528158-2572.7156851636i,0.856759305480055-0.0245800011526756i,0.86892939013157-0.050563238531609i,14.5033252556224,0,1,
1602,1,605950084,605950085,227565,0.982041999863971,0.901635684102467,-0.39,-1630.15575838699,4215.60684320527+1412.27077745854i,0.839600610970419-0.0441586725185029i,0.863821187511434-0.0701625979606243i,13.2110031150609,0,1,
1603,1,606328555,606328555,227565,0.987663584271658,0.979396117025904,-0.0899999999999999,-1627.65662195762,-4267.87252555955-1002.04444189909i,0.858799984055492-0.0186475801708147i,0.873542482708575-0.0194334866485167i,14.7387956957157,0,1,
1604,1,606707025,606707025,227565,0.987362879403463,0.980641544365223,-0.0599999999999999,-1635.61178452761,4112.98115386983+1493.04435655959i,0.860301438518768-0.0229545351308123i,0.880402383062062-0.0358460875004816i,14.7214842014417,0,1,
1605,1,607085496,607085496,227565,0.985539771190609,0.867230800170729,-0.47,-1644.51139775744,-4415.57022423019-862.461584295077i,0.851828712766319-0.00996126183576737i,0.873969402632832-0.0156922645458881i,14.0587494677426,0,1,
1606,1,607463966,607463966,227565,0.986703521206311,0.931714209672149,0.31,-1631.34328228708,4426.69190081924-564.185107798538i,0.849444647775434-0.0359381953060697i,0.869614564813316-0.0384316089106896i,14.2211850405677,0,1,
1607,1,607842436,607842436,227565,0.986091967354418,0.871155153850272,0.46,-1645.01105746012,-4490.05804454095+280.168223606513i,0.851146053234449-0.0155484914869214i,0.864864582791722-0.0479444320919913i,14.0933261448479,0,1,
1608,1,608220907,608220907,227565,0.987356441934425,0.978009210702053,-0.0899999999999999,-1608.66379107225,4254.15221873715-1056.97210449321i,0.858104178282342-0.0309774975559682i,0.88008299787641-0.0422641446331801i,14.7382234218776,0,1,
1609,1,608599378,608599378,227565,0.987195890799167,0.962414707785227,-0.2,-1622.3892872216,-3839.15144085168+2189.0178133294i,0.855497881272732-0.0488982121378044i,0.87856184179592-0.0347147220600447i,14.573621989444,0,1,
1610,1,608977848,608977848,227565,0.987130566885872,0.941206950283935,0.29,-1632.82100153313,3731.4370743153-2438.95620456479i,0.85269794928433+0.0107562454899086i,0.869391017012684-0.0268442925627946i,14.3470265040041,0,1,
1611,1,609356319,609356319,227565,0.986253211697153,0.943625147354958,-0.27,-1641.94842656703,-3441.58742515511+2820.59091956506i,0.854645071577942-0.0216696559408941i,0.87584013949394-0.024408642550316i,14.4685596858962,0,1,
1612,1,609734789,609734789,227565,0.98768294278403,0.974958160757197,-0.12,-1645.03979001855,3482.98576115825-2678.64679265357i,0.860735562687345-0.0165174258992078i,0.873522609530413-0.0397624251594746i,14.705553136702,0,1,
1613,1,610113259,610113259,227565,0.98610684385718,0.915006294030852,0.36,-1668.9776894926,-3231.8124824758+3102.60045506831i,0.850581510807405+0.00244592562047809i,0.86827464742531-0.0385660358811093i,14.1428006334548,0,1,
1614,1,610491730,610491730,227565,0.987336482183913,0.975989110167746,0.13,-1644.87084191956,2216.37660767733-3795.95189700811i,0.855850892390717-0.0208936796518353i,0.880372851760677-0.00822839345685133i,14.6775449733641,0,1,
1615,1,610870201,610870201,227565,0.986671107654315,0.93379527129982,-0.31,-1643.99031613395,-1447.00060683453+4222.18206293546i,0.853803854474136-0.0113142939378023i,0.875550267420276-0.036417209002906i,14.3397095171271,0,1,
1616,1,611248671,611248671,227565,0.986672451998548,0.967134824354367,0.18,-1621.0073608494,767.024592638231-4346.2325127969i,0.856965529977778+0.00600409807465472i,0.870716624361652-0.0351877894621115i,14.5989172949187,0,1,
1617,1,611627142,611627142,227565,0.98677743382767,0.907801851355323,-0.38,-1642.19718976305,-324.277738947558+4474.4454992933i,0.852746097665866-0.0357369075079951i,0.864547550007624-0.0355735650743119i,14.2524667509988,0,1,
1618,1,612005612,612005612,227565,0.98496882750828,0.883829723401766,0.43,-1628.03345739855,-3659.58837328567-2582.74785100354i,0.846060021239044-0.0104187733066742i,0.869374502692315-0.0281391706499264i,13.7896185743597,0,1,
1619,1,612384082,612384082,227565,0.987199956043596,0.951063744792946,0.25,-1619.3839827135,407.706715379897+4421.50544062177i,0.852714470243094-0.0046197930163585i,0.869070596488126-0.0241658675357942i,14.3238952595095,0,1,
1620,1,612762553,612762553,227565,0.986532110259448,0.933468701524777,-0.31,-1616.79358052163,-834.719857487665-4385.40687603207i,0.855378096513103-0.0134316572915511i,0.876272322023717-0.0465096395098743i,14.4292210275452,0,1,
1621,1,613141023,613141024,227565,0.986624946124607,0.981412448942258,0,-1642.24014367752,2543.53509402667+3553.46970660008i,0.854344232123895+0.00323617829886029i,0.876865298604664-0.0320070875072183i,14.563837192326,0,1,
1622,1,613519494,613519494,227565,0.98772382589908,0.980985224476806,0.0599999999999999,-1629.7879815345,-2466.44630836835-3612.83513383176i,0.858401952474765-0.00368435352430044i,0.87478163093879-0.024515617001775i,14.7086836244887,0,1,
1623,1,613897965,613897965,227565,0.986152022503653,0.859534432505123,-0.48,-1638.57793574828,2804.90780742758+3518.02989933261i,0.849430695986976-0.0149939795240856i,0.866376347127086-0.0283313649496819i,14.1222910621689,0,1,
1624,1,614276435,614276435,227565,0.98713559797853,0.981236159325114,0,-1631.62877928379,-3144.93501429096-3035.05775199045i,0.862333698866427-0.0190915425773493i,0.882694835561812-0.0344358600938946i,14.9024479555112,0,1,
1625,1,614654905,614654905,227565,0.986071217126504,0.876461889660064,0.45,-1644.34024962399,3504.96059448413+2818.04154126387i,0.84925724326322+0.00238148532445489i,0.873426944186389-0.0291375354921506i,14.1891897065267,0,1,
1626,1,615033376,615033376,227565,0.986721487022376,0.923035442377167,0.34,-1652.66362708321,-4118.34019790463-1736.66268570805i,0.851159717842052-0.0210136881892074i,0.866446384952201-0.0285383645318616i,14.1070758745578,0,1,
1627,1,615411847,615411847,227565,0.986815238303678,0.958773477730353,-0.22,-1660.75448849632,4286.17768071243+1111.17877752072i,0.856570423147733+0.0203430153907348i,0.877102046163257-0.0274783105231856i,14.5631201839435,0,1,
1628,1,615790317,615790317,227565,0.986832987668011,0.944953777738924,0.27,-1646.58553701117,-4412.64190220425-540.563068176892i,0.852407041674723-0.00122888243705287i,0.869258110784438-0.00376633503359649i,14.39269993548,0,1,
1629,1,616168787,616168787,227565,0.986496878556488,0.937601022596965,0.3,-1635.89091672516,4359.53659695775+937.159106774278i,0.851512685283314-0.00531598091058537i,0.867231470214696-0.0422011414064666i,14.2571830164012,0,1,
1630,1,616547258,616547258,227565,0.987408685126725,0.973786231531165,-0.14,-1623.77142622122,-4396.94274200135-89.022551572779i,0.857796287521203-0.0162779264396981i,0.878434255381923-0.0580750836692452i,14.7426957466227,0,1,
1631,1,616925729,616925729,227565,0.986224808168653,0.91323108860668,-0.36,-1631.68412995802,4307.9452855863-1231.37599848845i,0.852257398704364-0.00949775147646681i,0.865063846170858-0.0398017904021607i,14.2534884031953,0,1,
1632,1,617304199,617304199,227565,0.986582265014766,0.953775623082545,0.24,-1622.84396539125,-3981.11637221332+1956.25726572158i,0.853574439881811-0.00558403107351115i,0.875604022506535-0.0168825790602635i,14.3944314620709,0,1,
1633,1,617682670,617682670,227565,0.986843408501068,0.928601991243829,-0.32,-1646.61226401779,3839.96571234037-2282.62659039922i,0.853606804043578-0.0166829248033998i,0.876135016974118-0.0266977394357964i,14.4587766777135,0,1,
1634,1,618061140,618061140,227565,0.987512485276915,0.97003179633596,0.16,-1637.17599103249,-3417.83615662398+2778.96837303894i,0.855469655893111-0.00517939802995428i,0.870891974351873-0.0237408655736147i,14.6338571457014,0,1,
1635,1,618439610,618439610,227565,0.98730163986485,0.964721583571714,0.19,-1625.10130825743,3710.90611914532-2394.5107135746i,0.855431014155718-0.0112753203520797i,0.877967109800204-0.0279163878176499i,14.5736801631265,0,1,
1636,1,618818081,618818081,227565,0.987043338902059,0.952747364927545,-0.25,-1630.0270604316,-3216.48464929027+3059.49492954725i,0.856744625661477-0.00659090413986801i,0.868419355573199-0.0505596698965124i,14.4524415352088,0,1,
1637,1,619196551,619196551,227565,0.987177315106216,0.95467267455366,0.24,-1650.09991955832,2899.88145577622-3354.44937277227i,0.854795092092817-0.00453626091916451i,0.870845674697696-0.0295733470459167i,14.3584217873091,0,1,
1638,1,619575022,619575022,227565,0.98644052106603,0.926406491191824,-0.32,-1636.25652607654,-2453.02454770108+3735.00047730963i,0.85494759897896-0.0130393020512896i,0.874115609307061-0.0583904860774798i,14.4187001912829,0,1,
1639,1,619953493,619953493,227565,0.986150767664643,0.887633717070136,-0.42,-1618.15986247604,1135.68310517041-4349.31782093095i,0.852060195659574-0.0322952073980531i,0.873503297655494-0.040514474650875i,14.2175706124533,0,1,
1640,1,620331963,620331963,227565,0.987876400622984,0.98217934173301,0.0499999999999999,-1659.38163127262,-825.907249365785+4297.0354408372i,0.859423355847766-0.014035058645324i,0.874379898050741-0.0235100410211094i,14.7387093205793,0,1,
1641,1,620710434,620710434,227565,0.985927728434131,0.850996050357885,-0.5,-1643.16674642542,238.539811707106-4489.04625159961i,0.85213431728184-0.0112847137123978i,0.86649234814982-0.0190272940457545i,14.1118675952869,0,1,
1642,1,621088904,621088904,227565,0.987756983126277,0.981811410108197,-0.0399999999999999,-1660.95751393529,306.897351810591+4362.65386789175i,0.859246504111968-0.00863775416806076i,0.880780752200107-0.0233424345489994i,14.7545238280659,0,1,
1643,1,621467374,621467374,227565,0.987519342105024,0.974728499962325,0.13,-1621.53532042232,-427.943756475886-4373.43527064824i,0.857443462915261-0.0185974930075484i,0.871982399570557-0.0375558188448834i,14.6555742190207,0,1,
1644,1,621845845,621845845,227565,0.987544495833597,0.963236122589783,0.21,-1644.22197572489,2028.1486715607+3932.15218527629i,0.855312591680325-0.00327867964329968i,0.877029869551901-0.0131327961396402i,14.555479398322,0,1,
1645,1,622224316,622224316,227565,0.986969793413435,0.955673136404189,-0.23,-1641.57016220911,-2778.26108255422-3455.41382791197i,0.857394653492145-0.0177451219504264i,0.87693788057833-0.0326936627228145i,14.6397680595871,0,1,
1646,1,622602786,622602786,227565,0.987934447599864,0.980675650008955,-0.0699999999999999,-1619.86136011143,2568.94944434098+3547.22084988421i,0.859640263015178-0.0214350793205588i,0.874496709335279-0.0384497470707443i,14.7934185864332,0,1,
1647,1,622981256,622981256,227565,0.986182756381489,0.896275956277521,0.4,-1640.31455373967,-3048.66665659647-3296.76693735195i,0.851073260815675-0.00376157475061673i,0.871984666896459-0.0127168342502772i,14.1969584940481,0,1,
1648,1,623359727,623359727,227565,0.987323680803439,0.968540047626082,0.17,-1625.02929282664,3818.39648204489+2204.80214693495i,0.853414647205742-0.0408728270741865i,0.86848011454142-0.050550431340053i,14.5164985239953,0,1,
1649,1,623738198,623738198,227565,0.987095742815856,0.948183403223145,-0.26,-1613.31089490651,-4212.71959643509-1420.41356679417i,0.854510497087968-0.0475940944400102i,0.869346909261675-0.0599751805048822i,14.474288226683,0,1,
1650,1,624116668,624116668,227565,0.988166644715778,0.978726489370412,0.0999999999999999,-1659.24790441229,4176.03245446303+1343.11108001797i,0.859197908536252-0.0179003571188548i,0.877389204029316-0.051777065691073i,14.7682649898798,0,1,
1651,1,624495139,624495139,227565,0.986115233101453,0.924253125668413,-0.34,-1648.21171754715,-4448.97020217702-478.850232208117i,0.854927238527143-0.0143336664399598i,0.867300077914862-0.000531998170649781i,14.258524169544,0,1,
1652,1,624873609,624873609,227565,0.986893233297816,0.933697199139107,-0.31,-1613.87935770075,4370.1068405459+907.025696686454i,0.854207203630151-0.0327854688670727i,0.875854566415365-0.0342062916147574i,14.3734350940332,0,1,
1653,1,625252080,625252080,227565,0.985983406672233,0.892429716102365,-0.41,-1658.60696862494,-4485.63852473145+272.124329914017i,0.852197256059215+0.00300321513068835i,0.873695664928788-0.00276564527965541i,14.2357949118501,0,1,
1654,1,625630550,625630550,227565,0.987003317967537,0.948045714343758,-0.26,-1625.82837153307,4434.88650958339-299.616350205067i,0.8559607113097-0.0316916491595963i,0.86828062938934-0.0478214068569321i,14.4899339314047,0,1,
1655,1,626009020,626009020,227565,0.986869195662826,0.956328876529245,0.22,-1627.39830078657,-4360.06349172335+763.218671923575i,0.853229972452163-0.0173981871285303i,0.86836722104335-0.0433270230512941i,14.4419531404311,0,1,
1656,1,626387491,626387491,227565,0.987501509936523,0.977007874357111,0.11,-1681.76963205874,3949.45125744268-1910.71760551921i,0.857963557773294+0.0215965652664143i,0.881117052331173-0.00164700265023095i,14.6536005108857,0,1,
1657,1,626765962,626765962,227565,0.98633686645527,0.881474134171529,-0.44,-1633.90752763389,-3688.34479128473+2574.20871118007i,0.851248858833582-0.0300614755058032i,0.872748176962553-0.0422207752148003i,14.2219487192311,0,1,
1658,1,627144432,627144432,227565,0.986096512284353,0.89419162831416,-0.41,-1651.91327858714,3892.36237364987-2241.651427922i,0.852451299265743-0.0307411449264682i,0.866719090798214-0.0362007751240501i,14.1253135127352,0,1,
1659,1,627522902,627522902,227565,0.98591629337616,0.908062556614763,0.37,-1634.58352268826,-3157.10990847024+3182.24482284416i,0.849232172471837-0.0201638044778441i,0.873467824657975-0.0343162209809556i,14.2507335654831,0,1,
1660,1,627901373,627901373,227565,0.986445738101705,0.9123203308866,-0.37,-1646.02847005587,3091.65602448049-3246.93041510826i,0.853092415480437-0.00745662163741024i,0.866690139314774-0.0301435873377629i,14.2323807968881,0,1,
1661,1,628279843,628279843,227565,0.987466032348751,0.976649092341267,0.11,-1630.62001452626,-2411.24178754784+3666.0962711733i,0.85809592944951+0.000810838430170299i,0.873791878749779-0.0206420999927328i,14.6653007745092,0,1,
1662,1,628658314,628658314,227565,0.98657869900453,0.947907244577025,-0.26,-1626.64466836271,1619.63756818052-4141.49531154385i,0.855841443391151-0.048076547974964i,0.874065264497796-0.0588217886381331i,14.5188611578124,0,1,
1663,1,629036784,629036784,227565,0.986556616013047,0.921336502484456,0.34,-1644.13692160459,-998.275789823271+4360.38025112295i,0.851359428660388-0.0110548432020039i,0.866596233629522-0.0329334360515078i,14.1777554940661,0,1,
1664,1,629415255,629415255,227565,0.98751095051991,0.978512779001141,-0.0899999999999999,-1622.21173333039,153.263080328254-4380.17996937105i,0.859604950203558-0.00201339611653226i,0.880440760465348-0.0367405192540835i,14.8216288726709,0,1,
1665,1,629793725,629793725,227565,0.986907892742339,0.945733847528867,0.27,-1648.68744710091,5.50941169667041+4447.85569171572i,0.854309767079784-0.0034971829464545i,0.875852442830398-0.0327147899568737i,14.380649797634,0,1,
1666,1,630172196,630172196,227565,0.985392382853784,0.966938167384411,0.16,-1639.29443828371,-1550.82248041991-4106.89363820759i,0.847366834504784-0.00491599641391384i,0.865569035505086-0.0157820460622375i,13.9047230576956,0,1,
1667,1,630550666,630550666,227565,0.986909988831956,0.96419464561539,0.19,-1646.74793179057,988.092758242276+4303.90370557426i,0.854577636754592+0.00729244261811498i,0.877718274625065-0.0263752614447719i,14.451182248111,0,1,
1668,1,630929137,630929137,227565,0.987622433895765,0.961936137807524,0.21,-1607.46377367561,-2649.21748158538-3544.87926165108i,0.853983111449463-0.0336774355789623i,0.868879843918101-0.0575746027061328i,14.4710125769541,0,1,
1669,1,631307608,631307608,227565,0.987030690733313,0.919395621299119,-0.35,-1638.29293467748,3007.12179984513+3320.13506296251i,0.851828501840142+0.00888626323743039i,0.867759464850551-0.0301659523459881i,14.3334011580494,0,1,
1670,1,631686078,631686078,227565,0.986746881232198,0.961462637038488,-0.2,-1637.13132917031,-2870.49750637763-3362.64718930836i,0.856648584670399+0.0144321687527102i,0.876683157487981-0.0215181368847436i,14.6267171138636,0,1,
1671,1,632064548,632064548,227565,0.986829293310892,0.94311450097397,0.28,-1629.47448789371,3192.86158054024+3101.69860094891i,0.851242523676289-0.039036326567481i,0.873386213807163-0.0488739795756949i,14.3548967294186,0,1,
1672,1,632443019,632443019,227565,0.987135612748515,0.943004556645282,-0.28,-1605.22497618588,-3642.68580956968-2561.12085435613i,0.855689338868326-0.0140738477067193i,0.868786063916508-0.0405516683947172i,14.3917659539739,0,1,
1673,1,632821490,632821490,227565,0.985912401532063,0.905806146840208,-0.38,-1666.67350422287,4249.90183924488+1433.0440215516i,0.852806110150151-0.00331201091208804i,0.867777221381114-0.0174808561477322i,14.2093482826907,0,1,
1674,1,633199960,633199960,227565,0.987772222504976,0.977667446344245,0.0999999999999999,-1639.54545577158,-4302.30871515741-852.209932506355i,0.858397922972803+0.00763262701695616i,0.880873820374318-0.0129592434034621i,14.6837907566017,0,1,
1675,1,633578431,633578431,227565,0.985748165276149,0.871851652378183,-0.45,-1642.77148735958,4486.70535031656+326.766722446212i,0.851623645406641-0.0260639726889805i,0.865535349924115-0.0202020710149199i,14.1569939422302,0,1,
1676,1,633956901,633956901,227565,0.9876709778932,0.975940486972297,-0.12,-1645.53993324481,-4390.84678479657-66.6654939052789i,0.859849201446314-0.0135740425783628i,0.880264008443054-0.0195673560157318i,14.7121029293482,0,1,
1677,1,634335371,634335371,227565,0.987014022320326,0.966409941026109,0.18,-1614.17163347345,4403.50313943452-269.469238133799i,0.855544617157471-0.0242291574880489i,0.878579242840502-0.0139432763252131i,14.5742885672457,0,1,
1678,1,634713842,634713842,227565,0.986107693715671,0.906303252143848,-0.38,-1616.88837638228,-4409.71931275261+782.70666282736i,0.851546086770759-0.0290919406556951i,0.866467052888797-0.050302063176377i,14.19939712863,0,1,
1679,1,635092312,635092312,227565,0.985854253016796,0.896723509544092,0.4,-1637.33019488714,4042.8942799743-1936.70611839169i,0.850545793371776-0.0198769997597725i,0.865220255238768-0.0200124721899743i,14.1684488329496,0,1,
1680,1,635470783,635470783,227565,0.987261011580323,0.982551114139828,0,-1649.07470969485,-3556.51616384856+2529.03771333166i,0.861470987246803-0.0206664817098961i,0.881301897952063-0.0289699000103803i,14.8921448827228,0,1,
1681,1,635849253,635849253,227565,0.985468674828265,0.877854163306726,0.44,-1609.62401083276,3343.49686411728-2993.18258804757i,0.849230036988865-0.0341239902359979i,0.872466376868766-0.0480214131511995i,13.9951136894428,0,1,
1682,1,636227724,636227724,227565,0.987543741358472,0.976925159034496,-0.11,-1629.81874600665,-2999.05513439167+3191.88466026423i,0.858886731410976-0.032578302678674i,0.872943159364377-0.0316150463616704i,14.6826488636466,0,1,
1683,1,636606194,636606194,227565,0.987933402137311,0.981726299309078,0.0599999999999999,-1608.94570408939,2971.01125866584-3202.4008893609i,0.858324650930074-0.0360773710949714i,0.878409658825809-0.0702692329077659i,14.8351180200231,0,1,
1684,1,636984665,636984665,227565,0.98521439583522,0.858423142350962,-0.48,-1630.5150142799,-2596.68896232369+3665.92496850712i,0.850372845932731-0.0121867374266152i,0.863906554374632-0.0336661965701049i,14.0558571047079,0,1,
1685,1,637363135,637363135,227565,0.978526787277074,0.901789219763514,0.39,-1634.24696413295,948.823844542272-4314.95560614548i,0.832978557084424-0.0406952640826778i,0.857502054423331-0.0465648530695625i,12.5338156231642,0,1,
1686,1,637741606,637741606,227565,0.986705750697605,0.929808894521719,-0.32,-1651.17748642289,-1374.69903997171+4251.33661194188i,0.854594647922177+0.00150451582430602i,0.875348578501236-0.00210973213459548i,14.3102645838787,0,1,
1687,1,638120076,638120076,227565,0.986093595586465,0.92070107539458,0.34,-1645.17440745009,471.39173543273-4447.06491697949i,0.851058182196602-0.0275016290463364i,0.872140433624644-0.0588017748987409i,14.1455756344366,0,1,
1688,1,638498547,638498547,227565,0.986686651202981,0.959154693190667,-0.22,-1654.00912549551,153.606659538266+4425.89112122278i,0.856196729035849-0.0129832746493842i,0.87138062036319-0.0291679793817235i,14.452198182977,0,1,
1689,1,638877017,638877017,227565,0.986975548522577,0.94604082354622,0.27,-1637.2317186141,-695.068344716017-4391.24368922053i,0.853421164667836-0.0287063473676158i,0.868638728649616-0.0521508665442994i,14.3335810433778,0,1,
1690,1,639255488,639255488,227565,0.986537508187228,0.939085533252604,-0.29,-1625.60410660217,1355.01719330114+4244.94653832265i,0.853826220944172-0.0397062014033059i,0.875496127878685-0.0498185321859032i,14.4236678853937,0,1,
1691,1,639633959,639633959,227565,0.985949441456847,0.902001442523643,-0.39,-1653.5567063118,-2566.4983676382-3681.06975844295i,0.852439411081054+0.000467161779717255i,0.867614620216477-0.00292094729463981i,14.1549434809179,0,1,
1692,1,640012429,640012429,227565,0.986459949144059,0.912806979028005,-0.37,-1631.17478648005,2336.73190211395+3823.88487889298i,0.852733187685621-0.00746267117730924i,0.874835334235871-0.0299181803240222i,14.2960404075289,0,1,
1693,1,640390899,640390899,227565,0.986767452524577,0.953262126567664,0.24,-1653.62147050322,-2845.7375965106-3401.42790686956i,0.853449973928156+0.00495478471299906i,0.878025564426448-0.00555011030346503i,14.4941712378876,0,1,
1694,1,640769370,640769370,227565,0.986671162649691,0.928618889984546,-0.32,-1650.1510265372,3211.44494251091+3102.98244731653i,0.856074359759071+0.00020742364810577i,0.869592727015511-0.00334197269287014i,14.3343395486884,0,1,
1695,1,641147840,641147840,227565,0.987583848474408,0.970731227226661,0.16,-1648.24247860231,-3477.69542276084-2699.63593168332i,0.856566006901844+0.00439160112170728i,0.879494939934162-0.0114576726459522i,14.6124983808518,0,1,
1696,1,641526311,641526311,227565,0.987661498920791,0.979259583299036,-0.0899999999999999,-1655.76741328364,4043.71147055296+1686.82514975905i,0.858978088040964-0.0241331343916509i,0.873941475176265-0.016576331661574i,14.6409799423532,0,1,
1697,1,641904782,641904782,227565,0.985788721355124,0.850919345744475,-0.5,-1601.51103999219,-4443.85115202235-707.563390306658i,0.850140072748984-0.0275180208742846i,0.862352826328006-0.0496561210771282i,14.099433801775,0,1,
1698,1,642283252,642283252,227565,0.987056899567449,0.982192491583056,-0.0399999999999999,-1630.10740492436,4358.50486032212+356.196352869093i,0.858453422326386-0.0260057344188064i,0.880073733337539-0.0622573556383972i,14.679308664014,0,1,
1699,1,642661722,642661722,227565,0.985392360232891,0.884402486392433,0.43,-1639.94829316179,-4494.09584520626+38.4183863255893i,0.849022693709995-0.0321802993216912i,0.86714884629848-0.0298119462350539i,14.0710794063719,0,1,
1700,1,643040193,643040193,227565,0.988101150883979,0.983737772860433,0,-1628.33197686503,4283.56864722332-860.51339395285i,0.858613108775343-0.0125846948515544i,0.881563184118214-0.00713975643121484i,14.6641580560456,0,1,
1701,1,643418663,643418663,227565,0.987800255616434,0.981873409657752,0.0499999999999999,-1637.03644035503,-4338.2441453325+562.017464785483i,0.861016102543607-0.00408978287023263i,0.880661871703294-0.0254432540910783i,14.8326115526691,0,1,
1702,1,643797134,643797134,227565,0.986336935854116,0.852673664613442,-0.5,-1648.89891201039,4388.3378688438-1000.84360323511i,0.849485248103373-0.0100270031852502i,0.864709972255797-0.0468918639175486i,14.0611850474651,0,1,
1703,1,644175604,644175604,227565,0.986999075732008,0.980406713246181,-0.0399999999999999,-1636.09469433103,-4058.9041589056+1629.70288254847i,0.858118732322687-0.0242796039720581i,0.871907961262112-0.0551992673959368i,14.6628989602448,0,1,
1704,1,644554075,644554075,227565,0.986656554833991,0.971502992461987,-0.15,-1639.55130529675,3402.43125035427-2791.04815708255i,0.85697500267209-0.0276137210396412i,0.878409324309806-0.0339922659863337i,14.6415891590825,0,1,
1705,1,644932545,644932545,227565,0.986947467137205,0.927072591007187,0.33,-1653.66217409837,-3210.08742086488+3109.31463384458i,0.852319789055057+0.000258945157471433i,0.874489957110758-0.0111149422133075i,14.2512889489807,0,1,
1706,1,645311016,645311016,227565,0.98693328570091,0.954617094402903,-0.23,-1618.47736471861,2661.01342248853-3544.6245154625i,0.857677720178896-0.0324286352233973i,0.871414934672387-0.0611544378322082i,14.5827443830576,0,1,
1707,1,645689486,645689486,227565,0.987330252396706,0.978979382037785,-0.0699999999999999,-1637.54938383625,-2707.29017642648+3439.08942024333i,0.859761151649988-0.0419550066638485i,0.880430835535656-0.0470771183563291i,14.7798596251327,0,1,
1708,1,646067956,646067957,227565,0.981927827896491,0.929157838355791,0.31,-1639.3747638391,1067.18968859652-4293.54562210094i,0.838668192182433-0.0236962366330635i,0.86180587445031-0.0444396073157766i,13.3045546933388,0,1,
1709,1,646446427,646446427,227565,0.987261226093689,0.966931144519886,0.18,-1628.92572259795,-1328.11065908829+4205.94886918581i,0.855552431973344-0.0117995023770981i,0.872967773743372-0.0334938091594194i,14.6205572850953,0,1,
1710,1,646824898,646824898,227565,0.987268018872772,0.947982881663278,-0.26,-1665.63927264255,595.427249247646-4404.46299743241i,0.855843557916741-0.0334813856986272i,0.877685012134539-0.0103568522081097i,14.4880650526166,0,1,
1711,1,647203368,647203368,227565,0.987040457730041,0.957899006726333,0.22,-1607.24212459343,108.935816506972+4425.69064039507i,0.855114058178664-0.0168631134012846i,0.876117908772371-0.0304778650518784i,14.5019569438845,0,1,
1712,1,647581839,647581839,227565,0.986589393553456,0.923265829123187,-0.34,-1639.83253779398,-442.32889326216-4450.6207154976i,0.853966939193316-0.0095525493563237i,0.866846179059571-0.0282819113905669i,14.2950137787607,0,1,
1713,1,647960310,647960310,227565,0.986850716405546,0.881404137967519,-0.44,-1646.68729579953,1975.50870102966+4041.39031142617i,0.850685311076931-0.0451460507234145i,0.864276886340823-0.0564160777761586i,14.1744423082872,0,1,
1714,1,648338780,648338780,227565,0.987243829008444,0.983827995422507,0,-1644.54200529653,-2278.92005000157-3724.03995248447i,0.856270354019911-0.0125362186836648i,0.881111042620161-0.0344151631500687i,14.5060903180565,0,1,
1715,1,648717251,648717250,227565,0.985968494078148,0.85463322080354,0.49,-1645.49003044159,2892.22504045252+3448.90558199162i,0.850439690116102-0.00146421635041438i,0.864773735637025-0.0153185806467913i,14.1366712200603,0,1,
1716,1,649095721,649095721,227565,0.98744031906277,0.981388960570296,-0.0499999999999999,-1645.81569080472,-3225.84801323665-2954.54449848391i,0.85992112227929+0.0203634837112744i,0.881005077377786-0.00728978742055063i,14.728260737202,0,1,
1717,1,649474191,649474191,227565,0.987630626542313,0.977685537584754,0.11,-1644.69485557304,3094.21184398986+3109.48336320576i,0.858540565683385+0.00690197043365052i,0.881777685392364-0.0392396498518895i,14.6778141047075,0,1,
1718,1,649852662,649852662,227565,0.986210788966111,0.879869461991395,-0.44,-1629.74628415082,-3607.45480732167-2685.76216631314i,0.851422178494927-0.0250532413352109i,0.864048045558246-0.0763110407105404i,14.1607248744998,0,1,
1719,1,650231132,650231132,227565,0.98634256001312,0.920015908491935,0.34,-1630.91888776761,4185.65944490806+1574.6781182032i,0.851011094343306-0.0138803019173275i,0.866368662419096-0.0162408399664539i,14.2088922346572,0,1,
1720,1,650609602,650609603,227565,0.985410509016069,0.961909746819897,0.2,-1609.40063416444,-4399.15677491819-261.917281743298i,0.847850671015283-0.0217889265640805i,0.87143565555466-0.057088978834582i,14.1316175403082,0,1,
1721,1,650988073,650988073,227565,0.986354576594807,0.90378397054536,0.39,-1628.48999753476,4483.42923133799+183.416756694819i,0.849357757146518-0.0130835644755024i,0.873283436702602-0.0341151889322115i,14.2253307769564,0,1,
1722,1,651366544,651366544,227565,0.987156672913049,0.968163601649311,-0.17,-1618.33874798114,-4398.45710756278+309.412525393903i,0.856854399830467-0.0188028388170218i,0.870432527375759-0.0434061076465312i,14.5535439829025,0,1,
1723,1,651745015,651745014,227565,0.986037693667035,0.855900792388421,0.49,-1644.14906171085,4388.90882163177-1002.21651561621i,0.849165508227225-0.0220651302801168i,0.871684555189603-0.0247322606867396i,14.0915905944567,0,1,
1724,1,652123484,652123485,227565,0.98771625948918,0.981104755594236,0.0599999999999999,-1674.43845763833,-2037.63274539749+3871.23575279778i,0.854809491099117+0.0135474318065462i,0.872339886200335+0.00792799854914205i,14.5899291061364,0,1,
1725,1,652501955,652501955,227565,0.98781803531336,0.979604391670202,-0.0899999999999999,-1634.03533552845,4268.68303912907-996.198456508035i,0.857891471062746-0.00145136035768641i,0.872428510403454-0.0397163051551108i,14.6363087834627,0,1,
1726,1,652880426,652880426,227565,0.987856344143762,0.983231131896686,0,-1630.83078120358,-3537.85538375647+2567.85480624743i,0.8608012217968-0.00623794995489054i,0.881117656211847-0.01384332130359i,14.7758678565621,0,1,
1727,1,653258896,653258896,227565,0.98648697027102,0.941004555851656,0.28,-1629.5880546948,3570.03009317347-2658.31651834536i,0.852937270606905-0.0102643484121002i,0.866789196365789-0.0449409040778485i,14.2609298888462,0,1,
1728,1,653637367,653637367,227565,0.987146032485756,0.979154412449649,-0.0899999999999999,-1655.46808664476,-2943.48553549093+3249.9247588562i,0.858167037751435+0.0185850778989807i,0.881099298341507-0.00194474007599553i,14.7045113945181,0,1,
1729,1,654015837,654015837,227565,0.98658941378616,0.960260903127651,0.21,-1658.0146137002,2785.09931321265-3439.55702316089i,0.854587460750563+0.0118691154587522i,0.877445977888343-0.00307142711266663i,14.4595736611988,0,1,
1730,1,654394308,654394308,227565,0.986122095762019,0.917863583171646,-0.35,-1631.37328168621,-2215.33668056515+3893.64702912774i,0.853337539287905-0.0201020741470204i,0.86747888148306-0.0109618887955592i,14.2605896326345,0,1,
1731,1,654772778,654772778,227565,0.984057164997383,0.863047651248663,0.48,-1615.7546639119,-2242.02389418402-3878.04516256261i,0.842544422107778-0.0408504429999922i,0.868467683162176-0.0320119986124652i,13.6596352740897,0,1,
1732,1,655151249,655151249,227565,0.987649907474383,0.984600068184846,0,-1620.84077166574,-376.71974355233+4355.87285535312i,0.858060547722377-0.0374407785104891i,0.87203646088944-0.0538852165390974i,14.7313963778084,0,1,
1733,1,655529720,655529719,227565,0.986570842600778,0.863434176920004,0.47,-1641.11792862328,-77.5831793540792-4500.44854179947i,0.850546730921784-0.0152563466249462i,0.866212176137861-0.0232108188017085i,14.1721823089216,0,1,
1734,1,655908190,655908190,227565,0.98586554921456,0.906016106014487,-0.38,-1634.3097351933,-24.535005558481+4486.82959144893i,0.849923848029389-0.0155789417625937i,0.873273416820925-0.0451899437017804i,14.2614983481536,0,1,
1735,1,656286660,656286660,227565,0.987227380236417,0.979110250099592,0.0999999999999999,-1639.79401621949,-535.44757080558-4354.20326520006i,0.858739364115226-0.0186960383592261i,0.880217207009512-0.0270356779911623i,14.7181377300866,0,1,
1736,1,656665131,656665131,227565,0.987385839022587,0.970888951656894,-0.15,-1616.38025828642,1676.30364282497+4073.35273739602i,0.860527181913765-0.0114459643648852i,0.871169508754222-0.0312370813169313i,14.7783016066634,0,1,
1737,1,657043601,657043601,227565,0.987471524772687,0.976498333216295,-0.12,-1622.26072653804,-1256.65791882241-4208.55680622113i,0.858546039119967-0.0178018648132211i,0.872623018701652-0.0396321746015822i,14.6712325501735,0,1,
1738,1,657422072,657422072,227565,0.9873945199572,0.978357718397333,-0.0999999999999999,-1650.04712925223,2536.48401228545+3579.06489857634i,0.858899129835468+0.0153192716585476i,0.881115924946067+0.013236291392047i,14.7376485650729,0,1,
1739,1,657800542,657800542,227565,0.987928373578403,0.981322712249725,-0.0699999999999999,-1636.68313013803,-2202.53757966218-3786.52904060198i,0.860671413323979-0.0286969058507894i,0.873246651988412-0.041869654388244i,14.7887419157266,0,1,
1740,1,658179013,658179013,227565,0.985490411492258,0.969577018047159,0.15,-1633.14795773734,3534.55427044649+2600.01107124213i,0.845724689727814-0.0372540483796516i,0.872603677833206-0.0377520321053465i,14.0262508198173,0,1,
1741,1,658557483,658557483,227565,0.987160396484526,0.982669848493242,0,-1627.0554428656,-3288.84083156062-2879.98741971184i,0.861355801869073-0.00898949527638861i,0.879725501188693-0.0467434509589587i,14.8290157593367,0,1,
1742,1,658935953,658935953,227565,0.98562918703473,0.877990878863363,0.44,-1624.14264991274,3696.90137970108+2562.79897317447i,0.848669934054092-0.042640389960862i,0.865477914834187-0.0298576137366373i,14.0625137733314,0,1,
1743,1,659314424,659314424,227565,0.987277938057513,0.978166162638389,-0.0999999999999999,-1609.41186620227,-3904.35737088683-1998.92451804502i,0.857654560059468-0.0134756950385701i,0.871907253769136-0.0467065486767803i,14.7225309908194,0,1,
1744,1,659692895,659692895,227565,0.987054480357352,0.959796942667654,-0.22,-1646.86678020158,4365.94131437873+721.012004900895i,0.857838203291576-0.0126249633134911i,0.877565285177749-0.0238271828489282i,14.515899221007,0,1,
1745,1,660071365,660071365,227565,0.98669546076099,0.946060993889701,0.27,-1623.47570174816,-4441.37595023398-152.461139399843i,0.854747475139471-0.0107162306981682i,0.87701350281266-0.036045884236516i,14.3871798453091,0,1,
1746,1,660449836,660449836,227565,0.986516109916717,0.938061926815062,-0.29,-1656.42581160011,4449.37161280758-274.096643619319i,0.853957946395668-0.00302424207445651i,0.870289563682381-0.0318150367548601i,14.3473693364039,0,1,
1747,1,660828306,660828306,227565,0.987239435175107,0.963292750904341,0.19,-1652.84494677252,-4351.77111775325+759.841117049902i,0.855211063734855-0.00863770136969568i,0.878466647121085-0.0186592435087939i,14.5784219717357,0,1,
1748,1,661206776,661206776,227565,0.986774152936429,0.92070792661985,0.34,-1603.00560001777,4352.9616733326-1032.27357407125i,0.850582743480205-0.0172522751227546i,0.868733310338277-0.0314098156779232i,14.2727067954959,0,1,
1749,1,661585247,661585247,227565,0.986893898717444,0.964079547746755,-0.19,-1625.27233531797,-4185.47721003601+1404.50900106964i,0.856385047411913-0.0360137476619497i,0.870039496880402-0.0443820514565524i,14.4674296701835,0,1,
1750,1,661963717,661963718,227565,0.986360945000323,0.978273821665011,0.0799999999999999,-1646.09017802518,374.36262455845-4360.09407914668i,0.852869499523736-0.0101240298970739i,0.875182391266994-0.0429881603480178i,14.4102347583686,0,1,
1751,1,662342188,662342188,227565,0.987392689200734,0.970852340523703,0.16,-1640.59296633233,-3349.30069093394+2862.55212946353i,0.855510956609381+0.0072158890013854i,0.87929322552682-0.0107526889836322i,14.5743429255402,0,1,
1752,1,662720659,662720659,227565,0.986041618087608,0.899184709849398,-0.39,-1640.32958102868,3005.31776545944-3334.62488212082i,0.855026857685775-0.00376978820070119i,0.867002125431014-0.0470957873854707i,14.2488283487545,0,1,
1753,1,663099129,663099129,227565,0.986352095857054,0.902788788316173,0.39,-1652.41025762017,-2109.42261106387+3963.21992275074i,0.850107650027943-0.0187784653001152i,0.868500896134208-0.0453329632885977i,14.1799650020324,0,1,
1754,1,663477600,663477600,227565,0.987572087543951,0.982571076226948,0,-1639.52030935403,1289.56562432681-4180.12918421136i,0.85847083212199-0.0321456417663065i,0.881087316650384-0.0230578845169193i,14.8374017121662,0,1,
1755,1,663856070,663856070,227565,0.986564650237317,0.931750810838495,0.31,-1655.04591152342,-1411.59552265268+4235.0880768582i,0.850878435900885-0.015536912062898i,0.868187812783529-0.019976572612729i,14.2486892404594,0,1,
1756,1,664234541,664234541,227565,0.986757437243316,0.974840870629756,-0.12,-1638.58840000839,416.125919937005-4373.388061003i,0.859429830184079-0.0218060359523514i,0.878749701274056-0.0417548227254448i,14.743443325179,0,1,
1757,1,664613011,664613011,227565,0.986763492080202,0.977595671423508,-0.0899999999999999,-1612.82148021793,-733.84678429905+4321.09695647289i,0.85882500392748-0.0159599172050516i,0.879896842983012-0.0554560882610014i,14.755409381426,0,1,
1758,1,664991482,664991482,227565,0.985752762693123,0.850663797322549,-0.5,-1639.36587770873,55.9493822599646-4501.7994380963i,0.848735465453396-0.0358931581486649i,0.864686419872447-0.0492259772211461i,14.0746994528089,0,1,
1759,1,665369952,665369952,227565,0.982424929927737,0.972291743332883,0.0999999999999999,-1634.96109275109,3848.30656619982+2048.9917161114i,0.83966557390084-0.0155266067722329i,0.86700776204649-0.0182896517994453i,13.3110442688018,0,1,
1760,1,665748422,665748422,227565,0.98618207625613,0.884447988984392,0.43,-1649.90603508874,-1160.49703826196-4342.52927321289i,0.849522870854699-0.00797837029119786i,0.864913926504815-0.0476555046371846i,14.064299780045,0,1,
1761,1,666126893,666126893,227565,0.986295234993678,0.925577481060006,0.33,-1654.00384137455,2588.98769157873+3643.68748609136i,0.85231520734882-0.0126937949340724i,0.866522685947602-0.0537812700456185i,14.2888845035143,0,1,
1762,1,666505364,666505364,227565,0.986926056048132,0.954388621450405,-0.23,-1623.78371091265,-3041.98788548644-3224.17845091895i,0.857646010888695-0.0272513208635109i,0.877831339734454-0.0235764096757247i,14.6480660668369,0,1,
1763,1,666883834,666883834,227565,0.986531819831536,0.950989090800485,0.25,-1646.22492557177,3255.28924871246+3020.71634080149i,0.852835941323407-0.0195426440425716i,0.869588305552038-0.0507739440382088i,14.4356161548499,0,1,
1764,1,667262305,667262305,227565,0.986369050382567,0.934417813019768,-0.31,-1632.69510723062,-3701.18543706089-2495.42805917713i,0.853738077917954-0.0301371217996221i,0.873917670458149-0.0422398161738977i,14.4121885485912,0,1,
1765,1,667640775,667640775,227565,0.987997477861365,0.971851184311988,-0.15,-1637.5415102675,3571.85364181853+2575.18847880742i,0.859969882076153-0.00572718855028185i,0.879994824017624-0.0243423370551044i,14.7401495944992,0,1,
1766,1,668019245,668019245,227565,0.986045419332504,0.877762053195025,0.45,-1629.0410517554,-4048.48806900917-1966.02603089945i,0.85015095296117-0.0092163999832074i,0.866171995537637-0.0355584096441432i,14.205866927663,0,1,
1767,1,668397716,668397716,227565,0.987509426054494,0.956546257758969,-0.23,-1658.57824517808,4112.94297996647+1655.89809095786i,0.855614316503087-0.0283919493677867i,0.869941613062031-0.0231349454448321i,14.5331643728986,0,1,
1768,1,668776187,668776187,227565,0.986096015147196,0.923172982528024,-0.34,-1610.13651249595,-4469.39535612628-208.625851187494i,0.85337075757776-0.0215855085759494i,0.873574784052776-0.0289793082030181i,14.2697097576277,0,1,
1769,1,669154657,669154657,227565,0.987735267930952,0.972957852271365,0.14,-1659.09121461158,4397.76616690813+10.3942937923384i,0.855716565289319+0.00702439115193728i,0.88044230825279-0.0041776155520832i,14.631321281737,0,1,
1770,1,669533128,669533128,227565,0.988050693904448,0.979092431680428,-0.0999999999999999,-1651.38619128808,-4171.31748263934+1361.69490215313i,0.858498632948912-0.0142716164864677i,0.872992898117055-0.01877793597802i,14.7709957843365,0,1,
1771,1,669911598,669911598,227565,0.98680657067772,0.947931487467122,-0.26,-1622.83184234975,4362.22775636258-752.19340997212i,0.853806852479923-0.0291819473874647i,0.875985160217363-0.0405416282668935i,14.5242497403806,0,1,
1772,1,670290068,670290069,227565,0.986741118074625,0.980536470219514,0,-1640.87138587845,-3543.02075497882+2530.59188825756i,0.859204200529758-0.0107089458295163i,0.870560760122238-0.042102958505072i,14.7000982956252,0,1,
1773,1,670668539,670668540,227565,0.983334604096737,0.853773465716848,-0.5,-1639.8263700994,3243.37316767736-3054.69046901942i,0.842743266686595-0.012413826156104i,0.861914394777261-0.0430354310015618i,13.4578677843651,0,1,
1774,1,671047009,671047009,227565,0.986473787320892,0.878278276414395,0.45,-1637.56033908355,-3500.77546082927+2799.1292491483i,0.849972918012415+0.00668271905041198i,0.873988861813103-0.0175132736583774i,14.2200943304599,0,1,
1775,1,671425480,671425480,227565,0.986606677635478,0.921839690380379,0.34,-1619.26249866083,2488.01234718214-3698.8637741138i,0.848547619342076-0.0404079147375249i,0.864245811746052-0.0704065701445279i,14.2205545388541,0,1,
1776,1,671803951,671803950,227565,0.985977742625386,0.854513939038861,0.49,-1656.41235615423,-2620.36341866525+3639.07516214393i,0.849872901145417-0.0210685253796375i,0.871342581411298-0.0409434049452338i,14.1077130024612,0,1,
1777,1,672182421,672182421,227565,0.987729819987121,0.981462213195624,-0.0499999999999999,-1619.87569109472,2144.81222972164-3797.13152531159i,0.858031349107561-0.0250257877433408i,0.881132137146275-0.0383464465791632i,14.8020298144216,0,1,
1778,1,672560891,672560891,227565,0.986225137407988,0.914893617898429,0.36,-1635.40631911113,-1796.12077393841+4103.18360085451i,0.850724055675884-0.00254049241387466i,0.865960224487731-0.0318920483634832i,14.1942361325697,0,1,
1779,1,672939362,672939362,227565,0.986313450394899,0.932400087814947,0.31,-1645.28429267635,285.130849804468-4455.53162416671i,0.851397786203234+0.00633089855309402i,0.875677007836191-0.0155731392971013i,14.3283600201701,0,1,
1780,1,673317832,673317832,227565,0.986730225316234,0.921944903431851,0.34,-1608.13255931198,-600.434873590356+4434.05826475084i,0.850190465720554-0.0256993087345541i,0.868145396848192-0.0349340724118758i,14.2173687649182,0,1,
1781,1,673696303,673696303,227565,0.987878452582386,0.977320925872011,0.11,-1657.9109549038,-328.017863853496-4376.6747972893i,0.856500485118251-0.0238187548177483i,0.873728728462041+0.00467292638358485i,14.6430135648245,0,1,
1782,1,674074773,674074773,227565,0.986548637474415,0.904786674920263,0.39,-1634.43239734861,726.556085763123+4430.20626156189i,0.850405714804926+0.000377083246776463i,0.873836773456522-0.0272124619748584i,14.201976785081,0,1,
1783,1,674453244,674453244,227565,0.987402278617176,0.967812325434116,-0.17,-1626.22206979361,-1094.03677209295-4273.4596211235i,0.85905578071678-0.0198752272223725i,0.878637545040113-0.029650787067055i,14.7028644963279,0,1,
1784,1,674831715,674831714,227565,0.985681129809038,0.855878472401936,0.49,-1665.42577380143,1759.14702930179+4144.30087699247i,0.849939751945094-0.0200435134944463i,0.86629404265283-0.0199984778002492i,14.0836913852288,0,1,
1785,1,675210185,675210185,227565,0.987081398323545,0.95174230342688,-0.25,-1651.55612564593,-1988.93108948079-3972.33346594796i,0.856584139885376-0.0229227705387142i,0.870448584936892-0.0386414523181081i,14.4050450502222,0,1,
1786,1,675588656,675588656,227565,0.986249296679097,0.918239376206471,-0.35,-1642.63855642331,3162.00620822544+3172.46191143751i,0.853974853242823-0.00969820411550565i,0.87518870345569-0.0200285491486305i,14.3699826843767,0,1,
1787,1,675967126,675967126,227565,0.987774216063566,0.982878352334079,0,-1638.64819518835,-3332.27184083542-2832.33386263122i,0.859884797556592+0.00292907643967458i,0.873604680154981-0.0410818588762341i,14.7779308642708,0,1,
1788,1,676345596,676345596,227565,0.986268984757269,0.941002474860247,0.28,-1635.49833581036,3503.43145523953+2751.20992564527i,0.852024741296138+0.00279137675828965i,0.876355582009514-0.0243178305039483i,14.3958368508906,0,1,
1789,1,676724067,676724067,227565,0.987929214591098,0.981105694963467,0.0499999999999999,-1643.68218789491,-3997.17713704237-1787.46550538548i,0.858973182865284-0.0196151231378766i,0.881093876668918-0.0261678093132585i,14.8169103224682,0,1,
1790,1,677102537,677102537,227565,0.987431101807639,0.961870462371879,0.21,-1633.42388229533,4065.52707165069+1748.62508725896i,0.852883181666561-0.000496022743787084i,0.872250653205702-0.0449137458147405i,14.4496381960975,0,1,
1791,1,677481008,677481008,227565,0.9883113641694,0.983038689013423,-0.0399999999999999,-1625.22249357201,-4307.8105513433-768.198186096143i,0.859564804946263-0.0205282177113108i,0.881937843640533-0.0196125463819046i,14.7705684655003,0,1,
1792,1,677859479,677859479,227565,0.986066932357139,0.874136217782443,-0.45,-1649.20928761547,4501.40484031539+36.3577317495337i,0.852023434602982-0.0165385567289668i,0.867452981594785-0.0100767179130069i,14.1403429719329,0,1,
1793,1,678237949,678237949,227565,0.987699954709114,0.974845171510018,-0.12,-1661.28387030821,-4385.41835075469+271.992467927698i,0.857269880154073-0.00127508372370915i,0.874162691580439-0.0402727729310996i,14.6991155815135,0,1,
1794,1,678616420,678616419,227565,0.985401839792033,0.861300157946682,0.48,-1631.9888067468,4346.08221693958-1157.47999979274i,0.849926116250009-0.00455676935202417i,0.872449646017052-0.0243859688503868i,14.2017343449588,0,1,
1795,1,678994890,678994891,227565,0.981900201365466,0.855255036974766,-0.49,-1650.94780167462,-1240.38013281336+4270.76490322204i,0.842386011119143-0.00824954766191932i,0.86067956440731-0.0293905574574029i,13.188585915476,0,1,
1796,1,679373361,679373361,227565,0.987472480084119,0.965707203408466,-0.18,-1622.37922471353,3357.59900915505-2850.68986565914i,0.857463807183179-0.0275638523758097i,0.877643257095899-0.0358088337242158i,14.7393528197665,0,1,
1797,1,679751831,679751831,227565,0.987724276334292,0.97272044654204,-0.15,-1619.74072013359,-3695.7068382382+2375.49986615529i,0.858922527652845-0.012178677147854i,0.880357133163923-0.0296989086715307i,14.7586714471949,0,1,
1798,1,680130302,680130302,227565,0.986211048390326,0.907552252695143,-0.38,-1639.86551160542,3149.96883803017-3181.38676602154i,0.853009767269988-0.00425028535215459i,0.866588069370213-0.0302932318485469i,14.1784172184801,0,1,
1799,1,680508772,680508772,227565,0.987558177941471,0.977493454982906,-0.0999999999999999,-1626.28808053678,-2895.51178355052+3282.36729217515i,0.860473108852164-0.0170237846865423i,0.872198891170753-0.0574511712803978i,14.770115487178,0,1,
1800,1,680887243,680887243,227565,0.986024169188688,0.923595465777905,-0.34,-1625.36966568284,2082.03239766076-3949.21036681891i,0.851819371597512-0.0285373333283605i,0.872619393076252-0.0281605964244874i,14.3213042964098,0,1,
1801,1,681265713,681265713,227565,0.986116600457488,0.927813575202034,0.33,-1642.6739981919,-1222.56238424509+4295.89622759068i,0.851593267398844-0.0133863674299844i,0.876235160947035-0.035100451131133i,14.3326654039562,0,1,
1802,1,681644184,681644184,227565,0.986278845195754,0.938465765064116,-0.29,-1613.74964799322,607.861883422065-4415.48954791874i,0.856177679693317-0.0107834328037549i,0.869687632263694-0.0334293059973801i,14.430327077782,0,1,
1803,1,682022654,682022654,227565,0.987250946419704,0.965221821778891,0.19,-1621.82455312049,-318.957996920233+4406.97573960819i,0.854939886428303-0.0232495898188295i,0.876075294600546-0.0595485472554089i,14.6009695238857,0,1,
1804,1,682401125,682401125,227565,0.986328167281983,0.913057405814755,-0.37,-1630.1102924877,-235.468460003915-4477.98465925131i,0.851642573751105-0.0331708882550137i,0.867090152005396-0.051345456006767i,14.2870265938249,0,1,
1805,1,682779595,682779595,227565,0.987042715577077,0.959503284653833,-0.22,-1647.00360332276,4.26825887615084+4430.5657657432i,0.855221681927312-0.0231696874921403i,0.87210024914834-0.0283715336639695i,14.5301326553724,0,1,
1806,1,683158066,683158066,227565,0.986382087246608,0.881555901623282,-0.44,-1635.84498333589,-1150.47678483134-4350.1049463488i,0.851275096269404-7.41206852711389e-05i,0.875566755841858-0.0252129593439127i,14.149456875597,0,1,
1807,1,683536536,683536536,227565,0.986827975146704,0.940333810328649,-0.29,-1638.09186941656,1138.95168861924+4309.81827514155i,0.855701456424517-0.00751937091993193i,0.877093247078663-0.0289366305733918i,14.3932935251794,0,1,
1808,1,683915006,683915006,227565,0.987156030339741,0.964633445731807,0.19,-1617.61917515258,-1586.53719694982-4119.61998364975i,0.854903135353781-0.0171140022971315i,0.871859830120006-0.0411511308845408i,14.5034213660668,0,1,
1809,1,684293477,684293477,227565,0.987486277320943,0.97957118780693,0.0799999999999999,-1639.64077363576,2708.1512889004+3443.99309693976i,0.85816281701149+0.0219558864405906i,0.875222407978092-0.00899105710048256i,14.6850937083469,0,1,
1810,1,684671948,684671948,227565,0.986265155457487,0.866137219274181,-0.47,-1636.81415245382,-3256.07200641076-3106.70683266733i,0.852290774071646+0.0035089003891869i,0.873777193989739-0.025362561255716i,14.1606326349009,0,1,
1811,1,685050418,685050418,227565,0.987476636470485,0.984067954761766,0,-1639.79323984256,3489.06996990216+2636.4526159205i,0.859093854919795-0.00959449952781245i,0.874011423187678-0.0238785800674308i,14.7844309526175,0,1,
1812,1,685428888,685428888,227565,0.987222734445873,0.969761784146458,0.16,-1652.75296674569,-3467.41813051281-2717.33512484516i,0.856530389206208+0.0226681763678087i,0.879002095377786-0.0140301711115567i,14.5529860477319,0,1,
1813,1,685807359,685807359,227565,0.987897783296574,0.97983088306799,-0.0899999999999999,-1626.23883631977,4086.23538576845+1592.82495100458i,0.857749598442187+0.0145506246259174i,0.879542774385434-0.0213389062469781i,14.6506979409623,0,1,
1814,1,686185829,686185830,227565,0.984871841906619,0.979747402734649,0,-1622.79240193783,-4353.17339766544-263.886910239562i,0.84940479527461-0.0284510641365831i,0.866058676290213-0.0364006068867576i,13.9964697591142,0,1,
1815,1,686564300,686564300,227565,0.987081237083674,0.981273975725027,-0.0399999999999999,-1668.17143592104,4334.01461589798+601.947677799621i,0.859374397102999-0.00716954500021496i,0.87336880359089-0.00594817084702163i,14.6958850171602,0,1,
1816,1,686942770,686942770,227565,0.985988844963494,0.883985641108383,0.43,-1647.94827922075,-4495.78750851998+112.361832838557i,0.849735096190006-0.00487780397806098i,0.872722099230616-0.0222096018626847i,14.1101758028835,0,1,
1817,1,687321241,687321241,227565,0.987649949936157,0.976253067005736,-0.12,-1656.91674239371,4326.67253736069-754.402428664282i,0.861357215011274-0.00947514821343969i,0.88165391294411-0.030707306773392i,14.668200971982,0,1,
1818,1,687699712,687699712,227565,0.986040543017814,0.919028805901418,-0.35,-1648.67194044744,-4043.98987579217+1926.27154076865i,0.852858923465117-0.0204570762333186i,0.869876194097673-0.020676526448789i,14.2686774673224,0,1,
1819,1,688078182,688078182,227565,0.986469604414127,0.950469159215602,0.25,-1640.71562543427,3629.31166407694-2560.63464063663i,0.852039902233168-0.0220589145797299i,0.875199188836246-0.0509070326139922i,14.43333583042,0,1,
1820,1,688456653,688456653,227565,0.986581081389354,0.934502472361645,-0.31,-1605.05876363591,-3273.18803556056+3036.87336419697i,0.853926057834605-0.0201961050202807i,0.869215631813369-0.0533061231654536i,14.3954915280206,0,1,
1821,1,688835123,688835123,227565,0.987749855364448,0.96789962495155,0.18,-1663.62628535697,3016.32706979485-3223.63731027125i,0.85711766849633+0.00950993125443928i,0.871261252159161-0.0240878272634416i,14.5444781699729,0,1,
1822,1,689213593,689213593,227565,0.986183904442219,0.926823546338089,0.33,-1636.27203408251,-3064.06320478131+3251.74593477853i,0.850598021325454-0.0182459446349955i,0.873791250753138-0.0214560086433032i,14.2496732843175,0,1,
1823,1,689592064,689592064,227565,0.986722241431561,0.956430262172764,-0.23,-1646.79772921024,2676.84208000658-3532.48029644995i,0.855667445203674-0.0166280971190392i,0.869885122024954-0.0377399058002128i,14.4485582800709,0,1,
1824,1,689970534,689970534,227565,0.98721780651932,0.950789616267269,0.25,-1657.79047360446,-2332.90637241964+3777.46130674884i,0.851810040797894+0.0256490376967452i,0.87496770853317-0.00701582502796853i,14.4620768871261,0,1,
1825,1,690349005,690349005,227565,0.98617885562242,0.932885702551624,-0.31,-1621.55553343707,1704.40070520668-4124.6940690634i,0.853869037556543-0.0273712858013931i,0.876890321983658-0.0436659869477961i,14.3456314233893,0,1,
1826,1,690727476,690727476,227565,0.986352099747242,0.893500646649542,-0.41,-1653.76222759609,-562.328668806832+4455.34095084489i,0.852406582673897-0.0287912464190848i,0.867246247930192-0.030161061194057i,14.1491731282551,0,1,
1827,1,691105946,691105946,227565,0.987902481894926,0.980614842896684,0.0599999999999999,-1634.65910830235,-112.704516739525-4374.62259199267i,0.858748305070171-0.0121115733521401i,0.879782104117066-0.0370076803966807i,14.7036298307811,0,1,
1828,1,691484417,691484417,227565,0.98527246872495,0.857534603594816,-0.48,-1614.37927677148,691.723657185912+4446.17899305572i,0.85085728744969-0.021265598192394i,0.866787491706164-0.0330652756727697i,14.1080349271667,0,1,
1829,1,691862887,691862887,227565,0.986368084305792,0.922801317705185,-0.34,-1650.49945057581,-384.007850892449-4458.35001132768i,0.853204697911185+0.00676069097899816i,0.867926890694792-0.0331202440999117i,14.2858356142934,0,1,
1830,1,692241357,692241357,227565,0.987156095526501,0.971664352547471,0.14,-1658.16456502129,901.329316481968+4304.4101230825i,0.856690231509725-0.022937991388897i,0.881287270539053-0.0298193683310104i,14.5928190343635,0,1,
1831,1,692619828,692619828,227565,0.987672957794078,0.977044797454419,-0.0999999999999999,-1654.59730613246,-2075.93293093197-3866.0639300045i,0.859036811150721+0.007499032600193i,0.881980130086625+0.000954217158791918i,14.749295400006,0,1,
1832,1,692998299,692998298,227565,0.98619688811545,0.85504000206225,0.49,-1626.14611169447,2728.65861411331+3582.51521753494i,0.84930795463072-0.0303126998660396i,0.867386996752538-0.0337329888329928i,14.1480439056537,0,1,
1833,1,693376769,693376769,227565,0.987956224936859,0.981158237768037,-0.0499999999999999,-1653.07583130326,-3064.24906301559-3127.43739708323i,0.859528385891351-0.0310175421379658i,0.872164725552097-0.0437763794454926i,14.7004751683936,0,1,
1834,1,693755239,693755239,227565,0.986256804835272,0.890245361236441,0.42,-1646.41718948501,3558.14021035783+2750.3445412885i,0.849415575986356-0.00400968973902052i,0.871547786092456-0.029957318853709i,14.2017764330402,0,1,
1835,1,694133710,694133710,227565,0.987549260405658,0.964980531135355,0.19,-1629.05818644534,-4041.49735666526-1786.61060695476i,0.854030121173241-0.0193724683614226i,0.869341128739997-0.0825314135484416i,14.5031853519623,0,1,
1836,1,694512181,694512181,227565,0.985669534742568,0.975325554466448,-0.11,-1606.78322561536,3914.34275452536+1965.01223124996i,0.84741534280325-0.0583981601545194i,0.872367344562254-0.0727558156292279i,14.1297502292849,0,1,
1837,1,694890651,694890651,227565,0.986358334091879,0.966805996698419,0.17,-1622.85275391034,-3648.50751328688+2463.90708758478i,0.848479218163328-0.0337759493435729i,0.875012736209428-0.0372432798122048i,14.18229910674,0,1,
1838,1,695269122,695269122,227565,0.986443235658423,0.929872429469101,-0.32,-1641.32743477895,4471.5561058417+28.043490397651i,0.852737567399224-0.0258106052423552i,0.87044510666391-0.0249471467424862i,14.3235534212811,0,1,
1839,1,695647592,695647592,227565,0.986852050010357,0.969462442642421,-0.17,-1646.55688741335,-4405.57570791507-189.964384769887i,0.85814774663058-0.0160979308345707i,0.871333928192025-0.0195109949796785i,14.5853143783433,0,1,
1840,1,696026062,696026062,227565,0.986289014139913,0.932831159760947,0.31,-1603.34849902415,4442.65008908349-427.967018485795i,0.851683810624061-0.00556406791563049i,0.873341440579533-0.0507122858481684i,14.263556896484,0,1,
1841,1,696404533,696404533,227565,0.986938211149992,0.95054988916277,-0.25,-1668.1513139803,-4399.01484186738+621.859694897488i,0.855532636115054+0.00226438823935839i,0.877371342840797-0.00547143055425715i,14.4492682210455,0,1,
1842,1,696783003,696783003,227565,0.987019086546364,0.976304533106578,0.11,-1638.58585461091,4264.322000383-1042.91506480142i,0.857886467236372+0.00673154421475141i,0.873662872806601-0.0245939539713801i,14.5547864790348,0,1,
1843,1,697161474,697161474,227565,0.987227170483625,0.975174289714425,0.13,-1616.88325631797,-3552.77970377419+2589.83403029254i,0.857650704386054-0.014791781836306i,0.878387699822954-0.0394477999464304i,14.6603668599092,0,1,
1844,1,697539944,697539944,227565,0.987022272270361,0.969079593073713,0.16,-1651.73860824683,3852.04564837502-2140.06737415827i,0.85518644050684-0.00633923607014761i,0.873267104418562-0.01684547947143i,14.5113991061476,0,1,
1845,1,697918415,697918415,227565,0.988090225661576,0.983100018116801,0.0499999999999999,-1644.33216284638,-2928.30528849199+3253.05952389607i,0.857854662546959-0.04062844106528i,0.871485237991463-0.0837133506341632i,14.7290153509071,0,1,
1846,1,698296885,698296885,227565,0.986887716018312,0.961473265884918,0.21,-1655.645804114,3014.43922130569-3241.78725449262i,0.855336444479862-0.0204088787003074i,0.877418300511722+0.00296547474673775i,14.4956276716854,0,1,
1847,1,698675356,698675356,227565,0.985658089739826,0.919358900118067,-0.35,-1625.13294017444,-2548.88407316626+3683.68389096472i,0.85280030931523-0.0336090708709462i,0.873510519531365-0.0487407171104765i,14.3337537977718,0,1,
1848,1,699053826,699053826,227565,0.987668199796053,0.975389844010893,0.13,-1633.17673231902,1985.87027951949-3923.07568019232i,0.857348053301085-0.0267865303527775i,0.872347352131321-0.0332072004202322i,14.6688596010356,0,1,
1849,1,699432297,699432297,227565,0.987043418298416,0.981465559938899,0,-1655.69199780028,-772.075515290562+4302.24387105412i,0.859086206047333-0.0153736698944049i,0.874404330776802-0.0497083833875566i,14.5612832454436,0,1,
1850,1,699810767,699810767,227565,0.987297370858669,0.980182824831965,0.0499999999999999,-1649.34578792462,1098.6249041701-4237.16232062239i,0.860082819050051+0.0185696508902277i,0.881820037364265-0.0170313003469666i,14.8153181742408,0,1,
1851,1,700189238,700189238,227565,0.987947379262543,0.980567876364447,-0.0699999999999999,-1623.34238941192,346.48889516249+4369.27719237831i,0.858820739419747-0.00349452295777639i,0.873605465036673-0.0202593529876429i,14.7374325048964,0,1,
1852,1,700567708,700567708,227565,0.986151748406507,0.896775954964481,0.4,-1625.80581378005,-760.13306159139-4426.16881105293i,0.851199090917109-0.0195002633205346i,0.871314406308936-0.0540372305808304i,14.1309815750317,0,1,
1853,1,700946179,700946179,227565,0.987460302614508,0.972400463161332,-0.15,-1641.02740792695,1132.71802707243+4256.84126527363i,0.858169708217411-0.00964732616353044i,0.876850008763645-0.0618088513288256i,14.7177933416582,0,1,
1854,1,701324650,701324650,227565,0.985735545271566,0.905507528959163,-0.38,-1642.45511913137,-2358.12339130269-3817.86268692788i,0.852428321786747+0.00466381877329237i,0.868776717432354-0.0127196517685409i,14.1988230312237,0,1,
1855,1,701703120,701703119,227565,0.986107931192816,0.861429898722029,0.48,-1641.23295687433,1643.96445801726+4190.59166215548i,0.850426856887059-0.00701531775755822i,0.873594512725187+0.00335503838947642i,14.0977652084096,0,1,
1856,1,702081590,702081590,227565,0.986689269745069,0.908998877227438,0.37,-1640.04415374623,-2802.64061612043-3501.72206845743i,0.850914957515754+0.00616635524830713i,0.866366157694602+0.00636699582186474i,14.1260120540988,0,1,
1857,1,702460061,702460061,227565,0.987818341493234,0.967281315698398,-0.18,-1664.15141257931,3039.61653553972+3201.60862034272i,0.857641132904792+0.00979507081282434i,0.872638251015013-0.016150058197112i,14.5443416886118,0,1,
1858,1,702838532,702838532,227565,0.98654011590528,0.895430729132392,-0.41,-1646.2999663346,-3898.32525711664-2236.2464977501i,0.850940612234603-0.0434347584026293i,0.872686256947045-0.0464067070571421i,14.232276201405,0,1,
1859,1,703217002,703217002,227565,0.985970472479886,0.904068791476604,-0.38,-1654.21499843946,3730.35700400724+2493.14445402176i,0.853564406041562+0.0152409039582994i,0.867827344706102-0.0181896108014883i,14.2226441168126,0,1,
1860,1,703595473,703595473,227565,0.985553827667306,0.927535857520907,-0.32,-1647.22577557244,-4360.87943803578-912.724078913498i,0.850115926086876-0.0365701517159081i,0.872717107354735-0.0447798868182214i,14.087332699858,0,1,
1861,1,703973943,703973943,227565,0.987687873283422,0.984598453567964,0,-1634.55082349803,4327.85214568294+633.891541143388i,0.861355630619284-0.0147657478437148i,0.881274411049848-0.0319092965382473i,14.8191784926181,0,1,
1862,1,704352413,704352413,227565,0.986427561711888,0.92733399063306,0.33,-1627.68235124638,-4455.55172977657-336.427241600706i,0.850796955328818-0.0192321591163265i,0.868871146456305-0.02877097451242i,14.2337178548514,0,1,
1863,1,704730884,704730884,227565,0.986420706099358,0.937738278286775,-0.29,-1648.41979364973,4458.02584891231+19.572182805259i,0.854473094786461-0.00724399277260688i,0.869998912192784-0.0313408980206568i,14.3733667177835,0,1,
1864,1,705109354,705109354,227565,0.987034827594686,0.964339729816329,0.19,-1649.80554796361,-4391.44976945756+472.4620658184i,0.856134163950015-0.0101980560118642i,0.879148777102174-0.0145890608675238i,14.537660492112,0,1,
1865,1,705487825,705487825,227565,0.986517215260255,0.912901325961062,-0.37,-1632.07893490362,4352.81308099595-1072.54699797572i,0.85273482077307-0.00933972231242798i,0.87318055941894-0.0422717362154368i,14.2365954110743,0,1,
1866,1,705866296,705866296,227565,0.986141874944929,0.866329315324679,-0.47,-1638.32179319177,-3875.40484548449+2291.52173194585i,0.850516078740157+0.0105592893705923i,0.86725960879535-0.0121240304349241i,14.0613058340346,0,1,
1867,1,706244766,706244766,227565,0.985592105330493,0.881187544207943,-0.44,-1643.9298439761,4080.12975472775-1891.63588226358i,0.851531582358559+0.0014526091845891i,0.870783964306716-0.0397283481333643i,14.1203094112754,0,1,
1868,1,706623236,706623236,227565,0.985572846973888,0.869628028073023,0.46,-1638.32187075282,-3322.83521889983+3034.12076655634i,0.848708332825293-0.00532846010133718i,0.867075700964616-0.0400866050617881i,14.093566100965,0,1,
1869,1,707001707,707001707,227565,0.987717304221749,0.978077052317955,-0.0899999999999999,-1633.17496827416,2807.38892563382-3368.59281553587i,0.858884908041143-0.00554396995562966i,0.875127023047834-0.00417761837296473i,14.7286239895139,0,1,
1870,1,707380177,707380177,227565,0.987583640329502,0.980005451887703,0.0799999999999999,-1646.10661277233,-2843.03517508217+3333.99542747263i,0.859664146916654+0.00636824573346887i,0.879987045526879-0.0343795637228796i,14.7785642110693,0,1,
1871,1,707758648,707758648,227565,0.985246110305581,0.866644213151626,-0.47,-1612.66063200374,2337.01696474085-3846.75276017177i,0.851737340137233-0.00148290759292341i,0.872727492461957-0.036876616322631i,14.1901499062437,0,1,
1872,1,708137118,708137118,227565,0.987668044664739,0.982674931880185,0,-1634.348788605,-1945.79825324734+3917.94305471525i,0.861436695469025-0.00107671459068266i,0.874182233109356-0.0120945545103514i,14.7812162601908,0,1,
1873,1,708515589,708515589,227565,0.987599583249411,0.97571971434251,-0.12,-1633.21466671961,628.480788051704-4350.01055344356i,0.859765868947913+0.00428047389767135i,0.87092319639667-0.0366488214417965i,14.7656062476753,0,1,
1874,1,708894059,708894059,227565,0.98639652276997,0.915426797790651,0.36,-1641.37950947547,-138.790062294535+4479.62759775811i,0.850332518240269+0.0160647574770375i,0.873751953377954+0.00638575040809633i,14.2538777704863,0,1,
1875,1,709272530,709272530,227565,0.98701693787787,0.96277560481904,-0.2,-1649.10638312299,-220.463383332957-4415.45795992563i,0.856524795043998-0.0207688503501811i,0.872784978616702-0.0305722368140339i,14.4988286986334,0,1,
1876,1,709651000,709651000,227565,0.988064249891281,0.981846873753554,-0.0399999999999999,-1633.00653791845,134.248806395896+4374.17433334397i,0.858225133269997-0.0332545964251954i,0.880377401973202-0.0548082447588447i,14.7992251540808,0,1,
1877,1,710029470,710029470,227565,0.986114155012968,0.884346326399951,0.43,-1638.09258380519,-587.447081665646-4458.21883364i,0.850203555817596-0.0152816491469978i,0.873596746248093-0.0229697106628356i,14.1721512704574,0,1,
1878,1,710407941,710407941,227565,0.982021718440969,0.854691154335646,0.5,-1640.91826768069,2408.51059920206+3752.77216544758i,0.839691435212067+0.00167497744265844i,0.862113713729455-0.024074648492826i,13.2158588928588,0,1,
1879,1,710786412,710786412,227565,0.986770241723838,0.918297055277364,-0.35,-1638.77773366615,-2214.61719235187-3888.49420846382i,0.852507424468013-0.0418227573870072i,0.868566568746998-0.0356674534631745i,14.3115418838896,0,1,
1880,1,711164882,711164882,227565,0.986970423236675,0.950030816433085,0.26,-1635.78353697941,2891.15246676187+3374.17965045237i,0.853124951716486-0.0126583310880247i,0.876444912630348-0.0321147248066572i,14.4098551337469,0,1,
1881,1,711543353,711543353,227565,0.986568118572409,0.934959605445057,-0.3,-1644.51015640867,-3182.38367573503-3124.21570743008i,0.855452169509569-0.0137775352639395i,0.876786006954327-0.0339686133993208i,14.4119091316094,0,1,
1882,1,711921823,711921823,227565,0.987028429212503,0.967224155736856,0.18,-1595.76340685356,3623.92340812791+2509.72590540268i,0.853233643794165-0.0420337623142563i,0.872946815107352-0.0348979560517987i,14.4839568342718,0,1,
1883,1,712300294,712300294,227565,0.987839103527542,0.982041218412105,0.0599999999999999,-1643.56255628289,-4096.83360256301-1540.00766745683i,0.858435410625972-0.0300907283426114i,0.881146502841373-0.0374196598235689i,14.7128085356185,0,1,
1884,1,712678765,712678765,227565,0.986277653849444,0.859966125040139,-0.48,-1636.23568108651,4393.71619452661+978.35009348307i,0.850732570609998-0.0229016134853043i,0.865335824725561-0.0424014797128025i,14.1488039751497,0,1,
1885,1,713057235,713057235,227565,0.987221536196822,0.981946385384215,0,-1642.46887198633,-4351.75676614113-440.857727161452i,0.86202224610789-0.0061457801248862i,0.874595494748224-0.0256060994208595i,14.7979223104651,0,1,
1886,1,713435705,713435705,227565,0.986090012003797,0.87668438223071,0.45,-1639.43200464515,4499.00097610204-128.705534217679i,0.850891295405647+0.00169287068858258i,0.87249758386452-0.0137220792623165i,14.2679944302932,0,1,
1887,1,713814176,713814176,227565,0.98640605493025,0.893842450641674,-0.41,-1638.20920518168,-4493.61872875906-52.6641333304845i,0.851066206967524-0.0110626817886744i,0.864071006175322-0.0167986923037785i,14.1714134518306,0,1,
1888,1,714192646,714192646,227565,0.986890696644978,0.981572702311064,0.0599999999999999,-1655.00235906005,4350.30215857109-503.52200972062i,0.858241004702025+0.000767910393127625i,0.880398551749346-0.0286129858542109i,14.6796073001913,0,1,
1889,1,714571117,714571117,227565,0.987112615728386,0.97458143434225,-0.12,-1634.4151463697,-3977.85948248509+1866.23259367273i,0.85681810227756-0.0324898763213655i,0.881415102272653-0.0432905033200079i,14.697326035047,0,1,
1890,1,714949587,714949587,227565,0.986226025723762,0.89173534731956,0.42,-1642.36447084694,3730.65448335787-2511.9214557535i,0.850509816741807-0.00833161621938973i,0.866159965919587-0.0201056857091395i,14.2080114528669,0,1,
1891,1,715328058,715328058,227565,0.987277937815888,0.973208349914565,-0.14,-1629.44143709818,-3264.07649313015+2951.32232421088i,0.859272009656596-0.0188492809188597i,0.87990555670229-0.0399744011891547i,14.6699066735542,0,1,
1892,1,715706528,715706528,227565,0.987198173266051,0.977016395734817,-0.0999999999999999,-1633.80659018232,3473.4846597436-2680.92875102219i,0.859988821278986-0.00933992211809393i,0.872734964180908-0.0347741726170349i,14.6245123118002,0,1,
1893,1,716084999,716084998,227565,0.985645831976955,0.855771813752227,0.49,-1643.39720989296,-3114.09138307855+3251.19959992226i,0.849681626418638-0.0380079773858961i,0.863063641737619-0.061376209404007i,14.0363052646344,0,1,
1894,1,716463469,716463469,227565,0.987590504758642,0.982413011924279,-0.0499999999999999,-1625.74737629574,2506.34631977883-3590.31829324466i,0.859992210204406-0.0405870211167922i,0.880263744159382-0.076553924838652i,14.8273781511496,0,1,
1895,1,716841939,716841939,227565,0.986246513477519,0.891166355413153,0.42,-1648.41396711244,-2316.99144383473+3854.00109282092i,0.850782424050941-0.00585160945997874i,0.873787507592867-0.0448505095057871i,14.1488060301544,0,1,
1896,1,717220410,717220410,227565,0.987030877404375,0.972963260123234,-0.14,-1639.13217989296,1789.91792414981-4019.39241069965i,0.859855187079574+0.00329793311333102i,0.871045811654193-0.0450179234013386i,14.6141290650608,0,1,
1897,1,717598881,717598881,227565,0.987237677129873,0.952998741506243,-0.25,-1641.31925747563,-479.141890463544+4418.7464079807i,0.856720861864974-0.0285088831385971i,0.867436916229744-0.0359544495696064i,14.4361735488028,0,1,
1898,1,717977351,717977351,227565,0.981430768045794,0.955197243126062,0.21,-1621.74291717665,-3208.33413206967-2989.44493677786i,0.83526121039595-0.0349840203966377i,0.864700236086816-0.0415379111591216i,12.9681875420056,0,1,
1899,1,718355822,718355822,227565,0.986815235435363,0.929415729741622,-0.32,-1646.38698821682,455.337281908719+4447.23158868937i,0.853895439317628+0.000424514535386718i,0.867833585048993-0.0188391612225905i,14.3453482692967,0,1,
1900,1,718734292,718734292,227565,0.987448540012475,0.969058077551214,-0.17,-1623.8335663378,-431.738376663676-4391.18083772583i,0.857698726828106-0.0451954073789363i,0.878512817828092-0.0463725880698765i,14.6811679261556,0,1,
1901,1,719112762,719112763,227565,0.984619729291726,0.961585490715441,0.19,-1645.32238920993,4224.83196013792+1224.11948074367i,0.843058900912049+0.0119030456700676i,0.870979534064993-0.00394904733725278i,13.7703950179069,0,1,
1902,1,719491234,719491234,227565,0.986423718925878,0.852741664939007,-0.5,-1630.4644952327,-2872.62976378495-3472.39851070809i,0.850768706173127-0.00695759906805466i,0.864880056862278-0.0321960334216261i,14.1167855212318,0,1,
1903,1,719869704,719869704,227565,0.987842892868317,0.982848402371169,-0.0399999999999999,-1644.57507430419,3138.16795089329+3051.17012742469i,0.860042753623371-0.0124884082877795i,0.879320303701031-0.0445516163872076i,14.7484454526851,0,1,
1904,1,720248174,720248174,227565,0.987441368271801,0.974182013393128,0.13,-1621.39478448313,-3014.10547231845-3202.30702628796i,0.858917597164572-0.0180792946372049i,0.871832857238158-0.0322847846510331i,14.6508149371058,0,1,
1905,1,720626644,720626644,227565,0.985882071415094,0.870174191343806,0.46,-1622.44300970066,3330.03195795187+3031.98243251417i,0.849324767608941-0.0245175811824001i,0.866708307009025-0.0240997105112374i,14.0842570945307,0,1,
1906,1,721005115,721005115,227565,0.987827217391126,0.982062585937666,0.0499999999999999,-1639.38716482989,-3671.11388000617-2386.50302441021i,0.861679123780077-0.0059238286446133i,0.881722915875762-0.0106290128600224i,14.7994246515846,0,1,
1907,1,721383586,721383586,227565,0.9877857968131,0.979444540561181,-0.0699999999999999,-1634.71232663491,4203.270949793+1244.46518714927i,0.860564623920984-0.0112707091973478i,0.871414771014517-0.0330132769173463i,14.7355180216375,0,1,
1908,1,721762056,721762056,227565,0.986154832338148,0.897130089645878,0.4,-1638.51583568534,-4443.64459869265-670.72271345874i,0.85098065660828+0.0178191814882578i,0.873017753283042-0.0273609584676993i,14.2342802141946,0,1,
1909,1,722140527,722140527,227565,0.987781453522966,0.971866672616388,-0.15,-1620.80859945435,4404.68488336408+111.35766082844i,0.859682720602589-0.0194009062535582i,0.880107565389311-0.0358665504696318i,14.7454348532603,0,1,
1910,1,722518997,722518997,227565,0.98767012804907,0.983751453578614,0,-1640.24876655265,-4367.00896799358-237.583034780084i,0.85834478708148+0.0168345629673039i,0.873543912381001-0.0255789628879976i,14.6566103694743,0,1,
1911,1,722897467,722897467,227565,0.986132717596984,0.914474473632334,0.36,-1646.40927612752,4481.87688595157+42.9216930440331i,0.852245137058299-0.0229696456941965i,0.866672071709242-0.034867646426219i,14.152855268272,0,1,
1912,1,723275938,723275938,227565,0.987575489744819,0.979016704138399,-0.0699999999999999,-1654.06632917962,-4318.4039718826+732.144230482829i,0.861233784219245-0.0173396118769846i,0.880723328281331-0.0399796681685909i,14.7151188465109,0,1,
1913,1,723654408,723654408,227565,0.98578463050535,0.895387143061721,0.4,-1638.89336073671,4280.73593388541-1360.73672435741i,0.850032801132692-0.0376220336499887i,0.871423725862202-0.0439759146307446i,14.1427447990114,0,1,
1914,1,724032879,724032879,227565,0.987208734186705,0.971648589459583,-0.15,-1656.23299024755,-4074.58688402982+1670.56820195339i,0.860465046090111-0.00978252266875316i,0.872424264026545-0.0284087598430366i,14.588626138972,0,1,
1915,1,724411350,724411350,227565,0.985870873265054,0.905453989248791,-0.38,-1628.52563911946,3515.35691674954-2793.5464296709i,0.853095656664586-0.00283135574693181i,0.873065566212096-0.0486875545530137i,14.2873501576582,0,1,
1916,1,724789820,724789820,227565,0.988239766784108,0.981908973976006,-0.0399999999999999,-1624.81335113862,-3242.5615069754+2941.39431304447i,0.860086818619159-0.0261156795188281i,0.87097921616449-0.0795144976395849i,14.838191792175,0,1,
1917,1,725168290,725168290,227565,0.986476678471632,0.909862690132319,0.37,-1633.69690608575,3103.27837850535-3236.66421788341i,0.850009105431102-0.0363348079157847i,0.866436363810244-0.0342122560075592i,14.1817638682739,0,1,
1918,1,725546761,725546761,227565,0.987460083599929,0.965504050302074,-0.19,-1642.70689470724,-2673.63348890367+3518.26136461508i,0.857831861376162-0.0201489715954506i,0.877717549548437-0.0425990407627173i,14.5345835723294,0,1,
1919,1,725925232,725925232,227565,0.986054634013845,0.893215365329801,-0.41,-1662.64112431881,1636.10061119286-4187.14807290843i,0.85139672505902-0.00111079378974239i,0.866143737970293-0.0236147058533827i,14.1314962245433,0,1,
1920,1,726303702,726303702,227565,0.987128655552123,0.980805836016973,0.0599999999999999,-1631.31594459563,-1062.99719509534+4247.85777197965i,0.859792094592732-0.00708923174145178i,0.880336998525971-0.0312914075263227i,14.6374976298575,0,1,
1921,1,726682173,726682173,227565,0.986278640804172,0.912397043354356,-0.37,-1635.12120820729,417.899120258031-4466.18715163328i,0.852802549155035-0.0414532069183676i,0.873821492327276-0.0431279431607994i,14.2724710776927,0,1,
1922,1,727060643,727060643,227565,0.986763868085174,0.981996733304596,0,-1636.38123105157,-76.7983574470471+4373.39934319045i,0.861378414314329-0.0219617575771202i,0.875921570485459-0.0120669013721938i,14.8143824863888,0,1,
1923,1,727439114,727439114,227565,0.987182423975773,0.949052960442697,-0.26,-1647.3712318364,-924.522008017853-4350.72927398495i,0.856779057560131-0.0240023411610761i,0.876382561987226-0.0358489265713165i,14.5560345395243,0,1,
1924,1,727817584,727817584,227565,0.984409260270116,0.900020443390155,0.4,-1637.96291502185,4137.36154605946+1700.61815236119i,0.842341460611542-0.0583464634601368i,0.86193121943953-0.0459966969923334i,13.6789604883499,0,1,
1925,1,728196055,728196055,227565,0.987043360308239,0.977969536095231,-0.0899999999999999,-1651.43960008129,-2326.39800168689-3719.19778548801i,0.858991605743198-0.0174423146295414i,0.872952544575871-0.00290284401846348i,14.6387502081027,0,1,
1926,1,728574525,728574525,227565,0.986591321221109,0.904650343495347,0.39,-1657.32579310989,2727.86946475765+3567.09100564789i,0.849358594592136-0.0412857353400373i,0.873124464357121-0.0196177081925082i,14.2185293141911,0,1,
1927,1,728952996,728952996,227565,0.985920959890595,0.86718877554813,-0.47,-1638.04239793285,-2713.51534964665-3593.83259665172i,0.850979346142076-0.0291621312666631i,0.872409338384699-0.0374948699889457i,14.1233999002343,0,1,
1928,1,729331466,729331466,227565,0.986433566075569,0.932867674930061,0.31,-1628.43390397695,3526.44247322686+2737.68292254422i,0.853798089876408-0.0232020357399733i,0.867641175415233-0.0365518407532711i,14.2204938774385,0,1,
1929,1,729709936,729709936,227565,0.986076184778469,0.870628787682599,0.46,-1648.0078604966,-3392.02105382871-2959.19516620052i,0.849313100387628-0.0148664120314302i,0.866241744552538-0.0332517452864485i,14.0320529315755,0,1,
1930,1,730088407,730088407,227565,0.987024289991971,0.979559611587334,-0.0899999999999999,-1636.6391863948,3670.64797963094+2400.4645221322i,0.860362956815045-0.0133179785599631i,0.880189917254263-0.0455594454315492i,14.7477015196201,0,1,
1931,1,730466878,730466878,227565,0.987301638603692,0.963513033509095,-0.2,-1643.34043410412,-4278.32744915923-1127.96209045324i,0.85635698056569+0.0121057195001377i,0.871597629599886-0.0201368033780769i,14.6383322983887,0,1,
1932,1,730845348,730845348,227565,0.98714401969648,0.940729330238078,0.28,-1633.37307897331,4404.89059570892+658.657915044049i,0.853669807105737-0.0154094557475364i,0.874140042912065-0.0485821946237778i,14.3402487038309,0,1,
1933,1,731223819,731223819,227565,0.987034295283515,0.943789533452538,-0.28,-1671.90566070592,-4446.39567304492-260.706719489047i,0.854092883530125-0.00843287912760892i,0.876157882735148-0.00684650212781881i,14.3351068306188,0,1,
1934,1,731602289,731602289,227565,0.987538210093826,0.976337323583336,-0.12,-1627.2336581089,4395.52835974328+0.31419732665259i,0.859531707031906-0.0335373128453766i,0.872904881859796-0.0441234678867062i,14.7313973011435,0,1,
1935,1,731980759,731980759,227565,0.986650667507063,0.916549264002463,0.36,-1659.07697595618,-4466.00246441644+392.58155899951i,0.850586248205001-0.0236308113927663i,0.865885814742039-0.0263385268459461i,14.1806721419044,0,1,
1936,1,732359230,732359230,227565,0.987305466478882,0.974815181728101,0.13,-1631.88781298463,4120.10861189851-1536.86661005358i,0.855535376470119-0.0504686196744791i,0.878567458173775-0.0594631986385657i,14.7133023109002,0,1,
1937,1,732737701,732737701,227565,0.986976208843729,0.934100190014501,-0.31,-1641.61696578907,-3904.62124446128+2173.51579100632i,0.85384398702498-0.00524813351820175i,0.87672907569076-0.0327650429783707i,14.4519620934732,0,1,
1938,1,733116171,733116171,227565,0.987120761896667,0.967201980370286,0.18,-1622.70072256714,3504.78768365446-2688.27971874938i,0.854738294504071-0.00618536278994435i,0.87052560144297-0.0396326724866696i,14.5557555176195,0,1,
1939,1,733494642,733494642,227565,0.986859401387046,0.907488384545593,-0.38,-1636.51820832073,-3311.69739439436+3032.11805807105i,0.852177472907793-0.0152529635570918i,0.873680250204346-0.0187679771390662i,14.3421417541556,0,1,
1940,1,733873112,733873112,227565,0.987272211650961,0.96852744863946,-0.17,-1647.38632500268,3251.73422430793-2980.70980059966i,0.857576840436453-0.0250320926330395i,0.87180574895142-0.0327102759813211i,14.5763198371261,0,1,
1941,1,734251582,734251582,227565,0.986587549132198,0.949317546561475,0.25,-1626.30121874754,-3028.55320551588+3250.81274536949i,0.852948583805643-0.00338448588222884i,0.872324700021606-0.0172431737452725i,14.3176925554491,0,1,
1942,1,734630053,734630053,227565,0.98649915311956,0.945061899924765,-0.27,-1640.72115084811,2656.13849051697-3564.97196164314i,0.853322727667574+0.00432187754129183i,0.874565161589198-0.0123457964024319i,14.2992164305372,0,1,
1943,1,735008523,735008524,227565,0.987133848215542,0.978956755308443,-0.0799999999999999,-1645.29777919332,2166.77798227423+3802.56943655476i,0.855528004457175-0.0142266457605677i,0.87968030768633-0.0174308418607415i,14.6572796733042,0,1,
1944,1,735386994,735386994,227565,0.987841907901486,0.980749880667366,0.0599999999999999,-1603.09946622311,862.597219086017-4293.85231534483i,0.860300991183536-0.0182629139535649i,0.874689006004256-0.0367218545855712i,14.7315299007431,0,1,
1945,1,735765465,735765465,227565,0.985741748623923,0.859805140906988,-0.48,-1636.3471662484,-433.030403611876+4479.23000888709i,0.850386062643645-0.0138302790810623i,0.86489120393211-0.0222997586976041i,14.1154457723754,0,1,
1946,1,736143935,736143935,227565,0.987488237048123,0.982072298419854,0,-1625.55982463503,-278.100825669949-4366.48275739594i,0.86008564952288-0.0140610646712206i,0.8805271992293-0.0223110836375532i,14.8551819578998,0,1,
1947,1,736522405,736522405,227565,0.985984691247902,0.87782939577477,0.44,-1649.8205125168,610.693286203407+4455.86848345275i,0.851240999975081-0.00552301750599714i,0.865408407196773-0.00436289338779414i,14.0913044556984,0,1,
1948,1,736900876,736900876,227565,0.986477020783813,0.921727569281891,0.34,-1627.52471546729,-2086.01218760788-3962.66316649515i,0.849905292762261-0.0143503539636943i,0.875038095699867-0.01326019752196i,14.2763712267857,0,1,
