index,window_offset,abs_start_sample,abs_end_sample,abs_phr_start_sample,abs_phr_end_sample,abs_payload_start_sample,abs_payload_end_sample,localization_start_sample,localization_end_sample,end_sample_source,has_precise_end_sample,time_start_ms,time_end_ms,detected_repetitions,sample_clock_error_ppm,cfo_hz,sfd_name,sfd_correlation,phr_secded_pass,psdu_length_bytes,fcs_received,fcs_calculated,fcs_pass,payload_hex
1,55000,108989,336573,307083,322962,322963,336573,106941,340669,"decoded_payload_last_chip",1,0.147826,0.456506,262,0.000000,-1688.325847,"Decawave DW-8",0.952367,1,12,0x603A,0x603A,1,"61880AF2F002000100003A60"
2,433500,487459,715044,685554,701432,701434,715044,485411,719140,"decoded_payload_last_chip",1,0.661159,0.969840,262,0.000000,-1663.301467,"Decawave DW-8",0.951834,1,12,0xE185,0xE185,1,"61880BF2F0020001000085E1"
3,812000,865930,1093514,1064024,1079903,1079904,1093514,863882,1097610,"decoded_payload_last_chip",1,1.174493,1.483173,262,-0.000000,-1677.333026,"Decawave DW-8",0.952121,1,12,0x7D8B,0x7D8B,1,"61880CF2F002000100008B7D"
4,1190400,1244401,1471985,1442495,1458374,1458375,1471985,1242353,1476081,"decoded_payload_last_chip",1,1.687827,1.996507,262,0.000000,-1693.084727,"Decawave DW-8",0.951255,1,12,0xFC34,0xFC34,1,"61880DF2F0020001000034FC"
5,1568900,1622871,1850455,1820966,1836844,1836846,1850455,1620823,1854551,"decoded_payload_last_chip",1,2.201160,2.509840,262,0.000000,-1688.761147,"Decawave DW-8",0.951335,1,12,0x76E4,0x76E4,1,"61880EF2F00200010000E476"
6,1947400,2001342,2228926,2199436,2215315,2215316,2228926,1999294,2233022,"decoded_payload_last_chip",1,2.714494,3.023174,262,0.000000,-1691.778618,"Decawave DW-8",0.951778,1,12,0xF75B,0xF75B,1,"61880FF2F002000100005BF7"
7,2325600,2379812,2607396,2577906,2593785,2593786,2607396,2377764,2611492,"decoded_payload_last_chip",1,3.227827,3.536507,262,-0.000000,-1669.348008,"Decawave DW-8",0.951783,1,12,0x1D91,0x1D91,1,"618810F2F00200010000911D"
8,2704300,2758282,2985867,2956377,2972255,2972257,2985867,2756234,2989963,"decoded_payload_last_chip",1,3.741159,4.049841,262,-0.000000,-1672.028981,"Decawave DW-8",0.951827,1,12,0x9C2E,0x9C2E,1,"618811F2F002000100002E9C"
9,3082800,3136753,3364338,3334848,3350727,3350728,3364338,3134705,3368434,"decoded_payload_last_chip",1,4.254494,4.563175,262,5.499825,-1930.492547,"Decawave DW-8",0.944409,1,12,0x16FE,0x16FE,1,"618812F2F00200010000FE16"
10,3461300,3515224,3742808,3713318,3729197,3729198,3742808,3513176,3746904,"decoded_payload_last_chip",1,4.767828,5.076508,262,0.000000,-1690.816526,"Decawave DW-8",0.951042,1,12,0x9741,0x9741,1,"618813F2F002000100004197"
11,3839700,3893694,4121278,4091789,4107667,4107668,4121278,3891646,4125374,"decoded_payload_last_chip",1,5.281160,5.589841,262,0.000000,-1661.889056,"Decawave DW-8",0.951149,1,12,0x0B4F,0x0B4F,1,"618814F2F002000100004F0B"
12,4218200,4272165,4499749,4470259,4486137,4486139,4499749,4270117,4503845,"decoded_payload_last_chip",1,5.794495,6.103175,262,0.000000,-1671.528160,"Decawave DW-8",0.951685,1,12,0x8AF0,0x8AF0,1,"618815F2F00200010000F08A"
13,4596700,4650635,4878219,4848730,4864608,4864609,4878219,4648587,4882315,"decoded_payload_last_chip",1,6.307827,6.616508,262,0.000000,-1660.739566,"Decawave DW-8",0.951644,1,12,0x0020,0x0020,1,"618816F2F002000100002000"
14,4975200,5029105,5256690,5227200,5243078,5243080,5256690,5027057,5260786,"decoded_payload_last_chip",1,6.821160,7.129842,262,0.000000,-1655.931617,"Decawave DW-8",0.951893,1,12,0x819F,0x819F,1,"618817F2F002000100009F81"
15,5353600,5407576,5635161,5605671,5621549,5621551,5635161,5405528,5639257,"decoded_payload_last_chip",1,7.334494,7.643176,262,0.000000,-1702.962268,"Decawave DW-8",0.951814,1,12,0x302D,0x302D,1,"618818F2F002000100002D30"
16,5732100,5786047,6013631,5984141,6000020,6000021,6013631,5783999,6017727,"decoded_payload_last_chip",1,7.847829,8.156509,262,0.000000,-1637.016901,"Decawave DW-8",0.951918,1,12,0xB192,0xB192,1,"618819F2F0020001000092B1"
17,6110700,6164517,6392101,6362611,6378490,6378491,6392101,6162469,6396197,"decoded_payload_last_chip",1,8.361161,8.669842,262,0.000000,-1665.709881,"Decawave DW-8",0.951337,1,12,0x3B42,0x3B42,1,"61881AF2F00200010000423B"
18,6489200,6542987,6770572,6741082,6756960,6756962,6770572,6540939,6774668,"decoded_payload_last_chip",1,8.874494,9.183176,262,-0.000000,-1663.112984,"Decawave DW-8",0.952250,1,12,0xBAFD,0xBAFD,1,"61881BF2F00200010000FDBA"
19,6867500,6921458,7149042,7119552,7135431,7135432,7149042,6919410,7153138,"decoded_payload_last_chip",1,9.387828,9.696509,262,0.000000,-1668.536997,"Decawave DW-8",0.951701,1,12,0x26F3,0x26F3,1,"61881CF2F00200010000F326"
20,7246100,7299929,7527513,7498023,7513902,7513903,7527513,7297881,7531609,"decoded_payload_last_chip",1,9.901162,10.209843,262,0.000000,-1670.417260,"Decawave DW-8",0.951157,1,12,0xA74C,0xA74C,1,"61881DF2F002000100004CA7"
21,7624400,7678399,7905984,7876494,7892372,7892374,7905984,7676351,7910080,"decoded_payload_last_chip",1,10.414495,10.723177,262,-0.000000,-1659.172375,"Decawave DW-8",0.951627,1,12,0x2D9C,0x2D9C,1,"61881EF2F002000100009C2D"
22,8002900,8056870,8284454,8254964,8270843,8270844,8284454,8054822,8288550,"decoded_payload_last_chip",1,10.927829,11.236510,262,0.000000,-1697.764857,"Decawave DW-8",0.951353,1,12,0xAC23,0xAC23,1,"61881FF2F0020001000023AC"
23,8381400,8435340,8662924,8633435,8649313,8649315,8662924,8433292,8667020,"decoded_payload_last_chip",1,11.441162,11.749843,262,0.000000,-1662.339403,"Decawave DW-8",0.952239,1,12,0xF019,0xF019,1,"618820F2F0020001000019F0"
24,8759900,8813811,9041395,9011905,9027784,9027785,9041395,8811763,9045491,"decoded_payload_last_chip",1,11.954496,12.263177,262,0.000000,-1660.479878,"Decawave DW-8",0.952048,1,12,0x71A6,0x71A6,1,"618821F2F00200010000A671"
25,9138300,9192281,9419865,9390375,9406254,9406255,9419865,9190233,9423961,"decoded_payload_last_chip",1,12.467829,12.776510,262,0.000000,-1693.500678,"Decawave DW-8",0.952329,1,12,0xFB76,0xFB76,1,"618822F2F0020001000076FB"
26,9516800,9570751,9798336,9768846,9784724,9784726,9798336,9568703,9802432,"decoded_payload_last_chip",1,12.981162,13.289844,262,0.000000,-1668.616112,"Decawave DW-8",0.951934,1,12,0x7AC9,0x7AC9,1,"618823F2F00200010000C97A"
27,9895300,9949222,10176807,10147317,10163196,10163197,10176807,9947174,10180903,"decoded_payload_last_chip",1,13.494496,13.803178,262,5.191160,-1958.923816,"Decawave DW-8",0.948459,1,12,0xE6C7,0xE6C7,1,"618824F2F00200010000C7E6"
28,10273700,10327693,10555277,10525787,10541666,10541667,10555277,10325645,10559373,"decoded_payload_last_chip",1,14.007830,14.316511,262,0.000000,-1660.874517,"Decawave DW-8",0.952138,1,12,0x6778,0x6778,1,"618825F2F002000100007867"
29,10652200,10706163,10933747,10904258,10920136,10920137,10933747,10704115,10937843,"decoded_payload_last_chip",1,14.521163,14.829843,262,0.000000,-1673.600793,"Decawave DW-8",0.952503,1,12,0xEDA8,0xEDA8,1,"618826F2F00200010000A8ED"
30,11030700,11084634,11312218,11282728,11298606,11298608,11312218,11082586,11316314,"decoded_payload_last_chip",1,15.034497,15.343178,262,0.000000,-1667.237595,"Decawave DW-8",0.952070,1,12,0x6C17,0x6C17,1,"618827F2F00200010000176C"
31,11409200,11463104,11690688,11661199,11677077,11677078,11690688,11461056,11694784,"decoded_payload_last_chip",1,15.547830,15.856510,262,0.000000,-1691.311092,"Decawave DW-8",0.951402,1,12,0xDDA5,0xDDA5,1,"618828F2F00200010000A5DD"
32,11787600,11841575,12069159,12039669,12055548,12055549,12069159,11839527,12073255,"decoded_payload_last_chip",1,16.061164,16.369845,262,0.000000,-1664.601027,"Decawave DW-8",0.951735,1,12,0x5C1A,0x5C1A,1,"618829F2F002000100001A5C"
33,12166300,12220045,12447629,12418140,12434018,12434020,12447629,12217997,12451725,"decoded_payload_last_chip",1,16.574497,16.883177,262,-0.000000,-1682.326934,"Decawave DW-8",0.951393,1,12,0xD6CA,0xD6CA,1,"61882AF2F00200010000CAD6"
34,12544600,12598516,12826100,12796610,12812489,12812490,12826100,12596468,12830196,"decoded_payload_last_chip",1,17.087831,17.396512,262,0.000000,-1672.604320,"Decawave DW-8",0.951588,1,12,0x5775,0x5775,1,"61882BF2F002000100007557"
35,12923000,12976986,13204570,13175080,13190959,13190960,13204570,12974938,13208666,"decoded_payload_last_chip",1,17.601164,17.909844,262,0.000000,-1687.117557,"Decawave DW-8",0.952626,1,12,0xCB7B,0xCB7B,1,"61882CF2F002000100007BCB"
36,13301500,13355456,13583041,13553551,13569429,13569431,13583041,13353408,13587137,"decoded_payload_last_chip",1,18.114497,18.423178,262,-0.000000,-1665.909786,"Decawave DW-8",0.952320,1,12,0x4AC4,0x4AC4,1,"61882DF2F00200010000C44A"
37,13680100,13733927,13961511,13932022,13947900,13947902,13961511,13731879,13965607,"decoded_payload_last_chip",1,18.627831,18.936511,262,0.000000,-1672.708784,"Decawave DW-8",0.950846,1,12,0xC014,0xC014,1,"61882EF2F0020001000014C0"
38,14058400,14112398,14339982,14310492,14326371,14326372,14339982,14110350,14344078,"decoded_payload_last_chip",1,19.141165,19.449845,262,0.000000,-1665.863952,"Decawave DW-8",0.951908,1,12,0x41AB,0x41AB,1,"61882FF2F00200010000AB41"
39,14436900,14490868,14718452,14688963,14704841,14704843,14718452,14488820,14722548,"decoded_payload_last_chip",1,19.654498,19.963178,262,0.000000,-1669.772715,"Decawave DW-8",0.951876,1,12,0xAB61,0xAB61,1,"618830F2F0020001000061AB"
40,14815400,14869339,15096923,15067433,15083312,15083313,15096923,14867291,15101019,"decoded_payload_last_chip",1,20.167832,20.476512,262,0.000000,-1686.265143,"Decawave DW-8",0.951796,1,12,0x2ADE,0x2ADE,1,"618831F2F00200010000DE2A"
41,15194000,15247809,15475393,15445903,15461782,15461783,15475393,15245761,15479489,"decoded_payload_last_chip",1,20.681165,20.989845,262,0.000000,-1647.561394,"Decawave DW-8",0.952118,1,12,0xA00E,0xA00E,1,"618832F2F002000100000EA0"
42,15572300,15626279,15853864,15824374,15840252,15840254,15853864,15624231,15857960,"decoded_payload_last_chip",1,21.194497,21.503179,262,-0.000000,-1661.839324,"Decawave DW-8",0.952195,1,12,0x21B1,0x21B1,1,"618833F2F00200010000B121"
43,15950800,16004750,16232334,16202844,16218723,16218724,16232334,16002702,16236430,"decoded_payload_last_chip",1,21.707831,22.016512,262,0.000000,-1682.968776,"Decawave DW-8",0.951761,1,12,0xBDBF,0xBDBF,1,"618834F2F00200010000BFBD"
44,16329300,16383220,16610804,16581315,16597193,16597195,16610804,16381172,16614900,"decoded_payload_last_chip",1,22.221164,22.529845,262,0.000000,-1665.639016,"Decawave DW-8",0.952557,1,12,0x3C00,0x3C00,1,"618835F2F00200010000003C"
45,16707000,16761691,16989275,16959786,16975664,16975666,16989275,16759643,16993371,"decoded_payload_last_chip",1,22.734498,23.043179,262,0.000000,-1654.738549,"Decawave DW-8",0.951437,1,12,0xB6D0,0xB6D0,1,"618836F2F00200010000D0B6"
46,17086200,17140162,17367746,17338256,17354135,17354136,17367746,17138114,17371842,"decoded_payload_last_chip",1,23.247833,23.556513,262,0.000000,-1674.049181,"Decawave DW-8",0.951654,1,12,0x376F,0x376F,1,"618837F2F002000100006F37"
47,17464688,17518632,17746216,17716726,17732605,17732606,17746216,17516584,17750312,"decoded_payload_last_chip",1,23.761165,24.069846,262,0.000000,-1677.418769,"Decawave DW-8",0.951929,1,12,0x86DD,0x86DD,1,"618838F2F00200010000DD86"
48,17843400,17897102,18124687,18095197,18111075,18111077,18124687,17895054,18128783,"decoded_payload_last_chip",1,24.274498,24.583180,262,0.000000,-1683.668052,"Decawave DW-8",0.952293,1,12,0x0762,0x0762,1,"618839F2F002000100006207"
49,18221600,18275573,18503158,18473668,18489547,18489548,18503158,18273525,18507254,"decoded_payload_last_chip",1,24.787832,25.096514,262,4.916316,-1918.107903,"Decawave DW-8",0.951038,1,12,0x8DB2,0x8DB2,1,"61883AF2F00200010000B28D"
50,18600100,18654044,18881628,18852138,18868017,18868018,18881628,18651996,18885724,"decoded_payload_last_chip",1,25.301166,25.609847,262,0.000000,-1683.505005,"Decawave DW-8",0.951731,1,12,0x0C0D,0x0C0D,1,"61883BF2F002000100000D0C"
51,18978900,19032514,19260098,19230608,19246487,19246488,19260098,19030466,19264194,"decoded_payload_last_chip",1,25.814499,26.123180,262,0.000000,-1662.969264,"Decawave DW-8",0.951686,1,12,0x9003,0x9003,1,"61883CF2F002000100000390"
52,19357200,19410984,19638569,19609079,19624957,19624959,19638569,19408936,19642665,"decoded_payload_last_chip",1,26.327832,26.636514,262,0.000000,-1686.633773,"Decawave DW-8",0.951880,1,12,0x11BC,0x11BC,1,"61883DF2F00200010000BC11"
53,19735500,19789455,20017039,19987549,20003428,20003429,20017039,19787407,20021135,"decoded_payload_last_chip",1,26.841166,27.149847,262,0.000000,-1658.551186,"Decawave DW-8",0.951748,1,12,0x9B6C,0x9B6C,1,"61883EF2F002000100006C9B"
54,20114200,20167925,20395510,20366020,20381898,20381900,20395510,20165877,20399606,"decoded_payload_last_chip",1,27.354499,27.663181,262,0.000000,-1677.234747,"Decawave DW-8",0.951878,1,12,0x1AD3,0x1AD3,1,"61883FF2F00200010000D31A"
55,20492400,20546396,20773981,20744491,20760369,20760371,20773981,20544348,20778077,"decoded_payload_last_chip",1,27.867833,28.176515,262,0.000000,-1660.652815,"Decawave DW-8",0.951607,1,12,0x2318,0x2318,1,"618840F2F002000100001823"
56,20871200,20924866,21152450,21122961,21138839,21138841,21152450,20922818,21156546,"decoded_payload_last_chip",1,28.381166,28.689846,262,0.000000,-1656.391639,"Decawave DW-8",0.951449,1,12,0xA2A7,0xA2A7,1,"618841F2F00200010000A7A2"
57,21249400,21303337,21530921,21501432,21517310,21517312,21530921,21301289,21535017,"decoded_payload_last_chip",1,28.894500,29.203181,262,0.000000,-1657.585593,"Decawave DW-8",0.951818,1,12,0x2877,0x2877,1,"618842F2F002000100007728"
58,21628000,21681807,21909392,21879902,21895780,21895782,21909392,21679759,21913488,"decoded_payload_last_chip",1,29.407833,29.716515,262,0.000000,-1685.378076,"Decawave DW-8",0.951843,1,12,0xA9C8,0xA9C8,1,"618843F2F00200010000C8A9"
59,22006300,22060278,22287862,22258372,22274251,22274252,22287862,22058230,22291958,"decoded_payload_last_chip",1,29.921167,30.229848,262,0.000000,-1693.436029,"Decawave DW-8",0.952014,1,12,0x35C6,0x35C6,1,"618844F2F00200010000C635"
60,22384800,22438748,22666333,22636843,22652721,22652723,22666333,22436700,22670429,"decoded_payload_last_chip",1,30.434500,30.743182,262,-0.000000,-1680.275572,"Decawave DW-8",0.951319,1,12,0xB479,0xB479,1,"618845F2F0020001000079B4"
61,22763300,22817219,23044803,23015313,23031192,23031193,23044803,22815171,23048899,"decoded_payload_last_chip",1,30.947834,31.256514,262,0.000000,-1673.568097,"Decawave DW-8",0.951941,1,12,0x3EA9,0x3EA9,1,"618846F2F00200010000A93E"
62,23141700,23195690,23423274,23393784,23409663,23409664,23423274,23193642,23427370,"decoded_payload_last_chip",1,31.461168,31.769849,262,0.000000,-1668.910542,"Decawave DW-8",0.951489,1,12,0xBF16,0xBF16,1,"618847F2F0020001000016BF"
63,23520200,23574160,23801744,23772255,23788133,23788135,23801744,23572112,23805840,"decoded_payload_last_chip",1,31.974501,32.283181,262,0.000000,-1664.792432,"Decawave DW-8",0.951647,1,12,0x0EA4,0x0EA4,1,"618848F2F00200010000A40E"
64,23898800,23952630,24180215,24150726,24166604,24166605,24180215,23950582,24184311,"decoded_payload_last_chip",1,32.487834,32.796516,262,4.289135,-1870.780888,"Decawave DW-8",0.952184,1,12,0x8F1B,0x8F1B,1,"618849F2F002000100001B8F"
65,24277200,24331101,24558685,24529196,24545074,24545075,24558685,24329053,24562781,"decoded_payload_last_chip",1,33.001168,33.309848,262,0.000000,-1663.259679,"Decawave DW-8",0.952004,1,12,0x05CB,0x05CB,1,"61884AF2F00200010000CB05"
66,24655600,24709571,24937155,24907666,24923544,24923546,24937155,24707523,24941251,"decoded_payload_last_chip",1,33.514501,33.823181,262,0.000000,-1656.047546,"Decawave DW-8",0.951472,1,12,0x8474,0x8474,1,"61884BF2F002000100007484"
67,25034100,25088042,25315627,25286137,25302016,25302017,25315627,25085994,25319723,"decoded_payload_last_chip",1,34.027835,34.336517,262,5.529707,-1963.372902,"Decawave DW-8",0.946746,1,12,0x187A,0x187A,1,"61884CF2F002000100007A18"
68,25412700,25466512,25694097,25664607,25680485,25680487,25694097,25464464,25698193,"decoded_payload_last_chip",1,34.541168,34.849849,262,0.000000,-1670.368638,"Decawave DW-8",0.951841,1,12,0x99C5,0x99C5,1,"61884DF2F00200010000C599"
69,25791000,25844983,26072567,26043078,26058956,26058957,26072567,25842935,26076663,"decoded_payload_last_chip",1,35.054502,35.363182,262,0.000000,-1654.425410,"Decawave DW-8",0.951743,1,12,0x1315,0x1315,1,"61884EF2F002000100001513"
70,26169500,26223453,26451038,26421548,26437426,26437428,26451038,26221405,26455134,"decoded_payload_last_chip",1,35.567834,35.876516,262,0.000000,-1693.037869,"Decawave DW-8",0.951681,1,12,0x92AA,0x92AA,1,"61884FF2F00200010000AA92"
71,26548000,26601924,26829508,26800018,26815897,26815898,26829508,26599876,26833604,"decoded_payload_last_chip",1,36.081169,36.389849,262,-0.000000,-1660.777646,"Decawave DW-8",0.951930,1,12,0x7860,0x7860,1,"618850F2F002000100006078"
72,26926400,26980395,27207979,27178489,27194368,27194369,27207979,26978347,27212075,"decoded_payload_last_chip",1,36.594503,36.903183,262,0.000000,-1654.709258,"Decawave DW-8",0.951852,1,12,0xF9DF,0xF9DF,1,"618851F2F00200010000DFF9"
73,27304900,27358865,27586450,27556960,27572838,27572840,27586450,27356817,27590546,"decoded_payload_last_chip",1,37.107836,37.416517,262,0.000000,-1688.945800,"Decawave DW-8",0.951384,1,12,0x730F,0x730F,1,"618852F2F002000100000F73"
74,27683400,27737336,27964920,27935430,27951309,27951310,27964920,27735288,27969016,"decoded_payload_last_chip",1,37.621170,37.929850,262,0.000000,-1688.204922,"Decawave DW-8",0.951519,1,12,0xF2B0,0xF2B0,1,"618853F2F00200010000B0F2"
75,28061900,28115806,28343390,28313901,28329779,28329781,28343390,28113758,28347486,"decoded_payload_last_chip",1,38.134502,38.443183,262,-0.000000,-1699.958083,"Decawave DW-8",0.951350,1,12,0x6EBE,0x6EBE,1,"618854F2F00200010000BE6E"
76,28440300,28494276,28721861,28692371,28708249,28708251,28721861,28492228,28725957,"decoded_payload_last_chip",1,38.647835,38.956517,262,0.000000,-1686.270700,"Decawave DW-8",0.951491,1,12,0xEF01,0xEF01,1,"618855F2F0020001000001EF"
77,28818800,28872747,29100331,29070841,29086720,29086721,29100331,28870699,29104427,"decoded_payload_last_chip",1,39.161169,39.469850,262,0.000000,-1684.182716,"Decawave DW-8",0.951513,1,12,0x65D1,0x65D1,1,"618856F2F00200010000D165"
78,29196900,29251218,29478802,29449312,29465190,29465192,29478802,29249170,29482898,"decoded_payload_last_chip",1,39.674504,39.983184,262,-0.000000,-1675.134862,"Decawave DW-8",0.951592,1,12,0xE46E,0xE46E,1,"618857F2F002000100006EE4"
79,29575700,29629688,29857272,29827783,29843661,29843663,29857272,29627640,29861368,"decoded_payload_last_chip",1,40.187836,40.496517,262,0.000000,-1662.502234,"Decawave DW-8",0.951655,1,12,0x55DC,0x55DC,1,"618858F2F00200010000DC55"
80,29954200,30008159,30235743,30206253,30222132,30222133,30235743,30006111,30239839,"decoded_payload_last_chip",1,40.701171,41.009851,262,0.000000,-1673.657907,"Decawave DW-8",0.951429,1,12,0xD463,0xD463,1,"618859F2F0020001000063D4"
81,30332800,30386629,30614213,30584723,30600602,30600603,30614213,30384581,30618309,"decoded_payload_last_chip",1,41.214503,41.523184,262,0.000000,-1666.288248,"Decawave DW-8",0.951126,1,12,0x5EB3,0x5EB3,1,"61885AF2F00200010000B35E"
82,30711100,30765099,30992684,30963194,30979072,30979074,30992684,30763051,30996780,"decoded_payload_last_chip",1,41.727836,42.036518,262,-0.000000,-1667.496312,"Decawave DW-8",0.952137,1,12,0xDF0C,0xDF0C,1,"61885BF2F002000100000CDF"
83,31089800,31143570,31371155,31341665,31357543,31357545,31371155,31141522,31375251,"decoded_payload_last_chip",1,42.241170,42.549852,262,0.000000,-1659.410762,"Decawave DW-8",0.951335,1,12,0x4302,0x4302,1,"61885CF2F002000100000243"
84,31468100,31522040,31749624,31720135,31736013,31736015,31749624,31519992,31753720,"decoded_payload_last_chip",1,42.754503,43.063184,262,0.000000,-1679.687503,"Decawave DW-8",0.951283,1,12,0xC2BD,0xC2BD,1,"61885DF2F00200010000BDC2"
85,31846700,31900511,32128095,32098605,32114484,32114485,32128095,31898463,32132191,"decoded_payload_last_chip",1,43.267837,43.576518,262,0.000000,-1668.522623,"Decawave DW-8",0.951678,1,12,0x486D,0x486D,1,"61885EF2F002000100006D48"
86,32225000,32278982,32506566,32477076,32492954,32492956,32506566,32276934,32510662,"decoded_payload_last_chip",1,43.781171,44.089852,262,0.000000,-1679.578263,"Decawave DW-8",0.951864,1,12,0xC9D2,0xC9D2,1,"61885FF2F00200010000D2C9"
87,32603500,32657452,32885036,32855547,32871425,32871426,32885036,32655404,32889132,"decoded_payload_last_chip",1,44.294504,44.603185,262,0.000000,-1692.884659,"Decawave DW-8",0.951774,1,12,0x95E8,0x95E8,1,"618860F2F00200010000E895"
88,32982000,33035922,33263507,33234017,33249895,33249897,33263507,33033874,33267603,"decoded_payload_last_chip",1,44.807837,45.116519,262,-0.000000,-1696.178606,"Decawave DW-8",0.951798,1,12,0x1457,0x1457,1,"618861F2F002000100005714"
89,33360400,33414393,33641978,33612488,33628366,33628368,33641978,33412345,33646074,"decoded_payload_last_chip",1,45.321171,45.629853,262,3.518785,-1801.134164,"Decawave DW-8",0.953909,1,12,0x9E87,0x9E87,1,"618862F2F00200010000879E"
90,33738900,33792864,34020448,33990958,34006837,34006838,34020448,33790816,34024544,"decoded_payload_last_chip",1,45.834505,46.143186,262,0.000000,-1681.744918,"Decawave DW-8",0.951707,1,12,0x1F38,0x1F38,1,"618863F2F00200010000381F"
91,34117400,34171334,34398919,34369429,34385307,34385309,34398919,34169286,34403015,"decoded_payload_last_chip",1,46.347838,46.656520,262,0.000000,-1698.484971,"Decawave DW-8",0.951664,1,12,0x8336,0x8336,1,"618864F2F002000100003683"
92,34495900,34549805,34777389,34747899,34763778,34763779,34777389,34547757,34781485,"decoded_payload_last_chip",1,46.861172,47.169853,262,0.000000,-1665.950526,"Decawave DW-8",0.952091,1,12,0x0289,0x0289,1,"618865F2F002000100008902"
93,34874300,34928275,35155859,35126369,35142248,35142249,35155859,34926227,35159955,"decoded_payload_last_chip",1,47.374505,47.683185,262,0.000000,-1689.885856,"Decawave DW-8",0.952032,1,12,0x8859,0x8859,1,"618866F2F002000100005988"
94,35253000,35306745,35534329,35504840,35520718,35520720,35534329,35304697,35538425,"decoded_payload_last_chip",1,47.887838,48.196518,262,-0.000000,-1689.841547,"Decawave DW-8",0.951935,1,12,0x09E6,0x09E6,1,"618867F2F00200010000E609"
95,35631300,35685216,35912800,35883310,35899189,35899190,35912800,35683168,35916896,"decoded_payload_last_chip",1,48.401172,48.709852,262,0.000000,-1677.285859,"Decawave DW-8",0.951975,1,12,0xB854,0xB854,1,"618868F2F0020001000054B8"
96,36009700,36063687,36291271,36261781,36277660,36277661,36291271,36061639,36295367,"decoded_payload_last_chip",1,48.914506,49.223187,262,0.000000,-1652.850287,"Decawave DW-8",0.951853,1,12,0x39EB,0x39EB,1,"618869F2F00200010000EB39"
97,36388200,36442157,36669741,36640252,36656130,36656132,36669741,36440109,36673837,"decoded_payload_last_chip",1,49.427839,49.736519,262,0.000000,-1684.074008,"Decawave DW-8",0.952109,1,12,0xB33B,0xB33B,1,"61886AF2F002000100003BB3"
98,36765600,36820627,37048211,37018722,37034600,37034602,37048211,36818579,37052307,"decoded_payload_last_chip",1,49.941172,50.249852,262,0.000000,-1677.285642,"Decawave DW-8",0.951453,1,12,0x3284,0x3284,1,"61886BF2F002000100008432"
99,37145100,37199098,37426682,37397192,37413071,37413072,37426682,37197050,37430778,"decoded_payload_last_chip",1,50.454506,50.763186,262,-0.000000,-1675.372922,"Decawave DW-8",0.951805,1,12,0xAE8A,0xAE8A,1,"61886CF2F002000100008AAE"
100,37523600,37577568,37805152,37775663,37791541,37791543,37805152,37575520,37809248,"decoded_payload_last_chip",1,50.967839,51.276519,262,0.000000,-1686.177426,"Decawave DW-8",0.951576,1,12,0x2F35,0x2F35,1,"61886DF2F00200010000352F"
101,37902100,37956039,38183623,38154133,38170012,38170013,38183623,37953991,38187719,"decoded_payload_last_chip",1,51.481173,51.789853,262,0.000000,-1680.013188,"Decawave DW-8",0.951993,1,12,0xA5E5,0xA5E5,1,"61886EF2F00200010000E5A5"
102,38280700,38334509,38562094,38532604,38548482,38548484,38562094,38332461,38566190,"decoded_payload_last_chip",1,51.994505,52.303187,262,0.000000,-1689.867054,"Decawave DW-8",0.951424,1,12,0x245A,0x245A,1,"61886FF2F002000100005A24"
103,38659000,38712980,38940564,38911075,38926953,38926954,38940564,38710932,38944660,"decoded_payload_last_chip",1,52.507840,52.816520,262,0.000000,-1681.145225,"Decawave DW-8",0.951525,1,12,0xCE90,0xCE90,1,"618870F2F0020001000090CE"
104,39037500,39091451,39319035,39289545,39305423,39305425,39319035,39089403,39323131,"decoded_payload_last_chip",1,53.021174,53.329854,262,0.000000,-1668.876618,"Decawave DW-8",0.952146,1,12,0x4F2F,0x4F2F,1,"618871F2F002000100002F4F"
105,39416000,39469921,39697505,39668016,39683894,39683895,39697505,39467873,39701601,"decoded_payload_last_chip",1,53.534507,53.843187,262,0.000000,-1646.087537,"Decawave DW-8",0.952123,1,12,0xC5FF,0xC5FF,1,"618872F2F00200010000FFC5"
106,39794400,39848391,40075975,40046486,40062364,40062366,40075975,39846343,40080071,"decoded_payload_last_chip",1,54.047839,54.356520,262,-0.000000,-1639.076877,"Decawave DW-8",0.952084,1,12,0x4440,0x4440,1,"618873F2F002000100004044"
107,40172900,40226862,40454447,40424957,40440836,40440837,40454447,40224814,40458543,"decoded_payload_last_chip",1,54.561174,54.869855,262,5.291312,-1932.376224,"Decawave DW-8",0.945940,1,12,0xD84E,0xD84E,1,"618874F2F002000100004ED8"
108,40551400,40605333,40832917,40803427,40819306,40819307,40832917,40603285,40837013,"decoded_payload_last_chip",1,55.074508,55.383188,262,0.000000,-1675.394385,"Decawave DW-8",0.951705,1,12,0x59F1,0x59F1,1,"618875F2F00200010000F159"
109,40930100,40983803,41211387,41181898,41197776,41197778,41211387,40981755,41215483,"decoded_payload_last_chip",1,55.587840,55.896521,262,0.000000,-1674.391674,"Decawave DW-8",0.951563,1,12,0xD321,0xD321,1,"618876F2F0020001000021D3"
110,41308300,41362273,41589858,41560368,41576246,41576248,41589858,41360225,41593954,"decoded_payload_last_chip",1,56.101173,56.409855,262,0.000000,-1660.867767,"Decawave DW-8",0.951643,1,12,0x529E,0x529E,1,"618877F2F002000100009E52"
111,41686800,41740744,41968328,41938838,41954717,41954718,41968328,41738696,41972424,"decoded_payload_last_chip",1,56.614507,56.923188,262,0.000000,-1652.667224,"Decawave DW-8",0.951676,1,12,0xE32C,0xE32C,1,"618878F2F002000100002CE3"
112,42065600,42119215,42346799,42317309,42333187,42333189,42346799,42117167,42350895,"decoded_payload_last_chip",1,57.127842,57.436522,262,0.000000,-1671.300735,"Decawave DW-8",0.951902,1,12,0x6293,0x6293,1,"618879F2F002000100009362"
113,42443700,42497685,42725269,42695780,42711658,42711660,42725269,42495637,42729365,"decoded_payload_last_chip",1,57.641174,57.949855,262,0.000000,-1649.572962,"Decawave DW-8",0.952046,1,12,0xE843,0xE843,1,"61887AF2F0020001000043E8"
114,42822200,42876156,43103740,43074250,43090129,43090130,43103740,42874108,43107836,"decoded_payload_last_chip",1,58.154508,58.463189,262,0.000000,-1693.241183,"Decawave DW-8",0.951396,1,12,0x69FC,0x69FC,1,"61887BF2F00200010000FC69"
115,43201000,43254626,43482211,43452721,43468600,43468601,43482211,43252578,43486307,"decoded_payload_last_chip",1,58.667841,58.976523,262,5.213817,-1963.852505,"Decawave DW-8",0.951092,1,12,0xF5F2,0xF5F2,1,"61887CF2F00200010000F2F5"
116,43579100,43633096,43860681,43831191,43847069,43847071,43860681,43631048,43864777,"decoded_payload_last_chip",1,59.181174,59.489856,262,0.000000,-1648.310512,"Decawave DW-8",0.951794,1,12,0x744D,0x744D,1,"61887DF2F002000100004D74"
117,43957900,44011567,44239151,44209661,44225540,44225541,44239151,44009519,44243247,"decoded_payload_last_chip",1,59.694508,60.003189,262,0.000000,-1668.637099,"Decawave DW-8",0.951818,1,12,0xFE9D,0xFE9D,1,"61887EF2F002000100009DFE"
118,44336100,44390037,44617621,44588132,44604010,44604012,44617621,44387989,44621717,"decoded_payload_last_chip",1,60.207841,60.516522,262,0.000000,-1639.205186,"Decawave DW-8",0.951905,1,12,0x7F22,0x7F22,1,"61887FF2F00200010000227F"
119,44714700,44768508,44996092,44966603,44982481,44982482,44996092,44766460,45000188,"decoded_payload_last_chip",1,60.721175,61.029856,262,0.000000,-1674.269750,"Decawave DW-8",0.951857,1,12,0x8D0B,0x8D0B,1,"618880F2F002000100000B8D"
120,45093000,45146979,45374563,45345073,45360952,45360953,45374563,45144931,45378659,"decoded_payload_last_chip",1,61.234509,61.543190,262,0.000000,-1686.269147,"Decawave DW-8",0.952267,1,12,0x0CB4,0x0CB4,1,"618881F2F00200010000B40C"
121,45471500,45525449,45753033,45723544,45739422,45739423,45753033,45523401,45757129,"decoded_payload_last_chip",1,61.747842,62.056523,262,0.000000,-1652.582100,"Decawave DW-8",0.952115,1,12,0x8664,0x8664,1,"618882F2F002000100006486"
122,45850000,45903920,46131504,46102014,46117892,46117894,46131504,45901872,46135600,"decoded_payload_last_chip",1,62.261176,62.569857,262,0.000000,-1653.398837,"Decawave DW-8",0.951671,1,12,0x07DB,0x07DB,1,"618883F2F00200010000DB07"
123,46228400,46282390,46509974,46480484,46496363,46496364,46509974,46280342,46514070,"decoded_payload_last_chip",1,62.774509,63.083190,262,0.000000,-1669.006442,"Decawave DW-8",0.951874,1,12,0x9BD5,0x9BD5,1,"618884F2F00200010000D59B"
124,46606900,46660860,46888444,46858955,46874833,46874835,46888444,46658812,46892540,"decoded_payload_last_chip",1,63.287842,63.596522,262,0.000000,-1691.608928,"Decawave DW-8",0.951251,1,12,0x1A6A,0x1A6A,1,"618885F2F002000100006A1A"
125,46985400,47039331,47266916,47237426,47253305,47253306,47266916,47037283,47271012,"decoded_payload_last_chip",1,63.801176,64.109858,262,5.515915,-1947.598441,"Decawave DW-8",0.946808,1,12,0x90BA,0x90BA,1,"618886F2F00200010000BA90"
126,47364100,47417802,47645386,47615896,47631775,47631776,47645386,47415754,47649482,"decoded_payload_last_chip",1,64.314510,64.623191,262,0.000000,-1673.520590,"Decawave DW-8",0.952450,1,12,0x1105,0x1105,1,"618887F2F002000100000511"
127,47742300,47796272,48023856,47994366,48010245,48010246,48023856,47794224,48027952,"decoded_payload_last_chip",1,64.827843,65.136523,262,0.000000,-1666.981113,"Decawave DW-8",0.951419,1,12,0xA0B7,0xA0B7,1,"618888F2F00200010000B7A0"
128,48120700,48174742,48402327,48372837,48388716,48388717,48402327,48172694,48406423,"decoded_payload_last_chip",1,65.341176,65.649858,262,2.567504,-1795.301660,"Decawave DW-8",0.952618,1,12,0x2108,0x2108,1,"618889F2F002000100000821"
129,48499400,48553213,48780797,48751308,48767186,48767188,48780797,48551165,48784893,"decoded_payload_last_chip",1,65.854510,66.163190,262,0.000000,-1683.057093,"Decawave DW-8",0.951536,1,12,0xABD8,0xABD8,1,"61888AF2F00200010000D8AB"
130,48877700,48931684,49159268,49129778,49145657,49145658,49159268,48929636,49163364,"decoded_payload_last_chip",1,66.367844,66.676525,262,0.000000,-1648.347318,"Decawave DW-8",0.950987,1,12,0x2A67,0x2A67,1,"61888BF2F00200010000672A"
131,49256200,49310154,49537738,49508249,49524127,49524129,49537738,49308106,49541834,"decoded_payload_last_chip",1,66.881177,67.189857,262,0.000000,-1653.294305,"Decawave DW-8",0.951381,1,12,0xB669,0xB669,1,"61888CF2F0020001000069B6"
132,49634700,49688625,49916209,49886719,49902598,49902599,49916209,49686577,49920305,"decoded_payload_last_chip",1,67.394511,67.703191,262,-0.000000,-1663.148138,"Decawave DW-8",0.951415,1,12,0x37D6,0x37D6,1,"61888DF2F00200010000D637"
133,50013100,50067095,50294679,50265189,50281068,50281069,50294679,50065047,50298775,"decoded_payload_last_chip",1,67.907844,68.216524,262,0.000000,-1648.022017,"Decawave DW-8",0.951599,1,12,0xBD06,0xBD06,1,"61888EF2F0020001000006BD"
134,50391600,50445565,50673150,50643660,50659538,50659540,50673150,50443517,50677246,"decoded_payload_last_chip",1,68.421176,68.729858,262,0.000000,-1691.700939,"Decawave DW-8",0.951514,1,12,0x3CB9,0x3CB9,1,"61888FF2F00200010000B93C"
135,50770100,50824036,51051620,51022130,51038009,51038010,51051620,50821988,51055716,"decoded_payload_last_chip",1,68.934511,69.243191,262,0.000000,-1677.330383,"Decawave DW-8",0.951495,1,12,0xD673,0xD673,1,"618890F2F0020001000073D6"
136,51148600,51202506,51430090,51400601,51416479,51416481,51430090,51200458,51434186,"decoded_payload_last_chip",1,69.447843,69.756524,262,-0.000000,-1659.093676,"Decawave DW-8",0.951551,1,12,0x57CC,0x57CC,1,"618891F2F00200010000CC57"
137,51527000,51580977,51808561,51779072,51794950,51794952,51808561,51578929,51812657,"decoded_payload_last_chip",1,69.961178,70.269858,262,-0.000000,-1676.583264,"Decawave DW-8",0.951376,1,12,0xDD1C,0xDD1C,1,"618892F2F002000100001CDD"
138,51905500,51959448,52187032,52157542,52173420,52173422,52187032,51957400,52191128,"decoded_payload_last_chip",1,70.474512,70.783192,262,0.000000,-1664.783619,"Decawave DW-8",0.951381,1,12,0x5CA3,0x5CA3,1,"618893F2F00200010000A35C"
139,52284000,52337918,52565502,52536013,52551891,52551892,52565502,52335870,52569598,"decoded_payload_last_chip",1,70.987845,71.296525,262,-0.000000,-1687.511889,"Decawave DW-8",0.951523,1,12,0xC0AD,0xC0AD,1,"618894F2F00200010000ADC0"
140,52662400,52716388,52943972,52914483,52930361,52930363,52943972,52714340,52948068,"decoded_payload_last_chip",1,71.501177,71.809858,262,0.000000,-1649.039636,"Decawave DW-8",0.951560,1,12,0x4112,0x4112,1,"618895F2F002000100001241"
141,53041000,53094859,53322443,53292953,53308832,53308833,53322443,53092811,53326539,"decoded_payload_last_chip",1,72.014511,72.323192,262,0.000000,-1677.331431,"Decawave DW-8",0.951482,1,12,0xCBC2,0xCBC2,1,"618896F2F00200010000C2CB"
142,53419400,53473329,53700913,53671424,53687302,53687304,53700913,53471281,53705009,"decoded_payload_last_chip",1,72.527844,72.836525,262,0.000000,-1689.377252,"Decawave DW-8",0.951759,1,12,0x4A7D,0x4A7D,1,"618897F2F002000100007D4A"
143,53797800,53851800,54079384,54049895,54065773,54065774,54079384,53849752,54083480,"decoded_payload_last_chip",1,73.041178,73.349859,262,0.000000,-1658.903196,"Decawave DW-8",0.951182,1,12,0xFBCF,0xFBCF,1,"618898F2F00200010000CFFB"
144,54176300,54230270,54457855,54428365,54444243,54444245,54457855,54228222,54461951,"decoded_payload_last_chip",1,73.554511,73.863193,262,0.000000,-1678.894598,"Decawave DW-8",0.952179,1,12,0x7A70,0x7A70,1,"618899F2F00200010000707A"
145,54554800,54608741,54836325,54806835,54822714,54822715,54836325,54606693,54840421,"decoded_payload_last_chip",1,74.067845,74.376526,262,0.000000,-1664.335675,"Decawave DW-8",0.951521,1,12,0xF0A0,0xF0A0,1,"61889AF2F00200010000A0F0"
146,54933400,54987212,55214796,55185306,55201185,55201186,55214796,54985164,55218892,"decoded_payload_last_chip",1,74.581179,74.889860,262,0.000000,-1667.316609,"Decawave DW-8",0.951084,1,12,0x711F,0x711F,1,"61889BF2F002000100001F71"
147,55311700,55365682,55593267,55563777,55579655,55579657,55593267,55363634,55597363,"decoded_payload_last_chip",1,75.094512,75.403194,262,4.251372,-1858.946771,"Decawave DW-8",0.951685,1,12,0xED11,0xED11,1,"61889CF2F0020001000011ED"
148,55690300,55744152,55971737,55942247,55958125,55958127,55971737,55742104,55975833,"decoded_payload_last_chip",1,75.607845,75.916527,262,0.000000,-1681.135113,"Decawave DW-8",0.951488,1,12,0x6CAE,0x6CAE,1,"61889DF2F00200010000AE6C"
149,56067800,56122623,56350207,56320717,56336596,56336597,56350207,56120575,56354303,"decoded_payload_last_chip",1,76.121179,76.429860,262,0.000000,-1690.130700,"Decawave DW-8",0.951941,1,12,0xE67E,0xE67E,1,"61889EF2F002000100007EE6"
150,56447100,56501093,56728678,56699188,56715066,56715068,56728678,56499045,56732774,"decoded_payload_last_chip",1,76.634512,76.943194,262,0.000000,-1687.522430,"Decawave DW-8",0.951991,1,12,0x67C1,0x67C1,1,"61889FF2F00200010000C167"
151,56825600,56879564,57107148,57077658,57093537,57093538,57107148,56877516,57111244,"decoded_payload_last_chip",1,77.147846,77.456527,262,0.000000,-1678.498567,"Decawave DW-8",0.951546,1,12,0x3BFB,0x3BFB,1,"6188A0F2F00200010000FB3B"
152,57204100,57258034,57485619,57456129,57472007,57472009,57485619,57255986,57489715,"decoded_payload_last_chip",1,77.661179,77.969861,262,-0.000000,-1690.117140,"Decawave DW-8",0.951972,1,12,0xBA44,0xBA44,1,"6188A1F2F0020001000044BA"
153,57582600,57636505,57864089,57834599,57850478,57850479,57864089,57634457,57868185,"decoded_payload_last_chip",1,78.174513,78.483194,262,0.000000,-1680.940652,"Decawave DW-8",0.951377,1,12,0x3094,0x3094,1,"6188A2F2F002000100009430"
154,57961000,58014976,58242560,58213070,58228949,58228950,58242560,58012928,58246656,"decoded_payload_last_chip",1,78.687847,78.996528,262,-0.000000,-1672.580362,"Decawave DW-8",0.951880,1,12,0xB12B,0xB12B,1,"6188A3F2F002000100002BB1"
155,58339500,58393446,58621030,58591541,58607419,58607420,58621030,58391398,58625126,"decoded_payload_last_chip",1,79.201180,79.509861,262,0.000000,-1677.162389,"Decawave DW-8",0.951759,1,12,0x2D25,0x2D25,1,"6188A4F2F00200010000252D"
156,58718000,58771917,58999501,58970011,58985889,58985891,58999501,58769869,59003597,"decoded_payload_last_chip",1,79.714514,80.023195,262,0.000000,-1671.520982,"Decawave DW-8",0.951560,1,12,0xAC9A,0xAC9A,1,"6188A5F2F002000100009AAC"
157,59096400,59150387,59377971,59348481,59364360,59364361,59377971,59148339,59382067,"decoded_payload_last_chip",1,80.227847,80.536528,262,0.000000,-1682.580076,"Decawave DW-8",0.951483,1,12,0x264A,0x264A,1,"6188A6F2F002000100004A26"
158,59474900,59528857,59756441,59726952,59742830,59742832,59756441,59526809,59760537,"decoded_payload_last_chip",1,80.741180,81.049860,262,0.000000,-1672.391931,"Decawave DW-8",0.951417,1,12,0xA7F5,0xA7F5,1,"6188A7F2F00200010000F5A7"
159,59853600,59907328,60134913,60105423,60121301,60121303,60134913,59905280,60139009,"decoded_payload_last_chip",1,81.254514,81.563196,262,1.385382,-1724.079830,"Decawave DW-8",0.954076,1,12,0x1647,0x1647,1,"6188A8F2F002000100004716"
160,60231800,60285799,60513383,60483893,60499771,60499773,60513383,60283751,60517479,"decoded_payload_last_chip",1,81.767848,82.076529,262,0.000000,-1687.518889,"Decawave DW-8",0.951806,1,12,0x97F8,0x97F8,1,"6188A9F2F00200010000F897"
161,60610300,60664269,60891853,60862364,60878242,60878243,60891853,60662221,60895949,"decoded_payload_last_chip",1,82.281181,82.589861,262,0.000000,-1671.355555,"Decawave DW-8",0.951934,1,12,0x1D28,0x1D28,1,"6188AAF2F00200010000281D"
162,60988800,61042739,61270324,61240834,61256712,61256714,61270324,61040691,61274420,"decoded_payload_last_chip",1,82.794514,83.103196,262,0.000000,-1676.536870,"Decawave DW-8",0.952095,1,12,0x9C97,0x9C97,1,"6188ABF2F00200010000979C"
163,61367400,61421210,61648794,61619305,61635183,61635185,61648794,61419162,61652890,"decoded_payload_last_chip",1,83.307848,83.616528,262,0.000000,-1665.110744,"Decawave DW-8",0.951812,1,12,0x0099,0x0099,1,"6188ACF2F002000100009900"
164,61745700,61799680,62027264,61997775,62013653,62013654,62027264,61797632,62031360,"decoded_payload_last_chip",1,83.821181,84.129861,262,0.000000,-1692.936744,"Decawave DW-8",0.952004,1,12,0x8126,0x8126,1,"6188ADF2F002000100002681"
165,62124200,62178151,62405736,62376246,62392125,62392126,62405736,62176103,62409832,"decoded_payload_last_chip",1,84.334515,84.643197,262,5.473884,-1980.844966,"Decawave DW-8",0.948212,1,12,0x0BF6,0x0BF6,1,"6188AEF2F00200010000F60B"
166,62502700,62556622,62784206,62754716,62770595,62770596,62784206,62554574,62788302,"decoded_payload_last_chip",1,84.847849,85.156529,262,0.000000,-1684.445734,"Decawave DW-8",0.951435,1,12,0x8A49,0x8A49,1,"6188AFF2F00200010000498A"
167,62881100,62935092,63162676,63133186,63149065,63149066,63162676,62933044,63166772,"decoded_payload_last_chip",1,85.361182,85.669862,262,0.000000,-1651.638644,"Decawave DW-8",0.951609,1,12,0x6083,0x6083,1,"6188B0F2F002000100008360"
168,63259600,63313562,63541147,63511657,63527535,63527537,63541147,63311514,63545243,"decoded_payload_last_chip",1,85.874514,86.183196,262,0.000000,-1667.426422,"Decawave DW-8",0.951239,1,12,0xE13C,0xE13C,1,"6188B1F2F002000100003CE1"
169,63638200,63692033,63919617,63890128,63906006,63906008,63919617,63689985,63923713,"decoded_payload_last_chip",1,86.387849,86.696529,262,0.000000,-1658.659752,"Decawave DW-8",0.951719,1,12,0x6BEC,0x6BEC,1,"6188B2F2F00200010000EC6B"
170,64016600,64070503,64298088,64268598,64284476,64284478,64298088,64068455,64302184,"decoded_payload_last_chip",1,86.901181,87.209863,262,0.000000,-1677.567947,"Decawave DW-8",0.951782,1,12,0xEA53,0xEA53,1,"6188B3F2F0020001000053EA"
171,64395000,64448974,64676558,64647069,64662947,64662949,64676558,64446926,64680654,"decoded_payload_last_chip",1,87.414516,87.723196,262,0.000000,-1655.243004,"Decawave DW-8",0.951847,1,12,0x765D,0x765D,1,"6188B4F2F002000100005D76"
172,64773500,64827445,65055029,65025539,65041418,65041419,65055029,64825397,65059125,"decoded_payload_last_chip",1,87.927850,88.236530,262,0.000000,-1670.715176,"Decawave DW-8",0.951489,1,12,0xF7E2,0xF7E2,1,"6188B5F2F00200010000E2F7"
173,65152000,65205915,65433499,65404010,65419888,65419889,65433499,65203867,65437595,"decoded_payload_last_chip",1,88.441182,88.749863,262,0.000000,-1679.475316,"Decawave DW-8",0.951574,1,12,0x7D32,0x7D32,1,"6188B6F2F00200010000327D"
174,65530400,65584385,65811969,65782480,65798358,65798360,65811969,65582337,65816065,"decoded_payload_last_chip",1,88.954515,89.263196,262,-0.000000,-1653.705318,"Decawave DW-8",0.952221,1,12,0xFC8D,0xFC8D,1,"6188B7F2F002000100008DFC"
175,65908900,65962856,66190440,66160950,66176829,66176830,66190440,65960808,66194536,"decoded_payload_last_chip",1,89.467849,89.776530,262,0.000000,-1672.144649,"Decawave DW-8",0.951892,1,12,0x4D3F,0x4D3F,1,"6188B8F2F002000100003F4D"
176,66287700,66341326,66568911,66539421,66555299,66555301,66568911,66339278,66573007,"decoded_payload_last_chip",1,89.981182,90.289864,262,0.000000,-1685.262926,"Decawave DW-8",0.951338,1,12,0xCC80,0xCC80,1,"6188B9F2F0020001000080CC"
177,66665800,66719797,66947381,66917892,66933770,66933771,66947381,66717749,66951477,"decoded_payload_last_chip",1,90.494516,90.803197,262,0.000000,-1674.287439,"Decawave DW-8",0.951611,1,12,0x4650,0x4650,1,"6188BAF2F002000100005046"
178,67044500,67098267,67325852,67296362,67312240,67312242,67325852,67096219,67329948,"decoded_payload_last_chip",1,91.007849,91.316531,262,0.000000,-1660.034444,"Decawave DW-8",0.951220,1,12,0xC7EF,0xC7EF,1,"6188BBF2F00200010000EFC7"
179,67422800,67476738,67704322,67674832,67690711,67690712,67704322,67474690,67708418,"decoded_payload_last_chip",1,91.521183,91.829864,262,0.000000,-1657.808111,"Decawave DW-8",0.951984,1,12,0x5BE1,0x5BE1,1,"6188BCF2F00200010000E15B"
180,67801400,67855208,68082793,68053304,68069182,68069184,68082793,67853160,68086889,"decoded_payload_last_chip",1,92.034516,92.343198,262,5.420032,-1957.054747,"Decawave DW-8",0.947677,1,12,0xDA5E,0xDA5E,1,"6188BDF2F002000100005EDA"
181,68177200,68233679,68461263,68431774,68447652,68447653,68461263,68231631,68465359,"decoded_payload_last_chip",1,92.547850,92.856531,262,0.000000,-1655.732985,"Decawave DW-8",0.951156,1,12,0x508E,0x508E,1,"6188BEF2F002000100008E50"
182,68558200,68612149,68839733,68810244,68826122,68826123,68839733,68610101,68843829,"decoded_payload_last_chip",1,93.061183,93.369864,262,0.000000,-1653.851493,"Decawave DW-8",0.950913,1,12,0xD131,0xD131,1,"6188BFF2F0020001000031D1"
183,68936108,68990620,69218204,69188714,69204593,69204594,69218204,68988572,69222300,"decoded_payload_last_chip",1,93.574517,93.883198,262,-0.000000,-1656.050833,"Decawave DW-8",0.952003,1,12,0xE8FA,0xE8FA,1,"6188C0F2F00200010000FAE8"
184,69315100,69369090,69596675,69567185,69583063,69583065,69596675,69367042,69600771,"decoded_payload_last_chip",1,94.087850,94.396532,262,0.000000,-1680.643534,"Decawave DW-8",0.952016,1,12,0x6945,0x6945,1,"6188C1F2F002000100004569"
185,69693600,69747561,69975145,69945655,69961534,69961535,69975145,69745513,69979241,"decoded_payload_last_chip",1,94.601184,94.909865,262,0.000000,-1680.725398,"Decawave DW-8",0.952150,1,12,0xE395,0xE395,1,"6188C2F2F0020001000095E3"
186,70072200,70126032,70353616,70324126,70340005,70340006,70353616,70123984,70357712,"decoded_payload_last_chip",1,95.114518,95.423199,262,0.000000,-1677.252361,"Decawave DW-8",0.951854,1,12,0x622A,0x622A,1,"6188C3F2F002000100002A62"
187,70450800,70504502,70732086,70702596,70718475,70718476,70732086,70502454,70736182,"decoded_payload_last_chip",1,95.627851,95.936532,262,0.000000,-1677.507318,"Decawave DW-8",0.951829,1,12,0xFE24,0xFE24,1,"6188C4F2F0020001000024FE"
188,70829000,70882973,71110557,71081067,71096946,71096947,71110557,70880925,71114653,"decoded_payload_last_chip",1,96.141185,96.449866,262,0.000000,-1657.164681,"Decawave DW-8",0.951801,1,12,0x7F9B,0x7F9B,1,"6188C5F2F002000100009B7F"
189,71207700,71261443,71489027,71459538,71475416,71475417,71489027,71259395,71493123,"decoded_payload_last_chip",1,96.654518,96.963199,262,0.000000,-1664.409186,"Decawave DW-8",0.951246,1,12,0xF54B,0xF54B,1,"6188C6F2F002000100004BF5"
190,71586300,71639913,71867497,71838008,71853886,71853887,71867497,71637865,71871593,"decoded_payload_last_chip",1,97.167851,97.476531,262,0.000000,-1644.025698,"Decawave DW-8",0.951816,1,12,0x74F4,0x74F4,1,"6188C7F2F00200010000F474"
191,71964400,72018384,72245968,72216478,72232357,72232358,72245968,72016336,72250064,"decoded_payload_last_chip",1,97.681185,97.989865,262,0.000000,-1643.004787,"Decawave DW-8",0.951743,1,12,0xC546,0xC546,1,"6188C8F2F0020001000046C5"
192,72342900,72396854,72624438,72594949,72610827,72610829,72624438,72394806,72628534,"decoded_payload_last_chip",1,98.194518,98.503198,262,0.000000,-1687.190461,"Decawave DW-8",0.951196,1,12,0x44F9,0x44F9,1,"6188C9F2F00200010000F944"
193,72721400,72775325,73002909,72973419,72989298,72989299,73002909,72773277,73007005,"decoded_payload_last_chip",1,98.707852,99.016532,262,0.000000,-1676.418584,"Decawave DW-8",0.951490,1,12,0xCE29,0xCE29,1,"6188CAF2F0020001000029CE"
194,73099800,73153796,73381380,73351890,73367768,73367770,73381380,73151748,73385476,"decoded_payload_last_chip",1,99.221186,99.529867,262,0.000000,-1686.673673,"Decawave DW-8",0.951620,1,12,0x4F96,0x4F96,1,"6188CBF2F00200010000964F"
195,73478400,73532266,73759850,73730360,73746239,73746240,73759850,73530218,73763946,"decoded_payload_last_chip",1,99.734519,100.043199,262,0.000000,-1678.706563,"Decawave DW-8",0.951327,1,12,0xD398,0xD398,1,"6188CCF2F0020001000098D3"
196,73856800,73910736,74138321,74108831,74124709,74124711,74138321,73908688,74142417,"decoded_payload_last_chip",1,100.247852,100.556533,262,0.000000,-1664.504181,"Decawave DW-8",0.951415,1,12,0x5227,0x5227,1,"6188CDF2F002000100002752"
197,74235300,74289207,74516791,74487301,74503180,74503181,74516791,74287159,74520887,"decoded_payload_last_chip",1,100.761186,101.069866,262,0.000000,-1674.203498,"Decawave DW-8",0.951123,1,12,0xD8F7,0xD8F7,1,"6188CEF2F00200010000F7D8"
198,74613700,74667677,74895261,74865772,74881650,74881652,74895261,74665629,74899357,"decoded_payload_last_chip",1,101.274519,101.583199,262,-0.000000,-1676.970199,"Decawave DW-8",0.951385,1,12,0x5948,0x5948,1,"6188CFF2F002000100004859"
199,74992200,75046148,75273732,75244242,75260120,75260122,75273732,75044100,75277828,"decoded_payload_last_chip",1,101.787853,102.096533,262,0.000000,-1690.902745,"Decawave DW-8",0.951927,1,12,0xB382,0xB382,1,"6188D0F2F0020001000082B3"
200,75370700,75424618,75652202,75622713,75638591,75638592,75652202,75422570,75656298,"decoded_payload_last_chip",1,102.301185,102.609866,262,-0.000000,-1671.668135,"Decawave DW-8",0.951630,1,12,0x323D,0x323D,1,"6188D1F2F002000100003D32"
201,75749100,75803089,76030673,76001183,76017062,76017063,76030673,75801041,76034769,"decoded_payload_last_chip",1,102.814520,103.123200,262,0.000000,-1699.071986,"Decawave DW-8",0.951608,1,12,0xB8ED,0xB8ED,1,"6188D2F2F00200010000EDB8"
202,76127600,76181559,76409144,76379654,76395532,76395534,76409144,76179511,76413240,"decoded_payload_last_chip",1,103.327852,103.636534,262,0.000000,-1648.079989,"Decawave DW-8",0.951897,1,12,0x3952,0x3952,1,"6188D3F2F002000100005239"
203,76506200,76560030,76787614,76758125,76774003,76774005,76787614,76557982,76791710,"decoded_payload_last_chip",1,103.841187,104.149867,262,0.000000,-1665.092876,"Decawave DW-8",0.951951,1,12,0xA55C,0xA55C,1,"6188D4F2F002000100005CA5"
204,76884500,76938500,77166084,77136595,77152473,77152474,77166084,76936452,77170180,"decoded_payload_last_chip",1,104.354519,104.663200,262,0.000000,-1669.363960,"Decawave DW-8",0.951977,1,12,0x24E3,0x24E3,1,"6188D5F2F00200010000E324"
205,77263000,77316970,77544556,77515066,77530944,77530946,77544556,77314922,77548652,"decoded_payload_last_chip",1,104.867852,105.176535,262,5.184264,-1937.976471,"Decawave DW-8",0.949055,1,12,0xAE33,0xAE33,1,"6188D6F2F0020001000033AE"
206,77641500,77695442,77923026,77893536,77909415,77909416,77923026,77693394,77927122,"decoded_payload_last_chip",1,105.381188,105.689868,262,0.000000,-1660.772648,"Decawave DW-8",0.951558,1,12,0x2F8C,0x2F8C,1,"6188D7F2F002000100008C2F"
207,78020000,78073912,78301496,78272007,78287885,78287887,78301496,78071864,78305592,"decoded_payload_last_chip",1,105.894520,106.203201,262,0.000000,-1665.472311,"Decawave DW-8",0.951758,1,12,0x9E3E,0x9E3E,1,"6188D8F2F002000100003E9E"
208,78398400,78452382,78679967,78650477,78666355,78666357,78679967,78450334,78684063,"decoded_payload_last_chip",1,106.407853,106.716535,262,0.000000,-1683.482385,"Decawave DW-8",0.952356,1,12,0x1F81,0x1F81,1,"6188D9F2F00200010000811F"
209,78776900,78830853,79058437,79028947,79044826,79044827,79058437,78828805,79062533,"decoded_payload_last_chip",1,106.921187,107.229868,262,0.000000,-1693.944508,"Decawave DW-8",0.952069,1,12,0x9551,0x9551,1,"6188DAF2F002000100005195"
210,79155400,79209323,79436907,79407418,79423296,79423298,79436907,79207275,79441003,"decoded_payload_last_chip",1,107.434520,107.743201,262,0.000000,-1685.791325,"Decawave DW-8",0.951942,1,12,0x14EE,0x14EE,1,"6188DBF2F00200010000EE14"
211,79533800,79587794,79815378,79785889,79801767,79801768,79815378,79585746,79819474,"decoded_payload_last_chip",1,107.947854,108.256535,262,0.000000,-1672.408895,"Decawave DW-8",0.951938,1,12,0x88E0,0x88E0,1,"6188DCF2F00200010000E088"
212,79912300,79966265,80193849,80164359,80180237,80180239,80193849,79964217,80197945,"decoded_payload_last_chip",1,108.461188,108.769869,262,0.000000,-1648.502924,"Decawave DW-8",0.951641,1,12,0x095F,0x095F,1,"6188DDF2F002000100005F09"
213,80290600,80344735,80572319,80542830,80558708,80558710,80572319,80342687,80576415,"decoded_payload_last_chip",1,108.974521,109.283202,262,0.000000,-1675.059885,"Decawave DW-8",0.951926,1,12,0x838F,0x838F,1,"6188DEF2F002000100008F83"
214,80669300,80723205,80950790,80921300,80937178,80937180,80950790,80721157,80954886,"decoded_payload_last_chip",1,109.487854,109.796536,262,0.000000,-1664.545445,"Decawave DW-8",0.952002,1,12,0x0230,0x0230,1,"6188DFF2F002000100003002"
215,81047700,81101676,81329260,81299770,81315649,81315650,81329260,81099628,81333356,"decoded_payload_last_chip",1,110.001188,110.309869,262,0.000000,-1706.926258,"Decawave DW-8",0.951767,1,12,0x5E0A,0x5E0A,1,"6188E0F2F002000100000A5E"
216,81426200,81480146,81707730,81678241,81694119,81694120,81707730,81478098,81711826,"decoded_payload_last_chip",1,110.514521,110.823201,262,0.000000,-1662.204919,"Decawave DW-8",0.951925,1,12,0xDFB5,0xDFB5,1,"6188E1F2F00200010000B5DF"
217,81804800,81858617,82086201,82056711,82072590,82072591,82086201,81856569,82090297,"decoded_payload_last_chip",1,111.027855,111.336536,262,0.000000,-1684.223080,"Decawave DW-8",0.952600,1,12,0x5565,0x5565,1,"6188E2F2F002000100006555"
218,82183300,82237087,82464672,82435182,82451060,82451062,82464672,82235039,82468768,"decoded_payload_last_chip",1,111.541188,111.849870,262,0.000000,-1687.280671,"Decawave DW-8",0.951008,1,12,0xD4DA,0xD4DA,1,"6188E3F2F00200010000DAD4"
219,82558000,82615558,82843142,82813652,82829531,82829532,82843142,82613510,82847238,"decoded_payload_last_chip",1,112.054522,112.363203,262,0.000000,-1666.534497,"Decawave DW-8",0.951936,1,12,0x48D4,0x48D4,1,"6188E4F2F00200010000D448"
220,82940300,82994028,83221612,83192123,83208001,83208003,83221612,82991980,83225708,"decoded_payload_last_chip",1,112.567855,112.876535,262,0.000000,-1664.581970,"Decawave DW-8",0.951911,1,12,0xC96B,0xC96B,1,"6188E5F2F002000100006BC9"
221,83318500,83372499,83600083,83570593,83586471,83586473,83600083,83370451,83604179,"decoded_payload_last_chip",1,113.081189,113.389870,262,0.000000,-1663.047080,"Decawave DW-8",0.951697,1,12,0x43BB,0x43BB,1,"6188E6F2F00200010000BB43"
222,83697000,83750969,83978553,83949064,83964942,83964943,83978553,83748921,83982649,"decoded_payload_last_chip",1,113.594522,113.903202,262,0.000000,-1671.629069,"Decawave DW-8",0.951819,1,12,0xC204,0xC204,1,"6188E7F2F0020001000004C2"
223,84075500,84129439,84357025,84327535,84343413,84343415,84357025,84127391,84361121,"decoded_payload_last_chip",1,114.107855,114.416538,262,5.224982,-1937.636102,"Decawave DW-8",0.949128,1,12,0x73B6,0x73B6,1,"6188E8F2F00200010000B673"
224,84454000,84507911,84735495,84706005,84721884,84721885,84735495,84505863,84739591,"decoded_payload_last_chip",1,114.621190,114.929871,262,0.000000,-1682.563850,"Decawave DW-8",0.951015,1,12,0xF209,0xF209,1,"6188E9F2F0020001000009F2"
225,84832400,84886381,85113965,85084475,85100354,85100355,85113965,84884333,85118061,"decoded_payload_last_chip",1,115.134523,115.443203,262,0.000000,-1698.414872,"Decawave DW-8",0.951669,1,12,0x78D9,0x78D9,1,"6188EAF2F00200010000D978"
226,85211000,85264852,85492436,85462946,85478824,85478826,85492436,85262804,85496532,"decoded_payload_last_chip",1,115.647857,115.956538,262,0.000000,-1673.568519,"Decawave DW-8",0.952002,1,12,0xF966,0xF966,1,"6188EBF2F0020001000066F9"
227,85589300,85643321,85870906,85841416,85857295,85857296,85870906,85641273,85875002,"decoded_payload_last_chip",1,116.161188,116.469870,262,1.986294,-1712.861606,"Decawave DW-8",0.952913,1,12,0x6568,0x6568,1,"6188ECF2F002000100006865"
228,85967800,86021793,86249377,86219887,86235766,86235767,86249377,86019745,86253473,"decoded_payload_last_chip",1,116.674524,116.983204,262,0.000000,-1689.431725,"Decawave DW-8",0.951625,1,12,0xE4D7,0xE4D7,1,"6188EDF2F00200010000D7E4"
229,86346200,86400263,86627847,86598357,86614236,86614237,86627847,86398215,86631943,"decoded_payload_last_chip",1,117.187857,117.496537,262,0.000000,-1671.489448,"Decawave DW-8",0.952246,1,12,0x6E07,0x6E07,1,"6188EEF2F00200010000076E"
230,86724800,86778734,87006318,86976828,86992706,86992708,87006318,86776686,87010414,"decoded_payload_last_chip",1,117.701191,118.009871,262,0.000000,-1686.218743,"Decawave DW-8",0.951560,1,12,0xEFB8,0xEFB8,1,"6188EFF2F00200010000B8EF"
231,87103300,87157204,87384788,87355299,87371177,87371178,87384788,87155156,87388884,"decoded_payload_last_chip",1,118.214524,118.523204,262,0.000000,-1661.224622,"Decawave DW-8",0.951721,1,12,0x0572,0x0572,1,"6188F0F2F002000100007205"
232,87481700,87535674,87763258,87733769,87749647,87749649,87763258,87533626,87767354,"decoded_payload_last_chip",1,118.727856,119.036537,262,0.000000,-1687.051983,"Decawave DW-8",0.951418,1,12,0x84CD,0x84CD,1,"6188F1F2F00200010000CD84"
233,87860400,87914144,88141729,88112239,88128117,88128119,88141729,87912096,88145825,"decoded_payload_last_chip",1,119.241189,119.549871,262,0.000000,-1654.072153,"Decawave DW-8",0.951763,1,12,0x0E1D,0x0E1D,1,"6188F2F2F002000100001D0E"
234,88238700,88292615,88520199,88490710,88506588,88506589,88520199,88290567,88524295,"decoded_payload_last_chip",1,119.754523,120.063204,262,0.000000,-1689.921652,"Decawave DW-8",0.951300,1,12,0x8FA2,0x8FA2,1,"6188F3F2F00200010000A28F"
235,88617200,88671086,88898670,88869180,88885058,88885060,88898670,88669038,88902766,"decoded_payload_last_chip",1,120.267858,120.576538,262,0.000000,-1684.825398,"Decawave DW-8",0.951282,1,12,0x13AC,0x13AC,1,"6188F4F2F00200010000AC13"
236,88995600,89049556,89277141,89247651,89263529,89263531,89277141,89047508,89281237,"decoded_payload_last_chip",1,120.781190,121.089872,262,-0.000000,-1681.401564,"Decawave DW-8",0.952323,1,12,0x9213,0x9213,1,"6188F5F2F002000100001392"
237,89374200,89428026,89655611,89626121,89641999,89642001,89655611,89425978,89659707,"decoded_payload_last_chip",1,121.294523,121.603205,262,0.000000,-1682.173021,"Decawave DW-8",0.951352,1,12,0x18C3,0x18C3,1,"6188F6F2F00200010000C318"
238,89752500,89806497,90034081,90004592,90020470,90020471,90034081,89804449,90038177,"decoded_payload_last_chip",1,121.807857,122.116538,262,0.000000,-1686.626913,"Decawave DW-8",0.951546,1,12,0x997C,0x997C,1,"6188F7F2F002000100007C99"
239,90131000,90184968,90412552,90383062,90398940,90398942,90412552,90182920,90416648,"decoded_payload_last_chip",1,122.321191,122.629872,262,0.000000,-1680.225302,"Decawave DW-8",0.951705,1,12,0x28CE,0x28CE,1,"6188F8F2F00200010000CE28"
240,90509500,90563438,90791022,90761532,90777411,90777412,90791022,90561390,90795118,"decoded_payload_last_chip",1,122.834524,123.143205,262,0.000000,-1682.771595,"Decawave DW-8",0.951572,1,12,0xA971,0xA971,1,"6188F9F2F0020001000071A9"
241,90888000,90941908,91169494,91140004,91155882,91155884,91169494,90939860,91173590,"decoded_payload_last_chip",1,123.347857,123.656540,262,3.812674,-1855.153502,"Decawave DW-8",0.951356,1,12,0x23A1,0x23A1,1,"6188FAF2F00200010000A123"
242,91266500,91320380,91547964,91518474,91534353,91534354,91547964,91318332,91552060,"decoded_payload_last_chip",1,123.861192,124.169873,262,1.626075,-1684.926302,"Decawave DW-8",0.953121,1,12,0xA21E,0xA21E,1,"6188FBF2F002000100001EA2"
243,91644900,91698850,91926434,91896944,91912823,91912824,91926434,91696802,91930530,"decoded_payload_last_chip",1,124.374525,124.683206,262,0.000000,-1664.922521,"Decawave DW-8",0.951727,1,12,0x3E10,0x3E10,1,"6188FCF2F00200010000103E"
244,92023400,92077320,92304904,92275415,92291293,92291295,92304904,92075272,92309000,"decoded_payload_last_chip",1,124.887858,125.196539,262,0.000000,-1683.645787,"Decawave DW-8",0.951727,1,12,0xBFAF,0xBFAF,1,"6188FDF2F00200010000AFBF"
245,92401800,92455790,92683376,92653886,92669764,92669766,92683376,92453742,92687472,"decoded_payload_last_chip",1,125.401191,125.709874,262,4.442482,-1890.494238,"Decawave DW-8",0.951648,1,12,0x357F,0x357F,1,"6188FEF2F002000100007F35"
246,92780300,92834262,93061846,93032356,93048235,93048236,93061846,92832214,93065942,"decoded_payload_last_chip",1,125.914526,126.223207,262,0.000000,-1647.065826,"Decawave DW-8",0.951622,1,12,0xB4C0,0xB4C0,1,"6188FFF2F00200010000C0B4"
247,93158900,93212732,93440316,93410826,93426705,93426706,93440316,93210684,93444412,"decoded_payload_last_chip",1,126.427859,126.736540,262,0.000000,-1670.314280,"Decawave DW-8",0.951949,1,12,0x46E9,0x46E9,1,"618800F2F00200010000E946"
248,93537500,93591202,93818787,93789297,93805175,93805177,93818787,93589154,93822883,"decoded_payload_last_chip",1,126.941192,127.249874,262,0.000000,-1669.425704,"Decawave DW-8",0.951636,1,12,0xC756,0xC756,1,"618801F2F0020001000056C7"
249,93915700,93969673,94197257,94167767,94183646,94183647,94197257,93967625,94201353,"decoded_payload_last_chip",1,127.454526,127.763207,262,0.000000,-1671.266017,"Decawave DW-8",0.951693,1,12,0x4D86,0x4D86,1,"618802F2F00200010000864D"
250,94294300,94348143,94575728,94546238,94562116,94562118,94575728,94346095,94579824,"decoded_payload_last_chip",1,127.967859,128.276541,262,0.000000,-1679.527967,"Decawave DW-8",0.951916,1,12,0xCC39,0xCC39,1,"618803F2F0020001000039CC"
251,94672700,94726614,94954198,94924708,94940587,94940588,94954198,94724566,94958294,"decoded_payload_last_chip",1,128.481193,128.789874,262,0.000000,-1688.926058,"Decawave DW-8",0.951724,1,12,0x5037,0x5037,1,"618804F2F002000100003750"
252,95051100,95105084,95332669,95303179,95319057,95319059,95332669,95103036,95336765,"decoded_payload_last_chip",1,128.994526,129.303208,262,0.000000,-1661.624373,"Decawave DW-8",0.951320,1,12,0xD188,0xD188,1,"618805F2F0020001000088D1"
253,95429600,95483555,95711139,95681649,95697528,95697529,95711139,95481507,95715235,"decoded_payload_last_chip",1,129.507860,129.816541,262,0.000000,-1663.738745,"Decawave DW-8",0.951415,1,12,0x5B58,0x5B58,1,"618806F2F00200010000585B"
254,95808300,95862025,96089610,96060120,96075998,96076000,96089610,95859977,96093706,"decoded_payload_last_chip",1,130.021193,130.329875,262,0.000000,-1676.179636,"Decawave DW-8",0.951709,1,12,0xDAE7,0xDAE7,1,"618807F2F00200010000E7DA"
255,96186500,96240496,96468080,96438590,96454468,96454470,96468080,96238448,96472176,"decoded_payload_last_chip",1,130.534527,130.843207,262,0.000000,-1660.025875,"Decawave DW-8",0.952151,1,12,0x6B55,0x6B55,1,"618808F2F00200010000556B"
256,96565300,96618966,96846550,96817061,96832939,96832941,96846550,96616918,96850646,"decoded_payload_last_chip",1,131.047860,131.356540,262,0.000000,-1671.204423,"Decawave DW-8",0.952041,1,12,0xEAEA,0xEAEA,1,"618809F2F00200010000EAEA"
257,96943500,96997436,97225021,97195531,97211409,97211411,97225021,96995388,97229117,"decoded_payload_last_chip",1,131.561192,131.869874,262,0.000000,-1692.008822,"Decawave DW-8",0.951565,1,12,0x603A,0x603A,1,"61880AF2F002000100003A60"
258,97322000,97375907,97603491,97574001,97589880,97589881,97603491,97373859,97607587,"decoded_payload_last_chip",1,132.074527,132.383207,262,0.000000,-1652.811868,"Decawave DW-8",0.952320,1,12,0xE185,0xE185,1,"61880BF2F0020001000085E1"
259,97700400,97754378,97981962,97952472,97968351,97968352,97981962,97752330,97986058,"decoded_payload_last_chip",1,132.587861,132.896541,262,0.000000,-1671.777730,"Decawave DW-8",0.951986,1,12,0x7D8B,0x7D8B,1,"61880CF2F002000100008B7D"
260,98078900,98132848,98360433,98330943,98346821,98346823,98360433,98130800,98364529,"decoded_payload_last_chip",1,133.101194,133.409875,262,0.000000,-1712.599776,"Decawave DW-8",0.951845,1,12,0xFC34,0xFC34,1,"61880DF2F0020001000034FC"
261,98457400,98511319,98738903,98709413,98725292,98725293,98738903,98509271,98742999,"decoded_payload_last_chip",1,133.614528,133.923208,262,0.000000,-1675.160681,"Decawave DW-8",0.951600,1,12,0x76E4,0x76E4,1,"61880EF2F00200010000E476"
262,98835800,98889789,99117373,99087883,99103762,99103763,99117373,98887741,99121469,"decoded_payload_last_chip",1,134.127861,134.436541,262,0.000000,-1682.794686,"Decawave DW-8",0.951988,1,12,0xF75B,0xF75B,1,"61880FF2F002000100005BF7"
263,99214300,99268259,99495845,99466355,99482233,99482235,99495845,99266211,99499941,"decoded_payload_last_chip",1,134.641193,134.949877,262,5.385553,-1972.681797,"Decawave DW-8",0.949934,1,12,0x1D91,0x1D91,1,"618810F2F00200010000911D"
264,99592800,99646731,99874315,99844825,99860704,99860705,99874315,99644683,99878411,"decoded_payload_last_chip",1,135.154529,135.463209,262,0.000000,-1664.929925,"Decawave DW-8",0.951379,1,12,0x9C2E,0x9C2E,1,"618811F2F002000100002E9C"
265,99971200,100025201,100252785,100223295,100239174,100239175,100252785,100023153,100256881,"decoded_payload_last_chip",1,135.667862,135.976542,262,0.000000,-1691.943945,"Decawave DW-8",0.951828,1,12,0x16FE,0x16FE,1,"618812F2F00200010000FE16"
266,100349700,100403671,100631255,100601766,100617644,100617646,100631255,100401623,100635351,"decoded_payload_last_chip",1,136.181194,136.489875,262,0.000000,-1688.041108,"Decawave DW-8",0.951997,1,12,0x9741,0x9741,1,"618813F2F002000100004197"
267,100728200,100782142,101009726,100980236,100996115,100996116,101009726,100780094,101013822,"decoded_payload_last_chip",1,136.694529,137.003209,262,0.000000,-1629.130526,"Decawave DW-8",0.951790,1,12,0x0B4F,0x0B4F,1,"618814F2F002000100004F0B"
268,101106800,101160612,101388197,101358707,101374585,101374587,101388197,101158564,101392293,"decoded_payload_last_chip",1,137.207861,137.516543,262,0.000000,-1676.425993,"Decawave DW-8",0.951745,1,12,0x8AF0,0x8AF0,1,"618815F2F00200010000F08A"
269,101485100,101539083,101766667,101737178,101753056,101753057,101766667,101537035,101770763,"decoded_payload_last_chip",1,137.721195,138.029876,262,0.000000,-1669.225069,"Decawave DW-8",0.951470,1,12,0x0020,0x0020,1,"618816F2F002000100002000"
270,101863600,101917553,102145138,102115648,102131526,102131528,102145138,101915505,102149234,"decoded_payload_last_chip",1,138.234528,138.543210,262,0.000000,-1675.846404,"Decawave DW-8",0.951972,1,12,0x819F,0x819F,1,"618817F2F002000100009F81"
271,102242100,102296024,102523608,102494118,102509997,102509998,102523608,102293976,102527704,"decoded_payload_last_chip",1,138.747862,139.056543,262,-0.000000,-1668.670664,"Decawave DW-8",0.951978,1,12,0x302D,0x302D,1,"618818F2F002000100002D30"
272,102620500,102674494,102902078,102872589,102888467,102888468,102902078,102672446,102906174,"decoded_payload_last_chip",1,139.261195,139.569876,262,0.000000,-1673.082609,"Decawave DW-8",0.951981,1,12,0xB192,0xB192,1,"618819F2F0020001000092B1"
273,102999000,103052965,103280549,103251059,103266937,103266939,103280549,103050917,103284645,"decoded_payload_last_chip",1,139.774529,140.083210,262,0.000000,-1683.879665,"Decawave DW-8",0.952026,1,12,0x3B42,0x3B42,1,"61881AF2F00200010000423B"
274,103377500,103431435,103659019,103629530,103645408,103645409,103659019,103429387,103663115,"decoded_payload_last_chip",1,140.287862,140.596543,262,0.000000,-1674.136406,"Decawave DW-8",0.951994,1,12,0xBAFD,0xBAFD,1,"61881BF2F00200010000FDBA"
275,103756000,103809905,104037490,104008000,104023878,104023880,104037490,103807857,104041586,"decoded_payload_last_chip",1,140.801195,141.109877,262,0.000000,-1665.724883,"Decawave DW-8",0.952030,1,12,0x26F3,0x26F3,1,"61881CF2F00200010000F326"
276,104134400,104188376,104415961,104386471,104402349,104402351,104415961,104186328,104420057,"decoded_payload_last_chip",1,141.314529,141.623211,262,0.000000,-1682.430165,"Decawave DW-8",0.951473,1,12,0xA74C,0xA74C,1,"61881DF2F002000100004CA7"
277,104512900,104566847,104794431,104764941,104780820,104780821,104794431,104564799,104798527,"decoded_payload_last_chip",1,141.827863,142.136544,262,0.000000,-1689.646302,"Decawave DW-8",0.951787,1,12,0x2D9C,0x2D9C,1,"61881EF2F002000100009C2D"
278,104891400,104945317,105172902,105143412,105159290,105159292,105172902,104943269,105176998,"decoded_payload_last_chip",1,142.341196,142.649878,262,0.000000,-1639.370404,"Decawave DW-8",0.952013,1,12,0xAC23,0xAC23,1,"61881FF2F0020001000023AC"
279,105270000,105323788,105551372,105521883,105537761,105537762,105551372,105321740,105555468,"decoded_payload_last_chip",1,142.854530,143.163211,262,0.000000,-1631.439050,"Decawave DW-8",0.951437,1,12,0xF019,0xF019,1,"618820F2F0020001000019F0"
280,105648300,105702258,105929842,105900352,105916231,105916232,105929842,105700210,105933938,"decoded_payload_last_chip",1,143.367863,143.676544,262,0.000000,-1676.328767,"Decawave DW-8",0.951650,1,12,0x71A6,0x71A6,1,"618821F2F00200010000A671"
281,106026900,106080729,106308313,106278823,106294702,106294703,106308313,106078681,106312409,"decoded_payload_last_chip",1,143.881197,144.189878,262,0.000000,-1662.793144,"Decawave DW-8",0.951600,1,12,0xFB76,0xFB76,1,"618822F2F0020001000076FB"
282,106405200,106459199,106686784,106657294,106673172,106673174,106686784,106457151,106690880,"decoded_payload_last_chip",1,144.394530,144.703212,262,-0.000000,-1675.584285,"Decawave DW-8",0.951985,1,12,0x7AC9,0x7AC9,1,"618823F2F00200010000C97A"
283,106783900,106837670,107065254,107035764,107051643,107051644,107065254,106835622,107069350,"decoded_payload_last_chip",1,144.907864,145.216545,262,-0.000000,-1657.694951,"Decawave DW-8",0.951925,1,12,0xE6C7,0xE6C7,1,"618824F2F00200010000C7E6"
284,107162200,107216140,107443724,107414235,107430113,107430115,107443724,107214092,107447820,"decoded_payload_last_chip",1,145.421197,145.729877,262,0.000000,-1718.251038,"Decawave DW-8",0.951347,1,12,0x6778,0x6778,1,"618825F2F002000100007867"
285,107540700,107594611,107822195,107792705,107808584,107808585,107822195,107592563,107826291,"decoded_payload_last_chip",1,145.934531,146.243212,262,0.000000,-1680.123606,"Decawave DW-8",0.952127,1,12,0xEDA8,0xEDA8,1,"618826F2F00200010000A8ED"
286,107919100,107973082,108200666,108171176,108187054,108187056,108200666,107971034,108204762,"decoded_payload_last_chip",1,146.447865,146.756546,262,0.000000,-1688.897738,"Decawave DW-8",0.952005,1,12,0x6C17,0x6C17,1,"618827F2F00200010000176C"
287,108297600,108351552,108579136,108549647,108565525,108565526,108579136,108349504,108583232,"decoded_payload_last_chip",1,146.961198,147.269878,262,0.000000,-1690.832893,"Decawave DW-8",0.951696,1,12,0xDDA5,0xDDA5,1,"618828F2F00200010000A5DD"
288,108676100,108730022,108957607,108928117,108943995,108943997,108957607,108727974,108961703,"decoded_payload_last_chip",1,147.474531,147.783213,262,-0.000000,-1666.044142,"Decawave DW-8",0.951193,1,12,0x5C1A,0x5C1A,1,"618829F2F002000100001A5C"
289,109054500,109108493,109336077,109306587,109322466,109322467,109336077,109106445,109340173,"decoded_payload_last_chip",1,147.987865,148.296545,262,0.000000,-1645.832973,"Decawave DW-8",0.952141,1,12,0xD6CA,0xD6CA,1,"61882AF2F00200010000CAD6"
290,109433000,109486963,109714547,109685058,109700936,109700937,109714547,109484915,109718643,"decoded_payload_last_chip",1,148.501198,148.809878,262,0.000000,-1684.021593,"Decawave DW-8",0.951630,1,12,0x5775,0x5775,1,"61882BF2F002000100007557"
291,109811500,109865434,110093018,110063528,110079406,110079408,110093018,109863386,110097114,"decoded_payload_last_chip",1,149.014532,149.323212,262,0.000000,-1662.893509,"Decawave DW-8",0.951881,1,12,0xCB7B,0xCB7B,1,"61882CF2F002000100007BCB"
292,110190000,110243904,110471488,110441999,110457877,110457878,110471488,110241856,110475584,"decoded_payload_last_chip",1,149.527865,149.836545,262,0.000000,-1673.069085,"Decawave DW-8",0.952043,1,12,0x4AC4,0x4AC4,1,"61882DF2F00200010000C44A"
293,110568400,110622375,110849959,110820469,110836348,110836349,110849959,110620327,110854055,"decoded_payload_last_chip",1,150.041199,150.349879,262,0.000000,-1665.845941,"Decawave DW-8",0.951418,1,12,0xC014,0xC014,1,"61882EF2F0020001000014C0"
294,110947000,111000845,111228429,111198939,111214818,111214819,111228429,110998797,111232525,"decoded_payload_last_chip",1,150.554532,150.863212,262,0.000000,-1675.872258,"Decawave DW-8",0.951295,1,12,0x41AB,0x41AB,1,"61882FF2F00200010000AB41"
295,111325400,111379316,111606900,111577410,111593289,111593290,111606900,111377268,111610996,"decoded_payload_last_chip",1,151.067866,151.376546,262,0.000000,-1650.954610,"Decawave DW-8",0.951772,1,12,0xAB61,0xAB61,1,"618830F2F0020001000061AB"
296,111703100,111757786,111985370,111955881,111971759,111971760,111985370,111755738,111989466,"decoded_payload_last_chip",1,151.581198,151.889879,262,0.000000,-1677.490751,"Decawave DW-8",0.952220,1,12,0x2ADE,0x2ADE,1,"618831F2F00200010000DE2A"
297,112082300,112136256,112363841,112334351,112350229,112350231,112363841,112134208,112367937,"decoded_payload_last_chip",1,152.094531,152.403213,262,-0.000000,-1665.640305,"Decawave DW-8",0.951445,1,12,0xA00E,0xA00E,1,"618832F2F002000100000EA0"
298,112460900,112514727,112742311,112712822,112728700,112728702,112742311,112512679,112746407,"decoded_payload_last_chip",1,152.607865,152.916546,262,0.000000,-1678.133467,"Decawave DW-8",0.952000,1,12,0x21B1,0x21B1,1,"618833F2F00200010000B121"
299,112839200,112893198,113120782,113091292,113107171,113107172,113120782,112891150,113124878,"decoded_payload_last_chip",1,153.121200,153.429880,262,-0.000000,-1667.386460,"Decawave DW-8",0.951253,1,12,0xBDBF,0xBDBF,1,"618834F2F00200010000BFBD"
300,113217700,113271668,113499252,113469763,113485641,113485643,113499252,113269620,113503348,"decoded_payload_last_chip",1,153.634532,153.943213,262,0.000000,-1676.076698,"Decawave DW-8",0.951628,1,12,0x3C00,0x3C00,1,"618835F2F00200010000003C"
301,113596200,113650139,113877723,113848233,113864112,113864113,113877723,113648091,113881819,"decoded_payload_last_chip",1,154.147866,154.456547,262,0.000000,-1696.373334,"Decawave DW-8",0.951447,1,12,0xB6D0,0xB6D0,1,"618836F2F00200010000D0B6"
302,113974700,114028609,114256193,114226704,114242582,114242584,114256193,114026561,114260289,"decoded_payload_last_chip",1,154.661199,154.969880,262,0.000000,-1675.447783,"Decawave DW-8",0.951002,1,12,0x376F,0x376F,1,"618837F2F002000100006F37"
303,114353100,114407079,114634665,114605175,114621053,114621055,114634665,114405031,114638761,"decoded_payload_last_chip",1,155.174532,155.483215,262,4.916973,-1893.169961,"Decawave DW-8",0.948317,1,12,0x86DD,0x86DD,1,"618838F2F00200010000DD86"
304,114731600,114785551,115013135,114983645,114999523,114999525,115013135,114783503,115017231,"decoded_payload_last_chip",1,155.687868,155.996548,262,0.000000,-1666.357723,"Decawave DW-8",0.951746,1,12,0x0762,0x0762,1,"618839F2F002000100006207"
305,115110100,115164021,115391605,115362116,115377994,115377995,115391605,115161973,115395701,"decoded_payload_last_chip",1,156.201200,156.509881,262,0.000000,-1605.000877,"Decawave DW-8",0.952018,1,12,0x8DB2,0x8DB2,1,"61883AF2F00200010000B28D"
306,115488500,115542491,115770075,115740586,115756464,115756466,115770075,115540443,115774171,"decoded_payload_last_chip",1,156.714533,157.023214,262,0.000000,-1666.102861,"Decawave DW-8",0.951944,1,12,0x0C0D,0x0C0D,1,"61883BF2F002000100000D0C"
307,115867000,115920962,116148546,116119056,116134935,116134936,116148546,115918914,116152642,"decoded_payload_last_chip",1,157.227867,157.536548,262,0.000000,-1682.376421,"Decawave DW-8",0.951173,1,12,0x9003,0x9003,1,"61883CF2F002000100000390"
308,116245500,116299432,116527016,116497527,116513405,116513406,116527016,116297384,116531112,"decoded_payload_last_chip",1,157.741200,158.049881,262,0.000000,-1689.307860,"Decawave DW-8",0.951500,1,12,0x11BC,0x11BC,1,"61883DF2F00200010000BC11"
309,116624200,116677902,116905487,116875997,116891875,116891877,116905487,116675854,116909583,"decoded_payload_last_chip",1,158.254533,158.563215,262,0.000000,-1653.836634,"Decawave DW-8",0.952100,1,12,0x9B6C,0x9B6C,1,"61883EF2F002000100006C9B"
310,117002400,117056373,117283958,117254468,117270346,117270348,117283958,117054325,117288054,"decoded_payload_last_chip",1,158.767867,159.076549,262,-0.000000,-1658.572118,"Decawave DW-8",0.951992,1,12,0x1AD3,0x1AD3,1,"61883FF2F00200010000D31A"
311,117380900,117434844,117662428,117632938,117648817,117648818,117662428,117432796,117666524,"decoded_payload_last_chip",1,159.281201,159.589882,262,0.000000,-1672.404570,"Decawave DW-8",0.952004,1,12,0x2318,0x2318,1,"618840F2F002000100001823"
312,117759500,117813314,118040898,118011408,118027287,118027288,118040898,117811266,118044994,"decoded_payload_last_chip",1,159.794534,160.103215,262,0.000000,-1680.607959,"Decawave DW-8",0.951295,1,12,0xA2A7,0xA2A7,1,"618841F2F00200010000A7A2"
313,118137900,118191785,118419369,118389879,118405758,118405759,118419369,118189737,118423465,"decoded_payload_last_chip",1,160.307868,160.616549,262,0.000000,-1669.678638,"Decawave DW-8",0.951982,1,12,0x2877,0x2877,1,"618842F2F002000100007728"
314,118516300,118570255,118797839,118768349,118784228,118784229,118797839,118568207,118801935,"decoded_payload_last_chip",1,160.821201,161.129881,262,0.000000,-1686.800597,"Decawave DW-8",0.951864,1,12,0xA9C8,0xA9C8,1,"618843F2F00200010000C8A9"
315,118895000,118948725,119176310,119146820,119162699,119162700,119176310,118946677,119180406,"decoded_payload_last_chip",1,161.334534,161.643216,262,2.515294,-1733.817763,"Decawave DW-8",0.951616,1,12,0x35C6,0x35C6,1,"618844F2F00200010000C635"
316,119273200,119327196,119554781,119525291,119541169,119541171,119554781,119325148,119558877,"decoded_payload_last_chip",1,161.847868,162.156550,262,0.000000,-1671.170631,"Decawave DW-8",0.952173,1,12,0xB479,0xB479,1,"618845F2F0020001000079B4"
317,119651900,119705667,119933251,119903761,119919640,119919641,119933251,119703619,119937347,"decoded_payload_last_chip",1,162.361202,162.669883,262,0.000000,-1667.091120,"Decawave DW-8",0.951166,1,12,0x3EA9,0x3EA9,1,"618846F2F00200010000A93E"
318,120030200,120084137,120311721,120282232,120298110,120298112,120311721,120082089,120315817,"decoded_payload_last_chip",1,162.874535,163.183215,262,0.000000,-1688.942497,"Decawave DW-8",0.951110,1,12,0xBF16,0xBF16,1,"618847F2F0020001000016BF"
319,120408800,120462608,120690192,120660703,120676581,120676582,120690192,120460560,120694288,"decoded_payload_last_chip",1,163.387869,163.696549,262,0.000000,-1687.145466,"Decawave DW-8",0.951625,1,12,0x0EA4,0x0EA4,1,"618848F2F00200010000A40E"
320,120787100,120841078,121068662,121039172,121055051,121055052,121068662,120839030,121072758,"decoded_payload_last_chip",1,163.901202,164.209882,262,0.000000,-1658.808385,"Decawave DW-8",0.951767,1,12,0x8F1B,0x8F1B,1,"618849F2F002000100001B8F"
321,121165800,121219549,121447133,121417643,121433522,121433523,121447133,121217501,121451229,"decoded_payload_last_chip",1,164.414536,164.723216,262,0.000000,-1663.505055,"Decawave DW-8",0.951542,1,12,0x05CB,0x05CB,1,"61884AF2F00200010000CB05"
322,121544100,121598020,121825604,121796114,121811992,121811994,121825604,121595972,121829700,"decoded_payload_last_chip",1,164.927870,165.236551,262,0.000000,-1684.036122,"Decawave DW-8",0.951442,1,12,0x8474,0x8474,1,"61884BF2F002000100007484"
323,121922200,121976489,122204074,122174584,122190462,122190464,122204074,121974441,122208170,"decoded_payload_last_chip",1,165.441201,165.749883,262,0.000000,-1695.400312,"Decawave DW-8",0.951292,1,12,0x187A,0x187A,1,"61884CF2F002000100007A18"
324,122301000,122354960,122582544,122553055,122568933,122568935,122582544,122352912,122586640,"decoded_payload_last_chip",1,165.954536,166.263216,262,0.000000,-1670.133836,"Decawave DW-8",0.951532,1,12,0x99C5,0x99C5,1,"61884DF2F00200010000C599"
325,122679600,122733431,122961015,122931525,122947404,122947405,122961015,122731383,122965111,"decoded_payload_last_chip",1,166.467870,166.776550,262,0.000000,-1684.571411,"Decawave DW-8",0.952110,1,12,0x1315,0x1315,1,"61884EF2F002000100001513"
326,123058200,123111901,123339485,123309995,123325874,123325875,123339485,123109853,123343581,"decoded_payload_last_chip",1,166.981203,167.289883,262,0.000000,-1689.373473,"Decawave DW-8",0.951944,1,12,0x92AA,0x92AA,1,"61884FF2F00200010000AA92"
327,123436400,123490372,123717956,123688466,123704345,123704346,123717956,123488324,123722052,"decoded_payload_last_chip",1,167.494537,167.803217,262,0.000000,-1651.389377,"Decawave DW-8",0.951912,1,12,0x7860,0x7860,1,"618850F2F002000100006078"
328,123815000,123868842,124096426,124066936,124082815,124082816,124096426,123866794,124100522,"decoded_payload_last_chip",1,168.007869,168.316550,262,0.000000,-1649.380640,"Decawave DW-8",0.951093,1,12,0xF9DF,0xF9DF,1,"618851F2F00200010000DFF9"
329,124193500,124247312,124474897,124445407,124461285,124461287,124474897,124245264,124478993,"decoded_payload_last_chip",1,168.521202,168.829884,262,0.000000,-1671.086466,"Decawave DW-8",0.951282,1,12,0x730F,0x730F,1,"618852F2F002000100000F73"
330,124571800,124625783,124853367,124823878,124839756,124839757,124853367,124623735,124857463,"decoded_payload_last_chip",1,169.034536,169.343217,262,0.000000,-1647.632393,"Decawave DW-8",0.952224,1,12,0xF2B0,0xF2B0,1,"618853F2F00200010000B0F2"
331,124950300,125004253,125231838,125202348,125218226,125218228,125231838,125002205,125235934,"decoded_payload_last_chip",1,169.547869,169.856551,262,0.000000,-1686.809356,"Decawave DW-8",0.951701,1,12,0x6EBE,0x6EBE,1,"618854F2F00200010000BE6E"
332,125328800,125382724,125610308,125580818,125596697,125596698,125610308,125380676,125614404,"decoded_payload_last_chip",1,170.061203,170.369884,262,-0.000000,-1667.414274,"Decawave DW-8",0.952078,1,12,0xEF01,0xEF01,1,"618855F2F0020001000001EF"
333,125707200,125761195,125988779,125959289,125975168,125975169,125988779,125759147,125992875,"decoded_payload_last_chip",1,170.574537,170.883218,262,0.000000,-1674.405984,"Decawave DW-8",0.952232,1,12,0x65D1,0x65D1,1,"618856F2F00200010000D165"
334,126085700,126139665,126367250,126337760,126353638,126353640,126367250,126137617,126371346,"decoded_payload_last_chip",1,171.087870,171.396552,262,0.000000,-1675.270504,"Decawave DW-8",0.951729,1,12,0xE46E,0xE46E,1,"618857F2F002000100006EE4"
335,126464200,126518136,126745720,126716230,126732109,126732110,126745720,126516088,126749816,"decoded_payload_last_chip",1,171.601204,171.909885,262,0.000000,-1670.531711,"Decawave DW-8",0.951295,1,12,0x55DC,0x55DC,1,"618858F2F00200010000DC55"
336,126842600,126896606,127124190,127094700,127110579,127110580,127124190,126894558,127128286,"decoded_payload_last_chip",1,172.114537,172.423218,262,0.000000,-1670.604934,"Decawave DW-8",0.951972,1,12,0xD463,0xD463,1,"618859F2F0020001000063D4"
337,127221100,127275076,127502661,127473171,127489049,127489051,127502661,127273028,127506757,"decoded_payload_last_chip",1,172.627870,172.936552,262,-0.000000,-1689.018458,"Decawave DW-8",0.951460,1,12,0x5EB3,0x5EB3,1,"61885AF2F00200010000B35E"
338,127599600,127653547,127881131,127851641,127867520,127867521,127881131,127651499,127885227,"decoded_payload_last_chip",1,173.141204,173.449885,262,0.000000,-1703.125061,"Decawave DW-8",0.951496,1,12,0xDF0C,0xDF0C,1,"61885BF2F002000100000CDF"
339,127978100,128032017,128259602,128230113,128245991,128245993,128259602,128029969,128263698,"decoded_payload_last_chip",1,173.654537,173.963219,262,4.132175,-1858.767881,"Decawave DW-8",0.952124,1,12,0x4302,0x4302,1,"61885CF2F002000100000243"
340,128356000,128410488,128638072,128608583,128624461,128624463,128638072,128408440,128642168,"decoded_payload_last_chip",1,174.167871,174.476552,262,-0.000000,-1707.007591,"Decawave DW-8",0.951668,1,12,0xC2BD,0xC2BD,1,"61885DF2F00200010000BDC2"
341,128735000,128788959,129016543,128987053,129002932,129002933,129016543,128786911,129020639,"decoded_payload_last_chip",1,174.681205,174.989886,262,0.000000,-1685.239952,"Decawave DW-8",0.951736,1,12,0x486D,0x486D,1,"61885EF2F002000100006D48"
342,129113600,129167429,129395014,129365524,129381402,129381404,129395014,129165381,129399110,"decoded_payload_last_chip",1,175.194538,175.503220,262,0.000000,-1668.586747,"Decawave DW-8",0.951399,1,12,0xC9D2,0xC9D2,1,"61885FF2F00200010000D2C9"
343,129491900,129545899,129773484,129743995,129759873,129759875,129773484,129543851,129777580,"decoded_payload_last_chip",1,175.707871,176.016553,262,4.357435,-1870.028196,"Decawave DW-8",0.951940,1,12,0x95E8,0x95E8,1,"618860F2F00200010000E895"
344,129870600,129924370,130151955,130122465,130138343,130138345,130151955,129922322,130156051,"decoded_payload_last_chip",1,176.221205,176.529887,262,-0.000000,-1679.786934,"Decawave DW-8",0.951663,1,12,0x1457,0x1457,1,"618861F2F002000100005714"
345,130248900,130302841,130530425,130500935,130516814,130516815,130530425,130300793,130534521,"decoded_payload_last_chip",1,176.734539,177.043220,262,0.000000,-1654.424996,"Decawave DW-8",0.951690,1,12,0x9E87,0x9E87,1,"618862F2F00200010000879E"
346,130627500,130681311,130908895,130879405,130895284,130895285,130908895,130679263,130912991,"decoded_payload_last_chip",1,177.247872,177.556552,262,0.000000,-1645.672033,"Decawave DW-8",0.951359,1,12,0x1F38,0x1F38,1,"618863F2F00200010000381F"
347,131005300,131059781,131287366,131257876,131273754,131273756,131287366,131057733,131291462,"decoded_payload_last_chip",1,177.761205,178.069887,262,0.000000,-1691.710605,"Decawave DW-8",0.951650,1,12,0x8336,0x8336,1,"618864F2F002000100003683"
348,131384400,131438252,131665837,131636347,131652225,131652227,131665837,131436204,131669933,"decoded_payload_last_chip",1,178.274539,178.583221,262,0.000000,-1668.087176,"Decawave DW-8",0.951964,1,12,0x0289,0x0289,1,"618865F2F002000100008902"
349,131762800,131816722,132044307,132014817,132030695,132030697,132044307,131814674,132048403,"decoded_payload_last_chip",1,178.787872,179.096554,262,-0.000000,-1697.150473,"Decawave DW-8",0.951271,1,12,0x8859,0x8859,1,"618866F2F002000100005988"
350,132141200,132195193,132422778,132393288,132409166,132409168,132422778,132193145,132426874,"decoded_payload_last_chip",1,179.301206,179.609888,262,0.000000,-1687.245867,"Decawave DW-8",0.951045,1,12,0x09E6,0x09E6,1,"618867F2F00200010000E609"
351,132519700,132573664,132801248,132771758,132787637,132787638,132801248,132571616,132805344,"decoded_payload_last_chip",1,179.814540,180.123220,262,0.000000,-1679.378008,"Decawave DW-8",0.951845,1,12,0xB854,0xB854,1,"618868F2F0020001000054B8"
352,132898200,132952134,133179719,133150229,133166107,133166109,133179719,132950086,133183815,"decoded_payload_last_chip",1,180.327873,180.636555,262,-0.000000,-1681.053419,"Decawave DW-8",0.951882,1,12,0x39EB,0x39EB,1,"618869F2F00200010000EB39"
353,133276700,133330605,133558189,133528699,133544578,133544579,133558189,133328557,133562285,"decoded_payload_last_chip",1,180.841207,181.149887,262,0.000000,-1671.681500,"Decawave DW-8",0.951892,1,12,0xB33B,0xB33B,1,"61886AF2F002000100003BB3"
354,133655100,133709075,133936659,133907169,133923048,133923049,133936659,133707027,133940755,"decoded_payload_last_chip",1,181.354540,181.663220,262,0.000000,-1690.991901,"Decawave DW-8",0.951970,1,12,0x3284,0x3284,1,"61886BF2F002000100008432"
355,134033600,134087545,134315130,134285640,134301518,134301520,134315130,134085497,134319226,"decoded_payload_last_chip",1,181.867872,182.176554,262,0.000000,-1678.721890,"Decawave DW-8",0.951531,1,12,0xAE8A,0xAE8A,1,"61886CF2F002000100008AAE"
356,134412100,134466016,134693600,134664110,134679989,134679990,134693600,134463968,134697696,"decoded_payload_last_chip",1,182.381207,182.689887,262,0.000000,-1683.126690,"Decawave DW-8",0.951077,1,12,0x2F35,0x2F35,1,"61886DF2F00200010000352F"
357,134790500,134844487,135072071,135042581,135058460,135058461,135072071,134842439,135076167,"decoded_payload_last_chip",1,182.894541,183.203221,262,0.000000,-1691.235448,"Decawave DW-8",0.951107,1,12,0xA5E5,0xA5E5,1,"61886EF2F00200010000E5A5"
358,135169000,135222957,135450541,135421052,135436930,135436932,135450541,135220909,135454637,"decoded_payload_last_chip",1,183.407874,183.716554,262,0.000000,-1672.083448,"Decawave DW-8",0.951697,1,12,0x245A,0x245A,1,"61886FF2F002000100005A24"
359,135547600,135601428,135829012,135799522,135815401,135815402,135829012,135599380,135833108,"decoded_payload_last_chip",1,183.921208,184.229888,262,0.000000,-1658.659159,"Decawave DW-8",0.951503,1,12,0xCE90,0xCE90,1,"618870F2F0020001000090CE"
360,135925900,135979898,136207482,136177992,136193871,136193872,136207482,135977850,136211578,"decoded_payload_last_chip",1,184.434540,184.743221,262,-0.000000,-1693.062879,"Decawave DW-8",0.951295,1,12,0x4F2F,0x4F2F,1,"618871F2F002000100002F4F"
361,136304400,136358368,136585954,136556464,136572342,136572344,136585954,136356320,136590050,"decoded_payload_last_chip",1,184.947873,185.256557,262,5.402957,-1955.010014,"Decawave DW-8",0.947043,1,12,0xC5FF,0xC5FF,1,"618872F2F00200010000FFC5"
362,136682900,136736839,136964424,136934934,136950812,136950814,136964424,136734791,136968520,"decoded_payload_last_chip",1,185.461207,185.769889,262,0.000000,-1657.071426,"Decawave DW-8",0.951072,1,12,0x4440,0x4440,1,"618873F2F002000100004044"
363,137061500,137115309,137342894,137313404,137329282,137329284,137342894,137113261,137346990,"decoded_payload_last_chip",1,185.974540,186.283222,262,0.000000,-1678.406257,"Decawave DW-8",0.951644,1,12,0xD84E,0xD84E,1,"618874F2F002000100004ED8"
364,137439800,137493780,137721364,137691875,137707753,137707754,137721364,137491732,137725460,"decoded_payload_last_chip",1,186.487874,186.796555,262,0.000000,-1669.874387,"Decawave DW-8",0.951822,1,12,0x59F1,0x59F1,1,"618875F2F00200010000F159"
365,137817800,137872250,138099835,138070345,138086223,138086225,138099835,137870202,138103931,"decoded_payload_last_chip",1,187.001207,187.309889,262,0.000000,-1658.919729,"Decawave DW-8",0.951378,1,12,0xD321,0xD321,1,"618876F2F0020001000021D3"
366,138196800,138250721,138478305,138448816,138464694,138464695,138478305,138248673,138482401,"decoded_payload_last_chip",1,187.514541,187.823222,262,0.000000,-1666.526015,"Decawave DW-8",0.951815,1,12,0x529E,0x529E,1,"618877F2F002000100009E52"
367,138575200,138629192,138856776,138827286,138843165,138843166,138856776,138627144,138860872,"decoded_payload_last_chip",1,188.027875,188.336556,262,0.000000,-1684.405068,"Decawave DW-8",0.951579,1,12,0xE32C,0xE32C,1,"618878F2F002000100002CE3"
368,138953700,139007662,139235247,139205757,139221635,139221637,139235247,139005614,139239343,"decoded_payload_last_chip",1,188.541208,188.849890,262,0.000000,-1644.688510,"Decawave DW-8",0.951729,1,12,0x6293,0x6293,1,"618879F2F002000100009362"
369,139332200,139386133,139613717,139584227,139600106,139600107,139613717,139384085,139617813,"decoded_payload_last_chip",1,189.054542,189.363223,262,0.000000,-1665.928423,"Decawave DW-8",0.952318,1,12,0xE843,0xE843,1,"61887AF2F0020001000043E8"
370,139710900,139764603,139992187,139962698,139978576,139978578,139992187,139762555,139996283,"decoded_payload_last_chip",1,189.567875,189.876556,262,0.000000,-1664.510365,"Decawave DW-8",0.951718,1,12,0x69FC,0x69FC,1,"61887BF2F00200010000FC69"
371,140089100,140143073,140370658,140341168,140357046,140357048,140370658,140141025,140374754,"decoded_payload_last_chip",1,190.081208,190.389890,262,0.000000,-1665.155966,"Decawave DW-8",0.951761,1,12,0xF5F2,0xF5F2,1,"61887CF2F00200010000F2F5"
372,140467600,140521544,140749128,140719638,140735517,140735518,140749128,140519496,140753224,"decoded_payload_last_chip",1,190.594542,190.903223,262,0.000000,-1693.156014,"Decawave DW-8",0.951526,1,12,0x744D,0x744D,1,"61887DF2F002000100004D74"
373,140846000,140900015,141127599,141098109,141113988,141113989,141127599,140897967,141131695,"decoded_payload_last_chip",1,191.107876,191.416557,262,0.000000,-1666.694857,"Decawave DW-8",0.951629,1,12,0xFE9D,0xFE9D,1,"61887EF2F002000100009DFE"
374,141224600,141278485,141506069,141476579,141492458,141492459,141506069,141276437,141510165,"decoded_payload_last_chip",1,191.621209,191.929890,262,0.000000,-1667.857758,"Decawave DW-8",0.952271,1,12,0x7F22,0x7F22,1,"61887FF2F00200010000227F"
375,141603000,141656956,141884540,141855050,141870929,141870930,141884540,141654908,141888636,"decoded_payload_last_chip",1,192.134543,192.443224,262,0.000000,-1678.810103,"Decawave DW-8",0.951394,1,12,0x8D0B,0x8D0B,1,"618880F2F002000100000B8D"
376,141981600,142035426,142263011,142233521,142249400,142249401,142263011,142033378,142267107,"decoded_payload_last_chip",1,192.647876,192.956558,262,5.284088,-1952.989967,"Decawave DW-8",0.948164,1,12,0x0CB4,0x0CB4,1,"618881F2F00200010000B40C"
377,142359900,142413896,142641481,142611991,142627869,142627871,142641481,142411848,142645577,"decoded_payload_last_chip",1,193.161209,193.469891,262,0.000000,-1670.487224,"Decawave DW-8",0.952357,1,12,0x8664,0x8664,1,"618882F2F002000100006486"
378,142738500,142792367,143019951,142990462,143006340,143006341,143019951,142790319,143024047,"decoded_payload_last_chip",1,193.674543,193.983223,262,0.000000,-1678.543930,"Decawave DW-8",0.951890,1,12,0x07DB,0x07DB,1,"618883F2F00200010000DB07"
379,143116340,143170838,143398422,143368932,143384811,143384812,143398422,143168790,143402518,"decoded_payload_last_chip",1,194.187877,194.496558,262,0.000000,-1634.447420,"Decawave DW-8",0.951483,1,12,0x9BD5,0x9BD5,1,"618884F2F00200010000D59B"
380,143495500,143549308,143776892,143747403,143763281,143763282,143776892,143547260,143780988,"decoded_payload_last_chip",1,194.701210,195.009890,262,0.000000,-1637.160503,"Decawave DW-8",0.951797,1,12,0x1A6A,0x1A6A,1,"618885F2F002000100006A1A"
381,143873900,143927779,144155363,144125873,144141752,144141753,144155363,143925731,144159459,"decoded_payload_last_chip",1,195.214544,195.523225,262,0.000000,-1649.898149,"Decawave DW-8",0.951861,1,12,0x90BA,0x90BA,1,"618886F2F00200010000BA90"
382,144252500,144306249,144533833,144504343,144520222,144520223,144533833,144304201,144537929,"decoded_payload_last_chip",1,195.727877,196.036557,262,0.000000,-1697.287703,"Decawave DW-8",0.951565,1,12,0x1105,0x1105,1,"618887F2F002000100000511"
383,144630800,144684720,144912304,144882814,144898692,144898694,144912304,144682672,144916400,"decoded_payload_last_chip",1,196.241211,196.549891,262,0.000000,-1684.548668,"Decawave DW-8",0.951840,1,12,0xA0B7,0xA0B7,1,"618888F2F00200010000B7A0"
384,145009200,145063190,145290775,145261285,145277163,145277165,145290775,145061142,145294871,"decoded_payload_last_chip",1,196.754544,197.063226,262,0.000000,-1683.522934,"Decawave DW-8",0.951240,1,12,0x2108,0x2108,1,"618889F2F002000100000821"
385,145387700,145441661,145669245,145639755,145655634,145655635,145669245,145439613,145673341,"decoded_payload_last_chip",1,197.267878,197.576558,262,0.000000,-1659.073667,"Decawave DW-8",0.951707,1,12,0xABD8,0xABD8,1,"61888AF2F00200010000D8AB"
386,145766300,145820131,146047715,146018225,146034104,146034105,146047715,145818083,146051811,"decoded_payload_last_chip",1,197.781211,198.089891,262,0.000000,-1671.080168,"Decawave DW-8",0.951815,1,12,0x2A67,0x2A67,1,"61888BF2F00200010000672A"
387,146144900,146198602,146426186,146396696,146412575,146412576,146426186,146196554,146430282,"decoded_payload_last_chip",1,198.294545,198.603225,262,0.000000,-1692.660425,"Decawave DW-8",0.951316,1,12,0xB669,0xB669,1,"61888CF2F0020001000069B6"
388,146523100,146577072,146804656,146775166,146791045,146791046,146804656,146575024,146808752,"decoded_payload_last_chip",1,198.807878,199.116558,262,0.000000,-1672.913296,"Decawave DW-8",0.951497,1,12,0x37D6,0x37D6,1,"61888DF2F00200010000D637"
389,146901700,146955543,147183127,147153637,147169516,147169517,147183127,146953495,147187223,"decoded_payload_last_chip",1,199.321212,199.629892,262,0.000000,-1688.884707,"Decawave DW-8",0.952038,1,12,0xBD06,0xBD06,1,"61888EF2F0020001000006BD"
390,147280000,147334013,147561598,147532108,147547986,147547988,147561598,147331965,147565694,"decoded_payload_last_chip",1,199.834545,200.143226,262,0.000000,-1689.005675,"Decawave DW-8",0.951858,1,12,0x3CB9,0x3CB9,1,"61888FF2F00200010000B93C"
391,147658500,147712484,147940068,147910578,147926457,147926458,147940068,147710436,147944164,"decoded_payload_last_chip",1,200.347879,200.656559,262,0.000000,-1662.149195,"Decawave DW-8",0.952225,1,12,0xD673,0xD673,1,"618890F2F0020001000073D6"
392,148037000,148090954,148318538,148289049,148304927,148304929,148318538,148088906,148322634,"decoded_payload_last_chip",1,200.861211,201.169892,262,0.000000,-1671.723724,"Decawave DW-8",0.951490,1,12,0x57CC,0x57CC,1,"618891F2F00200010000CC57"
393,148415500,148469425,148697009,148667519,148683398,148683399,148697009,148467377,148701105,"decoded_payload_last_chip",1,201.374546,201.683226,262,0.000000,-1658.288930,"Decawave DW-8",0.952404,1,12,0xDD1C,0xDD1C,1,"618892F2F002000100001CDD"
394,148793900,148847895,149075479,149045989,149061868,149061869,149075479,148845847,149079575,"decoded_payload_last_chip",1,201.887878,202.196559,262,0.000000,-1704.537735,"Decawave DW-8",0.952202,1,12,0x5CA3,0x5CA3,1,"618893F2F00200010000A35C"
395,149172500,149226366,149453950,149424460,149440339,149440340,149453950,149224318,149458046,"decoded_payload_last_chip",1,202.401213,202.709893,262,0.000000,-1675.846333,"Decawave DW-8",0.952121,1,12,0xC0AD,0xC0AD,1,"618894F2F00200010000ADC0"
396,149550900,149604836,149832420,149802930,149818809,149818810,149832420,149602788,149836516,"decoded_payload_last_chip",1,202.914545,203.223226,262,0.000000,-1689.707959,"Decawave DW-8",0.951668,1,12,0x4112,0x4112,1,"618895F2F002000100001241"
397,149929400,149983306,150210891,150181401,150197280,150197281,150210891,149981258,150214987,"decoded_payload_last_chip",1,203.427878,203.736560,262,2.943813,-1831.923845,"Decawave DW-8",0.954192,1,12,0xCBC2,0xCBC2,1,"618896F2F00200010000C2CB"
398,150307800,150361777,150589361,150559872,150575750,150575752,150589361,150359729,150593457,"decoded_payload_last_chip",1,203.941212,204.249893,262,-0.000000,-1674.564474,"Decawave DW-8",0.951494,1,12,0x4A7D,0x4A7D,1,"618897F2F002000100007D4A"
399,150686300,150740248,150967832,150938342,150954220,150954222,150967832,150738200,150971928,"decoded_payload_last_chip",1,204.454546,204.763227,262,0.000000,-1683.751157,"Decawave DW-8",0.951463,1,12,0xFBCF,0xFBCF,1,"618898F2F00200010000CFFB"
400,151064800,151118718,151346302,151316813,151332691,151332692,151346302,151116670,151350398,"decoded_payload_last_chip",1,204.967879,205.276560,262,-0.000000,-1661.706155,"Decawave DW-8",0.951177,1,12,0x7A70,0x7A70,1,"618899F2F00200010000707A"
401,151443200,151497188,151724774,151695284,151711162,151711164,151724774,151495140,151728870,"decoded_payload_last_chip",1,205.481212,205.789895,262,5.047006,-1918.762272,"Decawave DW-8",0.949210,1,12,0xF0A0,0xF0A0,1,"61889AF2F00200010000A0F0"
402,151821700,151875659,152103244,152073754,152089632,152089634,152103244,151873611,152107340,"decoded_payload_last_chip",1,205.994546,206.303228,262,0.000000,-1687.883299,"Decawave DW-8",0.951724,1,12,0x711F,0x711F,1,"61889BF2F002000100001F71"
403,152200300,152254129,152481714,152452224,152468102,152468104,152481714,152252081,152485810,"decoded_payload_last_chip",1,206.507879,206.816561,262,0.000000,-1677.314462,"Decawave DW-8",0.951672,1,12,0xED11,0xED11,1,"61889CF2F0020001000011ED"
404,152578600,152632600,152860184,152830695,152846573,152846574,152860184,152630552,152864280,"decoded_payload_last_chip",1,207.021213,207.329894,262,0.000000,-1646.342201,"Decawave DW-8",0.951652,1,12,0x6CAE,0x6CAE,1,"61889DF2F00200010000AE6C"
405,152957100,153011070,153238655,153209165,153225043,153225045,153238655,153009022,153242751,"decoded_payload_last_chip",1,207.534546,207.843228,262,0.000000,-1655.500453,"Decawave DW-8",0.951274,1,12,0xE67E,0xE67E,1,"61889EF2F002000100007EE6"
406,153335600,153389541,153617125,153587635,153603514,153603515,153617125,153387493,153621221,"decoded_payload_last_chip",1,208.047880,208.356561,262,0.000000,-1670.413160,"Decawave DW-8",0.951896,1,12,0x67C1,0x67C1,1,"61889FF2F00200010000C167"
407,153714200,153768012,153995596,153966106,153981985,153981986,153995596,153765964,153999692,"decoded_payload_last_chip",1,208.561214,208.869895,262,0.000000,-1678.980313,"Decawave DW-8",0.951030,1,12,0x3BFB,0x3BFB,1,"6188A0F2F00200010000FB3B"
408,154092500,154146482,154374067,154344577,154360455,154360457,154374067,154144434,154378163,"decoded_payload_last_chip",1,209.074547,209.383229,262,-0.000000,-1664.310052,"Decawave DW-8",0.951491,1,12,0xBA44,0xBA44,1,"6188A1F2F0020001000044BA"
409,154471000,154524953,154752537,154723047,154738926,154738927,154752537,154522905,154756633,"decoded_payload_last_chip",1,209.587881,209.896562,262,0.000000,-1671.618525,"Decawave DW-8",0.951594,1,12,0x3094,0x3094,1,"6188A2F2F002000100009430"
410,154849500,154903423,155131007,155101518,155117396,155117398,155131007,154901375,155135103,"decoded_payload_last_chip",1,210.101214,210.409894,262,0.000000,-1707.856310,"Decawave DW-8",0.951560,1,12,0xB12B,0xB12B,1,"6188A3F2F002000100002BB1"
411,155227900,155281893,155509478,155479988,155495866,155495868,155509478,155279845,155513574,"decoded_payload_last_chip",1,210.614547,210.923229,262,0.000000,-1694.805903,"Decawave DW-8",0.951818,1,12,0x2D25,0x2D25,1,"6188A4F2F00200010000252D"
412,155606400,155660364,155887948,155858458,155874337,155874338,155887948,155658316,155892044,"decoded_payload_last_chip",1,211.127881,211.436561,262,0.000000,-1671.847844,"Decawave DW-8",0.952210,1,12,0xAC9A,0xAC9A,1,"6188A5F2F002000100009AAC"
413,155984900,156038834,156266419,156236929,156252807,156252809,156266419,156036786,156270515,"decoded_payload_last_chip",1,211.641214,211.949896,262,-0.000000,-1682.353646,"Decawave DW-8",0.951357,1,12,0x264A,0x264A,1,"6188A6F2F002000100004A26"
414,156363400,156417305,156644889,156615399,156631278,156631279,156644889,156415257,156648985,"decoded_payload_last_chip",1,212.154548,212.463228,262,0.000000,-1674.746778,"Decawave DW-8",0.951784,1,12,0xA7F5,0xA7F5,1,"6188A7F2F00200010000F5A7"
415,156741800,156795776,157023360,156993870,157009749,157009750,157023360,156793728,157027456,"decoded_payload_last_chip",1,212.667882,212.976562,262,0.000000,-1664.999050,"Decawave DW-8",0.951054,1,12,0x1647,0x1647,1,"6188A8F2F002000100004716"
416,157120300,157174246,157401830,157372341,157388219,157388220,157401830,157172198,157405926,"decoded_payload_last_chip",1,213.181215,213.489895,262,0.000000,-1655.186549,"Decawave DW-8",0.952127,1,12,0x97F8,0x97F8,1,"6188A9F2F00200010000F897"
417,157498800,157552717,157780301,157750811,157766689,157766691,157780301,157550669,157784397,"decoded_payload_last_chip",1,213.694549,214.003229,262,0.000000,-1677.436011,"Decawave DW-8",0.951140,1,12,0x1D28,0x1D28,1,"6188AAF2F00200010000281D"
418,157877200,157931187,158158771,158129281,158145160,158145161,158158771,157929139,158162867,"decoded_payload_last_chip",1,214.207882,214.516562,262,0.000000,-1676.611369,"Decawave DW-8",0.951595,1,12,0x9C97,0x9C97,1,"6188ABF2F00200010000979C"
419,158255700,158309657,158537243,158507753,158523631,158523633,158537243,158307609,158541339,"decoded_payload_last_chip",1,214.721214,215.029898,262,5.375702,-1964.870500,"Decawave DW-8",0.947617,1,12,0x0099,0x0099,1,"6188ACF2F002000100009900"
420,158634400,158688128,158915712,158886223,158902101,158902103,158915712,158686080,158919808,"decoded_payload_last_chip",1,215.234549,215.543229,262,0.000000,-1685.255762,"Decawave DW-8",0.952070,1,12,0x8126,0x8126,1,"6188ADF2F002000100002681"
421,159012600,159066599,159294183,159264693,159280571,159280573,159294183,159064551,159298279,"decoded_payload_last_chip",1,215.747883,216.056563,262,0.000000,-1667.435548,"Decawave DW-8",0.951936,1,12,0x0BF6,0x0BF6,1,"6188AEF2F00200010000F60B"
422,159391100,159445069,159672653,159643164,159659042,159659043,159672653,159443021,159676749,"decoded_payload_last_chip",1,216.261216,216.569896,262,0.000000,-1703.018423,"Decawave DW-8",0.951651,1,12,0x8A49,0x8A49,1,"6188AFF2F00200010000498A"
423,159769600,159823539,160051124,160021634,160037512,160037514,160051124,159821491,160055220,"decoded_payload_last_chip",1,216.774548,217.083230,262,0.000000,-1695.576657,"Decawave DW-8",0.950874,1,12,0x6083,0x6083,1,"6188B0F2F002000100008360"
424,160148200,160202010,160429594,160400105,160415983,160415985,160429594,160199962,160433690,"decoded_payload_last_chip",1,217.287882,217.596563,262,0.000000,-1666.790824,"Decawave DW-8",0.951669,1,12,0xE13C,0xE13C,1,"6188B1F2F002000100003CE1"
425,160526500,160580481,160808065,160778575,160794454,160794455,160808065,160578433,160812161,"decoded_payload_last_chip",1,217.801217,218.109897,262,-0.000000,-1679.909446,"Decawave DW-8",0.951119,1,12,0x6BEC,0x6BEC,1,"6188B2F2F00200010000EC6B"
426,160905100,160958951,161186535,161157045,161172924,161172925,161186535,160956903,161190631,"decoded_payload_last_chip",1,218.314549,218.623230,262,0.000000,-1676.374154,"Decawave DW-8",0.952061,1,12,0xEA53,0xEA53,1,"6188B3F2F0020001000053EA"
427,161283500,161337422,161565006,161535516,161551395,161551396,161565006,161335374,161569102,"decoded_payload_last_chip",1,218.827884,219.136564,262,0.000000,-1675.121249,"Decawave DW-8",0.951436,1,12,0x765D,0x765D,1,"6188B4F2F002000100005D76"
428,161661900,161715892,161943476,161913986,161929865,161929866,161943476,161713844,161947572,"decoded_payload_last_chip",1,219.341216,219.649897,262,0.000000,-1662.352618,"Decawave DW-8",0.951388,1,12,0xF7E2,0xF7E2,1,"6188B5F2F00200010000E2F7"
429,162040400,162094362,162321947,162292457,162308335,162308337,162321947,162092314,162326043,"decoded_payload_last_chip",1,219.854549,220.163231,262,0.000000,-1665.704702,"Decawave DW-8",0.952059,1,12,0x7D32,0x7D32,1,"6188B6F2F00200010000327D"
430,162418900,162472833,162700417,162670927,162686806,162686807,162700417,162470785,162704513,"decoded_payload_last_chip",1,220.367883,220.676564,262,0.000000,-1683.301382,"Decawave DW-8",0.951528,1,12,0xFC8D,0xFC8D,1,"6188B7F2F002000100008DFC"
431,162797400,162851303,163078888,163049398,163065276,163065278,163078888,162849255,163082984,"decoded_payload_last_chip",1,220.881216,221.189898,262,0.000000,-1668.283169,"Decawave DW-8",0.952488,1,12,0x4D3F,0x4D3F,1,"6188B8F2F002000100003F4D"
432,163175800,163229774,163457358,163427869,163443747,163443749,163457358,163227726,163461454,"decoded_payload_last_chip",1,221.394550,221.703231,262,0.000000,-1687.952101,"Decawave DW-8",0.951487,1,12,0xCC80,0xCC80,1,"6188B9F2F0020001000080CC"
433,163554300,163608245,163835829,163806339,163822218,163822219,163835829,163606197,163839925,"decoded_payload_last_chip",1,221.907884,222.216565,262,0.000000,-1653.697564,"Decawave DW-8",0.951632,1,12,0x4650,0x4650,1,"6188BAF2F002000100005046"
434,163932800,163986715,164214299,164184810,164200688,164200689,164214299,163984667,164218395,"decoded_payload_last_chip",1,222.421217,222.729898,262,0.000000,-1658.513282,"Decawave DW-8",0.951316,1,12,0xC7EF,0xC7EF,1,"6188BBF2F00200010000EFC7"
435,164311200,164365185,164592769,164563280,164579158,164579160,164592769,164363137,164596865,"decoded_payload_last_chip",1,222.934550,223.243231,262,0.000000,-1707.770938,"Decawave DW-8",0.951876,1,12,0x5BE1,0x5BE1,1,"6188BCF2F00200010000E15B"
436,164689700,164743656,164971240,164941750,164957629,164957630,164971240,164741608,164975336,"decoded_payload_last_chip",1,223.447884,223.756565,262,0.000000,-1679.252724,"Decawave DW-8",0.952191,1,12,0xDA5E,0xDA5E,1,"6188BDF2F002000100005EDA"
437,165068500,165122126,165349711,165320221,165336099,165336101,165349711,165120078,165353807,"decoded_payload_last_chip",1,223.961217,224.269899,262,0.000000,-1704.585538,"Decawave DW-8",0.951794,1,12,0x508E,0x508E,1,"6188BEF2F002000100008E50"
438,165446600,165500597,165728181,165698692,165714570,165714571,165728181,165498549,165732277,"decoded_payload_last_chip",1,224.474551,224.783232,262,0.000000,-1683.888776,"Decawave DW-8",0.951763,1,12,0xD131,0xD131,1,"6188BFF2F0020001000031D1"
439,165825200,165879068,166106652,166077162,166093041,166093042,166106652,165877020,166110748,"decoded_payload_last_chip",1,224.987885,225.296566,262,0.000000,-1669.353711,"Decawave DW-8",0.951928,1,12,0xE8FA,0xE8FA,1,"6188C0F2F00200010000FAE8"
440,166203600,166257538,166485122,166455632,166471511,166471512,166485122,166255490,166489218,"decoded_payload_last_chip",1,225.501218,225.809899,262,0.000000,-1670.473560,"Decawave DW-8",0.951955,1,12,0x6945,0x6945,1,"6188C1F2F002000100004569"
441,166582200,166636009,166863593,166834103,166849982,166849983,166863593,166633961,166867689,"decoded_payload_last_chip",1,226.014552,226.323233,262,0.000000,-1665.015112,"Decawave DW-8",0.951771,1,12,0xE395,0xE395,1,"6188C2F2F0020001000095E3"
442,166960600,167014479,167242063,167212573,167228452,167228453,167242063,167012431,167246159,"decoded_payload_last_chip",1,226.527885,226.836565,262,0.000000,-1672.855058,"Decawave DW-8",0.951646,1,12,0x622A,0x622A,1,"6188C3F2F002000100002A62"
443,167339000,167392950,167620534,167591044,167606923,167606924,167620534,167390902,167624630,"decoded_payload_last_chip",1,227.041219,227.349900,262,-0.000000,-1656.391077,"Decawave DW-8",0.951355,1,12,0xFE24,0xFE24,1,"6188C4F2F0020001000024FE"
444,167713004,167771420,167999004,167969515,167985393,167985394,167999004,167769372,168003100,"decoded_payload_last_chip",1,227.554552,227.863232,262,0.000000,-1693.955321,"Decawave DW-8",0.951994,1,12,0x7F9B,0x7F9B,1,"6188C5F2F002000100009B7F"
445,168095900,168149890,168377475,168347985,168363863,168363865,168377475,168147842,168381571,"decoded_payload_last_chip",1,228.067885,228.376567,262,0.000000,-1665.443717,"Decawave DW-8",0.951710,1,12,0xF54B,0xF54B,1,"6188C6F2F002000100004BF5"
446,168474400,168528361,168755945,168726455,168742334,168742335,168755945,168526313,168760041,"decoded_payload_last_chip",1,228.581219,228.889899,262,0.000000,-1698.354362,"Decawave DW-8",0.951088,1,12,0x74F4,0x74F4,1,"6188C7F2F00200010000F474"
447,168853000,168906832,169134416,169104926,169120805,169120806,169134416,168904784,169138512,"decoded_payload_last_chip",1,229.094553,229.403234,262,0.000000,-1698.394581,"Decawave DW-8",0.951159,1,12,0xC546,0xC546,1,"6188C8F2F0020001000046C5"
448,169231600,169285302,169512886,169483396,169499275,169499276,169512886,169283254,169516982,"decoded_payload_last_chip",1,229.607886,229.916566,262,0.000000,-1673.468226,"Decawave DW-8",0.951622,1,12,0x44F9,0x44F9,1,"6188C9F2F00200010000F944"
449,169609800,169663773,169891357,169861867,169877746,169877747,169891357,169661725,169895453,"decoded_payload_last_chip",1,230.121220,230.429900,262,0.000000,-1666.971300,"Decawave DW-8",0.951426,1,12,0xCE29,0xCE29,1,"6188CAF2F0020001000029CE"
450,169988300,170042243,170269827,170240338,170256216,170256218,170269827,170040195,170273923,"decoded_payload_last_chip",1,230.634553,230.943233,262,0.000000,-1665.898313,"Decawave DW-8",0.951199,1,12,0x4F96,0x4F96,1,"6188CBF2F00200010000964F"
451,170366900,170420713,170648297,170618808,170634686,170634688,170648297,170418665,170652393,"decoded_payload_last_chip",1,231.147885,231.456566,262,0.000000,-1669.680341,"Decawave DW-8",0.951140,1,12,0xD398,0xD398,1,"6188CCF2F0020001000098D3"
452,170745200,170799184,171026768,170997278,171013157,171013158,171026768,170797136,171030864,"decoded_payload_last_chip",1,231.661220,231.969900,262,0.000000,-1671.202886,"Decawave DW-8",0.951636,1,12,0x5227,0x5227,1,"6188CDF2F002000100002752"
453,171123700,171177654,171405238,171375749,171391627,171391629,171405238,171175606,171409334,"decoded_payload_last_chip",1,232.174552,232.483233,262,0.000000,-1687.340547,"Decawave DW-8",0.951782,1,12,0xD8F7,0xD8F7,1,"6188CEF2F00200010000F7D8"
454,171502200,171556125,171783709,171754219,171770098,171770099,171783709,171554077,171787805,"decoded_payload_last_chip",1,232.687887,232.996567,262,0.000000,-1689.010382,"Decawave DW-8",0.951893,1,12,0x5948,0x5948,1,"6188CFF2F002000100004859"
455,171880600,171934596,172162180,172132690,172148568,172148570,172162180,171932548,172166276,"decoded_payload_last_chip",1,233.201221,233.509901,262,0.000000,-1654.705747,"Decawave DW-8",0.951721,1,12,0xB382,0xB382,1,"6188D0F2F0020001000082B3"
456,172259200,172313066,172540651,172511161,172527039,172527041,172540651,172311018,172544747,"decoded_payload_last_chip",1,233.714553,234.023235,262,2.978292,-1768.143575,"Decawave DW-8",0.953276,1,12,0x323D,0x323D,1,"6188D1F2F002000100003D32"
457,172636100,172691536,172919121,172889631,172905509,172905511,172919121,172689488,172923217,"decoded_payload_last_chip",1,234.227886,234.536568,262,-0.000000,-1678.655331,"Decawave DW-8",0.951729,1,12,0xB8ED,0xB8ED,1,"6188D2F2F00200010000EDB8"
458,173016100,173070007,173297591,173268101,173283980,173283981,173297591,173067959,173301687,"decoded_payload_last_chip",1,234.741220,235.049901,262,0.000000,-1662.854784,"Decawave DW-8",0.951434,1,12,0x3952,0x3952,1,"6188D3F2F002000100005239"
459,173394500,173448477,173676063,173646573,173662451,173662453,173676063,173446429,173680159,"decoded_payload_last_chip",1,235.254553,235.563236,262,5.370448,-1942.654033,"Decawave DW-8",0.947216,1,12,0xA55C,0xA55C,1,"6188D4F2F002000100005CA5"
460,173773000,173826948,174054533,174025043,174040921,174040923,174054533,173824900,174058629,"decoded_payload_last_chip",1,235.767887,236.076569,262,-0.000000,-1639.023415,"Decawave DW-8",0.951567,1,12,0x24E3,0x24E3,1,"6188D5F2F00200010000E324"
461,174151500,174205419,174433003,174403513,174419392,174419393,174433003,174203371,174437099,"decoded_payload_last_chip",1,236.281222,236.589902,262,0.000000,-1700.489994,"Decawave DW-8",0.951469,1,12,0xAE33,0xAE33,1,"6188D6F2F0020001000033AE"
462,174529900,174583889,174811473,174781983,174797862,174797863,174811473,174581841,174815569,"decoded_payload_last_chip",1,236.794554,237.103235,262,0.000000,-1679.858421,"Decawave DW-8",0.952043,1,12,0x2F8C,0x2F8C,1,"6188D7F2F002000100008C2F"
463,174908400,174962359,175189944,175160454,175176332,175176334,175189944,174960311,175194040,"decoded_payload_last_chip",1,237.307887,237.616569,262,0.000000,-1668.930859,"Decawave DW-8",0.951511,1,12,0x9E3E,0x9E3E,1,"6188D8F2F002000100003E9E"
464,175286900,175340830,175568414,175538924,175554803,175554804,175568414,175338782,175572510,"decoded_payload_last_chip",1,237.821221,238.129902,262,-0.000000,-1674.137137,"Decawave DW-8",0.952215,1,12,0x1F81,0x1F81,1,"6188D9F2F00200010000811F"
465,175665300,175719301,175946885,175917395,175933274,175933275,175946885,175717253,175950981,"decoded_payload_last_chip",1,238.334555,238.643236,262,0.000000,-1677.230792,"Decawave DW-8",0.951600,1,12,0x9551,0x9551,1,"6188DAF2F002000100005195"
466,176043800,176097771,176325355,176295866,176311744,176311746,176325355,176095723,176329451,"decoded_payload_last_chip",1,238.847888,239.156569,262,0.000000,-1691.061698,"Decawave DW-8",0.952122,1,12,0x14EE,0x14EE,1,"6188DBF2F00200010000EE14"
467,176422300,176476242,176703826,176674336,176690215,176690216,176703826,176474194,176707922,"decoded_payload_last_chip",1,239.361222,239.669903,262,0.000000,-1665.206048,"Decawave DW-8",0.951347,1,12,0x88E0,0x88E0,1,"6188DCF2F00200010000E088"
468,176800900,176854712,177082296,177052806,177068685,177068686,177082296,176852664,177086392,"decoded_payload_last_chip",1,239.874555,240.183236,262,0.000000,-1676.745470,"Decawave DW-8",0.952054,1,12,0x095F,0x095F,1,"6188DDF2F002000100005F09"
469,177179200,177233182,177460767,177431277,177447155,177447157,177460767,177231134,177464863,"decoded_payload_last_chip",1,240.387888,240.696570,262,0.000000,-1675.062501,"Decawave DW-8",0.952203,1,12,0x838F,0x838F,1,"6188DEF2F002000100008F83"
470,177557700,177611653,177839237,177809747,177825626,177825627,177839237,177609605,177843333,"decoded_payload_last_chip",1,240.901222,241.209903,262,0.000000,-1661.867966,"Decawave DW-8",0.951824,1,12,0x0230,0x0230,1,"6188DFF2F002000100003002"
471,177936200,177990123,178217707,178188218,178204096,178204098,178217707,177988075,178221803,"decoded_payload_last_chip",1,241.414555,241.723235,262,0.000000,-1662.933904,"Decawave DW-8",0.951727,1,12,0x5E0A,0x5E0A,1,"6188E0F2F002000100000A5E"
472,178314600,178368594,178596178,178566689,178582567,178582568,178596178,178366546,178600274,"decoded_payload_last_chip",1,241.927889,242.236570,262,0.000000,-1670.405202,"Decawave DW-8",0.951388,1,12,0xDFB5,0xDFB5,1,"6188E1F2F00200010000B5DF"
473,178693100,178747065,178974649,178945159,178961037,178961039,178974649,178745017,178978745,"decoded_payload_last_chip",1,242.441223,242.749904,262,0.000000,-1665.524501,"Decawave DW-8",0.951995,1,12,0x5565,0x5565,1,"6188E2F2F002000100006555"
474,179071600,179125535,179353119,179323630,179339508,179339509,179353119,179123487,179357215,"decoded_payload_last_chip",1,242.954556,243.263236,262,0.000000,-1690.221162,"Decawave DW-8",0.951823,1,12,0xD4DA,0xD4DA,1,"6188E3F2F00200010000DAD4"
475,179450100,179504005,179731590,179702100,179717978,179717980,179731590,179501957,179735686,"decoded_payload_last_chip",1,243.467889,243.776571,262,0.000000,-1699.413575,"Decawave DW-8",0.951398,1,12,0x48D4,0x48D4,1,"6188E4F2F00200010000D448"
476,179828500,179882476,180110060,180080570,180096449,180096450,180110060,179880428,180114156,"decoded_payload_last_chip",1,243.981223,244.289903,262,0.000000,-1662.102033,"Decawave DW-8",0.951536,1,12,0xC96B,0xC96B,1,"6188E5F2F002000100006BC9"
477,180207000,180260946,180488532,180459042,180474920,180474922,180488532,180258898,180492628,"decoded_payload_last_chip",1,244.494556,244.803239,262,5.386538,-1955.234732,"Decawave DW-8",0.948275,1,12,0x43BB,0x43BB,1,"6188E6F2F00200010000BB43"
478,180585500,180639417,180867002,180837512,180853390,180853392,180867002,180637369,180871098,"decoded_payload_last_chip",1,245.007890,245.316572,262,0.000000,-1675.313953,"Decawave DW-8",0.951409,1,12,0xC204,0xC204,1,"6188E7F2F0020001000004C2"
479,180964100,181017887,181245472,181215982,181231860,181231862,181245472,181015839,181249568,"decoded_payload_last_chip",1,245.521223,245.829905,262,0.000000,-1675.535276,"Decawave DW-8",0.951877,1,12,0x73B6,0x73B6,1,"6188E8F2F00200010000B673"
480,181342400,181396358,181623942,181594452,181610331,181610332,181623942,181394310,181628038,"decoded_payload_last_chip",1,246.034557,246.343237,262,0.000000,-1713.709338,"Decawave DW-8",0.951137,1,12,0xF209,0xF209,1,"6188E9F2F0020001000009F2"
481,181720900,181774828,182002413,181972923,181988801,181988803,182002413,181772780,182006509,"decoded_payload_last_chip",1,246.547890,246.856571,262,0.000000,-1634.853997,"Decawave DW-8",0.952215,1,12,0x78D9,0x78D9,1,"6188EAF2F00200010000D978"
482,182099300,182153299,182380884,182351394,182367272,182367274,182380884,182151251,182384980,"decoded_payload_last_chip",1,247.061224,247.369906,262,-0.000000,-1687.365377,"Decawave DW-8",0.951352,1,12,0xF966,0xF966,1,"6188EBF2F0020001000066F9"
483,182477800,182531770,182759354,182729864,182745743,182745744,182759354,182529722,182763450,"decoded_payload_last_chip",1,247.574558,247.883238,262,0.000000,-1666.650647,"Decawave DW-8",0.951224,1,12,0x6568,0x6568,1,"6188ECF2F002000100006865"
484,182856300,182910240,183137824,183108335,183124213,183124215,183137824,182908192,183141920,"decoded_payload_last_chip",1,248.087891,248.396571,262,0.000000,-1666.219646,"Decawave DW-8",0.951403,1,12,0xE4D7,0xE4D7,1,"6188EDF2F00200010000D7E4"
485,183234900,183288710,183516294,183486805,183502683,183502685,183516294,183286662,183520390,"decoded_payload_last_chip",1,248.601223,248.909904,262,0.000000,-1711.329563,"Decawave DW-8",0.951558,1,12,0x6E07,0x6E07,1,"6188EEF2F00200010000076E"
486,183613200,183667181,183894765,183865275,183881154,183881155,183894765,183665133,183898861,"decoded_payload_last_chip",1,249.114558,249.423238,262,0.000000,-1704.165363,"Decawave DW-8",0.951049,1,12,0xEFB8,0xEFB8,1,"6188EFF2F00200010000B8EF"
487,183991700,184045651,184273236,184243746,184259624,184259626,184273236,184043603,184277332,"decoded_payload_last_chip",1,249.627890,249.936572,262,0.000000,-1688.916016,"Decawave DW-8",0.951496,1,12,0x0572,0x0572,1,"6188F0F2F002000100007205"
488,184370200,184424122,184651706,184622216,184638095,184638096,184651706,184422074,184655802,"decoded_payload_last_chip",1,250.141225,250.449905,262,0.000000,-1696.760070,"Decawave DW-8",0.951507,1,12,0x84CD,0x84CD,1,"6188F1F2F00200010000CD84"
489,184748600,184802593,185030177,185000687,185016566,185016567,185030177,184800545,185034273,"decoded_payload_last_chip",1,250.654559,250.963239,262,0.000000,-1685.390942,"Decawave DW-8",0.951461,1,12,0x0E1D,0x0E1D,1,"6188F2F2F002000100001D0E"
490,185127100,185181063,185408647,185379158,185395036,185395037,185408647,185179015,185412743,"decoded_payload_last_chip",1,251.167891,251.476572,262,0.000000,-1669.817203,"Decawave DW-8",0.951846,1,12,0x8FA2,0x8FA2,1,"6188F3F2F00200010000A28F"
491,185505600,185559534,185787118,185757628,185773506,185773508,185787118,185557486,185791214,"decoded_payload_last_chip",1,251.681226,251.989906,262,0.000000,-1684.448344,"Decawave DW-8",0.951962,1,12,0x13AC,0x13AC,1,"6188F4F2F00200010000AC13"
492,185884100,185938004,186165588,186136099,186151977,186151978,186165588,185935956,186169684,"decoded_payload_last_chip",1,252.194558,252.503239,262,0.000000,-1680.080975,"Decawave DW-8",0.951928,1,12,0x9213,0x9213,1,"6188F5F2F002000100001392"
493,186262500,186316474,186544058,186514569,186530447,186530449,186544058,186314426,186548154,"decoded_payload_last_chip",1,252.707891,253.016572,262,0.000000,-1668.675838,"Decawave DW-8",0.952014,1,12,0x18C3,0x18C3,1,"6188F6F2F00200010000C318"
494,186641200,186694945,186922529,186893040,186908918,186908920,186922529,186692897,186926625,"decoded_payload_last_chip",1,253.221225,253.529906,262,-0.000000,-1679.778291,"Decawave DW-8",0.951379,1,12,0x997C,0x997C,1,"6188F7F2F002000100007C99"
495,187019500,187073415,187301000,187271510,187287389,187287390,187301000,187071367,187305096,"decoded_payload_last_chip",1,253.734558,254.043240,262,4.047128,-1887.669261,"Decawave DW-8",0.951949,1,12,0x28CE,0x28CE,1,"6188F8F2F00200010000CE28"
496,187397900,187451886,187679470,187649980,187665859,187665860,187679470,187449838,187683566,"decoded_payload_last_chip",1,254.247892,254.556573,262,0.000000,-1675.439759,"Decawave DW-8",0.951214,1,12,0xA971,0xA971,1,"6188F9F2F0020001000071A9"
497,187776400,187830356,188057941,188028451,188044329,188044331,188057941,187828308,188062037,"decoded_payload_last_chip",1,254.761225,255.069907,262,-0.000000,-1671.581611,"Decawave DW-8",0.952198,1,12,0x23A1,0x23A1,1,"6188FAF2F00200010000A123"
498,188155000,188208827,188436411,188406922,188422800,188422802,188436411,188206779,188440507,"decoded_payload_last_chip",1,255.274559,255.583240,262,0.000000,-1716.495486,"Decawave DW-8",0.952137,1,12,0xA21E,0xA21E,1,"6188FBF2F002000100001EA2"
499,188533300,188587297,188814882,188785392,188801271,188801272,188814882,188585249,188818978,"decoded_payload_last_chip",1,255.787892,256.096574,262,4.406690,-1886.787231,"Decawave DW-8",0.952817,1,12,0x3E10,0x3E10,1,"6188FCF2F00200010000103E"
500,188911800,188965768,189193352,189163863,189179741,189179743,189193352,188963720,189197448,"decoded_payload_last_chip",1,256.301226,256.609907,262,0.000000,-1663.901623,"Decawave DW-8",0.952034,1,12,0xBFAF,0xBFAF,1,"6188FDF2F00200010000AFBF"
501,189290300,189344239,189571823,189542333,189558212,189558213,189571823,189342191,189575919,"decoded_payload_last_chip",1,256.814560,257.123241,262,0.000000,-1690.650365,"Decawave DW-8",0.951057,1,12,0x357F,0x357F,1,"6188FEF2F002000100007F35"
502,189668900,189722709,189950293,189920803,189936682,189936683,189950293,189720661,189954389,"decoded_payload_last_chip",1,257.327893,257.636574,262,0.000000,-1665.925284,"Decawave DW-8",0.951847,1,12,0xB4C0,0xB4C0,1,"6188FFF2F00200010000C0B4"
503,190047300,190101180,190328764,190299274,190315153,190315154,190328764,190099132,190332860,"decoded_payload_last_chip",1,257.841227,258.149908,262,0.000000,-1683.143316,"Decawave DW-8",0.952040,1,12,0x46E9,0x46E9,1,"618800F2F00200010000E946"
504,190425800,190479650,190707234,190677745,190693623,190693624,190707234,190477602,190711330,"decoded_payload_last_chip",1,258.354560,258.663241,262,0.000000,-1702.439174,"Decawave DW-8",0.951419,1,12,0xC756,0xC756,1,"618801F2F0020001000056C7"
505,190804200,190858120,191085704,191056215,191072093,191072095,191085704,190856072,191089800,"decoded_payload_last_chip",1,258.867893,259.176573,262,0.000000,-1656.856593,"Decawave DW-8",0.951922,1,12,0x4D86,0x4D86,1,"618802F2F00200010000864D"
506,191182600,191236591,191464175,191434686,191450564,191450566,191464175,191234543,191468271,"decoded_payload_last_chip",1,259.381227,259.689907,262,0.000000,-1668.301417,"Decawave DW-8",0.951606,1,12,0xCC39,0xCC39,1,"618803F2F0020001000039CC"
507,191561100,191615062,191842646,191813156,191829035,191829036,191842646,191613014,191846742,"decoded_payload_last_chip",1,259.894561,260.203242,262,-0.000000,-1670.256050,"Decawave DW-8",0.951584,1,12,0x5037,0x5037,1,"618804F2F002000100003750"
508,191939700,191993532,192221116,192191626,192207505,192207506,192221116,191991484,192225212,"decoded_payload_last_chip",1,260.407894,260.716574,262,0.000000,-1684.880106,"Decawave DW-8",0.951600,1,12,0xD188,0xD188,1,"618805F2F0020001000088D1"
509,192318200,192372002,192599586,192570097,192585975,192585976,192599586,192369954,192603682,"decoded_payload_last_chip",1,260.921227,261.229907,262,-0.000000,-1677.999512,"Decawave DW-8",0.952318,1,12,0x5B58,0x5B58,1,"618806F2F00200010000585B"
510,192696500,192750473,192978057,192948567,192964446,192964447,192978057,192748425,192982153,"decoded_payload_last_chip",1,261.434561,261.743241,262,0.000000,-1683.017025,"Decawave DW-8",0.951704,1,12,0xDAE7,0xDAE7,1,"618807F2F00200010000E7DA"
511,193075200,193128944,193356528,193327038,193342917,193342918,193356528,193126896,193360624,"decoded_payload_last_chip",1,261.947895,262.256576,262,0.749991,-1678.519415,"Decawave DW-8",0.955951,1,12,0x6B55,0x6B55,1,"618808F2F00200010000556B"
512,193453800,193507414,193734998,193705508,193721387,193721388,193734998,193505366,193739094,"decoded_payload_last_chip",1,262.461228,262.769908,262,0.000000,-1653.056179,"Decawave DW-8",0.952307,1,12,0xEAEA,0xEAEA,1,"618809F2F00200010000EAEA"
513,193828100,193885885,194113469,194083979,194099858,194099859,194113469,193883837,194117565,"decoded_payload_last_chip",1,262.974562,263.283242,262,0.000000,-1684.500739,"Decawave DW-8",0.951354,1,12,0x603A,0x603A,1,"61880AF2F002000100003A60"
514,194210400,194264355,194491939,194462449,194478328,194478329,194491939,194262307,194496035,"decoded_payload_last_chip",1,263.487895,263.796575,262,0.000000,-1669.353899,"Decawave DW-8",0.951126,1,12,0xE185,0xE185,1,"61880BF2F0020001000085E1"
515,194589100,194642825,194870410,194840920,194856798,194856800,194870410,194640777,194874506,"decoded_payload_last_chip",1,264.001227,264.309909,262,0.000000,-1700.742946,"Decawave DW-8",0.951876,1,12,0x7D8B,0x7D8B,1,"61880CF2F002000100008B7D"
516,194967300,195021296,195248880,195219390,195235268,195235270,195248880,195019248,195252976,"decoded_payload_last_chip",1,264.514562,264.823242,262,0.000000,-1645.223851,"Decawave DW-8",0.951893,1,12,0xFC34,0xFC34,1,"61880DF2F0020001000034FC"
517,195346100,195399766,195627350,195597861,195613739,195613741,195627350,195397718,195631446,"decoded_payload_last_chip",1,265.027894,265.336575,262,0.000000,-1679.607436,"Decawave DW-8",0.951411,1,12,0x76E4,0x76E4,1,"61880EF2F00200010000E476"
518,195724300,195778237,196005821,195976332,195992210,195992212,196005821,195776189,196009917,"decoded_payload_last_chip",1,265.541229,265.849909,262,0.000000,-1682.186066,"Decawave DW-8",0.951655,1,12,0xF75B,0xF75B,1,"61880FF2F002000100005BF7"
519,196102900,196156707,196384292,196354802,196370680,196370682,196384292,196154659,196388388,"decoded_payload_last_chip",1,266.054561,266.363243,262,0.000000,-1687.793056,"Decawave DW-8",0.951637,1,12,0x1D91,0x1D91,1,"618810F2F00200010000911D"
520,196481200,196535178,196762762,196733272,196749151,196749152,196762762,196533130,196766858,"decoded_payload_last_chip",1,266.567896,266.876576,262,0.000000,-1656.377660,"Decawave DW-8",0.951855,1,12,0x9C2E,0x9C2E,1,"618811F2F002000100002E9C"
521,196859700,196913648,197141233,197111743,197127621,197127623,197141233,196911600,197145329,"decoded_payload_last_chip",1,267.081228,267.389910,262,0.000000,-1673.952264,"Decawave DW-8",0.951464,1,12,0x16FE,0x16FE,1,"618812F2F00200010000FE16"
522,197238200,197292119,197519703,197490213,197506092,197506093,197519703,197290071,197523799,"decoded_payload_last_chip",1,267.594562,267.903243,262,0.000000,-1698.909201,"Decawave DW-8",0.951281,1,12,0x9741,0x9741,1,"618813F2F002000100004197"
523,197616600,197670590,197898174,197868684,197884563,197884564,197898174,197668542,197902270,"decoded_payload_last_chip",1,268.107897,268.416577,262,0.000000,-1694.082488,"Decawave DW-8",0.951772,1,12,0x0B4F,0x0B4F,1,"618814F2F002000100004F0B"
524,197995100,198049060,198276644,198247155,198263033,198263035,198276644,198047012,198280740,"decoded_payload_last_chip",1,268.621229,268.929910,262,0.000000,-1680.022901,"Decawave DW-8",0.951665,1,12,0x8AF0,0x8AF0,1,"618815F2F00200010000F08A"
525,198373600,198427531,198655115,198625625,198641504,198641505,198655115,198425483,198659211,"decoded_payload_last_chip",1,269.134564,269.443244,262,0.000000,-1693.702318,"Decawave DW-8",0.951660,1,12,0x0020,0x0020,1,"618816F2F002000100002000"
526,198752200,198806001,199033585,199004095,199019974,199019975,199033585,198803953,199037681,"decoded_payload_last_chip",1,269.647896,269.956577,262,0.000000,-1666.133747,"Decawave DW-8",0.951258,1,12,0x819F,0x819F,1,"618817F2F002000100009F81"
527,199130500,199184471,199412055,199382566,199398444,199398446,199412055,199182423,199416151,"decoded_payload_last_chip",1,270.161229,270.469910,262,0.000000,-1667.963172,"Decawave DW-8",0.951703,1,12,0x302D,0x302D,1,"618818F2F002000100002D30"
528,199509000,199562942,199790526,199761036,199776915,199776916,199790526,199560894,199794622,"decoded_payload_last_chip",1,270.674563,270.983244,262,0.000000,-1648.254243,"Decawave DW-8",0.951990,1,12,0xB192,0xB192,1,"618819F2F0020001000092B1"
529,199887600,199941412,200168997,200139507,200155385,200155387,200168997,199939364,200173093,"decoded_payload_last_chip",1,271.187896,271.496578,262,-0.000000,-1678.913861,"Decawave DW-8",0.951408,1,12,0x3B42,0x3B42,1,"61881AF2F00200010000423B"
530,200265900,200319883,200547467,200517978,200533856,200533857,200547467,200317835,200551563,"decoded_payload_last_chip",1,271.701230,272.009911,262,0.000000,-1681.509679,"Decawave DW-8",0.952119,1,12,0xBAFD,0xBAFD,1,"61881BF2F00200010000FDBA"
531,200644400,200698353,200925938,200896448,200912326,200912328,200925938,200696305,200930034,"decoded_payload_last_chip",1,272.214563,272.523245,262,0.000000,-1682.104121,"Decawave DW-8",0.951229,1,12,0x26F3,0x26F3,1,"61881CF2F00200010000F326"
532,201022900,201076824,201304408,201274918,201290797,201290798,201304408,201074776,201308504,"decoded_payload_last_chip",1,272.727897,273.036578,262,-0.000000,-1665.223422,"Decawave DW-8",0.951423,1,12,0xA74C,0xA74C,1,"61881DF2F002000100004CA7"
533,201401300,201455294,201682878,201653389,201669267,201669268,201682878,201453246,201686974,"decoded_payload_last_chip",1,273.241230,273.549910,262,0.000000,-1688.048817,"Decawave DW-8",0.950488,1,12,0x2D9C,0x2D9C,1,"61881EF2F002000100009C2D"
534,201779800,201833765,202061349,202031859,202047737,202047739,202061349,201831717,202065445,"decoded_payload_last_chip",1,273.754564,274.063245,262,0.000000,-1682.025249,"Decawave DW-8",0.951474,1,12,0xAC23,0xAC23,1,"61881FF2F0020001000023AC"
535,202158300,202212235,202439820,202410330,202426209,202426210,202439820,202210187,202443916,"decoded_payload_last_chip",1,274.267897,274.576579,262,4.767894,-1951.170683,"Decawave DW-8",0.951219,1,12,0xF019,0xF019,1,"618820F2F0020001000019F0"
536,202536500,202590706,202818290,202788801,202804679,202804680,202818290,202588658,202822386,"decoded_payload_last_chip",1,274.781231,275.089912,262,-0.000000,-1655.465296,"Decawave DW-8",0.950989,1,12,0x71A6,0x71A6,1,"618821F2F00200010000A671"
537,202915200,202969176,203196761,203167271,203183149,203183151,203196761,202967128,203200857,"decoded_payload_last_chip",1,275.294564,275.603246,262,0.000000,-1670.182137,"Decawave DW-8",0.951397,1,12,0xFB76,0xFB76,1,"618822F2F0020001000076FB"
538,203293700,203347647,203575231,203545741,203561620,203561621,203575231,203345599,203579327,"decoded_payload_last_chip",1,275.807898,276.116579,262,0.000000,-1712.533620,"Decawave DW-8",0.951353,1,12,0x7AC9,0x7AC9,1,"618823F2F00200010000C97A"
539,203672100,203726117,203953702,203924212,203940090,203940092,203953702,203724069,203957798,"decoded_payload_last_chip",1,276.321231,276.629913,262,2.673567,-1770.506216,"Decawave DW-8",0.952052,1,12,0xE6C7,0xE6C7,1,"618824F2F00200010000C7E6"
540,204050800,204104588,204332172,204302683,204318561,204318562,204332172,204102540,204336268,"decoded_payload_last_chip",1,276.834565,277.143245,262,0.000000,-1659.941427,"Decawave DW-8",0.952156,1,12,0x6778,0x6778,1,"618825F2F002000100007867"
541,204429100,204483059,204710643,204681153,204697032,204697033,204710643,204481011,204714739,"decoded_payload_last_chip",1,277.347899,277.656580,262,-0.000000,-1694.985160,"Decawave DW-8",0.951778,1,12,0xEDA8,0xEDA8,1,"618826F2F00200010000A8ED"
542,204807700,204861529,205089113,205059623,205075502,205075503,205089113,204859481,205093209,"decoded_payload_last_chip",1,277.861232,278.169912,262,0.000000,-1668.609626,"Decawave DW-8",0.952280,1,12,0x6C17,0x6C17,1,"618827F2F00200010000176C"
543,205186000,205239999,205467584,205438094,205453972,205453974,205467584,205237951,205471680,"decoded_payload_last_chip",1,278.374565,278.683247,262,-0.000000,-1673.974049,"Decawave DW-8",0.951969,1,12,0xDDA5,0xDDA5,1,"618828F2F00200010000A5DD"
544,205564700,205618470,205846054,205816564,205832443,205832444,205846054,205616422,205850150,"decoded_payload_last_chip",1,278.887899,279.196579,262,0.000000,-1684.518791,"Decawave DW-8",0.951998,1,12,0x5C1A,0x5C1A,1,"618829F2F002000100001A5C"
545,205943000,205996940,206224524,206195035,206210913,206210915,206224524,205994892,206228620,"decoded_payload_last_chip",1,279.401232,279.709912,262,0.000000,-1665.554574,"Decawave DW-8",0.951810,1,12,0xD6CA,0xD6CA,1,"61882AF2F00200010000CAD6"
546,206321600,206375411,206602995,206573505,206589384,206589385,206602995,206373363,206607091,"decoded_payload_last_chip",1,279.914566,280.223246,262,0.000000,-1684.235037,"Decawave DW-8",0.951051,1,12,0x5775,0x5775,1,"61882BF2F002000100007557"
547,206699900,206753882,206981466,206951976,206967854,206967856,206981466,206751834,206985562,"decoded_payload_last_chip",1,280.427900,280.736580,262,0.000000,-1689.765978,"Decawave DW-8",0.951428,1,12,0xCB7B,0xCB7B,1,"61882CF2F002000100007BCB"
548,207078400,207132352,207359936,207330447,207346325,207346326,207359936,207130304,207364032,"decoded_payload_last_chip",1,280.941233,281.249913,262,0.000000,-1684.813483,"Decawave DW-8",0.951935,1,12,0x4AC4,0x4AC4,1,"61882DF2F00200010000C44A"
549,207456900,207510822,207738407,207708917,207724795,207724797,207738407,207508774,207742503,"decoded_payload_last_chip",1,281.454565,281.763247,262,-0.000000,-1695.482439,"Decawave DW-8",0.951432,1,12,0xC014,0xC014,1,"61882EF2F0020001000014C0"
550,207835300,207889293,208116877,208087387,208103266,208103267,208116877,207887245,208120973,"decoded_payload_last_chip",1,281.967900,282.276580,262,0.000000,-1661.571597,"Decawave DW-8",0.951699,1,12,0x41AB,0x41AB,1,"61882FF2F00200010000AB41"
551,208213800,208267763,208495347,208465858,208481736,208481737,208495347,208265715,208499443,"decoded_payload_last_chip",1,282.481232,282.789913,262,0.000000,-1660.647730,"Decawave DW-8",0.951356,1,12,0xAB61,0xAB61,1,"618830F2F0020001000061AB"
552,208592300,208646234,208873818,208844328,208860206,208860208,208873818,208644186,208877914,"decoded_payload_last_chip",1,282.994567,283.303247,262,0.000000,-1669.042134,"Decawave DW-8",0.951801,1,12,0x2ADE,0x2ADE,1,"618831F2F00200010000DE2A"
553,208970800,209024704,209252289,209222799,209238677,209238679,209252289,209022656,209256385,"decoded_payload_last_chip",1,283.507899,283.816581,262,2.331080,-1791.133068,"Decawave DW-8",0.952511,1,12,0xA00E,0xA00E,1,"618832F2F002000100000EA0"
554,209349200,209403175,209630759,209601269,209617148,209617149,209630759,209401127,209634855,"decoded_payload_last_chip",1,284.021233,284.329914,262,0.000000,-1684.294300,"Decawave DW-8",0.951802,1,12,0x21B1,0x21B1,1,"618833F2F00200010000B121"
555,209727800,209781646,210009230,209979740,209995619,209995620,210009230,209779598,210013326,"decoded_payload_last_chip",1,284.534568,284.843248,262,0.000000,-1700.584696,"Decawave DW-8",0.951957,1,12,0xBDBF,0xBDBF,1,"618834F2F00200010000BFBD"
556,210106200,210160116,210387700,210358210,210374089,210374090,210387700,210158068,210391796,"decoded_payload_last_chip",1,285.047900,285.356581,262,0.000000,-1652.477179,"Decawave DW-8",0.951286,1,12,0x3C00,0x3C00,1,"618835F2F00200010000003C"
557,210484600,210538586,210766171,210736681,210752560,210752561,210766171,210536538,210770267,"decoded_payload_last_chip",1,285.561233,285.869915,262,4.885778,-1899.182466,"Decawave DW-8",0.951308,1,12,0xB6D0,0xB6D0,1,"618836F2F00200010000D0B6"
558,210863100,210917057,211144641,211115152,211131030,211131032,211144641,210915009,211148737,"decoded_payload_last_chip",1,286.074567,286.383248,262,0.000000,-1683.503524,"Decawave DW-8",0.951166,1,12,0x376F,0x376F,1,"618837F2F002000100006F37"
559,211241600,211295528,211523112,211493622,211509501,211509502,211523112,211293480,211527208,"decoded_payload_last_chip",1,286.587901,286.896582,262,0.000000,-1668.218321,"Decawave DW-8",0.952167,1,12,0x86DD,0x86DD,1,"618838F2F00200010000DD86"
560,211620000,211673998,211901582,211872092,211887971,211887972,211901582,211671950,211905678,"decoded_payload_last_chip",1,287.101234,287.409915,262,-0.000000,-1696.253641,"Decawave DW-8",0.951617,1,12,0x0762,0x0762,1,"618839F2F002000100006207"
561,211998500,212052468,212280052,212250563,212266441,212266443,212280052,212050420,212284148,"decoded_payload_last_chip",1,287.614567,287.923248,262,0.000000,-1681.481781,"Decawave DW-8",0.952222,1,12,0x8DB2,0x8DB2,1,"61883AF2F00200010000B28D"
562,212377000,212430939,212658523,212629033,212644912,212644913,212658523,212428891,212662619,"decoded_payload_last_chip",1,288.127901,288.436582,262,0.000000,-1695.619095,"Decawave DW-8",0.951933,1,12,0x0C0D,0x0C0D,1,"61883BF2F002000100000D0C"
563,212755600,212809409,213036994,213007504,213023382,213023384,213036994,212807361,213041090,"decoded_payload_last_chip",1,288.641234,288.949916,262,0.000000,-1696.511408,"Decawave DW-8",0.950715,1,12,0x9003,0x9003,1,"61883CF2F002000100000390"
564,213133900,213187880,213415464,213385975,213401853,213401854,213415464,213185832,213419560,"decoded_payload_last_chip",1,289.154568,289.463249,262,0.000000,-1684.226124,"Decawave DW-8",0.951960,1,12,0x11BC,0x11BC,1,"61883DF2F00200010000BC11"
565,213512400,213566351,213793935,213764445,213780323,213780325,213793935,213564303,213798031,"decoded_payload_last_chip",1,289.667902,289.976583,262,0.000000,-1675.110400,"Decawave DW-8",0.951603,1,12,0x9B6C,0x9B6C,1,"61883EF2F002000100006C9B"
566,213890900,213944821,214172405,214142916,214158794,214158795,214172405,213942773,214176501,"decoded_payload_last_chip",1,290.181235,290.489916,262,0.000000,-1678.894951,"Decawave DW-8",0.951492,1,12,0x1AD3,0x1AD3,1,"61883FF2F00200010000D31A"
567,214269300,214323291,214550875,214521386,214537264,214537266,214550875,214321243,214554971,"decoded_payload_last_chip",1,290.694568,291.003248,262,-0.000000,-1691.569477,"Decawave DW-8",0.951284,1,12,0x2318,0x2318,1,"618840F2F002000100001823"
568,214647800,214701762,214929346,214899856,214915735,214915736,214929346,214699714,214933442,"decoded_payload_last_chip",1,291.207902,291.516583,262,0.000000,-1667.647044,"Decawave DW-8",0.952383,1,12,0xA2A7,0xA2A7,1,"618841F2F00200010000A7A2"
569,215026400,215080232,215307817,215278327,215294205,215294207,215307817,215078184,215311913,"decoded_payload_last_chip",1,291.721235,292.029917,262,0.000000,-1672.971332,"Decawave DW-8",0.951994,1,12,0x2877,0x2877,1,"618842F2F002000100007728"
570,215404900,215458703,215686287,215656797,215672676,215672677,215686287,215456655,215690383,"decoded_payload_last_chip",1,292.234569,292.543250,262,0.000000,-1690.109482,"Decawave DW-8",0.951238,1,12,0xA9C8,0xA9C8,1,"618843F2F00200010000C8A9"
571,215783200,215837173,216064758,216035268,216051146,216051148,216064758,215835125,216068854,"decoded_payload_last_chip",1,292.747902,293.056584,262,0.000000,-1676.926703,"Decawave DW-8",0.951911,1,12,0x35C6,0x35C6,1,"618844F2F00200010000C635"
572,216161700,216215644,216443228,216413738,216429617,216429618,216443228,216213596,216447324,"decoded_payload_last_chip",1,293.261236,293.569916,262,-0.000000,-1660.252316,"Decawave DW-8",0.951639,1,12,0xB479,0xB479,1,"618845F2F0020001000079B4"
573,216540400,216594114,216821698,216792209,216808087,216808089,216821698,216592066,216825794,"decoded_payload_last_chip",1,293.774569,294.083249,262,0.000000,-1663.143657,"Decawave DW-8",0.952069,1,12,0x3EA9,0x3EA9,1,"618846F2F00200010000A93E"
574,216918500,216972585,217200169,217170679,217186558,217186559,217200169,216970537,217204265,"decoded_payload_last_chip",1,294.287903,294.596583,262,0.000000,-1682.564187,"Decawave DW-8",0.951715,1,12,0xBF16,0xBF16,1,"618847F2F0020001000016BF"
575,217297100,217351055,217578640,217549151,217565029,217565031,217578640,217349007,217582736,"decoded_payload_last_chip",1,294.801236,295.109918,262,5.535946,-1977.638729,"Decawave DW-8",0.945694,1,12,0x0EA4,0x0EA4,1,"618848F2F00200010000A40E"
576,217675800,217729526,217957110,217927621,217943499,217943500,217957110,217727478,217961206,"decoded_payload_last_chip",1,295.314570,295.623250,262,0.000000,-1698.826357,"Decawave DW-8",0.951701,1,12,0x8F1B,0x8F1B,1,"618849F2F002000100001B8F"
577,218054000,218107996,218335581,218306091,218321969,218321971,218335581,218105948,218339677,"decoded_payload_last_chip",1,295.827903,296.136584,262,0.000000,-1671.593695,"Decawave DW-8",0.951556,1,12,0x05CB,0x05CB,1,"61884AF2F00200010000CB05"
578,218432800,218486467,218714051,218684561,218700440,218700441,218714051,218484419,218718147,"decoded_payload_last_chip",1,296.341237,296.649917,262,0.000000,-1670.912832,"Decawave DW-8",0.951858,1,12,0x8474,0x8474,1,"61884BF2F002000100007484"
579,218811000,218864937,219092521,219063032,219078910,219078912,219092521,218862889,219096617,"decoded_payload_last_chip",1,296.854569,297.163250,262,0.000000,-1666.579226,"Decawave DW-8",0.951306,1,12,0x187A,0x187A,1,"61884CF2F002000100007A18"
580,219189600,219243408,219470992,219441503,219457381,219457382,219470992,219241360,219475088,"decoded_payload_last_chip",1,297.367904,297.676584,262,0.000000,-1645.326314,"Decawave DW-8",0.951876,1,12,0x99C5,0x99C5,1,"61884DF2F00200010000C599"
581,219567900,219621879,219849463,219819973,219835852,219835853,219849463,219619831,219853559,"decoded_payload_last_chip",1,297.881238,298.189918,262,0.000000,-1659.704207,"Decawave DW-8",0.951667,1,12,0x1315,0x1315,1,"61884EF2F002000100001513"
582,219946600,220000349,220227933,220198443,220214322,220214323,220227933,219998301,220232029,"decoded_payload_last_chip",1,298.394571,298.703251,262,0.000000,-1643.548222,"Decawave DW-8",0.951633,1,12,0x92AA,0x92AA,1,"61884FF2F00200010000AA92"
583,220324900,220378820,220606404,220576914,220592792,220592794,220606404,220376772,220610500,"decoded_payload_last_chip",1,298.907905,299.216585,262,0.000000,-1651.865547,"Decawave DW-8",0.952002,1,12,0x7860,0x7860,1,"618850F2F002000100006078"
584,220703300,220757290,220984874,220955384,220971263,220971264,220984874,220755242,220988970,"decoded_payload_last_chip",1,299.421238,299.729918,262,0.000000,-1675.836946,"Decawave DW-8",0.951225,1,12,0xF9DF,0xF9DF,1,"618851F2F00200010000DFF9"
585,221081800,221135760,221363344,221333855,221349733,221349735,221363344,221133712,221367440,"decoded_payload_last_chip",1,299.934570,300.243251,262,0.000000,-1644.320296,"Decawave DW-8",0.951650,1,12,0x730F,0x730F,1,"618852F2F002000100000F73"
586,221460400,221514231,221741815,221712325,221728204,221728205,221741815,221512183,221745911,"decoded_payload_last_chip",1,300.447904,300.756585,262,0.000000,-1690.665907,"Decawave DW-8",0.951354,1,12,0xF2B0,0xF2B0,1,"618853F2F00200010000B0F2"
587,221838800,221892701,222120285,222090796,222106674,222106675,222120285,221890653,222124381,"decoded_payload_last_chip",1,300.961237,301.269918,262,0.000000,-1668.404515,"Decawave DW-8",0.951811,1,12,0x6EBE,0x6EBE,1,"618854F2F00200010000BE6E"
588,222217200,222271172,222498756,222469266,222485145,222485146,222498756,222269124,222502852,"decoded_payload_last_chip",1,301.474571,301.783252,262,0.000000,-1684.749852,"Decawave DW-8",0.951150,1,12,0xEF01,0xEF01,1,"618855F2F0020001000001EF"
589,222595900,222649642,222877227,222847737,222863615,222863617,222877227,222647594,222881323,"decoded_payload_last_chip",1,301.987904,302.296586,262,0.000000,-1663.832591,"Decawave DW-8",0.951337,1,12,0x65D1,0x65D1,1,"618856F2F00200010000D165"
590,222974500,223028113,223255697,223226208,223242086,223242087,223255697,223026065,223259793,"decoded_payload_last_chip",1,302.501238,302.809919,262,0.000000,-1694.779242,"Decawave DW-8",0.951112,1,12,0xE46E,0xE46E,1,"618857F2F002000100006EE4"
591,223352600,223406583,223634167,223604678,223620556,223620557,223634167,223404535,223638263,"decoded_payload_last_chip",1,303.014571,303.323252,262,0.000000,-1672.926995,"Decawave DW-8",0.952092,1,12,0x55DC,0x55DC,1,"618858F2F00200010000DC55"
592,223731100,223785053,224012638,223983148,223999026,223999028,224012638,223783005,224016734,"decoded_payload_last_chip",1,303.527904,303.836586,262,0.000000,-1693.374120,"Decawave DW-8",0.951536,1,12,0xD463,0xD463,1,"618859F2F0020001000063D4"
593,224109600,224163524,224391109,224361619,224377498,224377499,224391109,224161476,224395205,"decoded_payload_last_chip",1,304.041238,304.349920,262,4.111159,-1899.111962,"Decawave DW-8",0.952147,1,12,0x5EB3,0x5EB3,1,"61885AF2F00200010000B35E"
594,224488000,224541995,224769579,224740089,224755968,224755969,224769579,224539947,224773675,"decoded_payload_last_chip",1,304.554572,304.863253,262,0.000000,-1684.125593,"Decawave DW-8",0.951129,1,12,0xDF0C,0xDF0C,1,"61885BF2F002000100000CDF"
595,224866500,224920465,225148050,225118560,225134438,225134440,225148050,224918417,225152146,"decoded_payload_last_chip",1,305.067905,305.376587,262,0.000000,-1702.815844,"Decawave DW-8",0.952323,1,12,0x4302,0x4302,1,"61885CF2F002000100000243"
596,225245000,225298936,225526520,225497030,225512909,225512910,225526520,225296888,225530616,"decoded_payload_last_chip",1,305.581239,305.889920,262,0.000000,-1690.475343,"Decawave DW-8",0.951660,1,12,0xC2BD,0xC2BD,1,"61885DF2F00200010000BDC2"
597,225623500,225677406,225904990,225875501,225891379,225891381,225904990,225675358,225909086,"decoded_payload_last_chip",1,306.094572,306.403252,262,-0.000000,-1666.394923,"Decawave DW-8",0.951751,1,12,0x486D,0x486D,1,"61885EF2F002000100006D48"
598,226001900,226055877,226283461,226253972,226269850,226269852,226283461,226053829,226287557,"decoded_payload_last_chip",1,306.607906,306.916587,262,0.000000,-1687.691821,"Decawave DW-8",0.951638,1,12,0xC9D2,0xC9D2,1,"61885FF2F00200010000D2C9"
599,226380400,226434348,226661932,226632442,226648320,226648322,226661932,226432300,226666028,"decoded_payload_last_chip",1,307.121240,307.429921,262,0.000000,-1665.389153,"Decawave DW-8",0.951957,1,12,0x95E8,0x95E8,1,"618860F2F00200010000E895"
600,226758900,226812818,227040402,227010913,227026791,227026792,227040402,226810770,227044498,"decoded_payload_last_chip",1,307.634573,307.943254,262,0.000000,-1700.326574,"Decawave DW-8",0.951779,1,12,0x1457,0x1457,1,"618861F2F002000100005714"
601,227137300,227191288,227418872,227389383,227405261,227405263,227418872,227189240,227422968,"decoded_payload_last_chip",1,308.147906,308.456586,262,0.000000,-1686.423774,"Decawave DW-8",0.951686,1,12,0x9E87,0x9E87,1,"618862F2F00200010000879E"
602,227515800,227569759,227797343,227767853,227783732,227783733,227797343,227567711,227801439,"decoded_payload_last_chip",1,308.661240,308.969921,262,0.000000,-1683.772921,"Decawave DW-8",0.951636,1,12,0x1F38,0x1F38,1,"618863F2F00200010000381F"
603,227894400,227948229,228175814,228146324,228162202,228162204,228175814,227946181,228179910,"decoded_payload_last_chip",1,309.174573,309.483255,262,0.000000,-1664.724841,"Decawave DW-8",0.951442,1,12,0x8336,0x8336,1,"618864F2F002000100003683"
604,228272700,228326700,228554284,228524795,228540673,228540674,228554284,228324652,228558380,"decoded_payload_last_chip",1,309.687907,309.996587,262,0.000000,-1671.443586,"Decawave DW-8",0.951928,1,12,0x0289,0x0289,1,"618865F2F002000100008902"
605,228651400,228705170,228932755,228903265,228919143,228919145,228932755,228703122,228936851,"decoded_payload_last_chip",1,310.201240,310.509922,262,-0.000000,-1673.465961,"Decawave DW-8",0.951478,1,12,0x8859,0x8859,1,"618866F2F002000100005988"
606,229029700,229083641,229311225,229281735,229297614,229297615,229311225,229081593,229315321,"decoded_payload_last_chip",1,310.714574,311.023254,262,0.000000,-1691.087584,"Decawave DW-8",0.951970,1,12,0x09E6,0x09E6,1,"618867F2F00200010000E609"
607,229408300,229462111,229689695,229660205,229676084,229676085,229689695,229460063,229693791,"decoded_payload_last_chip",1,311.227907,311.536587,262,0.000000,-1685.548942,"Decawave DW-8",0.951631,1,12,0xB854,0xB854,1,"618868F2F0020001000054B8"
608,229786600,229840582,230068166,230038676,230054554,230054556,230068166,229838534,230072262,"decoded_payload_last_chip",1,311.741241,312.049921,262,0.000000,-1682.034707,"Decawave DW-8",0.951962,1,12,0x39EB,0x39EB,1,"618869F2F00200010000EB39"
609,230165200,230219052,230446637,230417147,230433025,230433027,230446637,230217004,230450733,"decoded_payload_last_chip",1,312.254574,312.563255,262,0.000000,-1655.952552,"Decawave DW-8",0.951386,1,12,0xB33B,0xB33B,1,"61886AF2F002000100003BB3"
610,230543600,230597522,230825107,230795617,230811495,230811497,230825107,230595474,230829203,"decoded_payload_last_chip",1,312.767906,313.076588,262,-0.000000,-1690.581325,"Decawave DW-8",0.951849,1,12,0x3284,0x3284,1,"61886BF2F002000100008432"
611,230922000,230975993,231203578,231174088,231189966,231189968,231203578,230973945,231207674,"decoded_payload_last_chip",1,313.281241,313.589922,262,0.000000,-1678.784791,"Decawave DW-8",0.951446,1,12,0xAE8A,0xAE8A,1,"61886CF2F002000100008AAE"
612,231300500,231354464,231582048,231552558,231568437,231568438,231582048,231352416,231586144,"decoded_payload_last_chip",1,313.794575,314.103255,262,0.000000,-1706.543207,"Decawave DW-8",0.952059,1,12,0x2F35,0x2F35,1,"61886DF2F00200010000352F"
613,231679000,231732934,231960519,231931029,231946907,231946909,231960519,231730886,231964615,"decoded_payload_last_chip",1,314.307907,314.616589,262,-0.000000,-1655.346772,"Decawave DW-8",0.951941,1,12,0xA5E5,0xA5E5,1,"61886EF2F00200010000E5A5"
614,232057500,232111405,232338989,232309499,232325378,232325379,232338989,232109357,232343085,"decoded_payload_last_chip",1,314.821242,315.129922,262,0.000000,-1647.931602,"Decawave DW-8",0.951816,1,12,0x245A,0x245A,1,"61886FF2F002000100005A24"
615,232435900,232489875,232717460,232687970,232703849,232703850,232717460,232487827,232721556,"decoded_payload_last_chip",1,315.334574,315.643256,262,5.426271,-1967.440407,"Decawave DW-8",0.946443,1,12,0xCE90,0xCE90,1,"618870F2F0020001000090CE"
616,232814400,232868346,233095930,233066441,233082319,233082320,233095930,232866298,233100026,"decoded_payload_last_chip",1,315.847909,316.156589,262,0.000000,-1653.094822,"Decawave DW-8",0.951561,1,12,0x4F2F,0x4F2F,1,"618871F2F002000100002F4F"
617,233192900,233246817,233474401,233444911,233460789,233460791,233474401,233244769,233478497,"decoded_payload_last_chip",1,316.361243,316.669923,262,0.000000,-1671.007328,"Decawave DW-8",0.951965,1,12,0xC5FF,0xC5FF,1,"618872F2F00200010000FFC5"
618,233571300,233625287,233852871,233823381,233839260,233839261,233852871,233623239,233856967,"decoded_payload_last_chip",1,316.874575,317.183256,262,0.000000,-1672.287820,"Decawave DW-8",0.952277,1,12,0x4440,0x4440,1,"618873F2F002000100004044"
619,233949800,234003757,234231341,234201852,234217730,234217732,234231341,234001709,234235437,"decoded_payload_last_chip",1,317.387908,317.696589,262,0.000000,-1663.660884,"Decawave DW-8",0.951769,1,12,0xD84E,0xD84E,1,"618874F2F002000100004ED8"
620,234328400,234382228,234609812,234580322,234596201,234596202,234609812,234380180,234613908,"decoded_payload_last_chip",1,317.901242,318.209923,262,0.000000,-1690.404921,"Decawave DW-8",0.951635,1,12,0x59F1,0x59F1,1,"618875F2F00200010000F159"
621,234706700,234760699,234988283,234958793,234974671,234974673,234988283,234758651,234992379,"decoded_payload_last_chip",1,318.414577,318.723257,262,-0.000000,-1670.811256,"Decawave DW-8",0.952195,1,12,0xD321,0xD321,1,"618876F2F0020001000021D3"
622,235085200,235139169,235366753,235337264,235353142,235353143,235366753,235137121,235370849,"decoded_payload_last_chip",1,318.927909,319.236590,262,0.000000,-1670.867123,"Decawave DW-8",0.952080,1,12,0x529E,0x529E,1,"618877F2F002000100009E52"
623,235463700,235517639,235745224,235715734,235731612,235731614,235745224,235515591,235749320,"decoded_payload_last_chip",1,319.441242,319.749924,262,0.000000,-1687.157061,"Decawave DW-8",0.950902,1,12,0xE32C,0xE32C,1,"618878F2F002000100002CE3"
624,235842300,235896109,236123694,236094204,236110082,236110084,236123694,235894061,236127790,"decoded_payload_last_chip",1,319.954575,320.263257,262,0.000000,-1690.425748,"Decawave DW-8",0.951870,1,12,0x6293,0x6293,1,"618879F2F002000100009362"
625,236220600,236274580,236502164,236472675,236488553,236488554,236502164,236272532,236506260,"decoded_payload_last_chip",1,320.467909,320.776590,262,0.000000,-1697.257054,"Decawave DW-8",0.951806,1,12,0xE843,0xE843,1,"61887AF2F0020001000043E8"
626,236599100,236653051,236880635,236851145,236867023,236867025,236880635,236651003,236884731,"decoded_payload_last_chip",1,320.981243,321.289924,262,0.000000,-1675.771653,"Decawave DW-8",0.951620,1,12,0x69FC,0x69FC,1,"61887BF2F00200010000FC69"
627,236977600,237031521,237259105,237229616,237245494,237245495,237259105,237029473,237263201,"decoded_payload_last_chip",1,321.494576,321.803257,262,0.000000,-1680.714867,"Decawave DW-8",0.951590,1,12,0xF5F2,0xF5F2,1,"61887CF2F00200010000F2F5"
628,237356000,237409992,237637576,237608086,237623965,237623966,237637576,237407944,237641672,"decoded_payload_last_chip",1,322.007910,322.316591,262,0.000000,-1683.449143,"Decawave DW-8",0.951808,1,12,0x744D,0x744D,1,"61887DF2F002000100004D74"
629,237734500,237788462,238016047,237986557,238002435,238002437,238016047,237786414,238020143,"decoded_payload_last_chip",1,322.521243,322.829925,262,0.000000,-1699.116123,"Decawave DW-8",0.951714,1,12,0xFE9D,0xFE9D,1,"61887EF2F002000100009DFE"
630,238113000,238166933,238394517,238365027,238380906,238380907,238394517,238164885,238398613,"decoded_payload_last_chip",1,323.034577,323.343258,262,0.000000,-1709.961218,"Decawave DW-8",0.951526,1,12,0x7F22,0x7F22,1,"61887FF2F00200010000227F"
631,238491500,238545403,238772988,238743498,238759376,238759378,238772988,238543355,238777084,"decoded_payload_last_chip",1,323.547910,323.856592,262,0.000000,-1663.722130,"Decawave DW-8",0.951752,1,12,0x8D0B,0x8D0B,1,"618880F2F002000100000B8D"
632,238869900,238923873,239151458,239121968,239137846,239137848,239151458,238921825,239155554,"decoded_payload_last_chip",1,324.061243,324.369925,262,-0.000000,-1681.823946,"Decawave DW-8",0.951602,1,12,0x0CB4,0x0CB4,1,"618881F2F00200010000B40C"
633,239248400,239302344,239529929,239500439,239516318,239516319,239529929,239300296,239534025,"decoded_payload_last_chip",1,324.574577,324.883259,262,5.317910,-1951.582612,"Decawave DW-8",0.947147,1,12,0x8664,0x8664,1,"618882F2F002000100006486"
634,239627000,239680815,239908399,239878909,239894788,239894789,239908399,239678767,239912495,"decoded_payload_last_chip",1,325.087911,325.396592,262,0.000000,-1665.936596,"Decawave DW-8",0.952257,1,12,0x07DB,0x07DB,1,"618883F2F00200010000DB07"
635,240005500,240059285,240286869,240257380,240273258,240273260,240286869,240057237,240290965,"decoded_payload_last_chip",1,325.601244,325.909924,262,0.000000,-1681.879277,"Decawave DW-8",0.951544,1,12,0x9BD5,0x9BD5,1,"618884F2F00200010000D59B"
636,240383800,240437756,240665340,240635850,240651729,240651730,240665340,240435708,240669436,"decoded_payload_last_chip",1,326.114578,326.423258,262,0.000000,-1683.255004,"Decawave DW-8",0.951351,1,12,0x1A6A,0x1A6A,1,"618885F2F002000100006A1A"
637,240762400,240816226,241043811,241014321,241030199,241030201,241043811,240814178,241047907,"decoded_payload_last_chip",1,326.627911,326.936593,262,0.000000,-1662.016984,"Decawave DW-8",0.951712,1,12,0x90BA,0x90BA,1,"618886F2F00200010000BA90"
638,241140700,241194697,241422281,241392792,241408670,241408671,241422281,241192649,241426377,"decoded_payload_last_chip",1,327.141245,327.449925,262,0.000000,-1688.661461,"Decawave DW-8",0.951575,1,12,0x1105,0x1105,1,"618887F2F002000100000511"
639,241519200,241573168,241800752,241771262,241787140,241787142,241800752,241571120,241804848,"decoded_payload_last_chip",1,327.654579,327.963260,262,-0.000000,-1669.310214,"Decawave DW-8",0.951386,1,12,0xA0B7,0xA0B7,1,"618888F2F00200010000B7A0"
640,241897700,241951638,242179222,242149732,242165611,242165612,242179222,241949590,242183318,"decoded_payload_last_chip",1,328.167912,328.476592,262,0.000000,-1658.116004,"Decawave DW-8",0.951804,1,12,0x2108,0x2108,1,"618889F2F002000100000821"
641,242276300,242330108,242557692,242528203,242544081,242544082,242557692,242328060,242561788,"decoded_payload_last_chip",1,328.681245,328.989925,262,0.000000,-1695.195926,"Decawave DW-8",0.951872,1,12,0xABD8,0xABD8,1,"61888AF2F00200010000D8AB"
642,242654700,242708579,242936163,242906673,242922552,242922553,242936163,242706531,242940259,"decoded_payload_last_chip",1,329.194579,329.503259,262,-0.000000,-1703.679954,"Decawave DW-8",0.951121,1,12,0x2A67,0x2A67,1,"61888BF2F00200010000672A"
643,243033200,243087049,243314634,243285144,243301022,243301024,243314634,243085001,243318730,"decoded_payload_last_chip",1,329.707912,330.016593,262,0.000000,-1677.874120,"Decawave DW-8",0.951319,1,12,0xB669,0xB669,1,"61888CF2F0020001000069B6"
644,243411600,243465520,243693104,243663614,243679492,243679494,243693104,243463472,243697200,"decoded_payload_last_chip",1,330.221246,330.529926,262,0.000000,-1681.801624,"Decawave DW-8",0.952074,1,12,0x37D6,0x37D6,1,"61888DF2F00200010000D637"
645,243790000,243843990,244071575,244042085,244057963,244057965,244071575,243841942,244075671,"decoded_payload_last_chip",1,330.734578,331.043260,262,0.000000,-1642.001042,"Decawave DW-8",0.951101,1,12,0xBD06,0xBD06,1,"61888EF2F0020001000006BD"
646,244168500,244222461,244450045,244420555,244436434,244436435,244450045,244220413,244454141,"decoded_payload_last_chip",1,331.247913,331.556593,262,0.000000,-1710.448321,"Decawave DW-8",0.952088,1,12,0x3CB9,0x3CB9,1,"61888FF2F00200010000B93C"
647,244547100,244600931,244828515,244799025,244814904,244814905,244828515,244598883,244832611,"decoded_payload_last_chip",1,331.761245,332.069926,262,0.000000,-1653.491219,"Decawave DW-8",0.951746,1,12,0xD673,0xD673,1,"618890F2F0020001000073D6"
648,244925600,244979401,245206987,245177497,245193375,245193377,245206987,244977353,245211083,"decoded_payload_last_chip",1,332.274578,332.583261,262,5.443018,-1957.485633,"Decawave DW-8",0.947939,1,12,0x57CC,0x57CC,1,"618891F2F00200010000CC57"
649,245303900,245357872,245585456,245555966,245571845,245571846,245585456,245355824,245589552,"decoded_payload_last_chip",1,332.787912,333.096593,262,0.000000,-1642.949986,"Decawave DW-8",0.952035,1,12,0xDD1C,0xDD1C,1,"618892F2F002000100001CDD"
650,245682600,245736343,245963927,245934438,245950316,245950317,245963927,245734295,245968023,"decoded_payload_last_chip",1,333.301246,333.609927,262,0.000000,-1676.270452,"Decawave DW-8",0.951307,1,12,0x5CA3,0x5CA3,1,"618893F2F00200010000A35C"
651,246060900,246114813,246342398,246312908,246328787,246328788,246342398,246112765,246346494,"decoded_payload_last_chip",1,333.814579,334.123261,262,3.405826,-1843.135827,"Decawave DW-8",0.953816,1,12,0xC0AD,0xC0AD,1,"618894F2F00200010000ADC0"
652,246438036,246493284,246720868,246691379,246707257,246707258,246720868,246491236,246724964,"decoded_payload_last_chip",1,334.327913,334.636594,262,0.000000,-1655.088897,"Decawave DW-8",0.951970,1,12,0x4112,0x4112,1,"618895F2F002000100001241"
653,246817800,246871754,247099338,247069849,247085727,247085729,247099338,246869706,247103434,"decoded_payload_last_chip",1,334.841246,335.149927,262,0.000000,-1702.291532,"Decawave DW-8",0.951543,1,12,0xCBC2,0xCBC2,1,"618896F2F00200010000C2CB"
654,247196300,247250225,247477809,247448319,247464198,247464199,247477809,247248177,247481905,"decoded_payload_last_chip",1,335.354580,335.663261,262,0.000000,-1666.053664,"Decawave DW-8",0.951373,1,12,0x4A7D,0x4A7D,1,"618897F2F002000100007D4A"
655,247574700,247628695,247856280,247826790,247842669,247842670,247856280,247626647,247860376,"decoded_payload_last_chip",1,335.867913,336.176595,262,4.590576,-1857.467072,"Decawave DW-8",0.951395,1,12,0xFBCF,0xFBCF,1,"618898F2F00200010000CFFB"
656,247953300,248007166,248234750,248205260,248221139,248221140,248234750,248005118,248238846,"decoded_payload_last_chip",1,336.381247,336.689928,262,0.000000,-1672.821222,"Decawave DW-8",0.951406,1,12,0x7A70,0x7A70,1,"618899F2F00200010000707A"
657,248331700,248385636,248613221,248583731,248599609,248599611,248613221,248383588,248617317,"decoded_payload_last_chip",1,336.894580,337.203262,262,0.000000,-1649.389701,"Decawave DW-8",0.951714,1,12,0xF0A0,0xF0A0,1,"61889AF2F00200010000A0F0"
658,248710200,248764107,248991691,248962201,248978080,248978081,248991691,248762059,248995787,"decoded_payload_last_chip",1,337.407914,337.716595,262,0.000000,-1670.081905,"Decawave DW-8",0.951893,1,12,0x711F,0x711F,1,"61889BF2F002000100001F71"
659,249088600,249142577,249370161,249340672,249356550,249356552,249370161,249140529,249374257,"decoded_payload_last_chip",1,337.921247,338.229928,262,-0.000000,-1667.139228,"Decawave DW-8",0.952181,1,12,0xED11,0xED11,1,"61889CF2F0020001000011ED"
660,249467100,249521048,249748632,249719142,249735020,249735022,249748632,249519000,249752728,"decoded_payload_last_chip",1,338.434581,338.743262,262,0.000000,-1680.844888,"Decawave DW-8",0.951929,1,12,0x6CAE,0x6CAE,1,"61889DF2F00200010000AE6C"
661,249845600,249899518,250127102,250097613,250113491,250113492,250127102,249897470,250131198,"decoded_payload_last_chip",1,338.947914,339.256595,262,-0.000000,-1679.187189,"Decawave DW-8",0.951898,1,12,0xE67E,0xE67E,1,"61889EF2F002000100007EE6"
662,250224000,250277989,250505573,250476083,250491962,250491963,250505573,250275941,250509669,"decoded_payload_last_chip",1,339.461248,339.769929,262,0.000000,-1670.521587,"Decawave DW-8",0.951515,1,12,0x67C1,0x67C1,1,"61889FF2F00200010000C167"
663,250602500,250656459,250884044,250854554,250870432,250870434,250884044,250654411,250888140,"decoded_payload_last_chip",1,339.974581,340.283263,262,0.000000,-1681.986713,"Decawave DW-8",0.951569,1,12,0x3BFB,0x3BFB,1,"6188A0F2F00200010000FB3B"
664,250981100,251034929,251262514,251233024,251248902,251248904,251262514,251032881,251266610,"decoded_payload_last_chip",1,340.487914,340.796596,262,0.000000,-1642.471996,"Decawave DW-8",0.952120,1,12,0xBA44,0xBA44,1,"6188A1F2F0020001000044BA"
665,251359400,251413400,251640984,251611495,251627373,251627374,251640984,251411352,251645080,"decoded_payload_last_chip",1,341.001248,341.309928,262,0.000000,-1665.735813,"Decawave DW-8",0.952049,1,12,0x3094,0x3094,1,"6188A2F2F002000100009430"
666,251737900,251791870,252019455,251989965,252005843,252005845,252019455,251789822,252023551,"decoded_payload_last_chip",1,341.514581,341.823263,262,0.000000,-1671.526836,"Decawave DW-8",0.951814,1,12,0xB12B,0xB12B,1,"6188A3F2F002000100002BB1"
667,252116400,252170341,252397925,252368435,252384314,252384315,252397925,252168293,252402021,"decoded_payload_last_chip",1,342.027915,342.336595,262,0.000000,-1681.314835,"Decawave DW-8",0.952040,1,12,0x2D25,0x2D25,1,"6188A4F2F00200010000252D"
668,252495000,252548812,252776396,252746906,252762785,252762786,252776396,252546764,252780492,"decoded_payload_last_chip",1,342.541249,342.849929,262,0.000000,-1671.768394,"Decawave DW-8",0.951938,1,12,0xAC9A,0xAC9A,1,"6188A5F2F002000100009AAC"
669,252873300,252927282,253154867,253125377,253141255,253141257,253154867,252925234,253158963,"decoded_payload_last_chip",1,343.054582,343.363264,262,0.000000,-1668.469550,"Decawave DW-8",0.951875,1,12,0x264A,0x264A,1,"6188A6F2F002000100004A26"
670,253251800,253305753,253533337,253503847,253519726,253519727,253533337,253303705,253537433,"decoded_payload_last_chip",1,343.567916,343.876596,262,0.000000,-1664.988383,"Decawave DW-8",0.951502,1,12,0xA7F5,0xA7F5,1,"6188A7F2F00200010000F5A7"
671,253630300,253684223,253911807,253882318,253898196,253898198,253911807,253682175,253915903,"decoded_payload_last_chip",1,344.081249,344.389929,262,0.000000,-1670.170620,"Decawave DW-8",0.952423,1,12,0x1647,0x1647,1,"6188A8F2F002000100004716"
672,254008700,254062693,254290278,254260788,254276666,254276668,254290278,254060645,254294374,"decoded_payload_last_chip",1,344.594581,344.903263,262,0.000000,-1703.751971,"Decawave DW-8",0.951099,1,12,0x97F8,0x97F8,1,"6188A9F2F00200010000F897"
673,254387200,254441164,254668749,254639259,254655138,254655139,254668749,254439116,254672845,"decoded_payload_last_chip",1,345.107916,345.416597,262,5.603918,-1955.216237,"Decawave DW-8",0.944904,1,12,0x1D28,0x1D28,1,"6188AAF2F00200010000281D"
674,254765800,254819635,255047219,255017729,255033608,255033609,255047219,254817587,255051315,"decoded_payload_last_chip",1,345.621250,345.929930,262,0.000000,-1711.732461,"Decawave DW-8",0.951542,1,12,0x9C97,0x9C97,1,"6188ABF2F00200010000979C"
675,255144200,255198105,255425690,255396200,255412078,255412080,255425690,255196057,255429786,"decoded_payload_last_chip",1,346.134583,346.443264,262,0.000000,-1662.942192,"Decawave DW-8",0.951088,1,12,0x0099,0x0099,1,"6188ACF2F002000100009900"
676,255522600,255576576,255804160,255774670,255790549,255790550,255804160,255574528,255808256,"decoded_payload_last_chip",1,346.647917,346.956597,262,0.000000,-1679.486233,"Decawave DW-8",0.951651,1,12,0x8126,0x8126,1,"6188ADF2F002000100002681"
677,255901100,255955046,256182630,256153141,256169019,256169020,256182630,255952998,256186726,"decoded_payload_last_chip",1,347.161249,347.469930,262,0.000000,-1670.660144,"Decawave DW-8",0.951612,1,12,0x0BF6,0x0BF6,1,"6188AEF2F00200010000F60B"
678,256279600,256333517,256561101,256531611,256547489,256547491,256561101,256331469,256565197,"decoded_payload_last_chip",1,347.674584,347.983264,262,0.000000,-1662.124323,"Decawave DW-8",0.952309,1,12,0x8A49,0x8A49,1,"6188AFF2F00200010000498A"
679,256658000,256711987,256939572,256910082,256925960,256925962,256939572,256709939,256943668,"decoded_payload_last_chip",1,348.187916,348.496598,262,0.000000,-1657.793514,"Decawave DW-8",0.951854,1,12,0x6083,0x6083,1,"6188B0F2F002000100008360"
680,257036500,257090458,257318042,257288552,257304431,257304432,257318042,257088410,257322138,"decoded_payload_last_chip",1,348.701251,349.009931,262,0.000000,-1671.022234,"Decawave DW-8",0.951940,1,12,0xE13C,0xE13C,1,"6188B1F2F002000100003CE1"
681,257415100,257468928,257696512,257667022,257682901,257682902,257696512,257466880,257700608,"decoded_payload_last_chip",1,349.214583,349.523264,262,0.000000,-1683.181334,"Decawave DW-8",0.951215,1,12,0x6BEC,0x6BEC,1,"6188B2F2F00200010000EC6B"
682,257793400,257847399,258074983,258045493,258061371,258061373,258074983,257845351,258079079,"decoded_payload_last_chip",1,349.727917,350.036598,262,0.000000,-1692.121410,"Decawave DW-8",0.951664,1,12,0xEA53,0xEA53,1,"6188B3F2F0020001000053EA"
683,258171900,258225869,258453453,258423964,258439842,258439843,258453453,258223821,258457549,"decoded_payload_last_chip",1,350.241250,350.549931,262,0.000000,-1676.373077,"Decawave DW-8",0.952035,1,12,0x765D,0x765D,1,"6188B4F2F002000100005D76"
684,258550400,258604339,258831924,258802434,258818312,258818314,258831924,258602291,258836020,"decoded_payload_last_chip",1,350.754583,351.063265,262,0.000000,-1666.761344,"Decawave DW-8",0.951622,1,12,0xF7E2,0xF7E2,1,"6188B5F2F00200010000E2F7"
685,258928900,258982810,259210394,259180904,259196783,259196784,259210394,258980762,259214490,"decoded_payload_last_chip",1,351.267917,351.576598,262,0.000000,-1670.279251,"Decawave DW-8",0.952315,1,12,0x7D32,0x7D32,1,"6188B6F2F00200010000327D"
686,259307300,259361281,259588865,259559375,259575254,259575255,259588865,259359233,259592961,"decoded_payload_last_chip",1,351.781251,352.089932,262,0.000000,-1656.908095,"Decawave DW-8",0.951703,1,12,0xFC8D,0xFC8D,1,"6188B7F2F002000100008DFC"
687,259685800,259739751,259967336,259937846,259953724,259953726,259967336,259737703,259971432,"decoded_payload_last_chip",1,352.294584,352.603266,262,0.000000,-1683.281938,"Decawave DW-8",0.951690,1,12,0x4D3F,0x4D3F,1,"6188B8F2F002000100003F4D"
688,260064300,260118222,260345806,260316316,260332195,260332196,260345806,260116174,260349902,"decoded_payload_last_chip",1,352.807918,353.116599,262,0.000000,-1657.490482,"Decawave DW-8",0.951803,1,12,0xCC80,0xCC80,1,"6188B9F2F0020001000080CC"
689,260442700,260496692,260724276,260694786,260710665,260710666,260724276,260494644,260728372,"decoded_payload_last_chip",1,353.321251,353.629932,262,0.000000,-1651.178262,"Decawave DW-8",0.952126,1,12,0x4650,0x4650,1,"6188BAF2F002000100005046"
690,260821200,260875162,261102747,261073257,261089135,261089137,261102747,260873114,261106843,"decoded_payload_last_chip",1,353.834584,354.143266,262,0.000000,-1673.307750,"Decawave DW-8",0.951887,1,12,0xC7EF,0xC7EF,1,"6188BBF2F00200010000EFC7"
691,261199700,261253633,261481218,261451728,261467607,261467608,261481218,261251585,261485314,"decoded_payload_last_chip",1,354.347918,354.656600,262,4.851956,-1905.623103,"Decawave DW-8",0.950326,1,12,0x5BE1,0x5BE1,1,"6188BCF2F00200010000E15B"
692,261578200,261632104,261859688,261830199,261846077,261846078,261859688,261630056,261863784,"decoded_payload_last_chip",1,354.861252,355.169933,262,0.308665,-1674.517586,"Decawave DW-8",0.954130,1,12,0xDA5E,0xDA5E,1,"6188BDF2F002000100005EDA"
693,261956600,262010574,262238158,262208669,262224547,262224549,262238158,262008526,262242254,"decoded_payload_last_chip",1,355.374585,355.683266,262,0.000000,-1672.331742,"Decawave DW-8",0.952047,1,12,0x508E,0x508E,1,"6188BEF2F002000100008E50"
694,262335300,262389044,262616629,262587139,262603017,262603019,262616629,262386996,262620725,"decoded_payload_last_chip",1,355.887918,356.196600,262,0.000000,-1683.442721,"Decawave DW-8",0.951900,1,12,0xD131,0xD131,1,"6188BFF2F0020001000031D1"
695,262713600,262767515,262995099,262965610,262981488,262981489,262995099,262765467,262999195,"decoded_payload_last_chip",1,356.401252,356.709932,262,0.000000,-1679.085830,"Decawave DW-8",0.951707,1,12,0xE8FA,0xE8FA,1,"6188C0F2F00200010000FAE8"
696,263092000,263145986,263373570,263344080,263359959,263359960,263373570,263143938,263377666,"decoded_payload_last_chip",1,356.914586,357.223267,262,0.000000,-1637.487591,"Decawave DW-8",0.952305,1,12,0x6945,0x6945,1,"6188C1F2F002000100004569"
697,263470500,263524456,263752041,263722551,263738429,263738431,263752041,263522408,263756137,"decoded_payload_last_chip",1,357.427919,357.736601,262,0.000000,-1637.826576,"Decawave DW-8",0.951714,1,12,0xE395,0xE395,1,"6188C2F2F0020001000095E3"
698,263849000,263902927,264130511,264101021,264116900,264116901,264130511,263900879,264134607,"decoded_payload_last_chip",1,357.941253,358.249934,262,0.000000,-1660.333602,"Decawave DW-8",0.951785,1,12,0x622A,0x622A,1,"6188C3F2F002000100002A62"
699,264227400,264281397,264508981,264479492,264495370,264495371,264508981,264279349,264513077,"decoded_payload_last_chip",1,358.454586,358.763266,262,0.000000,-1683.767853,"Decawave DW-8",0.952509,1,12,0xFE24,0xFE24,1,"6188C4F2F0020001000024FE"
700,264606000,264659868,264887452,264857962,264873841,264873842,264887452,264657820,264891548,"decoded_payload_last_chip",1,358.967920,359.276600,262,0.000000,-1669.018567,"Decawave DW-8",0.951287,1,12,0x7F9B,0x7F9B,1,"6188C5F2F002000100009B7F"
701,264984400,265038338,265265922,265236432,265252311,265252312,265265922,265036290,265270018,"decoded_payload_last_chip",1,359.481253,359.789933,262,0.000000,-1681.516076,"Decawave DW-8",0.952173,1,12,0xF54B,0xF54B,1,"6188C6F2F002000100004BF5"
702,265362900,265416808,265644393,265614903,265630781,265630783,265644393,265414760,265648489,"decoded_payload_last_chip",1,359.994586,360.303267,262,0.000000,-1702.873411,"Decawave DW-8",0.951833,1,12,0x74F4,0x74F4,1,"6188C7F2F00200010000F474"
703,265741400,265795279,266022863,265993373,266009252,266009253,266022863,265793231,266026959,"decoded_payload_last_chip",1,360.507920,360.816600,262,-0.000000,-1686.069734,"Decawave DW-8",0.952080,1,12,0xC546,0xC546,1,"6188C8F2F0020001000046C5"
704,266119800,266173750,266401334,266371844,266387723,266387724,266401334,266171702,266405430,"decoded_payload_last_chip",1,361.021254,361.329934,262,0.000000,-1675.088009,"Decawave DW-8",0.951630,1,12,0x44F9,0x44F9,1,"6188C9F2F00200010000F944"
705,266498300,266552220,266779804,266750315,266766193,266766195,266779804,266550172,266783900,"decoded_payload_last_chip",1,361.534587,361.843267,262,0.000000,-1663.819236,"Decawave DW-8",0.951486,1,12,0xCE29,0xCE29,1,"6188CAF2F0020001000029CE"
706,266876700,266930690,267158275,267128785,267144663,267144665,267158275,266928642,267162371,"decoded_payload_last_chip",1,362.047919,362.356601,262,0.000000,-1704.894732,"Decawave DW-8",0.951842,1,12,0x4F96,0x4F96,1,"6188CBF2F00200010000964F"
707,267255200,267309161,267536745,267507255,267523134,267523135,267536745,267307113,267540841,"decoded_payload_last_chip",1,362.561254,362.869934,262,0.000000,-1689.387186,"Decawave DW-8",0.951341,1,12,0xD398,0xD398,1,"6188CCF2F0020001000098D3"
708,267633800,267687632,267915216,267885726,267901605,267901606,267915216,267685584,267919312,"decoded_payload_last_chip",1,363.074588,363.383268,262,0.000000,-1694.480447,"Decawave DW-8",0.952262,1,12,0x5227,0x5227,1,"6188CDF2F002000100002752"
709,268012400,268066102,268293687,268264197,268280075,268280077,268293687,268064054,268297783,"decoded_payload_last_chip",1,363.587920,363.896602,262,0.000000,-1679.222182,"Decawave DW-8",0.951625,1,12,0xD8F7,0xD8F7,1,"6188CEF2F00200010000F7D8"
710,268390600,268444573,268672157,268642667,268658546,268658547,268672157,268442525,268676253,"decoded_payload_last_chip",1,364.101255,364.409935,262,0.000000,-1685.476004,"Decawave DW-8",0.951831,1,12,0x5948,0x5948,1,"6188CFF2F002000100004859"
711,268769300,268823043,269050627,269021138,269037016,269037017,269050627,268820995,269054723,"decoded_payload_last_chip",1,364.614587,364.923268,262,0.000000,-1699.480313,"Decawave DW-8",0.952149,1,12,0xB382,0xB382,1,"6188D0F2F0020001000082B3"
712,269147900,269201514,269429098,269399608,269415487,269415488,269429098,269199466,269433194,"decoded_payload_last_chip",1,365.127922,365.436602,262,0.000000,-1666.957821,"Decawave DW-8",0.951469,1,12,0x323D,0x323D,1,"6188D1F2F002000100003D32"
713,269525472,269579984,269807569,269778079,269793958,269793959,269807569,269577936,269811665,"decoded_payload_last_chip",1,365.641254,365.949936,262,5.209877,-1943.492019,"Decawave DW-8",0.948454,1,12,0xB8ED,0xB8ED,1,"6188D2F2F00200010000EDB8"
714,269904500,269958455,270186039,270156549,270172428,270172429,270186039,269956407,270190135,"decoded_payload_last_chip",1,366.154588,366.463269,262,-0.000000,-1689.355135,"Decawave DW-8",0.951622,1,12,0x3952,0x3952,1,"6188D3F2F002000100005239"
715,270283200,270336925,270564510,270535020,270550898,270550900,270564510,270334877,270568606,"decoded_payload_last_chip",1,366.667921,366.976603,262,0.000000,-1686.184433,"Decawave DW-8",0.952464,1,12,0xA55C,0xA55C,1,"6188D4F2F002000100005CA5"
716,270661400,270715396,270942980,270913490,270929368,270929370,270942980,270713348,270947076,"decoded_payload_last_chip",1,367.181255,367.489936,262,0.000000,-1663.119261,"Decawave DW-8",0.951624,1,12,0x24E3,0x24E3,1,"6188D5F2F00200010000E324"
717,271040200,271093866,271321450,271291961,271307839,271307841,271321450,271091818,271325546,"decoded_payload_last_chip",1,367.694588,368.003269,262,0.000000,-1685.426163,"Decawave DW-8",0.951817,1,12,0xAE33,0xAE33,1,"6188D6F2F0020001000033AE"
718,271418400,271472336,271699921,271670431,271686309,271686311,271699921,271470288,271704017,"decoded_payload_last_chip",1,368.207921,368.516603,262,0.000000,-1676.152619,"Decawave DW-8",0.952109,1,12,0x2F8C,0x2F8C,1,"6188D7F2F002000100008C2F"
719,271796900,271850807,272078391,272048901,272064780,272064781,272078391,271848759,272082487,"decoded_payload_last_chip",1,368.721255,369.029936,262,0.000000,-1675.591854,"Decawave DW-8",0.951882,1,12,0x9E3E,0x9E3E,1,"6188D8F2F002000100003E9E"
720,272175300,272229278,272456862,272427372,272443251,272443252,272456862,272227230,272460958,"decoded_payload_last_chip",1,369.234589,369.543270,262,0.000000,-1663.104993,"Decawave DW-8",0.951801,1,12,0x1F81,0x1F81,1,"6188D9F2F00200010000811F"
721,272553800,272607748,272835333,272805843,272821721,272821723,272835333,272605700,272839429,"decoded_payload_last_chip",1,369.747922,370.056604,262,0.000000,-1688.716575,"Decawave DW-8",0.951812,1,12,0x9551,0x9551,1,"6188DAF2F002000100005195"
722,272932300,272986219,273213803,273184313,273200192,273200193,273213803,272984171,273217899,"decoded_payload_last_chip",1,370.261256,370.569937,262,0.000000,-1692.203935,"Decawave DW-8",0.951738,1,12,0x14EE,0x14EE,1,"6188DBF2F00200010000EE14"
723,273310700,273364689,273592273,273562783,273578662,273578663,273592273,273362641,273596369,"decoded_payload_last_chip",1,370.774589,371.083270,262,0.000000,-1653.871375,"Decawave DW-8",0.952448,1,12,0x88E0,0x88E0,1,"6188DCF2F00200010000E088"
724,273689200,273743159,273970744,273941254,273957132,273957134,273970744,273741111,273974840,"decoded_payload_last_chip",1,371.287922,371.596604,262,0.000000,-1673.793177,"Decawave DW-8",0.952012,1,12,0x095F,0x095F,1,"6188DDF2F002000100005F09"
725,274067700,274121630,274349214,274319724,274335603,274335604,274349214,274119582,274353310,"decoded_payload_last_chip",1,371.801256,372.109937,262,-0.000000,-1693.597616,"Decawave DW-8",0.951560,1,12,0x838F,0x838F,1,"6188DEF2F002000100008F83"
726,274446100,274500101,274727685,274698195,274714074,274714075,274727685,274498053,274731781,"decoded_payload_last_chip",1,372.314590,372.623271,262,0.000000,-1676.593934,"Decawave DW-8",0.951672,1,12,0x0230,0x0230,1,"6188DFF2F002000100003002"
727,274824600,274878571,275106155,275076666,275092544,275092546,275106155,274876523,275110251,"decoded_payload_last_chip",1,372.827923,373.136603,262,0.000000,-1704.981087,"Decawave DW-8",0.951608,1,12,0x5E0A,0x5E0A,1,"6188E0F2F002000100000A5E"
728,275203100,275257042,275484626,275455136,275471015,275471016,275484626,275254994,275488722,"decoded_payload_last_chip",1,373.341257,373.649938,262,0.000000,-1706.474538,"Decawave DW-8",0.951764,1,12,0xDFB5,0xDFB5,1,"6188E1F2F00200010000B5DF"
729,275581700,275635512,275863097,275833607,275849485,275849487,275863097,275633464,275867193,"decoded_payload_last_chip",1,373.854590,374.163272,262,0.000000,-1679.783911,"Decawave DW-8",0.951753,1,12,0x5565,0x5565,1,"6188E2F2F002000100006555"
730,275960000,276013982,276241567,276212077,276227955,276227957,276241567,276011934,276245663,"decoded_payload_last_chip",1,374.367923,374.676605,262,0.000000,-1692.926963,"Decawave DW-8",0.951741,1,12,0xD4DA,0xD4DA,1,"6188E3F2F00200010000DAD4"
731,276338500,276392453,276620038,276590548,276606427,276606428,276620038,276390405,276624134,"decoded_payload_last_chip",1,374.881257,375.189939,262,5.407225,-1961.897573,"Decawave DW-8",0.947931,1,12,0x48D4,0x48D4,1,"6188E4F2F00200010000D448"
732,276717000,276770924,276998508,276969018,276984897,276984898,276998508,276768876,277002604,"decoded_payload_last_chip",1,375.394591,375.703271,262,-0.000000,-1675.843409,"Decawave DW-8",0.951854,1,12,0xC96B,0xC96B,1,"6188E5F2F002000100006BC9"
733,277095400,277149394,277376978,277347489,277363367,277363368,277376978,277147346,277381074,"decoded_payload_last_chip",1,375.907924,376.216604,262,0.000000,-1667.817360,"Decawave DW-8",0.952435,1,12,0x43BB,0x43BB,1,"6188E6F2F00200010000BB43"
734,277473900,277527865,277755449,277725959,277741837,277741839,277755449,277525817,277759545,"decoded_payload_last_chip",1,376.421258,376.729938,262,0.000000,-1676.031980,"Decawave DW-8",0.952282,1,12,0xC204,0xC204,1,"6188E7F2F0020001000004C2"
735,277852400,277906335,278133919,278104430,278120308,278120309,278133919,277904287,278138015,"decoded_payload_last_chip",1,376.934591,377.243271,262,0.000000,-1665.573630,"Decawave DW-8",0.951857,1,12,0x73B6,0x73B6,1,"6188E8F2F00200010000B673"
736,278230900,278284805,278512390,278482900,278498778,278498780,278512390,278282757,278516486,"decoded_payload_last_chip",1,377.447923,377.756605,262,0.000000,-1667.680291,"Decawave DW-8",0.951789,1,12,0xF209,0xF209,1,"6188E9F2F0020001000009F2"
737,278609300,278663276,278890861,278861371,278877249,278877251,278890861,278661228,278894957,"decoded_payload_last_chip",1,377.961258,378.269940,262,0.000000,-1682.343326,"Decawave DW-8",0.951945,1,12,0x78D9,0x78D9,1,"6188EAF2F00200010000D978"
738,278987800,279041747,279269331,279239841,279255720,279255721,279269331,279039699,279273427,"decoded_payload_last_chip",1,378.474592,378.783272,262,0.000000,-1665.744998,"Decawave DW-8",0.951805,1,12,0xF966,0xF966,1,"6188EBF2F0020001000066F9"
739,279366300,279420217,279647802,279618312,279634190,279634192,279647802,279418169,279651898,"decoded_payload_last_chip",1,378.987925,379.296606,262,0.000000,-1675.082685,"Decawave DW-8",0.951388,1,12,0x6568,0x6568,1,"6188ECF2F002000100006865"
740,279744900,279798687,280026272,279996782,280012660,280012662,280026272,279796639,280030368,"decoded_payload_last_chip",1,379.501257,379.809939,262,0.000000,-1675.696380,"Decawave DW-8",0.952002,1,12,0xE4D7,0xE4D7,1,"6188EDF2F00200010000D7E4"
741,280123200,280177158,280404742,280375252,280391131,280391132,280404742,280175110,280408838,"decoded_payload_last_chip",1,380.014591,380.323272,262,0.000000,-1691.834902,"Decawave DW-8",0.951937,1,12,0x6E07,0x6E07,1,"6188EEF2F00200010000076E"
742,280501800,280555629,280783213,280753723,280769602,280769603,280783213,280553581,280787309,"decoded_payload_last_chip",1,380.527926,380.836606,262,0.000000,-1666.774977,"Decawave DW-8",0.951730,1,12,0xEFB8,0xEFB8,1,"6188EFF2F00200010000B8EF"
743,280880100,280934099,281161684,281132194,281148072,281148074,281161684,280932051,281165780,"decoded_payload_last_chip",1,381.041258,381.349940,262,-0.000000,-1696.936291,"Decawave DW-8",0.951831,1,12,0x0572,0x0572,1,"6188F0F2F002000100007205"
744,281258700,281312569,281540154,281510664,281526542,281526544,281540154,281310521,281544250,"decoded_payload_last_chip",1,381.554591,381.863273,262,0.000000,-1683.135022,"Decawave DW-8",0.952389,1,12,0x84CD,0x84CD,1,"6188F1F2F00200010000CD84"
745,281637100,281691040,281918624,281889135,281905013,281905015,281918624,281688992,281922720,"decoded_payload_last_chip",1,382.067925,382.376606,262,0.000000,-1690.541771,"Decawave DW-8",0.952366,1,12,0x0E1D,0x0E1D,1,"6188F2F2F002000100001D0E"
746,282015700,282069510,282297096,282267606,282283484,282283486,282297096,282067462,282301192,"decoded_payload_last_chip",1,382.581258,382.889941,262,5.440062,-1962.351443,"Decawave DW-8",0.944857,1,12,0x8FA2,0x8FA2,1,"6188F3F2F00200010000A28F"
747,282394000,282447981,282675565,282646075,282661954,282661955,282675565,282445933,282679661,"decoded_payload_last_chip",1,383.094592,383.403273,262,0.000000,-1684.871871,"Decawave DW-8",0.951223,1,12,0x13AC,0x13AC,1,"6188F4F2F00200010000AC13"
748,282772500,282826451,283054036,283024546,283040424,283040426,283054036,282824403,283058132,"decoded_payload_last_chip",1,383.607925,383.916607,262,0.000000,-1651.293471,"Decawave DW-8",0.951661,1,12,0x9213,0x9213,1,"6188F5F2F002000100001392"
749,283151000,283204922,283432507,283403017,283418895,283418897,283432507,283202874,283436603,"decoded_payload_last_chip",1,384.121259,384.429941,262,3.806763,-1897.089545,"Decawave DW-8",0.951835,1,12,0x18C3,0x18C3,1,"6188F6F2F00200010000C318"
750,283529400,283583393,283810977,283781487,283797366,283797367,283810977,283581345,283815073,"decoded_payload_last_chip",1,384.634593,384.943274,262,0.000000,-1665.766490,"Decawave DW-8",0.951953,1,12,0x997C,0x997C,1,"6188F7F2F002000100007C99"
751,283907900,283961863,284189447,284159958,284175836,284175837,284189447,283959815,284193543,"decoded_payload_last_chip",1,385.147926,385.456607,262,0.000000,-1680.906478,"Decawave DW-8",0.952311,1,12,0x28CE,0x28CE,1,"6188F8F2F00200010000CE28"
752,284286400,284340334,284567918,284538428,284554306,284554308,284567918,284338286,284572014,"decoded_payload_last_chip",1,385.661260,385.969941,262,0.000000,-1647.322305,"Decawave DW-8",0.951292,1,12,0xA971,0xA971,1,"6188F9F2F0020001000071A9"
753,284664900,284718804,284946388,284916899,284932777,284932778,284946388,284716756,284950484,"decoded_payload_last_chip",1,386.174593,386.483274,262,0.000000,-1658.066290,"Decawave DW-8",0.951294,1,12,0x23A1,0x23A1,1,"6188FAF2F00200010000A123"
754,285043300,285097275,285324859,285295369,285311248,285311249,285324859,285095227,285328955,"decoded_payload_last_chip",1,386.687927,386.996608,262,0.000000,-1675.603859,"Decawave DW-8",0.952095,1,12,0xA21E,0xA21E,1,"6188FBF2F002000100001EA2"
755,285422000,285475745,285703329,285673840,285689718,285689720,285703329,285473697,285707425,"decoded_payload_last_chip",1,387.201260,387.509941,262,-0.000000,-1670.802988,"Decawave DW-8",0.951843,1,12,0x3E10,0x3E10,1,"6188FCF2F00200010000103E"
756,285800300,285854216,286081800,286052310,286068189,286068190,286081800,285852168,286085896,"decoded_payload_last_chip",1,387.714594,388.023275,262,0.000000,-1676.064851,"Decawave DW-8",0.952268,1,12,0xBFAF,0xBFAF,1,"6188FDF2F00200010000AFBF"
757,286178700,286232686,286460270,286430780,286446659,286446660,286460270,286230638,286464366,"decoded_payload_last_chip",1,388.227927,388.536608,262,0.000000,-1712.080138,"Decawave DW-8",0.951618,1,12,0x357F,0x357F,1,"6188FEF2F002000100007F35"
758,286557200,286611156,286838741,286809251,286825129,286825131,286838741,286609108,286842837,"decoded_payload_last_chip",1,388.741260,389.049942,262,-0.000000,-1645.966408,"Decawave DW-8",0.952115,1,12,0xB4C0,0xB4C0,1,"6188FFF2F00200010000C0B4"
759,286935800,286989627,287217211,287187722,287203600,287203602,287217211,286987579,287221307,"decoded_payload_last_chip",1,389.254594,389.563274,262,0.000000,-1699.710153,"Decawave DW-8",0.951339,1,12,0x46E9,0x46E9,1,"618800F2F00200010000E946"
760,287314100,287368098,287595682,287566192,287582071,287582072,287595682,287366050,287599778,"decoded_payload_last_chip",1,389.767928,390.076609,262,-0.000000,-1685.237675,"Decawave DW-8",0.951573,1,12,0xC756,0xC756,1,"618801F2F0020001000056C7"
761,287692600,287746568,287974152,287944663,287960541,287960543,287974152,287744520,287978248,"decoded_payload_last_chip",1,390.281261,390.589941,262,0.000000,-1683.426013,"Decawave DW-8",0.951592,1,12,0x4D86,0x4D86,1,"618802F2F00200010000864D"
762,288071100,288125039,288352623,288323133,288339012,288339013,288352623,288122991,288356719,"decoded_payload_last_chip",1,390.794595,391.103276,262,0.000000,-1667.711322,"Decawave DW-8",0.951746,1,12,0xCC39,0xCC39,1,"618803F2F0020001000039CC"
763,288449600,288503509,288731093,288701604,288717482,288717484,288731093,288501461,288735189,"decoded_payload_last_chip",1,391.307928,391.616608,262,0.000000,-1673.010320,"Decawave DW-8",0.951773,1,12,0x5037,0x5037,1,"618804F2F002000100003750"
764,288828000,288881979,289109564,289080074,289095952,289095954,289109564,288879931,289113660,"decoded_payload_last_chip",1,391.821261,392.129942,262,-0.000000,-1693.630461,"Decawave DW-8",0.951846,1,12,0xD188,0xD188,1,"618805F2F0020001000088D1"
765,289206500,289260450,289488034,289458544,289474423,289474424,289488034,289258402,289492130,"decoded_payload_last_chip",1,392.334595,392.643275,262,-0.000000,-1663.756666,"Decawave DW-8",0.951348,1,12,0x5B58,0x5B58,1,"618806F2F00200010000585B"
766,289585000,289638920,289866504,289837015,289852893,289852895,289866504,289636872,289870600,"decoded_payload_last_chip",1,392.847928,393.156608,262,0.000000,-1675.544265,"Decawave DW-8",0.952783,1,12,0xDAE7,0xDAE7,1,"618807F2F00200010000E7DA"
767,289963400,290017391,290244975,290215486,290231364,290231366,290244975,290015343,290249071,"decoded_payload_last_chip",1,393.361262,393.669942,262,0.000000,-1685.558213,"Decawave DW-8",0.951269,1,12,0x6B55,0x6B55,1,"618808F2F00200010000556B"
768,290341900,290395862,290623446,290593956,290609835,290609836,290623446,290393814,290627542,"decoded_payload_last_chip",1,393.874596,394.183276,262,0.000000,-1670.072221,"Decawave DW-8",0.952059,1,12,0xEAEA,0xEAEA,1,"618809F2F00200010000EAEA"
769,290720500,290774332,291001917,290972427,290988305,290988307,291001917,290772284,291006013,"decoded_payload_last_chip",1,394.387929,394.696611,262,0.000000,-1673.725954,"Decawave DW-8",0.951241,1,12,0x603A,0x603A,1,"61880AF2F002000100003A60"
770,291099100,291152802,291380387,291350897,291366775,291366777,291380387,291150754,291384483,"decoded_payload_last_chip",1,394.901261,395.209943,262,0.000000,-1674.447402,"Decawave DW-8",0.951980,1,12,0xE185,0xE185,1,"61880BF2F0020001000085E1"
771,291477300,291531273,291758858,291729368,291745247,291745248,291758858,291529225,291762954,"decoded_payload_last_chip",1,395.414596,395.723277,262,5.404927,-1972.479408,"Decawave DW-8",0.946642,1,12,0x7D8B,0x7D8B,1,"61880CF2F002000100008B7D"
772,291855800,291909744,292137328,292107838,292123717,292123718,292137328,291907696,292141424,"decoded_payload_last_chip",1,395.927930,396.236610,262,0.000000,-1678.843880,"Decawave DW-8",0.951038,1,12,0xFC34,0xFC34,1,"61880DF2F0020001000034FC"
773,292234600,292288214,292515798,292486308,292502187,292502188,292515798,292286166,292519894,"decoded_payload_last_chip",1,396.441262,396.749943,262,0.000000,-1673.417278,"Decawave DW-8",0.951780,1,12,0x76E4,0x76E4,1,"61880EF2F00200010000E476"
774,292612700,292666684,292894269,292864779,292880657,292880659,292894269,292664636,292898365,"decoded_payload_last_chip",1,396.954595,397.263277,262,0.000000,-1671.619536,"Decawave DW-8",0.951598,1,12,0xF75B,0xF75B,1,"61880FF2F002000100005BF7"
775,292991200,293045155,293272739,293243249,293259128,293259129,293272739,293043107,293276835,"decoded_payload_last_chip",1,397.467929,397.776610,262,0.000000,-1680.525527,"Decawave DW-8",0.951160,1,12,0x1D91,0x1D91,1,"618810F2F00200010000911D"
776,293369700,293423625,293651210,293621720,293637598,293637600,293651210,293421577,293655306,"decoded_payload_last_chip",1,397.981262,398.289944,262,0.000000,-1664.620753,"Decawave DW-8",0.951619,1,12,0x9C2E,0x9C2E,1,"618811F2F002000100002E9C"
777,293748100,293802096,294029681,294000191,294016069,294016071,294029681,293800048,294033777,"decoded_payload_last_chip",1,398.494596,398.803278,262,0.000000,-1657.557273,"Decawave DW-8",0.951858,1,12,0x16FE,0x16FE,1,"618812F2F00200010000FE16"
778,294126900,294180566,294408150,294378661,294394539,294394541,294408150,294178518,294412246,"decoded_payload_last_chip",1,399.007929,399.316610,262,0.000000,-1692.188790,"Decawave DW-8",0.951881,1,12,0x9741,0x9741,1,"618813F2F002000100004197"
779,294505100,294559037,294786621,294757132,294773010,294773012,294786621,294556989,294790717,"decoded_payload_last_chip",1,399.521263,399.829944,262,0.000000,-1681.737867,"Decawave DW-8",0.950984,1,12,0x0B4F,0x0B4F,1,"618814F2F002000100004F0B"
780,294883700,294937507,295165092,295135602,295151480,295151482,295165092,294935459,295169188,"decoded_payload_last_chip",1,400.034596,400.343278,262,0.000000,-1680.029807,"Decawave DW-8",0.952306,1,12,0x8AF0,0x8AF0,1,"618815F2F00200010000F08A"
781,295262000,295315978,295543562,295514072,295529951,295529952,295543562,295313930,295547658,"decoded_payload_last_chip",1,400.547930,400.856611,262,0.000000,-1677.800411,"Decawave DW-8",0.952050,1,12,0x0020,0x0020,1,"618816F2F002000100002000"
782,295640500,295694448,295922033,295892543,295908421,295908423,295922033,295692400,295926129,"decoded_payload_last_chip",1,401.061263,401.369945,262,0.000000,-1694.757839,"Decawave DW-8",0.952030,1,12,0x819F,0x819F,1,"618817F2F002000100009F81"
783,296019000,296072919,296300503,296271013,296286892,296286893,296300503,296070871,296304599,"decoded_payload_last_chip",1,401.574597,401.883278,262,0.000000,-1658.791950,"Decawave DW-8",0.951812,1,12,0x302D,0x302D,1,"618818F2F002000100002D30"
784,296397400,296451390,296678974,296649484,296665363,296665364,296678974,296449342,296683070,"decoded_payload_last_chip",1,402.087931,402.396612,262,0.000000,-1673.081454,"Decawave DW-8",0.952107,1,12,0xB192,0xB192,1,"618819F2F0020001000092B1"
785,296775900,296829860,297057444,297027955,297043833,297043835,297057444,296827812,297061540,"decoded_payload_last_chip",1,402.601264,402.909945,262,0.000000,-1678.081625,"Decawave DW-8",0.951933,1,12,0x3B42,0x3B42,1,"61881AF2F00200010000423B"
786,297154400,297208331,297435915,297406425,297422304,297422305,297435915,297206283,297440011,"decoded_payload_last_chip",1,403.114598,403.423279,262,0.000000,-1680.235367,"Decawave DW-8",0.952099,1,12,0xBAFD,0xBAFD,1,"61881BF2F00200010000FDBA"
787,297533100,297586801,297814385,297784895,297800774,297800775,297814385,297584753,297818481,"decoded_payload_last_chip",1,403.627931,403.936612,262,0.000000,-1675.224790,"Decawave DW-8",0.951469,1,12,0x26F3,0x26F3,1,"61881CF2F00200010000F326"
788,297911300,297965271,298192855,298163366,298179244,298179246,298192855,297963223,298196951,"decoded_payload_last_chip",1,404.141264,404.449944,262,0.000000,-1669.665300,"Decawave DW-8",0.952134,1,12,0xA74C,0xA74C,1,"61881DF2F002000100004CA7"
789,298288376,298343742,298571326,298541837,298557715,298557717,298571326,298341694,298575422,"decoded_payload_last_chip",1,404.654598,404.963279,262,0.000000,-1662.677846,"Decawave DW-8",0.951628,1,12,0x2D9C,0x2D9C,1,"61881EF2F002000100009C2D"
790,298667900,298722212,298949797,298920307,298936185,298936187,298949797,298720164,298953893,"decoded_payload_last_chip",1,405.167931,405.476613,262,0.000000,-1689.020194,"Decawave DW-8",0.952387,1,12,0xAC23,0xAC23,1,"61881FF2F0020001000023AC"
791,299046700,299100683,299328267,299298778,299314656,299314657,299328267,299098635,299332363,"decoded_payload_last_chip",1,405.681265,405.989945,262,0.000000,-1695.710411,"Decawave DW-8",0.951825,1,12,0xF019,0xF019,1,"618820F2F0020001000019F0"
792,299425200,299479153,299706738,299677248,299693126,299693128,299706738,299477105,299710834,"decoded_payload_last_chip",1,406.194598,406.503280,262,0.000000,-1719.962777,"Decawave DW-8",0.951172,1,12,0x71A6,0x71A6,1,"618821F2F00200010000A671"
793,299803700,299857624,300085208,300055718,300071597,300071598,300085208,299855576,300089304,"decoded_payload_last_chip",1,406.707932,407.016612,262,-0.000000,-1684.387302,"Decawave DW-8",0.951560,1,12,0xFB76,0xFB76,1,"618822F2F0020001000076FB"
794,300182100,300236095,300463679,300434189,300450068,300450069,300463679,300234047,300467775,"decoded_payload_last_chip",1,407.221266,407.529947,262,0.000000,-1685.801763,"Decawave DW-8",0.951266,1,12,0x7AC9,0x7AC9,1,"618823F2F00200010000C97A"
795,300560600,300614565,300842150,300812660,300828538,300828540,300842150,300612517,300846246,"decoded_payload_last_chip",1,407.734599,408.043281,262,0.000000,-1697.561954,"Decawave DW-8",0.951692,1,12,0xE6C7,0xE6C7,1,"618824F2F00200010000C7E6"
796,300939100,300993036,301220620,301191130,301207009,301207010,301220620,300990988,301224716,"decoded_payload_last_chip",1,408.247933,408.556613,262,0.000000,-1692.827382,"Decawave DW-8",0.951480,1,12,0x6778,0x6778,1,"618825F2F002000100007867"
797,301317600,301371506,301599090,301569601,301585479,301585481,301599090,301369458,301603186,"decoded_payload_last_chip",1,408.761266,409.069946,262,-0.000000,-1663.370762,"Decawave DW-8",0.951685,1,12,0xEDA8,0xEDA8,1,"618826F2F00200010000A8ED"
798,301696000,301749976,301977561,301948071,301963949,301963951,301977561,301747928,301981657,"decoded_payload_last_chip",1,409.274599,409.583280,262,0.000000,-1682.462963,"Decawave DW-8",0.951839,1,12,0x6C17,0x6C17,1,"618827F2F00200010000176C"
799,302074500,302128447,302356031,302326541,302342420,302342421,302356031,302126399,302360127,"decoded_payload_last_chip",1,409.787933,410.096613,262,-0.000000,-1695.393624,"Decawave DW-8",0.951929,1,12,0xDDA5,0xDDA5,1,"618828F2F00200010000A5DD"
800,302452088,302506917,302734502,302705012,302720890,302720892,302734502,302504869,302738598,"decoded_payload_last_chip",1,410.301265,410.609947,262,0.000000,-1678.703513,"Decawave DW-8",0.951899,1,12,0x5C1A,0x5C1A,1,"618829F2F002000100001A5C"
801,302831600,302885388,303112972,303083483,303099361,303099362,303112972,302883340,303117068,"decoded_payload_last_chip",1,410.814600,411.123280,262,0.000000,-1698.609047,"Decawave DW-8",0.951105,1,12,0xD6CA,0xD6CA,1,"61882AF2F00200010000CAD6"
802,303209900,303263859,303491443,303461953,303477832,303477833,303491443,303261811,303495539,"decoded_payload_last_chip",1,411.327934,411.636614,262,0.000000,-1670.688170,"Decawave DW-8",0.951729,1,12,0x5775,0x5775,1,"61882BF2F002000100007557"
803,303588500,303642329,303869913,303840423,303856302,303856303,303869913,303640281,303874009,"decoded_payload_last_chip",1,411.841267,412.149947,262,0.000000,-1671.616214,"Decawave DW-8",0.952405,1,12,0xCB7B,0xCB7B,1,"61882CF2F002000100007BCB"
804,303966800,304020799,304248384,304218894,304234772,304234774,304248384,304018751,304252480,"decoded_payload_last_chip",1,412.354599,412.663281,262,-0.000000,-1684.841484,"Decawave DW-8",0.952208,1,12,0x4AC4,0x4AC4,1,"61882DF2F00200010000C44A"
805,304345500,304399270,304626855,304597365,304613243,304613245,304626855,304397222,304630951,"decoded_payload_last_chip",1,412.867933,413.176615,262,0.000000,-1663.883479,"Decawave DW-8",0.951726,1,12,0xC014,0xC014,1,"61882EF2F0020001000014C0"
806,304723800,304777740,305005324,304975835,304991713,304991715,305005324,304775692,305009420,"decoded_payload_last_chip",1,413.381266,413.689947,262,0.000000,-1685.464482,"Decawave DW-8",0.951442,1,12,0x41AB,0x41AB,1,"61882FF2F00200010000AB41"
807,305102400,305156211,305383795,305354305,305370184,305370185,305383795,305154163,305387891,"decoded_payload_last_chip",1,413.894600,414.203281,262,-0.000000,-1706.344137,"Decawave DW-8",0.952047,1,12,0xAB61,0xAB61,1,"618830F2F0020001000061AB"
808,305480700,305534682,305762266,305732776,305748654,305748656,305762266,305532634,305766362,"decoded_payload_last_chip",1,414.407935,414.716615,262,0.000000,-1687.843648,"Decawave DW-8",0.951725,1,12,0x2ADE,0x2ADE,1,"618831F2F00200010000DE2A"
809,305855000,305913152,306140737,306111247,306127126,306127127,306140737,305911104,306144833,"decoded_payload_last_chip",1,414.921267,415.229949,262,5.186891,-1954.377699,"Decawave DW-8",0.949522,1,12,0xA00E,0xA00E,1,"618832F2F002000100000EA0"
810,306237700,306291622,306519207,306489717,306505595,306505597,306519207,306289574,306523303,"decoded_payload_last_chip",1,415.434600,415.743282,262,-0.000000,-1677.602175,"Decawave DW-8",0.951878,1,12,0x21B1,0x21B1,1,"618833F2F00200010000B121"
811,306616100,306670093,306897678,306868188,306884067,306884068,306897678,306668045,306901774,"decoded_payload_last_chip",1,415.947934,416.256616,262,5.194115,-1909.163508,"Decawave DW-8",0.948863,1,12,0xBDBF,0xBDBF,1,"618834F2F00200010000BFBD"
812,306994600,307048564,307276148,307246658,307262537,307262538,307276148,307046516,307280244,"decoded_payload_last_chip",1,416.461268,416.769949,262,0.000000,-1664.979442,"Decawave DW-8",0.950829,1,12,0x3C00,0x3C00,1,"618835F2F00200010000003C"
813,307373100,307427034,307654619,307625129,307641007,307641009,307654619,307424986,307658715,"decoded_payload_last_chip",1,416.974601,417.283283,262,0.000000,-1668.633553,"Decawave DW-8",0.951913,1,12,0xB6D0,0xB6D0,1,"618836F2F00200010000D0B6"
814,307751600,307805505,308033089,308003599,308019478,308019479,308033089,307803457,308037185,"decoded_payload_last_chip",1,417.487935,417.796616,262,0.000000,-1673.001957,"Decawave DW-8",0.951749,1,12,0x376F,0x376F,1,"618837F2F002000100006F37"
815,308130000,308183975,308411559,308382069,308397948,308397949,308411559,308181927,308415655,"decoded_payload_last_chip",1,418.001268,418.309949,262,0.000000,-1690.569220,"Decawave DW-8",0.951601,1,12,0x86DD,0x86DD,1,"618838F2F00200010000DD86"
816,308508500,308562445,308790030,308760540,308776418,308776420,308790030,308560397,308794126,"decoded_payload_last_chip",1,418.514601,418.823283,262,0.000000,-1700.495875,"Decawave DW-8",0.951263,1,12,0x0762,0x0762,1,"618839F2F002000100006207"
817,308887000,308940916,309168500,309139010,309154889,309154890,309168500,308938868,309172596,"decoded_payload_last_chip",1,419.027935,419.336616,262,0.000000,-1713.545617,"Decawave DW-8",0.951885,1,12,0x8DB2,0x8DB2,1,"61883AF2F00200010000B28D"
818,309265400,309319387,309546971,309517481,309533360,309533361,309546971,309317339,309551067,"decoded_payload_last_chip",1,419.541269,419.849950,262,0.000000,-1645.424789,"Decawave DW-8",0.951396,1,12,0x0C0D,0x0C0D,1,"61883BF2F002000100000D0C"
819,309643900,309697857,309925441,309895952,309911830,309911832,309925441,309695809,309929537,"decoded_payload_last_chip",1,420.054602,420.363283,262,0.000000,-1690.610372,"Decawave DW-8",0.951289,1,12,0x9003,0x9003,1,"61883CF2F002000100000390"
820,310022500,310076327,310303911,310274422,310290300,310290302,310303911,310074279,310308007,"decoded_payload_last_chip",1,420.567935,420.876615,262,0.000000,-1703.190145,"Decawave DW-8",0.951593,1,12,0x11BC,0x11BC,1,"61883DF2F00200010000BC11"
821,310399300,310454798,310682383,310652893,310668772,310668773,310682383,310452750,310686479,"decoded_payload_last_chip",1,421.081269,421.389951,262,4.735386,-1873.765739,"Decawave DW-8",0.950607,1,12,0x9B6C,0x9B6C,1,"61883EF2F002000100006C9B"
822,310779300,310833268,311060852,311031363,311047241,311047243,311060852,310831220,311064948,"decoded_payload_last_chip",1,421.594602,421.903282,262,0.000000,-1678.361859,"Decawave DW-8",0.951517,1,12,0x1AD3,0x1AD3,1,"61883FF2F00200010000D31A"
823,311157800,311211739,311439323,311409833,311425712,311425713,311439323,311209691,311443419,"decoded_payload_last_chip",1,422.107936,422.416616,262,0.000000,-1639.489948,"Decawave DW-8",0.952004,1,12,0x2318,0x2318,1,"618840F2F002000100001823"
824,311536400,311590209,311817794,311788304,311804182,311804184,311817794,311588161,311821890,"decoded_payload_last_chip",1,422.621269,422.929951,262,0.000000,-1669.961468,"Decawave DW-8",0.952267,1,12,0xA2A7,0xA2A7,1,"618841F2F00200010000A7A2"
825,311914800,311968680,312196264,312166774,312182653,312182654,312196264,311966632,312200360,"decoded_payload_last_chip",1,423.134603,423.443283,262,0.000000,-1657.710372,"Decawave DW-8",0.952163,1,12,0x2877,0x2877,1,"618842F2F002000100007728"
826,312293200,312347151,312574735,312545245,312561123,312561125,312574735,312345103,312578831,"decoded_payload_last_chip",1,423.647937,423.956618,262,0.000000,-1651.220384,"Decawave DW-8",0.951846,1,12,0xA9C8,0xA9C8,1,"618843F2F00200010000C8A9"
827,312671700,312725621,312953205,312923716,312939594,312939595,312953205,312723573,312957301,"decoded_payload_last_chip",1,424.161270,424.469950,262,0.000000,-1687.872970,"Decawave DW-8",0.951680,1,12,0x35C6,0x35C6,1,"618844F2F00200010000C635"
828,313050100,313104091,313331675,313302186,313318064,313318066,313331675,313102043,313335771,"decoded_payload_last_chip",1,424.674603,424.983283,262,0.000000,-1669.669765,"Decawave DW-8",0.952158,1,12,0xB479,0xB479,1,"618845F2F0020001000079B4"
829,313428600,313482562,313710147,313680657,313696536,313696537,313710147,313480514,313714243,"decoded_payload_last_chip",1,425.187937,425.496619,262,5.477168,-1940.389201,"Decawave DW-8",0.945350,1,12,0x3EA9,0x3EA9,1,"618846F2F00200010000A93E"
830,313807200,313861032,314088617,314059127,314075005,314075007,314088617,313858984,314092713,"decoded_payload_last_chip",1,425.701270,426.009951,262,0.000000,-1676.554165,"Decawave DW-8",0.950922,1,12,0xBF16,0xBF16,1,"618847F2F0020001000016BF"
831,314185800,314239503,314467087,314437598,314453476,314453478,314467087,314237455,314471183,"decoded_payload_last_chip",1,426.214604,426.523284,262,0.000000,-1691.170316,"Decawave DW-8",0.951571,1,12,0x0EA4,0x0EA4,1,"618848F2F00200010000A40E"
832,314564000,314617973,314845558,314816068,314831946,314831948,314845558,314615925,314849654,"decoded_payload_last_chip",1,426.727936,427.036618,262,0.000000,-1699.975967,"Decawave DW-8",0.951604,1,12,0x8F1B,0x8F1B,1,"618849F2F002000100001B8F"
833,314942500,314996444,315224028,315194538,315210417,315210418,315224028,314994396,315228124,"decoded_payload_last_chip",1,427.241271,427.549951,262,0.000000,-1676.505275,"Decawave DW-8",0.951901,1,12,0x05CB,0x05CB,1,"61884AF2F00200010000CB05"
834,315321200,315374914,315602498,315573009,315588887,315588889,315602498,315372866,315606594,"decoded_payload_last_chip",1,427.754603,428.063284,262,0.000000,-1659.170661,"Decawave DW-8",0.952421,1,12,0x8474,0x8474,1,"61884BF2F002000100007484"
835,315693700,315753385,315980969,315951479,315967358,315967359,315980969,315751337,315985065,"decoded_payload_last_chip",1,428.267938,428.576618,262,0.000000,-1662.989268,"Decawave DW-8",0.952203,1,12,0x187A,0x187A,1,"61884CF2F002000100007A18"
836,316077500,316131855,316359439,316329950,316345828,316345830,316359439,316129807,316363535,"decoded_payload_last_chip",1,428.781270,429.089951,262,-0.000000,-1688.778172,"Decawave DW-8",0.952229,1,12,0x99C5,0x99C5,1,"61884DF2F00200010000C599"
837,316456500,316510326,316737910,316708420,316724299,316724300,316737910,316508278,316742006,"decoded_payload_last_chip",1,429.294604,429.603285,262,0.000000,-1674.022704,"Decawave DW-8",0.951936,1,12,0x1315,0x1315,1,"61884EF2F002000100001513"
838,316834800,316888796,317116381,317086891,317102769,317102771,317116381,316886748,317120477,"decoded_payload_last_chip",1,429.807937,430.116619,262,0.000000,-1683.506421,"Decawave DW-8",0.951924,1,12,0x92AA,0x92AA,1,"61884FF2F00200010000AA92"
839,317213400,317267267,317494851,317465362,317481240,317481241,317494851,317265219,317498947,"decoded_payload_last_chip",1,430.321271,430.629952,262,0.000000,-1675.822014,"Decawave DW-8",0.951707,1,12,0x7860,0x7860,1,"618850F2F002000100006078"
840,317591800,317645737,317873321,317843832,317859710,317859712,317873321,317643689,317877417,"decoded_payload_last_chip",1,430.834604,431.143285,262,0.000000,-1681.357084,"Decawave DW-8",0.952115,1,12,0xF9DF,0xF9DF,1,"618851F2F00200010000DFF9"
841,317970400,318024208,318251792,318222303,318238181,318238182,318251792,318022160,318255888,"decoded_payload_last_chip",1,431.347938,431.656619,262,0.000000,-1655.457211,"Decawave DW-8",0.952176,1,12,0x730F,0x730F,1,"618852F2F002000100000F73"
842,318348700,318402679,318630263,318600773,318616652,318616653,318630263,318400631,318634359,"decoded_payload_last_chip",1,431.861273,432.169953,262,0.000000,-1659.269291,"Decawave DW-8",0.951589,1,12,0xF2B0,0xF2B0,1,"618853F2F00200010000B0F2"
843,318727300,318781149,319008733,318979243,318995122,318995123,319008733,318779101,319012829,"decoded_payload_last_chip",1,432.374605,432.683286,262,0.000000,-1678.062845,"Decawave DW-8",0.951708,1,12,0x6EBE,0x6EBE,1,"618854F2F00200010000BE6E"
844,319105700,319159620,319387204,319357714,319373592,319373594,319387204,319157572,319391300,"decoded_payload_last_chip",1,432.887939,433.196620,262,0.000000,-1689.026556,"Decawave DW-8",0.951921,1,12,0xEF01,0xEF01,1,"618855F2F0020001000001EF"
845,319484100,319538090,319765674,319736184,319752063,319752064,319765674,319536042,319769770,"decoded_payload_last_chip",1,433.401272,433.709953,262,0.000000,-1694.964063,"Decawave DW-8",0.951833,1,12,0x65D1,0x65D1,1,"618856F2F00200010000D165"
846,319862600,319916560,320144144,320114655,320130533,320130535,320144144,319914512,320148240,"decoded_payload_last_chip",1,433.914605,434.223286,262,0.000000,-1647.290321,"Decawave DW-8",0.952037,1,12,0xE46E,0xE46E,1,"618857F2F002000100006EE4"
847,320241200,320295031,320522615,320493125,320509004,320509005,320522615,320292983,320526711,"decoded_payload_last_chip",1,434.427939,434.736620,262,0.000000,-1692.994236,"Decawave DW-8",0.951915,1,12,0x55DC,0x55DC,1,"618858F2F00200010000DC55"
848,320619800,320673502,320901086,320871596,320887475,320887476,320901086,320671454,320905182,"decoded_payload_last_chip",1,434.941273,435.249954,262,0.000000,-1663.185455,"Decawave DW-8",0.951539,1,12,0xD463,0xD463,1,"618859F2F0020001000063D4"
849,320998000,321051972,321279556,321250066,321265945,321265946,321279556,321049924,321283652,"decoded_payload_last_chip",1,435.454606,435.763287,262,0.000000,-1692.397098,"Decawave DW-8",0.951397,1,12,0x5EB3,0x5EB3,1,"61885AF2F00200010000B35E"
850,321376700,321430442,321658027,321628537,321644415,321644417,321658027,321428394,321662123,"decoded_payload_last_chip",1,435.967939,436.276621,262,0.000000,-1656.822910,"Decawave DW-8",0.951007,1,12,0xDF0C,0xDF0C,1,"61885BF2F002000100000CDF"
851,321755300,321808913,322036497,322007008,322022886,322022887,322036497,321806865,322040593,"decoded_payload_last_chip",1,436.481273,436.789954,262,0.000000,-1668.739574,"Decawave DW-8",0.951846,1,12,0x4302,0x4302,1,"61885CF2F002000100000243"
852,322133400,322187384,322414968,322385478,322401357,322401358,322414968,322185336,322419064,"decoded_payload_last_chip",1,436.994607,437.303288,262,0.000000,-1692.928406,"Decawave DW-8",0.951457,1,12,0xC2BD,0xC2BD,1,"61885DF2F00200010000BDC2"
853,322507000,322565854,322793438,322763948,322779827,322779828,322793438,322563806,322797534,"decoded_payload_last_chip",1,437.507940,437.816621,262,0.000000,-1662.970711,"Decawave DW-8",0.951928,1,12,0x486D,0x486D,1,"61885EF2F002000100006D48"
854,322890400,322944325,323171909,323142419,323158298,323158299,323171909,322942277,323176005,"decoded_payload_last_chip",1,438.021274,438.329955,262,-0.000000,-1664.267522,"Decawave DW-8",0.951686,1,12,0xC9D2,0xC9D2,1,"61885FF2F00200010000D2C9"
855,323268800,323322795,323550379,323520889,323536768,323536769,323550379,323320747,323554475,"decoded_payload_last_chip",1,438.534607,438.843287,262,0.000000,-1687.001065,"Decawave DW-8",0.952111,1,12,0x95E8,0x95E8,1,"618860F2F00200010000E895"
856,323647300,323701265,323928850,323899360,323915238,323915240,323928850,323699217,323932946,"decoded_payload_last_chip",1,439.047940,439.356622,262,0.000000,-1677.390564,"Decawave DW-8",0.951783,1,12,0x1457,0x1457,1,"618861F2F002000100005714"
857,324025700,324079736,324307320,324277831,324293709,324293711,324307320,324077688,324311416,"decoded_payload_last_chip",1,439.561274,439.869954,262,0.000000,-1684.102780,"Decawave DW-8",0.952044,1,12,0x9E87,0x9E87,1,"618862F2F00200010000879E"
858,324404300,324458206,324685790,324656301,324672179,324672181,324685790,324456158,324689886,"decoded_payload_last_chip",1,440.074607,440.383287,262,-0.000000,-1684.350849,"Decawave DW-8",0.951790,1,12,0x1F38,0x1F38,1,"618863F2F00200010000381F"
859,324782700,324836677,325064261,325034772,325050650,325050652,325064261,324834629,325068357,"decoded_payload_last_chip",1,440.587941,440.896621,262,-0.000000,-1668.088557,"Decawave DW-8",0.952145,1,12,0x8336,0x8336,1,"618864F2F002000100003683"
860,325161200,325215148,325442732,325413242,325429120,325429122,325442732,325213100,325446828,"decoded_payload_last_chip",1,441.101275,441.409956,262,0.000000,-1664.770153,"Decawave DW-8",0.951732,1,12,0x0289,0x0289,1,"618865F2F002000100008902"
861,325539700,325593618,325821202,325791713,325807591,325807592,325821202,325591570,325825298,"decoded_payload_last_chip",1,441.614608,441.923288,262,-0.000000,-1658.361622,"Decawave DW-8",0.952114,1,12,0x8859,0x8859,1,"618866F2F002000100005988"
862,325918100,325972088,326199672,326170183,326186061,326186063,326199672,325970040,326203768,"decoded_payload_last_chip",1,442.127941,442.436621,262,0.000000,-1657.201688,"Decawave DW-8",0.951927,1,12,0x09E6,0x09E6,1,"618867F2F00200010000E609"
863,326296700,326350559,326578143,326548653,326564532,326564533,326578143,326348511,326582239,"decoded_payload_last_chip",1,442.641275,442.949955,262,0.000000,-1667.145627,"Decawave DW-8",0.952069,1,12,0xB854,0xB854,1,"618868F2F0020001000054B8"
864,326675200,326729029,326956614,326927124,326943002,326943004,326956614,326726981,326960710,"decoded_payload_last_chip",1,443.154607,443.463289,262,0.000000,-1661.215379,"Decawave DW-8",0.951920,1,12,0x39EB,0x39EB,1,"618869F2F00200010000EB39"
865,327053500,327107500,327335084,327305595,327321473,327321474,327335084,327105452,327339180,"decoded_payload_last_chip",1,443.667942,443.976622,262,0.000000,-1676.582502,"Decawave DW-8",0.951885,1,12,0xB33B,0xB33B,1,"61886AF2F002000100003BB3"
866,327432000,327485970,327713555,327684065,327699943,327699945,327713555,327483922,327717651,"decoded_payload_last_chip",1,444.181274,444.489956,262,0.000000,-1677.937431,"Decawave DW-8",0.951951,1,12,0x3284,0x3284,1,"61886BF2F002000100008432"
867,327810500,327864441,328092025,328062535,328078414,328078415,328092025,327862393,328096121,"decoded_payload_last_chip",1,444.694609,445.003289,262,0.000000,-1663.521221,"Decawave DW-8",0.951685,1,12,0xAE8A,0xAE8A,1,"61886CF2F002000100008AAE"
868,328188800,328242912,328470496,328441006,328456884,328456886,328470496,328240864,328474592,"decoded_payload_last_chip",1,445.207943,445.516623,262,0.000000,-1664.390206,"Decawave DW-8",0.951960,1,12,0x2F35,0x2F35,1,"61886DF2F00200010000352F"
869,328567400,328621382,328848967,328819477,328835356,328835357,328848967,328619334,328853063,"decoded_payload_last_chip",1,445.721275,446.029957,262,5.613769,-1965.772025,"Decawave DW-8",0.947106,1,12,0xA5E5,0xA5E5,1,"61886EF2F00200010000E5A5"
870,328946000,328999852,329227437,329197947,329213825,329213827,329227437,328997804,329231533,"decoded_payload_last_chip",1,446.234608,446.543290,262,0.000000,-1659.614191,"Decawave DW-8",0.952317,1,12,0x245A,0x245A,1,"61886FF2F002000100005A24"
871,329324400,329378323,329605907,329576418,329592296,329592298,329605907,329376275,329610003,"decoded_payload_last_chip",1,446.747942,447.056623,262,0.000000,-1656.811188,"Decawave DW-8",0.951086,1,12,0xCE90,0xCE90,1,"618870F2F0020001000090CE"
872,329702800,329756793,329984378,329954888,329970766,329970768,329984378,329754745,329988474,"decoded_payload_last_chip",1,447.261275,447.569957,262,0.000000,-1685.856217,"Decawave DW-8",0.952306,1,12,0x4F2F,0x4F2F,1,"618871F2F002000100002F4F"
873,330081300,330135264,330362848,330333358,330349237,330349238,330362848,330133216,330366944,"decoded_payload_last_chip",1,447.774609,448.083290,262,0.000000,-1678.090208,"Decawave DW-8",0.952152,1,12,0xC5FF,0xC5FF,1,"618872F2F00200010000FFC5"
874,330459800,330513734,330741319,330711829,330727707,330727709,330741319,330511686,330745415,"decoded_payload_last_chip",1,448.287942,448.596624,262,-0.000000,-1673.386494,"Decawave DW-8",0.951542,1,12,0x4440,0x4440,1,"618873F2F002000100004044"
875,330838300,330892205,331119789,331090299,331106178,331106179,331119789,330890157,331123885,"decoded_payload_last_chip",1,448.801276,449.109957,262,0.000000,-1691.193048,"Decawave DW-8",0.951744,1,12,0xD84E,0xD84E,1,"618874F2F002000100004ED8"
876,331216700,331270676,331498260,331468770,331484649,331484650,331498260,331268628,331502356,"decoded_payload_last_chip",1,449.314610,449.623291,262,0.000000,-1686.415443,"Decawave DW-8",0.951841,1,12,0x59F1,0x59F1,1,"618875F2F00200010000F159"
877,331595200,331649146,331876730,331847241,331863119,331863120,331876730,331647098,331880826,"decoded_payload_last_chip",1,449.827943,450.136624,262,0.000000,-1675.287401,"Decawave DW-8",0.951881,1,12,0xD321,0xD321,1,"618876F2F0020001000021D3"
878,331973700,332027617,332255201,332225711,332241589,332241591,332255201,332025569,332259297,"decoded_payload_last_chip",1,450.341277,450.649958,262,0.000000,-1652.004792,"Decawave DW-8",0.951640,1,12,0x529E,0x529E,1,"618877F2F002000100009E52"
879,332352100,332406087,332633671,332604181,332620060,332620061,332633671,332404039,332637767,"decoded_payload_last_chip",1,450.854610,451.163291,262,0.000000,-1694.098647,"Decawave DW-8",0.951326,1,12,0xE32C,0xE32C,1,"618878F2F002000100002CE3"
880,332730600,332784557,333012141,332982652,332998530,332998532,333012141,332782509,333016237,"decoded_payload_last_chip",1,451.367943,451.676624,262,0.000000,-1692.320000,"Decawave DW-8",0.952398,1,12,0x6293,0x6293,1,"618879F2F002000100009362"
881,333108516,333163028,333390612,333361122,333377001,333377002,333390612,333160980,333394708,"decoded_payload_last_chip",1,451.881277,452.189958,262,-0.000000,-1687.009641,"Decawave DW-8",0.951580,1,12,0xE843,0xE843,1,"61887AF2F0020001000043E8"
882,333487500,333541499,333769083,333739593,333755471,333755473,333769083,333539451,333773179,"decoded_payload_last_chip",1,452.394611,452.703292,262,0.000000,-1645.583207,"Decawave DW-8",0.951628,1,12,0x69FC,0x69FC,1,"61887BF2F00200010000FC69"
883,333866000,333919969,334147553,334118064,334133942,334133943,334147553,333917921,334151649,"decoded_payload_last_chip",1,452.907944,453.216625,262,0.000000,-1673.639675,"Decawave DW-8",0.951856,1,12,0xF5F2,0xF5F2,1,"61887CF2F00200010000F2F5"
884,334244500,334298439,334526024,334496534,334512412,334512414,334526024,334296391,334530120,"decoded_payload_last_chip",1,453.421277,453.729959,262,0.000000,-1685.623119,"Decawave DW-8",0.952206,1,12,0x744D,0x744D,1,"61887DF2F002000100004D74"
885,334623100,334676910,334904494,334875005,334890883,334890885,334904494,334674862,334908590,"decoded_payload_last_chip",1,453.934611,454.243292,262,0.000000,-1677.503008,"Decawave DW-8",0.951613,1,12,0xFE9D,0xFE9D,1,"61887EF2F002000100009DFE"
886,335001400,335055380,335282964,335253475,335269353,335269354,335282964,335053332,335287060,"decoded_payload_last_chip",1,454.447944,454.756624,262,0.000000,-1678.986117,"Decawave DW-8",0.951737,1,12,0x7F22,0x7F22,1,"61887FF2F00200010000227F"
887,335379900,335433851,335661436,335631946,335647824,335647826,335661436,335431803,335665532,"decoded_payload_last_chip",1,454.961278,455.269960,262,4.650667,-1905.056850,"Decawave DW-8",0.952440,1,12,0x8D0B,0x8D0B,1,"618880F2F002000100000B8D"
888,335758400,335812322,336039906,336010416,336026295,336026296,336039906,335810274,336044002,"decoded_payload_last_chip",1,455.474612,455.783293,262,0.079137,-1638.946559,"Decawave DW-8",0.952951,1,12,0x0CB4,0x0CB4,1,"618881F2F00200010000B40C"
889,336136800,336190792,336418376,336388886,336404765,336404766,336418376,336188744,336422472,"decoded_payload_last_chip",1,455.987945,456.296625,262,0.000000,-1680.741325,"Decawave DW-8",0.952100,1,12,0x8664,0x8664,1,"618882F2F002000100006486"
890,336515300,336569262,336796847,336767357,336783235,336783237,336796847,336567214,336800943,"decoded_payload_last_chip",1,456.501278,456.809960,262,0.000000,-1696.383663,"Decawave DW-8",0.951747,1,12,0x07DB,0x07DB,1,"618883F2F00200010000DB07"
891,336893800,336947733,337175317,337145827,337161706,337161707,337175317,336945685,337179413,"decoded_payload_last_chip",1,457.014612,457.323292,262,0.000000,-1705.943285,"Decawave DW-8",0.952210,1,12,0x9BD5,0x9BD5,1,"618884F2F00200010000D59B"
892,337271676,337326203,337553788,337524298,337540176,337540178,337553788,337324155,337557884,"decoded_payload_last_chip",1,457.527945,457.836627,262,0.000000,-1677.877254,"Decawave DW-8",0.952312,1,12,0x1A6A,0x1A6A,1,"618885F2F002000100006A1A"
893,337650700,337704674,337932258,337902769,337918647,337918649,337932258,337702626,337936354,"decoded_payload_last_chip",1,458.041279,458.349959,262,0.000000,-1664.983611,"Decawave DW-8",0.951607,1,12,0x90BA,0x90BA,1,"618886F2F00200010000BA90"
894,338029300,338083144,338310728,338281239,338297117,338297119,338310728,338081096,338314824,"decoded_payload_last_chip",1,458.554612,458.863292,262,0.000000,-1670.539830,"Decawave DW-8",0.951693,1,12,0x1105,0x1105,1,"618887F2F002000100000511"
895,338407900,338461615,338689199,338659709,338675588,338675589,338689199,338459567,338693295,"decoded_payload_last_chip",1,459.067946,459.376626,262,0.000000,-1674.779929,"Decawave DW-8",0.951674,1,12,0xA0B7,0xA0B7,1,"618888F2F00200010000B7A0"
896,338786300,338840085,339067669,339038180,339054058,339054060,339067669,338838037,339071765,"decoded_payload_last_chip",1,459.581278,459.889959,262,0.000000,-1698.973799,"Decawave DW-8",0.952081,1,12,0x2108,0x2108,1,"618889F2F002000100000821"
897,339164600,339218556,339446140,339416650,339432529,339432530,339446140,339216508,339450236,"decoded_payload_last_chip",1,460.094613,460.403293,262,0.000000,-1692.235283,"Decawave DW-8",0.951695,1,12,0xABD8,0xABD8,1,"61888AF2F00200010000D8AB"
898,339543300,339597026,339824610,339795121,339810999,339811000,339824610,339594978,339828706,"decoded_payload_last_chip",1,460.607945,460.916626,262,0.000000,-1650.158300,"Decawave DW-8",0.952189,1,12,0x2A67,0x2A67,1,"61888BF2F00200010000672A"
899,339921500,339975497,340203081,340173592,340189470,340189471,340203081,339973449,340207177,"decoded_payload_last_chip",1,461.121280,461.429960,262,0.000000,-1642.251477,"Decawave DW-8",0.951949,1,12,0xB669,0xB669,1,"61888CF2F0020001000069B6"
900,340300200,340353967,340581552,340552062,340567940,340567942,340581552,340351919,340585648,"decoded_payload_last_chip",1,461.634612,461.943294,262,0.000000,-1665.561664,"Decawave DW-8",0.951819,1,12,0x37D6,0x37D6,1,"61888DF2F00200010000D637"
901,340678500,340732438,340960022,340930532,340946411,340946412,340960022,340730390,340964118,"decoded_payload_last_chip",1,462.147947,462.456627,262,0.000000,-1642.152695,"Decawave DW-8",0.951687,1,12,0xBD06,0xBD06,1,"61888EF2F0020001000006BD"
902,341057100,341110908,341338493,341309004,341324882,341324883,341338493,341108860,341342589,"decoded_payload_last_chip",1,462.661279,462.969961,262,4.943899,-1918.326602,"Decawave DW-8",0.950118,1,12,0x3CB9,0x3CB9,1,"61888FF2F00200010000B93C"
903,341434900,341489379,341716963,341687473,341703351,341703353,341716963,341487331,341721059,"decoded_payload_last_chip",1,463.174613,463.483294,262,0.000000,-1673.387761,"Decawave DW-8",0.951899,1,12,0xD673,0xD673,1,"618890F2F0020001000073D6"
904,341814100,341867850,342095434,342065944,342081823,342081824,342095434,341865802,342099530,"decoded_payload_last_chip",1,463.687948,463.996628,262,0.000000,-1674.208987,"Decawave DW-8",0.951544,1,12,0x57CC,0x57CC,1,"618891F2F00200010000CC57"
905,342192400,342246320,342473904,342444414,342460293,342460294,342473904,342244272,342478000,"decoded_payload_last_chip",1,464.201280,464.509961,262,2.260481,-1793.711181,"Decawave DW-8",0.952067,1,12,0xDD1C,0xDD1C,1,"618892F2F002000100001CDD"
906,342570800,342624790,342852375,342822885,342838763,342838765,342852375,342622742,342856471,"decoded_payload_last_chip",1,464.714613,465.023295,262,0.000000,-1688.354186,"Decawave DW-8",0.951215,1,12,0x5CA3,0x5CA3,1,"618893F2F00200010000A35C"
907,342949300,343003261,343230845,343201355,343217234,343217235,343230845,343001213,343234941,"decoded_payload_last_chip",1,465.227947,465.536628,262,0.000000,-1657.873575,"Decawave DW-8",0.951971,1,12,0xC0AD,0xC0AD,1,"618894F2F00200010000ADC0"
908,343327900,343381732,343609316,343579826,343595705,343595706,343609316,343379684,343613412,"decoded_payload_last_chip",1,465.741281,466.049962,262,0.000000,-1676.867307,"Decawave DW-8",0.951865,1,12,0x4112,0x4112,1,"618895F2F002000100001241"
909,343706300,343760202,343987786,343958296,343974175,343974176,343987786,343758154,343991882,"decoded_payload_last_chip",1,466.254614,466.563295,262,0.000000,-1678.091551,"Decawave DW-8",0.952012,1,12,0xCBC2,0xCBC2,1,"618896F2F00200010000C2CB"
910,344084700,344138673,344366257,344336767,344352646,344352647,344366257,344136625,344370353,"decoded_payload_last_chip",1,466.767948,467.076629,262,0.000000,-1654.726943,"Decawave DW-8",0.952242,1,12,0x4A7D,0x4A7D,1,"618897F2F002000100007D4A"
911,344463400,344517143,344744727,344715238,344731116,344731117,344744727,344515095,344748823,"decoded_payload_last_chip",1,467.281281,467.589962,262,0.000000,-1693.873056,"Decawave DW-8",0.952086,1,12,0xFBCF,0xFBCF,1,"618898F2F00200010000CFFB"
912,344841700,344895614,345123198,345093708,345109587,345109588,345123198,344893566,345127294,"decoded_payload_last_chip",1,467.794615,468.103296,262,0.000000,-1665.796893,"Decawave DW-8",0.951697,1,12,0x7A70,0x7A70,1,"618899F2F00200010000707A"
913,345220100,345274084,345501668,345472178,345488057,345488058,345501668,345272036,345505764,"decoded_payload_last_chip",1,468.307948,468.616629,262,0.000000,-1657.220350,"Decawave DW-8",0.952067,1,12,0xF0A0,0xF0A0,1,"61889AF2F00200010000A0F0"
914,345598600,345652554,345880138,345850649,345866527,345866529,345880138,345650506,345884234,"decoded_payload_last_chip",1,468.821281,469.129961,262,0.000000,-1693.496726,"Decawave DW-8",0.951712,1,12,0x711F,0x711F,1,"61889BF2F002000100001F71"
915,345977100,346031025,346258609,346229119,346244998,346244999,346258609,346028977,346262705,"decoded_payload_last_chip",1,469.334615,469.643296,262,0.000000,-1702.462278,"Decawave DW-8",0.951389,1,12,0xED11,0xED11,1,"61889CF2F0020001000011ED"
916,346355500,346409496,346637080,346607590,346623468,346623470,346637080,346407448,346641176,"decoded_payload_last_chip",1,469.847949,470.156630,262,0.000000,-1692.559574,"Decawave DW-8",0.951823,1,12,0x6CAE,0x6CAE,1,"61889DF2F00200010000AE6C"
917,346734100,346787966,347015550,346986060,347001939,347001940,347015550,346785918,347019646,"decoded_payload_last_chip",1,470.361282,470.669963,262,0.000000,-1699.398004,"Decawave DW-8",0.952321,1,12,0xE67E,0xE67E,1,"61889EF2F002000100007EE6"
918,347112500,347166436,347394021,347364531,347380409,347380411,347394021,347164388,347398117,"decoded_payload_last_chip",1,470.874615,471.183297,262,0.000000,-1686.376180,"Decawave DW-8",0.951828,1,12,0x67C1,0x67C1,1,"61889FF2F00200010000C167"
919,347491000,347544907,347772491,347743001,347758880,347758881,347772491,347542859,347776587,"decoded_payload_last_chip",1,471.387949,471.696630,262,0.000000,-1678.678457,"Decawave DW-8",0.951798,1,12,0x3BFB,0x3BFB,1,"6188A0F2F00200010000FB3B"
920,347869400,347923377,348150961,348121472,348137350,348137352,348150961,347921329,348155057,"decoded_payload_last_chip",1,471.901282,472.209962,262,-0.000000,-1710.453621,"Decawave DW-8",0.951644,1,12,0xBA44,0xBA44,1,"6188A1F2F0020001000044BA"
921,348247900,348301848,348529432,348499942,348515820,348515822,348529432,348299800,348533528,"decoded_payload_last_chip",1,472.414616,472.723296,262,0.000000,-1675.624370,"Decawave DW-8",0.951830,1,12,0x3094,0x3094,1,"6188A2F2F002000100009430"
922,348626400,348680318,348907902,348878413,348894291,348894292,348907902,348678270,348911998,"decoded_payload_last_chip",1,472.927949,473.236629,262,-0.000000,-1659.677682,"Decawave DW-8",0.952311,1,12,0xB12B,0xB12B,1,"6188A3F2F002000100002BB1"
923,349004800,349058789,349286373,349256883,349272762,349272763,349286373,349056741,349290469,"decoded_payload_last_chip",1,473.441283,473.749963,262,0.000000,-1681.647613,"Decawave DW-8",0.951802,1,12,0x2D25,0x2D25,1,"6188A4F2F00200010000252D"
924,349383300,349437259,349664844,349635354,349651232,349651234,349664844,349435211,349668940,"decoded_payload_last_chip",1,473.954616,474.263298,262,0.000000,-1664.894988,"Decawave DW-8",0.952092,1,12,0xAC9A,0xAC9A,1,"6188A5F2F002000100009AAC"
925,349761800,349815730,350043314,350013824,350029703,350029704,350043314,349813682,350047410,"decoded_payload_last_chip",1,474.467950,474.776630,262,-0.000000,-1663.321797,"Decawave DW-8",0.952299,1,12,0x264A,0x264A,1,"6188A6F2F002000100004A26"
926,350140200,350194200,350421784,350392295,350408173,350408174,350421784,350192152,350425880,"decoded_payload_last_chip",1,474.981283,475.289963,262,0.000000,-1704.554463,"Decawave DW-8",0.951930,1,12,0xA7F5,0xA7F5,1,"6188A7F2F00200010000F5A7"
927,350518700,350572670,350800256,350770766,350786645,350786646,350800256,350570622,350804352,"decoded_payload_last_chip",1,475.494615,475.803299,262,5.400001,-1941.080103,"Decawave DW-8",0.946812,1,12,0x1647,0x1647,1,"6188A8F2F002000100004716"
928,350897200,350951142,351178726,351149236,351165115,351165116,351178726,350949094,351182822,"decoded_payload_last_chip",1,476.007951,476.316631,262,0.000000,-1692.535387,"Decawave DW-8",0.951503,1,12,0x97F8,0x97F8,1,"6188A9F2F00200010000F897"
929,351275800,351329612,351557196,351527706,351543585,351543586,351557196,351327564,351561292,"decoded_payload_last_chip",1,476.521284,476.829964,262,0.000000,-1696.237703,"Decawave DW-8",0.951323,1,12,0x1D28,0x1D28,1,"6188AAF2F00200010000281D"
930,351654100,351708082,351935667,351906177,351922055,351922057,351935667,351706034,351939763,"decoded_payload_last_chip",1,477.034616,477.343298,262,0.000000,-1720.370880,"Decawave DW-8",0.951091,1,12,0x9C97,0x9C97,1,"6188ABF2F00200010000979C"
931,352032600,352086553,352314137,352284647,352300526,352300527,352314137,352084505,352318233,"decoded_payload_last_chip",1,477.547951,477.856631,262,0.000000,-1659.014291,"Decawave DW-8",0.952123,1,12,0x0099,0x0099,1,"6188ACF2F002000100009900"
932,352411100,352465023,352692607,352663118,352678996,352678998,352692607,352462975,352696703,"decoded_payload_last_chip",1,478.061283,478.369964,262,0.000000,-1689.124280,"Decawave DW-8",0.951710,1,12,0x8126,0x8126,1,"6188ADF2F002000100002681"
933,352789500,352843494,353071078,353041589,353057467,353057468,353071078,352841446,353075174,"decoded_payload_last_chip",1,478.574618,478.883298,262,0.000000,-1644.830744,"Decawave DW-8",0.951659,1,12,0x0BF6,0x0BF6,1,"6188AEF2F00200010000F60B"
934,353168000,353221965,353449549,353420059,353435937,353435939,353449549,353219917,353453645,"decoded_payload_last_chip",1,479.087952,479.396632,262,0.000000,-1646.272184,"Decawave DW-8",0.952328,1,12,0x8A49,0x8A49,1,"6188AFF2F00200010000498A"
935,353546500,353600435,353828019,353798530,353814408,353814409,353828019,353598387,353832115,"decoded_payload_last_chip",1,479.601284,479.909965,262,0.000000,-1674.964039,"Decawave DW-8",0.951957,1,12,0x6083,0x6083,1,"6188B0F2F002000100008360"
936,353925000,353978905,354206490,354177000,354192878,354192880,354206490,353976857,354210586,"decoded_payload_last_chip",1,480.114617,480.423299,262,0.000000,-1670.043019,"Decawave DW-8",0.951629,1,12,0xE13C,0xE13C,1,"6188B1F2F002000100003CE1"
937,354303400,354357376,354584960,354555470,354571349,354571350,354584960,354355328,354589056,"decoded_payload_last_chip",1,480.627951,480.936632,262,0.000000,-1677.070553,"Decawave DW-8",0.951871,1,12,0x6BEC,0x6BEC,1,"6188B2F2F00200010000EC6B"
938,354681900,354735846,354963430,354933941,354949819,354949820,354963430,354733798,354967526,"decoded_payload_last_chip",1,481.141284,481.449965,262,0.000000,-1704.131538,"Decawave DW-8",0.951121,1,12,0xEA53,0xEA53,1,"6188B3F2F0020001000053EA"
939,355059900,355114316,355341901,355312411,355328289,355328291,355341901,355112268,355345997,"decoded_payload_last_chip",1,481.654617,481.963299,262,0.000000,-1678.783143,"Decawave DW-8",0.952492,1,12,0x765D,0x765D,1,"6188B4F2F002000100005D76"
940,355438800,355492787,355720372,355690882,355706760,355706762,355720372,355490739,355724468,"decoded_payload_last_chip",1,482.167951,482.476633,262,0.000000,-1670.082331,"Decawave DW-8",0.951752,1,12,0xF7E2,0xF7E2,1,"6188B5F2F00200010000E2F7"
941,355817300,355871258,356098842,356069352,356085231,356085232,356098842,355869210,356102938,"decoded_payload_last_chip",1,482.681285,482.989966,262,0.000000,-1694.658071,"Decawave DW-8",0.952047,1,12,0x7D32,0x7D32,1,"6188B6F2F00200010000327D"
942,356195900,356249728,356477313,356447824,356463702,356463704,356477313,356247680,356481409,"decoded_payload_last_chip",1,483.194618,483.503300,262,5.466660,-1939.854761,"Decawave DW-8",0.943946,1,12,0xFC8D,0xFC8D,1,"6188B7F2F002000100008DFC"
943,356574200,356628199,356855783,356826293,356842171,356842173,356855783,356626151,356859879,"decoded_payload_last_chip",1,483.707952,484.016633,262,0.000000,-1665.029750,"Decawave DW-8",0.951804,1,12,0x4D3F,0x4D3F,1,"6188B8F2F002000100003F4D"
944,356952900,357006670,357234254,357204764,357220643,357220644,357234254,357004622,357238350,"decoded_payload_last_chip",1,484.221286,484.529967,262,-0.000000,-1683.908800,"Decawave DW-8",0.951501,1,12,0xCC80,0xCC80,1,"6188B9F2F0020001000080CC"
945,357331200,357385139,357612725,357583235,357599113,357599115,357612725,357383091,357616821,"decoded_payload_last_chip",1,484.734618,485.043301,262,3.734194,-1885.437247,"Decawave DW-8",0.952885,1,12,0x4650,0x4650,1,"6188BAF2F002000100005046"
946,357709800,357763610,357991194,357961705,357977583,357977585,357991194,357761562,357995290,"decoded_payload_last_chip",1,485.247952,485.556632,262,0.000000,-1679.419866,"Decawave DW-8",0.951972,1,12,0xC7EF,0xC7EF,1,"6188BBF2F00200010000EFC7"
947,358088100,358142081,358369665,358340175,358356054,358356055,358369665,358140033,358373761,"decoded_payload_last_chip",1,485.761286,486.069967,262,0.000000,-1678.401203,"Decawave DW-8",0.951750,1,12,0x5BE1,0x5BE1,1,"6188BCF2F00200010000E15B"
948,358466700,358520552,358748136,358718646,358734524,358734526,358748136,358518504,358752232,"decoded_payload_last_chip",1,486.274620,486.583301,262,0.000000,-1674.035441,"Decawave DW-8",0.951488,1,12,0xDA5E,0xDA5E,1,"6188BDF2F002000100005EDA"
949,358845100,358899022,359126606,359097116,359112995,359112996,359126606,358896974,359130702,"decoded_payload_last_chip",1,486.787953,487.096634,262,0.000000,-1665.734940,"Decawave DW-8",0.951954,1,12,0x508E,0x508E,1,"6188BEF2F002000100008E50"
950,359223420,359277492,359505077,359475587,359491465,359491467,359505077,359275444,359509173,"decoded_payload_last_chip",1,487.301286,487.609968,262,0.000000,-1690.891299,"Decawave DW-8",0.951618,1,12,0xD131,0xD131,1,"6188BFF2F0020001000031D1"
951,359602000,359655963,359883547,359854058,359869936,359869937,359883547,359653915,359887643,"decoded_payload_last_chip",1,487.814620,488.123301,262,0.000000,-1654.357762,"Decawave DW-8",0.952012,1,12,0xE8FA,0xE8FA,1,"6188C0F2F00200010000FAE8"
952,359980500,360034434,360262018,360232528,360248406,360248408,360262018,360032386,360266114,"decoded_payload_last_chip",1,488.327954,488.636635,262,0.000000,-1681.014053,"Decawave DW-8",0.952392,1,12,0x6945,0x6945,1,"6188C1F2F002000100004569"
953,360359000,360412904,360640488,360610999,360626877,360626878,360640488,360410856,360644584,"decoded_payload_last_chip",1,488.841287,489.149967,262,0.000000,-1710.288926,"Decawave DW-8",0.951264,1,12,0xE395,0xE395,1,"6188C2F2F0020001000095E3"
954,360737400,360791374,361018958,360989469,361005347,361005349,361018958,360789326,361023054,"decoded_payload_last_chip",1,489.354620,489.663300,262,0.000000,-1666.552289,"Decawave DW-8",0.951705,1,12,0x622A,0x622A,1,"6188C3F2F002000100002A62"
955,361116100,361169844,361397429,361367939,361383817,361383819,361397429,361167796,361401525,"decoded_payload_last_chip",1,489.867952,490.176634,262,0.000000,-1667.190394,"Decawave DW-8",0.952237,1,12,0xFE24,0xFE24,1,"6188C4F2F0020001000024FE"
956,361494400,361548315,361775899,361746410,361762288,361762289,361775899,361546267,361779995,"decoded_payload_last_chip",1,490.381287,490.689967,262,0.000000,-1666.120235,"Decawave DW-8",0.952237,1,12,0x7F9B,0x7F9B,1,"6188C5F2F002000100009B7F"
957,361872800,361926786,362154370,362124880,362140759,362140760,362154370,361924738,362158466,"decoded_payload_last_chip",1,490.894621,491.203301,262,0.000000,-1667.864036,"Decawave DW-8",0.951419,1,12,0xF54B,0xF54B,1,"6188C6F2F002000100004BF5"
958,362251300,362305256,362532841,362503351,362519229,362519231,362532841,362303208,362536937,"decoded_payload_last_chip",1,491.407954,491.716635,262,-0.000000,-1654.527933,"Decawave DW-8",0.951980,1,12,0x74F4,0x74F4,1,"6188C7F2F00200010000F474"
959,362630000,362683727,362911311,362881821,362897700,362897701,362911311,362681679,362915407,"decoded_payload_last_chip",1,491.921288,492.229968,262,0.000000,-1690.033979,"Decawave DW-8",0.952467,1,12,0xC546,0xC546,1,"6188C8F2F0020001000046C5"
960,363008200,363062197,363289781,363260292,363276170,363276171,363289781,363060149,363293877,"decoded_payload_last_chip",1,492.434620,492.743301,262,0.000000,-1657.439668,"Decawave DW-8",0.952089,1,12,0x44F9,0x44F9,1,"6188C9F2F00200010000F944"
961,363386700,363440668,363668252,363638762,363654640,363654642,363668252,363438620,363672348,"decoded_payload_last_chip",1,492.947955,493.256635,262,0.000000,-1676.814630,"Decawave DW-8",0.952336,1,12,0xCE29,0xCE29,1,"6188CAF2F0020001000029CE"
962,363765200,363819138,364046722,364017232,364033111,364033112,364046722,363817090,364050818,"decoded_payload_last_chip",1,493.461287,493.769968,262,0.000000,-1671.992887,"Decawave DW-8",0.952099,1,12,0x4F96,0x4F96,1,"6188CBF2F00200010000964F"
963,364143800,364197609,364425193,364395703,364411582,364411583,364425193,364195561,364429289,"decoded_payload_last_chip",1,493.974622,494.283302,262,0.000000,-1687.146516,"Decawave DW-8",0.951689,1,12,0xD398,0xD398,1,"6188CCF2F0020001000098D3"
964,364522200,364576079,364803664,364774174,364790053,364790054,364803664,364574031,364807760,"decoded_payload_last_chip",1,494.487954,494.796636,262,4.498961,-1912.611301,"Decawave DW-8",0.952659,1,12,0x5227,0x5227,1,"6188CDF2F002000100002752"
965,364900600,364954550,365182134,365152644,365168523,365168524,365182134,364952502,365186230,"decoded_payload_last_chip",1,495.001289,495.309969,262,0.000000,-1691.218600,"Decawave DW-8",0.951437,1,12,0xD8F7,0xD8F7,1,"6188CEF2F00200010000F7D8"
966,365279100,365333020,365560604,365531115,365546993,365546995,365560604,365330972,365564700,"decoded_payload_last_chip",1,495.514621,495.823302,262,0.000000,-1645.607716,"Decawave DW-8",0.952319,1,12,0x5948,0x5948,1,"6188CFF2F002000100004859"
967,365657500,365711490,365939076,365909586,365925465,365925466,365939076,365709442,365943172,"decoded_payload_last_chip",1,496.027954,496.336637,262,5.507378,-1962.876888,"Decawave DW-8",0.946277,1,12,0xB382,0xB382,1,"6188D0F2F0020001000082B3"
968,366030300,366089961,366317545,366288056,366303934,366303935,366317545,366087913,366321641,"decoded_payload_last_chip",1,496.541288,496.849969,262,0.000000,-1658.687334,"Decawave DW-8",0.951406,1,12,0x323D,0x323D,1,"6188D1F2F002000100003D32"
969,366414600,366468432,366696016,366666526,366682405,366682406,366696016,366466384,366700112,"decoded_payload_last_chip",1,497.054622,497.363303,262,0.000000,-1690.777072,"Decawave DW-8",0.952158,1,12,0xB8ED,0xB8ED,1,"6188D2F2F00200010000EDB8"
970,366793200,366846902,367074487,367044997,367060875,367060877,367074487,366844854,367078583,"decoded_payload_last_chip",1,497.567955,497.876637,262,0.000000,-1685.662319,"Decawave DW-8",0.952163,1,12,0x3952,0x3952,1,"6188D3F2F002000100005239"
971,367171400,367225373,367452957,367423467,367439346,367439347,367452957,367223325,367457053,"decoded_payload_last_chip",1,498.081289,498.389970,262,0.000000,-1696.783312,"Decawave DW-8",0.952209,1,12,0xA55C,0xA55C,1,"6188D4F2F002000100005CA5"
972,367549900,367603843,367831427,367801938,367817816,367817818,367831427,367601795,367835523,"decoded_payload_last_chip",1,498.594622,498.903303,262,0.000000,-1663.735583,"Decawave DW-8",0.951918,1,12,0x24E3,0x24E3,1,"6188D5F2F00200010000E324"
973,367928700,367982314,368209898,368180408,368196287,368196288,368209898,367980266,368213994,"decoded_payload_last_chip",1,499.107956,499.416637,262,0.000000,-1685.254637,"Decawave DW-8",0.952472,1,12,0xAE33,0xAE33,1,"6188D6F2F0020001000033AE"
974,368307000,368360784,368588369,368558879,368574757,368574759,368588369,368358736,368592465,"decoded_payload_last_chip",1,499.621289,499.929971,262,-0.000000,-1658.537334,"Decawave DW-8",0.951917,1,12,0x2F8C,0x2F8C,1,"6188D7F2F002000100008C2F"
975,368685300,368739255,368966839,368937349,368953228,368953229,368966839,368737207,368970935,"decoded_payload_last_chip",1,500.134623,500.443304,262,0.000000,-1684.392768,"Decawave DW-8",0.952153,1,12,0x9E3E,0x9E3E,1,"6188D8F2F002000100003E9E"
976,369063900,369117725,369345309,369315820,369331698,369331699,369345309,369115677,369349405,"decoded_payload_last_chip",1,500.647956,500.956637,262,0.000000,-1685.119663,"Decawave DW-8",0.952025,1,12,0x1F81,0x1F81,1,"6188D9F2F00200010000811F"
977,369442200,369496196,369723780,369694290,369710168,369710170,369723780,369494148,369727876,"decoded_payload_last_chip",1,501.161290,501.469971,262,0.000000,-1687.628751,"Decawave DW-8",0.951676,1,12,0x9551,0x9551,1,"6188DAF2F002000100005195"
978,369820800,369874666,370102251,370072761,370088639,370088641,370102251,369872618,370106347,"decoded_payload_last_chip",1,501.674623,501.983305,262,-0.000000,-1683.752711,"Decawave DW-8",0.951466,1,12,0x14EE,0x14EE,1,"6188DBF2F00200010000EE14"
979,370199200,370253136,370480721,370451231,370467109,370467111,370480721,370251088,370484817,"decoded_payload_last_chip",1,502.187956,502.496638,262,0.000000,-1690.527234,"Decawave DW-8",0.952295,1,12,0x88E0,0x88E0,1,"6188DCF2F00200010000E088"
980,370577700,370631607,370859191,370829701,370845580,370845581,370859191,370629559,370863287,"decoded_payload_last_chip",1,502.701290,503.009970,262,-0.000000,-1676.442048,"Decawave DW-8",0.952352,1,12,0x095F,0x095F,1,"6188DDF2F002000100005F09"
981,370956100,371010078,371237662,371208172,371224051,371224052,371237662,371008030,371241758,"decoded_payload_last_chip",1,503.214624,503.523305,262,0.000000,-1688.422486,"Decawave DW-8",0.951648,1,12,0x838F,0x838F,1,"6188DEF2F002000100008F83"
982,371334600,371388548,371616133,371586643,371602521,371602523,371616133,371386500,371620229,"decoded_payload_last_chip",1,503.727957,504.036639,262,0.000000,-1676.829737,"Decawave DW-8",0.952245,1,12,0x0230,0x0230,1,"6188DFF2F002000100003002"
983,371713100,371767019,371994603,371965113,371980992,371980993,371994603,371764971,371998699,"decoded_payload_last_chip",1,504.241291,504.549972,262,0.000000,-1672.796612,"Decawave DW-8",0.952040,1,12,0x5E0A,0x5E0A,1,"6188E0F2F002000100000A5E"
984,372091500,372145489,372373073,372343583,372359462,372359463,372373073,372143441,372377169,"decoded_payload_last_chip",1,504.754624,505.063304,262,0.000000,-1652.837364,"Decawave DW-8",0.951960,1,12,0xDFB5,0xDFB5,1,"6188E1F2F00200010000B5DF"
985,372470000,372523959,372751545,372722055,372737933,372737935,372751545,372521911,372755641,"decoded_payload_last_chip",1,505.267957,505.576640,262,4.684489,-1920.317260,"Decawave DW-8",0.951566,1,12,0x5565,0x5565,1,"6188E2F2F002000100006555"
986,372848500,372902431,373130015,373100525,373116404,373116405,373130015,372900383,373134111,"decoded_payload_last_chip",1,505.781292,506.089973,262,0.000000,-1683.588996,"Decawave DW-8",0.952066,1,12,0xD4DA,0xD4DA,1,"6188E3F2F00200010000DAD4"
987,373227000,373280901,373508485,373478996,373494874,373494875,373508485,373278853,373512581,"decoded_payload_last_chip",1,506.294625,506.603305,262,-0.000000,-1656.985828,"Decawave DW-8",0.951773,1,12,0x48D4,0x48D4,1,"6188E4F2F00200010000D448"
988,373605400,373659371,373886955,373857466,373873344,373873346,373886955,373657323,373891051,"decoded_payload_last_chip",1,506.807958,507.116638,262,0.000000,-1690.444424,"Decawave DW-8",0.951325,1,12,0xC96B,0xC96B,1,"6188E5F2F002000100006BC9"
989,373983900,374037842,374265426,374235936,374251815,374251816,374265426,374035794,374269522,"decoded_payload_last_chip",1,507.321292,507.629972,262,0.000000,-1682.575390,"Decawave DW-8",0.951975,1,12,0x43BB,0x43BB,1,"6188E6F2F00200010000BB43"
990,374362500,374416312,374643897,374614407,374630285,374630287,374643897,374414264,374647993,"decoded_payload_last_chip",1,507.834625,508.143306,262,0.000000,-1667.832580,"Decawave DW-8",0.951681,1,12,0xC204,0xC204,1,"6188E7F2F0020001000004C2"
991,374740800,374794783,375022367,374992878,375008756,375008757,375022367,374792735,375026463,"decoded_payload_last_chip",1,508.347959,508.656639,262,0.000000,-1689.903292,"Decawave DW-8",0.951829,1,12,0x73B6,0x73B6,1,"6188E8F2F00200010000B673"
992,375119300,375173253,375400838,375371348,375387226,375387228,375400838,375171205,375404934,"decoded_payload_last_chip",1,508.861292,509.169973,262,0.000000,-1670.908092,"Decawave DW-8",0.952129,1,12,0xF209,0xF209,1,"6188E9F2F0020001000009F2"
993,375497800,375551724,375779308,375749818,375765697,375765698,375779308,375549676,375783404,"decoded_payload_last_chip",1,509.374626,509.683306,262,-0.000000,-1697.223753,"Decawave DW-8",0.951941,1,12,0x78D9,0x78D9,1,"6188EAF2F00200010000D978"
994,375876200,375930194,376157778,376128289,376144167,376144168,376157778,375928146,376161874,"decoded_payload_last_chip",1,509.887958,510.196639,262,0.000000,-1683.811967,"Decawave DW-8",0.952063,1,12,0xF966,0xF966,1,"6188EBF2F0020001000066F9"
995,376254700,376308665,376536249,376506759,376522637,376522639,376536249,376306617,376540345,"decoded_payload_last_chip",1,510.401293,510.709973,262,0.000000,-1693.451311,"Decawave DW-8",0.951851,1,12,0x6568,0x6568,1,"6188ECF2F002000100006865"
996,376633200,376687135,376914719,376885230,376901108,376901109,376914719,376685087,376918815,"decoded_payload_last_chip",1,510.914625,511.223306,262,0.000000,-1660.785849,"Decawave DW-8",0.952071,1,12,0xE4D7,0xE4D7,1,"6188EDF2F00200010000D7E4"
997,377011700,377065605,377293190,377263700,377279578,377279580,377293190,377063557,377297286,"decoded_payload_last_chip",1,511.427958,511.736640,262,0.000000,-1685.643740,"Decawave DW-8",0.952048,1,12,0x6E07,0x6E07,1,"6188EEF2F00200010000076E"
998,377390100,377444076,377671661,377642171,377658049,377658051,377671661,377442028,377675757,"decoded_payload_last_chip",1,511.941292,512.249974,262,0.000000,-1663.395205,"Decawave DW-8",0.952125,1,12,0xEFB8,0xEFB8,1,"6188EFF2F00200010000B8EF"
999,377768600,377822547,378050131,378020641,378036520,378036521,378050131,377820499,378054227,"decoded_payload_last_chip",1,512.454626,512.763307,262,0.000000,-1671.290445,"Decawave DW-8",0.952216,1,12,0x0572,0x0572,1,"6188F0F2F002000100007205"
1000,378147100,378201017,378428602,378399112,378414990,378414992,378428602,378198969,378432698,"decoded_payload_last_chip",1,512.967959,513.276641,262,0.000000,-1668.896129,"Decawave DW-8",0.952098,1,12,0x84CD,0x84CD,1,"6188F1F2F00200010000CD84"
1001,378525700,378579488,378807072,378777583,378793461,378793462,378807072,378577440,378811168,"decoded_payload_last_chip",1,513.481293,513.789974,262,0.000000,-1658.219634,"Decawave DW-8",0.951850,1,12,0x0E1D,0x0E1D,1,"6188F2F2F002000100001D0E"
1002,378904000,378957958,379185542,379156052,379171931,379171932,379185542,378955910,379189638,"decoded_payload_last_chip",1,513.994626,514.303307,262,0.000000,-1677.314241,"Decawave DW-8",0.952411,1,12,0x8FA2,0x8FA2,1,"6188F3F2F00200010000A28F"
1003,379282600,379336429,379564013,379534523,379550402,379550403,379564013,379334381,379568109,"decoded_payload_last_chip",1,514.507960,514.816641,262,0.000000,-1704.881229,"Decawave DW-8",0.951974,1,12,0x13AC,0x13AC,1,"6188F4F2F00200010000AC13"
1004,379660900,379714899,379942484,379912994,379928872,379928874,379942484,379712851,379946580,"decoded_payload_last_chip",1,515.021293,515.329975,262,-0.000000,-1677.106966,"Decawave DW-8",0.951803,1,12,0x9213,0x9213,1,"6188F5F2F002000100001392"
1005,380039400,380093370,380320954,380291464,380307343,380307344,380320954,380091322,380325050,"decoded_payload_last_chip",1,515.534627,515.843308,262,0.000000,-1670.020951,"Decawave DW-8",0.952446,1,12,0x18C3,0x18C3,1,"6188F6F2F00200010000C318"
1006,380417900,380471840,380699424,380669935,380685813,380685815,380699424,380469792,380703520,"decoded_payload_last_chip",1,516.047960,516.356641,262,0.000000,-1702.654521,"Decawave DW-8",0.951554,1,12,0x997C,0x997C,1,"6188F7F2F002000100007C99"
1007,380796500,380850311,381077895,381048405,381064284,381064285,381077895,380848263,381081991,"decoded_payload_last_chip",1,516.561294,516.869975,262,0.000000,-1680.193647,"Decawave DW-8",0.951518,1,12,0x28CE,0x28CE,1,"6188F8F2F00200010000CE28"
1008,381174800,381228782,381456366,381426876,381442754,381442756,381456366,381226734,381460462,"decoded_payload_last_chip",1,517.074628,517.383309,262,0.000000,-1645.588174,"Decawave DW-8",0.951523,1,12,0xA971,0xA971,1,"6188F9F2F0020001000071A9"
1009,381553300,381607252,381834836,381805347,381821225,381821226,381834836,381605204,381838932,"decoded_payload_last_chip",1,517.587961,517.896642,262,0.000000,-1681.656105,"Decawave DW-8",0.951830,1,12,0x23A1,0x23A1,1,"6188FAF2F00200010000A123"
1010,381931800,381985722,382213307,382183817,382199695,382199697,382213307,381983674,382217403,"decoded_payload_last_chip",1,518.101294,518.409976,262,0.000000,-1655.630615,"Decawave DW-8",0.952088,1,12,0xA21E,0xA21E,1,"6188FBF2F002000100001EA2"
1011,382310200,382364193,382591777,382562287,382578166,382578167,382591777,382362145,382595873,"decoded_payload_last_chip",1,518.614628,518.923309,262,0.000000,-1686.335696,"Decawave DW-8",0.952261,1,12,0x3E10,0x3E10,1,"6188FCF2F00200010000103E"
1012,382688700,382742663,382970247,382940758,382956636,382956637,382970247,382740615,382974343,"decoded_payload_last_chip",1,519.127961,519.436641,262,0.000000,-1698.325661,"Decawave DW-8",0.952139,1,12,0xBFAF,0xBFAF,1,"6188FDF2F00200010000AFBF"
1013,383067200,383121134,383348718,383319228,383335106,383335108,383348718,383119086,383352814,"decoded_payload_last_chip",1,519.641295,519.949976,262,0.000000,-1665.548419,"Decawave DW-8",0.951789,1,12,0x357F,0x357F,1,"6188FEF2F002000100007F35"
1014,383445700,383499604,383727188,383697699,383713577,383713578,383727188,383497556,383731284,"decoded_payload_last_chip",1,520.154628,520.463308,262,0.000000,-1667.136782,"Decawave DW-8",0.952133,1,12,0xB4C0,0xB4C0,1,"6188FFF2F00200010000C0B4"
1015,383824100,383878075,384105659,384076169,384092048,384092049,384105659,383876027,384109755,"decoded_payload_last_chip",1,520.667962,520.976643,262,0.000000,-1669.933758,"Decawave DW-8",0.951720,1,12,0x46E9,0x46E9,1,"618800F2F00200010000E946"
1016,384202800,384256545,384484129,384454640,384470518,384470520,384484129,384254497,384488225,"decoded_payload_last_chip",1,521.181295,521.489975,262,-0.000000,-1683.378415,"Decawave DW-8",0.952003,1,12,0xC756,0xC756,1,"618801F2F0020001000056C7"
1017,384581100,384635016,384862600,384833110,384848989,384848990,384862600,384632968,384866696,"decoded_payload_last_chip",1,521.694629,522.003309,262,0.000000,-1680.634587,"Decawave DW-8",0.952193,1,12,0x4D86,0x4D86,1,"618802F2F00200010000864D"
1018,384959500,385013486,385241070,385211580,385227459,385227460,385241070,385011438,385245166,"decoded_payload_last_chip",1,522.207962,522.516642,262,0.000000,-1690.812595,"Decawave DW-8",0.952034,1,12,0xCC39,0xCC39,1,"618803F2F0020001000039CC"
1019,385338000,385391956,385619541,385590051,385605929,385605931,385619541,385389908,385623637,"decoded_payload_last_chip",1,522.721294,523.029976,262,-0.000000,-1688.964841,"Decawave DW-8",0.952340,1,12,0x5037,0x5037,1,"618804F2F002000100003750"
1020,385716600,385770427,385998011,385968522,385984400,385984402,385998011,385768379,386002107,"decoded_payload_last_chip",1,523.234629,523.543309,262,0.000000,-1682.775421,"Decawave DW-8",0.951829,1,12,0xD188,0xD188,1,"618805F2F0020001000088D1"
1021,386094900,386148898,386376482,386346992,386362871,386362872,386376482,386146850,386380578,"decoded_payload_last_chip",1,523.747963,524.056643,262,-0.000000,-1694.641773,"Decawave DW-8",0.951571,1,12,0x5B58,0x5B58,1,"618806F2F00200010000585B"
1022,386473400,386527368,386754952,386725463,386741341,386741343,386754952,386525320,386759048,"decoded_payload_last_chip",1,524.261296,524.569976,262,0.000000,-1658.454285,"Decawave DW-8",0.952073,1,12,0xDAE7,0xDAE7,1,"618807F2F00200010000E7DA"
1023,386851900,386905839,387133423,387103933,387119812,387119813,387133423,386903791,387137519,"decoded_payload_last_chip",1,524.774630,525.083310,262,0.000000,-1646.940140,"Decawave DW-8",0.951566,1,12,0x6B55,0x6B55,1,"618808F2F00200010000556B"
1024,387230500,387284309,387511894,387482404,387498282,387498284,387511894,387282261,387515990,"decoded_payload_last_chip",1,525.287963,525.596644,262,0.000000,-1656.553509,"Decawave DW-8",0.952313,1,12,0xEAEA,0xEAEA,1,"618809F2F00200010000EAEA"
1025,387608900,387662780,387890364,387860874,387876753,387876754,387890364,387660732,387894460,"decoded_payload_last_chip",1,525.801297,526.109977,262,0.000000,-1662.601601,"Decawave DW-8",0.951775,1,12,0x603A,0x603A,1,"61880AF2F002000100003A60"
1026,387987300,388041251,388268835,388239345,388255223,388255225,388268835,388039203,388272931,"decoded_payload_last_chip",1,526.314631,526.623311,262,0.000000,-1690.704444,"Decawave DW-8",0.951959,1,12,0xE185,0xE185,1,"61880BF2F0020001000085E1"
1027,388365800,388419721,388647305,388617816,388633694,388633695,388647305,388417673,388651401,"decoded_payload_last_chip",1,526.827964,527.136644,262,0.000000,-1675.934060,"Decawave DW-8",0.951859,1,12,0x7D8B,0x7D8B,1,"61880CF2F002000100008B7D"
1028,388744200,388798191,389025775,388996286,389012164,389012166,389025775,388796143,389029871,"decoded_payload_last_chip",1,527.341296,527.649977,262,0.000000,-1705.469824,"Decawave DW-8",0.952000,1,12,0xFC34,0xFC34,1,"61880DF2F0020001000034FC"
1029,389122700,389176662,389404246,389374756,389390635,389390636,389404246,389174614,389408342,"decoded_payload_last_chip",1,527.854631,528.163311,262,0.000000,-1691.828463,"Decawave DW-8",0.952292,1,12,0x76E4,0x76E4,1,"61880EF2F00200010000E476"
1030,389501300,389555132,389782717,389753227,389769105,389769107,389782717,389553084,389786813,"decoded_payload_last_chip",1,528.367963,528.676645,262,0.000000,-1658.323355,"Decawave DW-8",0.951740,1,12,0xF75B,0xF75B,1,"61880FF2F002000100005BF7"
1031,389879900,389933602,390161187,390131697,390147575,390147577,390161187,389931554,390165283,"decoded_payload_last_chip",1,528.881296,529.189978,262,0.000000,-1704.474249,"Decawave DW-8",0.952603,1,12,0x1D91,0x1D91,1,"618810F2F00200010000911D"
1032,390258100,390312073,390539658,390510168,390526046,390526048,390539658,390310025,390543754,"decoded_payload_last_chip",1,529.394630,529.703312,262,-0.000000,-1685.026653,"Decawave DW-8",0.952318,1,12,0x9C2E,0x9C2E,1,"618811F2F002000100002E9C"
1033,390636600,390690544,390918128,390888638,390904517,390904518,390918128,390688496,390922224,"decoded_payload_last_chip",1,529.907964,530.216645,262,0.000000,-1674.437951,"Decawave DW-8",0.951196,1,12,0x16FE,0x16FE,1,"618812F2F00200010000FE16"
1034,391015400,391069015,391296599,391267109,391282988,391282989,391296599,391066967,391300695,"decoded_payload_last_chip",1,530.421299,530.729979,262,1.226780,-1648.980919,"Decawave DW-8",0.954796,1,12,0x9741,0x9741,1,"618813F2F002000100004197"
1035,391393500,391447484,391675069,391645579,391661457,391661459,391675069,391445436,391679165,"decoded_payload_last_chip",1,530.934630,531.243312,262,0.000000,-1649.835552,"Decawave DW-8",0.951987,1,12,0x0B4F,0x0B4F,1,"618814F2F002000100004F0B"
1036,391772000,391825955,392053539,392024049,392039928,392039929,392053539,391823907,392057635,"decoded_payload_last_chip",1,531.447964,531.756645,262,0.000000,-1654.162053,"Decawave DW-8",0.952476,1,12,0x8AF0,0x8AF0,1,"618815F2F00200010000F08A"
1037,392150600,392204426,392432010,392402520,392418399,392418400,392432010,392202378,392436106,"decoded_payload_last_chip",1,531.961298,532.269979,262,0.000000,-1668.663299,"Decawave DW-8",0.952585,1,12,0x0020,0x0020,1,"618816F2F002000100002000"
1038,392528900,392582896,392810481,392780991,392796869,392796871,392810481,392580848,392814577,"decoded_payload_last_chip",1,532.474631,532.783313,262,0.000000,-1681.752353,"Decawave DW-8",0.952564,1,12,0x819F,0x819F,1,"618817F2F002000100009F81"
1039,392907600,392961367,393188951,393159461,393175340,393175341,393188951,392959319,393193047,"decoded_payload_last_chip",1,532.987965,533.296646,262,0.000000,-1698.526900,"Decawave DW-8",0.951741,1,12,0x302D,0x302D,1,"618818F2F002000100002D30"
1040,393285900,393339837,393567421,393537932,393553810,393553812,393567421,393337789,393571517,"decoded_payload_last_chip",1,533.501298,533.809979,262,0.000000,-1682.957414,"Decawave DW-8",0.951623,1,12,0xB192,0xB192,1,"618819F2F0020001000092B1"
1041,393664500,393718308,393945892,393916403,393932281,393932282,393945892,393716260,393949988,"decoded_payload_last_chip",1,534.014632,534.323313,262,0.000000,-1715.825505,"Decawave DW-8",0.951471,1,12,0x3B42,0x3B42,1,"61881AF2F00200010000423B"
1042,394042800,394096778,394324362,394294872,394310751,394310752,394324362,394094730,394328458,"decoded_payload_last_chip",1,534.527965,534.836646,262,0.000000,-1704.014938,"Decawave DW-8",0.952133,1,12,0xBAFD,0xBAFD,1,"61881BF2F00200010000FDBA"
1043,394421500,394475249,394702833,394673343,394689222,394689223,394702833,394473201,394706929,"decoded_payload_last_chip",1,535.041299,535.349980,262,0.000000,-1665.853699,"Decawave DW-8",0.951642,1,12,0x26F3,0x26F3,1,"61881CF2F00200010000F326"
1044,394799800,394853720,395081304,395051814,395067692,395067694,395081304,394851672,395085400,"decoded_payload_last_chip",1,535.554633,535.863314,262,0.143168,-1682.294776,"Decawave DW-8",0.953041,1,12,0xA74C,0xA74C,1,"61881DF2F002000100004CA7"
1045,395178200,395232190,395459774,395430284,395446163,395446164,395459774,395230142,395463870,"decoded_payload_last_chip",1,536.067966,536.376647,262,0.000000,-1676.880551,"Decawave DW-8",0.951934,1,12,0x2D9C,0x2D9C,1,"61881EF2F002000100009C2D"
1046,395556700,395610660,395838244,395808755,395824633,395824635,395838244,395608612,395842340,"decoded_payload_last_chip",1,536.581299,536.889979,262,0.000000,-1640.009285,"Decawave DW-8",0.952052,1,12,0xAC23,0xAC23,1,"61881FF2F0020001000023AC"
1047,395935300,395989131,396216715,396187225,396203104,396203105,396216715,395987083,396220811,"decoded_payload_last_chip",1,537.094633,537.403314,262,0.000000,-1699.171776,"Decawave DW-8",0.951859,1,12,0xF019,0xF019,1,"618820F2F0020001000019F0"
1048,396313900,396367601,396595185,396565695,396581574,396581575,396595185,396365553,396599281,"decoded_payload_last_chip",1,537.607966,537.916646,262,0.000000,-1661.621967,"Decawave DW-8",0.952278,1,12,0x71A6,0x71A6,1,"618821F2F00200010000A671"
1049,396692100,396746072,396973656,396944166,396960045,396960046,396973656,396744024,396977752,"decoded_payload_last_chip",1,538.121300,538.429980,262,0.000000,-1664.283256,"Decawave DW-8",0.952088,1,12,0xFB76,0xFB76,1,"618822F2F0020001000076FB"
1050,397070600,397124542,397352127,397322637,397338515,397338517,397352127,397122494,397356223,"decoded_payload_last_chip",1,538.634633,538.943315,262,0.000000,-1657.876920,"Decawave DW-8",0.951762,1,12,0x7AC9,0x7AC9,1,"618823F2F00200010000C97A"
1051,397449400,397503013,397730597,397701108,397716986,397716988,397730597,397500965,397734693,"decoded_payload_last_chip",1,539.147967,539.456647,262,0.561837,-1663.162308,"Decawave DW-8",0.955354,1,12,0xE6C7,0xE6C7,1,"618824F2F00200010000C7E6"
1052,397822100,397881483,398109068,398079578,398095456,398095458,398109068,397879435,398113164,"decoded_payload_last_chip",1,539.661300,539.969982,262,0.000000,-1640.248227,"Decawave DW-8",0.951564,1,12,0x6778,0x6778,1,"618825F2F002000100007867"
1053,398206000,398259953,398487538,398458048,398473926,398473928,398487538,398257905,398491634,"decoded_payload_last_chip",1,540.174632,540.483314,262,0.000000,-1684.985155,"Decawave DW-8",0.951881,1,12,0xEDA8,0xEDA8,1,"618826F2F00200010000A8ED"
1054,398584500,398638424,398866008,398836518,398852397,398852398,398866008,398636376,398870104,"decoded_payload_last_chip",1,540.687967,540.996647,262,-0.000000,-1685.729920,"Decawave DW-8",0.952228,1,12,0x6C17,0x6C17,1,"618827F2F00200010000176C"
1055,398962700,399016895,399244479,399214989,399230868,399230869,399244479,399014847,399248575,"decoded_payload_last_chip",1,541.201301,541.509981,262,0.000000,-1678.764874,"Decawave DW-8",0.952208,1,12,0xDDA5,0xDDA5,1,"618828F2F00200010000A5DD"
1056,399341400,399395365,399622950,399593460,399609338,399609340,399622950,399393317,399627046,"decoded_payload_last_chip",1,541.714634,542.023315,262,0.000000,-1668.631707,"Decawave DW-8",0.952078,1,12,0x5C1A,0x5C1A,1,"618829F2F002000100001A5C"
1057,399719900,399773836,400001420,399971930,399987809,399987810,400001420,399771788,400005516,"decoded_payload_last_chip",1,542.227968,542.536648,262,0.000000,-1672.430189,"Decawave DW-8",0.951927,1,12,0xD6CA,0xD6CA,1,"61882AF2F00200010000CAD6"
1058,400098400,400152306,400379890,400350401,400366279,400366281,400379890,400150258,400383986,"decoded_payload_last_chip",1,542.741300,543.049981,262,-0.000000,-1649.077634,"Decawave DW-8",0.952383,1,12,0x5775,0x5775,1,"61882BF2F002000100007557"
1059,400476800,400530776,400758361,400728871,400744749,400744751,400758361,400528728,400762457,"decoded_payload_last_chip",1,543.254633,543.563315,262,0.000000,-1653.745628,"Decawave DW-8",0.951875,1,12,0xCB7B,0xCB7B,1,"61882CF2F002000100007BCB"
1060,400855300,400909247,401136831,401107341,401123220,401123221,401136831,400907199,401140927,"decoded_payload_last_chip",1,543.767967,544.076648,262,0.000000,-1660.953286,"Decawave DW-8",0.952479,1,12,0x4AC4,0x4AC4,1,"61882DF2F00200010000C44A"
1061,401233800,401287718,401515303,401485813,401501691,401501693,401515303,401285670,401519399,"decoded_payload_last_chip",1,544.281302,544.589983,262,1.398845,-1750.192969,"Decawave DW-8",0.953978,1,12,0xC014,0xC014,1,"61882EF2F0020001000014C0"
1062,401612200,401666188,401893772,401864283,401880161,401880163,401893772,401664140,401897868,"decoded_payload_last_chip",1,544.794634,545.103315,262,0.000000,-1693.529590,"Decawave DW-8",0.952182,1,12,0x41AB,0x41AB,1,"61882FF2F00200010000AB41"
1063,401990700,402044659,402272243,402242753,402258632,402258633,402272243,402042611,402276339,"decoded_payload_last_chip",1,545.307968,545.616649,262,0.000000,-1682.344281,"Decawave DW-8",0.951721,1,12,0xAB61,0xAB61,1,"618830F2F0020001000061AB"
1064,402369092,402423129,402650713,402621223,402637102,402637103,402650713,402421081,402654809,"decoded_payload_last_chip",1,545.821301,546.129982,262,0.000000,-1704.371389,"Decawave DW-8",0.951539,1,12,0x2ADE,0x2ADE,1,"618831F2F00200010000DE2A"
1065,402746240,402801600,403029184,402999694,403015572,403015574,403029184,402799552,403033280,"decoded_payload_last_chip",1,546.334635,546.643316,262,0.000000,-1693.793928,"Decawave DW-8",0.952118,1,12,0xA00E,0xA00E,1,"618832F2F002000100000EA0"
1066,403126300,403180070,403407655,403378165,403394043,403394045,403407655,403178022,403411751,"decoded_payload_last_chip",1,546.847968,547.156650,262,0.000000,-1670.047660,"Decawave DW-8",0.952144,1,12,0x21B1,0x21B1,1,"618833F2F00200010000B121"
1067,403504600,403558541,403786125,403756635,403772514,403772515,403786125,403556493,403790221,"decoded_payload_last_chip",1,547.361302,547.669983,262,0.000000,-1683.964418,"Decawave DW-8",0.951956,1,12,0xBDBF,0xBDBF,1,"618834F2F00200010000BFBD"
1068,403883100,403937011,404164596,404135106,404150984,404150986,404164596,403934963,404168692,"decoded_payload_last_chip",1,547.874635,548.183317,262,0.000000,-1681.057170,"Decawave DW-8",0.951424,1,12,0x3C00,0x3C00,1,"618835F2F00200010000003C"
1069,404261500,404315482,404543066,404513576,404529454,404529456,404543066,404313434,404547162,"decoded_payload_last_chip",1,548.387969,548.696650,262,0.000000,-1652.623452,"Decawave DW-8",0.952121,1,12,0xB6D0,0xB6D0,1,"618836F2F00200010000D0B6"
1070,404640000,404693952,404921536,404892047,404907925,404907926,404921536,404691904,404925632,"decoded_payload_last_chip",1,548.901302,549.209983,262,0.000000,-1674.768511,"Decawave DW-8",0.951457,1,12,0x376F,0x376F,1,"618837F2F002000100006F37"
1071,405018500,405072422,405300007,405270517,405286395,405286397,405300007,405070374,405304103,"decoded_payload_last_chip",1,549.414635,549.723317,262,-0.000000,-1682.325291,"Decawave DW-8",0.952069,1,12,0x86DD,0x86DD,1,"618838F2F00200010000DD86"
1072,405396900,405450893,405678478,405648988,405664866,405664868,405678478,405448845,405682574,"decoded_payload_last_chip",1,549.927969,550.236651,262,0.000000,-1667.142531,"Decawave DW-8",0.951856,1,12,0x0762,0x0762,1,"618839F2F002000100006207"
1073,405775400,405829364,406056948,406027458,406043337,406043338,406056948,405827316,406061044,"decoded_payload_last_chip",1,550.441303,550.749984,262,0.000000,-1685.981841,"Decawave DW-8",0.951929,1,12,0x8DB2,0x8DB2,1,"61883AF2F00200010000B28D"
1074,406153900,406207834,406435419,406405929,406421807,406421809,406435419,406205786,406439515,"decoded_payload_last_chip",1,550.954636,551.263318,262,-0.000000,-1678.268912,"Decawave DW-8",0.952018,1,12,0x0C0D,0x0C0D,1,"61883BF2F002000100000D0C"
1075,406532400,406586305,406813889,406784399,406800278,406800279,406813889,406584257,406817985,"decoded_payload_last_chip",1,551.467970,551.776651,262,0.000000,-1664.526151,"Decawave DW-8",0.951372,1,12,0x9003,0x9003,1,"61883CF2F002000100000390"
1076,406910800,406964775,407192359,407162869,407178748,407178749,407192359,406962727,407196455,"decoded_payload_last_chip",1,551.981303,552.289983,262,0.000000,-1675.906488,"Decawave DW-8",0.952319,1,12,0x11BC,0x11BC,1,"61883DF2F00200010000BC11"
1077,407289300,407343245,407570830,407541340,407557218,407557220,407570830,407341197,407574926,"decoded_payload_last_chip",1,552.494636,552.803318,262,0.000000,-1696.135585,"Decawave DW-8",0.952178,1,12,0x9B6C,0x9B6C,1,"61883EF2F002000100006C9B"
1078,407667800,407721716,407949300,407919810,407935689,407935690,407949300,407719668,407953396,"decoded_payload_last_chip",1,553.007970,553.316650,262,0.000000,-1689.380527,"Decawave DW-8",0.952477,1,12,0x1AD3,0x1AD3,1,"61883FF2F00200010000D31A"
1079,408046200,408100187,408327771,408298281,408314160,408314161,408327771,408098139,408331867,"decoded_payload_last_chip",1,553.521304,553.829985,262,0.000000,-1696.047957,"Decawave DW-8",0.951737,1,12,0x2318,0x2318,1,"618840F2F002000100001823"
1080,408424700,408478657,408706241,408676752,408692630,408692632,408706241,408476609,408710337,"decoded_payload_last_chip",1,554.034637,554.343317,262,0.000000,-1679.724433,"Decawave DW-8",0.951816,1,12,0xA2A7,0xA2A7,1,"618841F2F00200010000A7A2"
1081,408803300,408857128,409084712,409055222,409071101,409071102,409084712,408855080,409088808,"decoded_payload_last_chip",1,554.547971,554.856651,262,0.000000,-1667.630114,"Decawave DW-8",0.951855,1,12,0x2877,0x2877,1,"618842F2F002000100007728"
1082,409181600,409235598,409463182,409433692,409449571,409449572,409463182,409233550,409467278,"decoded_payload_last_chip",1,555.061304,555.369984,262,-0.000000,-1673.827622,"Decawave DW-8",0.951672,1,12,0xA9C8,0xA9C8,1,"618843F2F00200010000C8A9"
1083,409560100,409614068,409841654,409812164,409828042,409828044,409841654,409612020,409845750,"decoded_payload_last_chip",1,555.574637,555.883320,262,5.277520,-1943.845238,"Decawave DW-8",0.949396,1,12,0x35C6,0x35C6,1,"618844F2F00200010000C635"
1084,409938600,409992539,410220124,410190634,410206512,410206514,410220124,409990491,410224220,"decoded_payload_last_chip",1,556.087971,556.396653,262,0.000000,-1688.631038,"Decawave DW-8",0.951855,1,12,0xB479,0xB479,1,"618845F2F0020001000079B4"
1085,410317200,410371009,410598594,410569104,410584982,410584984,410598594,410368961,410602690,"decoded_payload_last_chip",1,556.601303,556.909985,262,0.000000,-1664.917511,"Decawave DW-8",0.951991,1,12,0x3EA9,0x3EA9,1,"618846F2F00200010000A93E"
1086,410694400,410749480,410977065,410947575,410963453,410963455,410977065,410747432,410981161,"decoded_payload_last_chip",1,557.114638,557.423319,262,0.000000,-1681.474476,"Decawave DW-8",0.952055,1,12,0xBF16,0xBF16,1,"618847F2F0020001000016BF"
1087,411074000,411127951,411355535,411326045,411341923,411341925,411355535,411125903,411359631,"decoded_payload_last_chip",1,557.627972,557.936652,262,0.000000,-1664.435160,"Decawave DW-8",0.952154,1,12,0x0EA4,0x0EA4,1,"618848F2F00200010000A40E"
1088,411452500,411506421,411734005,411704516,411720394,411720395,411734005,411504373,411738101,"decoded_payload_last_chip",1,558.141305,558.449985,262,0.000000,-1682.043848,"Decawave DW-8",0.952899,1,12,0x8F1B,0x8F1B,1,"618849F2F002000100001B8F"
1089,411830900,411884892,412112476,412082986,412098865,412098866,412112476,411882844,412116572,"decoded_payload_last_chip",1,558.654639,558.963319,262,0.000000,-1691.473771,"Decawave DW-8",0.952482,1,12,0x05CB,0x05CB,1,"61884AF2F00200010000CB05"
1090,412209400,412263362,412490947,412461457,412477335,412477337,412490947,412261314,412495043,"decoded_payload_last_chip",1,559.167971,559.476653,262,0.000000,-1690.756674,"Decawave DW-8",0.952143,1,12,0x8474,0x8474,1,"61884BF2F002000100007484"
1091,412587900,412641833,412869417,412839927,412855806,412855807,412869417,412639785,412873513,"decoded_payload_last_chip",1,559.681306,559.989986,262,0.000000,-1690.727301,"Decawave DW-8",0.951773,1,12,0x187A,0x187A,1,"61884CF2F002000100007A18"
1092,412966500,413020303,413247887,413218397,413234276,413234277,413247887,413018255,413251983,"decoded_payload_last_chip",1,560.194638,560.503319,262,0.000000,-1688.741608,"Decawave DW-8",0.952427,1,12,0x99C5,0x99C5,1,"61884DF2F00200010000C599"
1093,413344800,413398773,413626358,413596868,413612746,413612748,413626358,413396725,413630454,"decoded_payload_last_chip",1,560.707971,561.016653,262,0.000000,-1675.828878,"Decawave DW-8",0.951877,1,12,0x1315,0x1315,1,"61884EF2F002000100001513"
1094,413718500,413777244,414004828,413975338,413991217,413991218,414004828,413775196,414008924,"decoded_payload_last_chip",1,561.221305,561.529986,262,0.000000,-1692.067364,"Decawave DW-8",0.951541,1,12,0x92AA,0x92AA,1,"61884FF2F00200010000AA92"
1095,414102000,414155714,414383300,414353810,414369688,414369690,414383300,414153666,414387396,"decoded_payload_last_chip",1,561.734638,562.043321,262,5.199369,-1918.577545,"Decawave DW-8",0.948768,1,12,0x7860,0x7860,1,"618850F2F002000100006078"
1096,414480400,414534185,414761769,414732280,414748158,414748160,414761769,414532137,414765865,"decoded_payload_last_chip",1,562.247972,562.556653,262,0.000000,-1674.597375,"Decawave DW-8",0.951714,1,12,0xF9DF,0xF9DF,1,"618851F2F00200010000DFF9"
1097,414858100,414912655,415140240,415110750,415126628,415126630,415140240,414910607,415144336,"decoded_payload_last_chip",1,562.761305,563.069987,262,0.000000,-1672.500053,"Decawave DW-8",0.952481,1,12,0x730F,0x730F,1,"618852F2F002000100000F73"
1098,415237300,415291126,415518711,415489221,415505100,415505101,415518711,415289078,415522807,"decoded_payload_last_chip",1,563.274639,563.583321,262,5.433167,-1948.786545,"Decawave DW-8",0.945842,1,12,0xF2B0,0xF2B0,1,"618853F2F00200010000B0F2"
1099,415615600,415669596,415897181,415867691,415883569,415883571,415897181,415667548,415901277,"decoded_payload_last_chip",1,563.787972,564.096654,262,0.000000,-1673.698288,"Decawave DW-8",0.951959,1,12,0x6EBE,0x6EBE,1,"618854F2F00200010000BE6E"
1100,415994400,416048067,416275651,416246161,416262040,416262041,416275651,416046019,416279747,"decoded_payload_last_chip",1,564.301306,564.609987,262,0.000000,-1658.888489,"Decawave DW-8",0.951818,1,12,0xEF01,0xEF01,1,"618855F2F0020001000001EF"
1101,416372600,416426537,416654122,416624632,416640511,416640512,416654122,416424489,416658218,"decoded_payload_last_chip",1,564.814639,565.123321,262,3.642251,-1887.015353,"Decawave DW-8",0.953523,1,12,0x65D1,0x65D1,1,"618856F2F00200010000D165"
1102,416751200,416805008,417032592,417003103,417018981,417018982,417032592,416802960,417036688,"decoded_payload_last_chip",1,565.327973,565.636654,262,0.000000,-1676.289903,"Decawave DW-8",0.951455,1,12,0xE46E,0xE46E,1,"618857F2F002000100006EE4"
1103,417129500,417183479,417411063,417381573,417397452,417397453,417411063,417181431,417415159,"decoded_payload_last_chip",1,565.841307,566.149988,262,0.000000,-1680.419781,"Decawave DW-8",0.951795,1,12,0x55DC,0x55DC,1,"618858F2F00200010000DC55"
1104,417508200,417561949,417789533,417760043,417775922,417775923,417789533,417559901,417793629,"decoded_payload_last_chip",1,566.354640,566.663321,262,0.000000,-1663.192268,"Decawave DW-8",0.951652,1,12,0xD463,0xD463,1,"618859F2F0020001000063D4"
1105,417886500,417940420,418168004,418138514,418154392,418154394,418168004,417938372,418172100,"decoded_payload_last_chip",1,566.867974,567.176655,262,0.000000,-1660.344882,"Decawave DW-8",0.952030,1,12,0x5EB3,0x5EB3,1,"61885AF2F00200010000B35E"
1106,418264900,418318890,418546475,418516985,418532863,418532865,418546475,418316842,418550571,"decoded_payload_last_chip",1,567.381307,567.689989,262,0.000000,-1672.121244,"Decawave DW-8",0.951462,1,12,0xDF0C,0xDF0C,1,"61885BF2F002000100000CDF"
1107,418643400,418697361,418924945,418895455,418911334,418911335,418924945,418695313,418929041,"decoded_payload_last_chip",1,567.894641,568.203322,262,0.000000,-1670.688869,"Decawave DW-8",0.951703,1,12,0x4302,0x4302,1,"61885CF2F002000100000243"
1108,419022000,419075831,419303415,419273925,419289804,419289805,419303415,419073783,419307511,"decoded_payload_last_chip",1,568.407974,568.716654,262,0.000000,-1682.781426,"Decawave DW-8",0.951974,1,12,0xC2BD,0xC2BD,1,"61885DF2F00200010000BDC2"
1109,419400600,419454302,419681886,419652396,419668275,419668276,419681886,419452254,419685982,"decoded_payload_last_chip",1,568.921308,569.229989,262,0.000000,-1662.480042,"Decawave DW-8",0.952143,1,12,0x486D,0x486D,1,"61885EF2F002000100006D48"
1110,419778800,419832772,420060356,420030866,420046745,420046746,420060356,419830724,420064452,"decoded_payload_last_chip",1,569.434641,569.743321,262,0.000000,-1681.521891,"Decawave DW-8",0.951648,1,12,0xC9D2,0xC9D2,1,"61885FF2F00200010000D2C9"
1111,420157500,420211242,420438827,420409337,420425215,420425217,420438827,420209194,420442923,"decoded_payload_last_chip",1,569.947974,570.256656,262,0.000000,-1664.739085,"Decawave DW-8",0.952167,1,12,0x95E8,0x95E8,1,"618860F2F00200010000E895"
1112,420536100,420589713,420817297,420787808,420803686,420803687,420817297,420587665,420821393,"decoded_payload_last_chip",1,570.461308,570.769988,262,0.000000,-1686.960443,"Decawave DW-8",0.952135,1,12,0x1457,0x1457,1,"618861F2F002000100005714"
1113,420914100,420968183,421195768,421166278,421182156,421182158,421195768,420966135,421199864,"decoded_payload_last_chip",1,570.974641,571.283322,262,-0.000000,-1685.420803,"Decawave DW-8",0.952041,1,12,0x9E87,0x9E87,1,"618862F2F00200010000879E"
1114,421292700,421346654,421574238,421544749,421560627,421560629,421574238,421344606,421578334,"decoded_payload_last_chip",1,571.487975,571.796655,262,0.000000,-1658.453753,"Decawave DW-8",0.951669,1,12,0x1F38,0x1F38,1,"618863F2F00200010000381F"
1115,421671200,421725125,421952709,421923219,421939098,421939099,421952709,421723077,421956805,"decoded_payload_last_chip",1,572.001309,572.309989,262,0.000000,-1682.812725,"Decawave DW-8",0.951379,1,12,0x8336,0x8336,1,"618864F2F002000100003683"
1116,422049600,422103595,422331179,422301689,422317568,422317569,422331179,422101547,422335275,"decoded_payload_last_chip",1,572.514642,572.823322,262,0.000000,-1658.697005,"Decawave DW-8",0.952626,1,12,0x0289,0x0289,1,"618865F2F002000100008902"
1117,422428200,422482066,422709650,422680160,422696039,422696040,422709650,422480018,422713746,"decoded_payload_last_chip",1,573.027976,573.336656,262,0.000000,-1655.653804,"Decawave DW-8",0.952016,1,12,0x8859,0x8859,1,"618866F2F002000100005988"
1118,422806600,422860536,423088120,423058630,423074509,423074510,423088120,422858488,423092216,"decoded_payload_last_chip",1,573.541309,573.849989,262,0.000000,-1656.987550,"Decawave DW-8",0.951468,1,12,0x09E6,0x09E6,1,"618867F2F00200010000E609"
1119,423185100,423239006,423466590,423437101,423452979,423452981,423466590,423236958,423470686,"decoded_payload_last_chip",1,574.054641,574.363322,262,-0.000000,-1676.622851,"Decawave DW-8",0.951776,1,12,0xB854,0xB854,1,"618868F2F0020001000054B8"
1120,423563500,423617477,423845061,423815572,423831450,423831452,423845061,423615429,423849157,"decoded_payload_last_chip",1,574.567976,574.876656,262,-0.000000,-1695.750272,"Decawave DW-8",0.952275,1,12,0x39EB,0x39EB,1,"618869F2F00200010000EB39"
1121,423942000,423995948,424223532,424194042,424209920,424209922,424223532,423993900,424227628,"decoded_payload_last_chip",1,575.081310,575.389990,262,0.000000,-1672.267734,"Decawave DW-8",0.952112,1,12,0xB33B,0xB33B,1,"61886AF2F002000100003BB3"
1122,424320500,424374418,424602002,424572513,424588391,424588392,424602002,424372370,424606098,"decoded_payload_last_chip",1,575.594642,575.903323,262,-0.000000,-1700.049802,"Decawave DW-8",0.951601,1,12,0x3284,0x3284,1,"61886BF2F002000100008432"
1123,424698900,424752888,424980474,424950984,424966862,424966864,424980474,424750840,424984570,"decoded_payload_last_chip",1,576.107975,576.416659,262,5.451883,-1919.826434,"Decawave DW-8",0.946917,1,12,0xAE8A,0xAE8A,1,"61886CF2F002000100008AAE"
1124,425077400,425131359,425358944,425329454,425345332,425345334,425358944,425129311,425363040,"decoded_payload_last_chip",1,576.621309,576.929991,262,0.000000,-1675.281867,"Decawave DW-8",0.952293,1,12,0x2F35,0x2F35,1,"61886DF2F00200010000352F"
1125,425456000,425509829,425737414,425707924,425723802,425723804,425737414,425507781,425741510,"decoded_payload_last_chip",1,577.134642,577.443324,262,0.000000,-1692.080354,"Decawave DW-8",0.952280,1,12,0xA5E5,0xA5E5,1,"61886EF2F00200010000E5A5"
1126,425834300,425888300,426115884,426086395,426102273,426102274,426115884,425886252,426119980,"decoded_payload_last_chip",1,577.647976,577.956657,262,0.000000,-1683.406690,"Decawave DW-8",0.952214,1,12,0x245A,0x245A,1,"61886FF2F002000100005A24"
1127,426212800,426266770,426494355,426464865,426480743,426480745,426494355,426264722,426498451,"decoded_payload_last_chip",1,578.161309,578.469991,262,0.000000,-1680.639401,"Decawave DW-8",0.951427,1,12,0xCE90,0xCE90,1,"618870F2F0020001000090CE"
1128,426591300,426645241,426872825,426843335,426859214,426859215,426872825,426643193,426876921,"decoded_payload_last_chip",1,578.674643,578.983324,262,0.000000,-1674.555640,"Decawave DW-8",0.951741,1,12,0x4F2F,0x4F2F,1,"618871F2F002000100002F4F"
1129,426969900,427023712,427251296,427221806,427237685,427237686,427251296,427021664,427255392,"decoded_payload_last_chip",1,579.187977,579.496658,262,0.000000,-1665.405023,"Decawave DW-8",0.952580,1,12,0xC5FF,0xC5FF,1,"618872F2F00200010000FFC5"
1130,427348200,427402182,427629767,427600277,427616155,427616157,427629767,427400134,427633863,"decoded_payload_last_chip",1,579.701310,580.009992,262,-0.000000,-1693.212822,"Decawave DW-8",0.952135,1,12,0x4440,0x4440,1,"618873F2F002000100004044"
1131,427726800,427780652,428008237,427978747,427994625,427994627,428008237,427778604,428012333,"decoded_payload_last_chip",1,580.214643,580.523325,262,0.000000,-1698.174682,"Decawave DW-8",0.952358,1,12,0xD84E,0xD84E,1,"618874F2F002000100004ED8"
1132,428105200,428159123,428386707,428357218,428373096,428373098,428386707,428157075,428390803,"decoded_payload_last_chip",1,580.727977,581.036658,262,0.000000,-1646.199511,"Decawave DW-8",0.951831,1,12,0x59F1,0x59F1,1,"618875F2F00200010000F159"
1133,428483600,428537593,428765178,428735688,428751566,428751568,428765178,428535545,428769274,"decoded_payload_last_chip",1,581.241310,581.549992,262,0.000000,-1677.371459,"Decawave DW-8",0.951908,1,12,0xD321,0xD321,1,"618876F2F0020001000021D3"
1134,428862100,428916064,429143648,429114158,429130037,429130038,429143648,428914016,429147744,"decoded_payload_last_chip",1,581.754644,582.063325,262,0.000000,-1669.642065,"Decawave DW-8",0.952469,1,12,0x529E,0x529E,1,"618877F2F002000100009E52"
1135,429240600,429294534,429522119,429492629,429508507,429508509,429522119,429292486,429526215,"decoded_payload_last_chip",1,582.267977,582.576659,262,-0.000000,-1684.232654,"Decawave DW-8",0.952273,1,12,0xE32C,0xE32C,1,"618878F2F002000100002CE3"
1136,429619100,429673005,429900589,429871099,429886978,429886979,429900589,429670957,429904685,"decoded_payload_last_chip",1,582.781311,583.089992,262,0.000000,-1681.345238,"Decawave DW-8",0.951708,1,12,0x6293,0x6293,1,"618879F2F002000100009362"
1137,429997500,430051476,430279060,430249570,430265449,430265450,430279060,430049428,430283156,"decoded_payload_last_chip",1,583.294645,583.603326,262,0.000000,-1663.451918,"Decawave DW-8",0.951919,1,12,0xE843,0xE843,1,"61887AF2F0020001000043E8"
1138,430376000,430429946,430657530,430628041,430643919,430643920,430657530,430427898,430661626,"decoded_payload_last_chip",1,583.807978,584.116659,262,0.000000,-1684.481378,"Decawave DW-8",0.951978,1,12,0x69FC,0x69FC,1,"61887BF2F00200010000FC69"
1139,430754500,430808417,431036001,431006511,431022389,431022391,431036001,430806369,431040097,"decoded_payload_last_chip",1,584.321312,584.629993,262,0.000000,-1670.642422,"Decawave DW-8",0.951279,1,12,0xF5F2,0xF5F2,1,"61887CF2F00200010000F2F5"
1140,431132900,431186887,431414471,431384981,431400860,431400861,431414471,431184839,431418567,"decoded_payload_last_chip",1,584.834645,585.143325,262,0.000000,-1680.306964,"Decawave DW-8",0.951512,1,12,0x744D,0x744D,1,"61887DF2F002000100004D74"
1141,431511400,431565357,431792942,431763453,431779331,431779332,431792942,431563309,431797038,"decoded_payload_last_chip",1,585.347978,585.656660,262,4.228387,-1880.783927,"Decawave DW-8",0.952554,1,12,0xFE9D,0xFE9D,1,"61887EF2F002000100009DFE"
1142,431890100,431943828,432171412,432141923,432157801,432157803,432171412,431941780,432175508,"decoded_payload_last_chip",1,585.861312,586.169992,262,0.000000,-1692.293906,"Decawave DW-8",0.952207,1,12,0x7F22,0x7F22,1,"61887FF2F00200010000227F"
1143,432268300,432322299,432549883,432520393,432536271,432536273,432549883,432320251,432553979,"decoded_payload_last_chip",1,586.374646,586.683327,262,0.000000,-1692.750916,"Decawave DW-8",0.952355,1,12,0x8D0B,0x8D0B,1,"618880F2F002000100000B8D"
1144,432646800,432700769,432928353,432898864,432914742,432914743,432928353,432698721,432932449,"decoded_payload_last_chip",1,586.887979,587.196659,262,0.000000,-1675.596503,"Decawave DW-8",0.952333,1,12,0x0CB4,0x0CB4,1,"618881F2F00200010000B40C"
1145,433025300,433079239,433306824,433277334,433293212,433293214,433306824,433077191,433310920,"decoded_payload_last_chip",1,587.401312,587.709993,262,0.000000,-1702.204303,"Decawave DW-8",0.952160,1,12,0x8664,0x8664,1,"618882F2F002000100006486"
1146,433403800,433457710,433685294,433655804,433671683,433671684,433685294,433455662,433689390,"decoded_payload_last_chip",1,587.914646,588.223326,262,0.000000,-1697.899970,"Decawave DW-8",0.952122,1,12,0x07DB,0x07DB,1,"618883F2F00200010000DB07"
1147,433782200,433836181,434063765,434034275,434050154,434050155,434063765,433834133,434067861,"decoded_payload_last_chip",1,588.427980,588.736660,262,-0.000000,-1644.830584,"Decawave DW-8",0.951899,1,12,0x9BD5,0x9BD5,1,"618884F2F00200010000D59B"
1148,434160700,434214651,434442236,434412746,434428624,434428626,434442236,434212603,434446332,"decoded_payload_last_chip",1,588.941313,589.249995,262,0.000000,-1661.568071,"Decawave DW-8",0.952189,1,12,0x1A6A,0x1A6A,1,"618885F2F002000100006A1A"
1149,434539200,434593122,434820706,434791216,434807095,434807096,434820706,434591074,434824802,"decoded_payload_last_chip",1,589.454647,589.763327,262,0.000000,-1667.946143,"Decawave DW-8",0.951908,1,12,0x90BA,0x90BA,1,"618886F2F00200010000BA90"
1150,434917600,434971592,435199176,435169686,435185565,435185566,435199176,434969544,435203272,"decoded_payload_last_chip",1,589.967980,590.276660,262,0.000000,-1677.284246,"Decawave DW-8",0.951703,1,12,0x1105,0x1105,1,"618887F2F002000100000511"
1151,435296100,435350062,435577647,435548157,435564035,435564037,435577647,435348014,435581743,"decoded_payload_last_chip",1,590.481312,590.789994,262,0.000000,-1679.419548,"Decawave DW-8",0.952091,1,12,0xA0B7,0xA0B7,1,"618888F2F00200010000B7A0"
1152,435674600,435728533,435956117,435926627,435942506,435942507,435956117,435726485,435960213,"decoded_payload_last_chip",1,590.994647,591.303327,262,0.000000,-1691.933998,"Decawave DW-8",0.952250,1,12,0x2108,0x2108,1,"618889F2F002000100000821"
1153,436053200,436107004,436334588,436305098,436320976,436320978,436334588,436104956,436338684,"decoded_payload_last_chip",1,591.507981,591.816661,262,0.000000,-1662.150470,"Decawave DW-8",0.951880,1,12,0xABD8,0xABD8,1,"61888AF2F00200010000D8AB"
1154,436431500,436485474,436713058,436683569,436699447,436699449,436713058,436483426,436717154,"decoded_payload_last_chip",1,592.021313,592.329994,262,0.000000,-1690.716384,"Decawave DW-8",0.951565,1,12,0x2A67,0x2A67,1,"61888BF2F00200010000672A"
1155,436810000,436863945,437091529,437062039,437077918,437077919,437091529,436861897,437095625,"decoded_payload_last_chip",1,592.534648,592.843328,262,0.000000,-1694.239180,"Decawave DW-8",0.952199,1,12,0xB669,0xB669,1,"61888CF2F0020001000069B6"
1156,437188500,437242415,437469999,437440510,437456388,437456389,437469999,437240367,437474095,"decoded_payload_last_chip",1,593.047980,593.356661,262,0.000000,-1662.394241,"Decawave DW-8",0.951817,1,12,0x37D6,0x37D6,1,"61888DF2F00200010000D637"
1157,437566900,437620885,437848469,437818980,437834858,437834860,437848469,437618837,437852565,"decoded_payload_last_chip",1,593.561313,593.869994,262,0.000000,-1689.279468,"Decawave DW-8",0.952289,1,12,0xBD06,0xBD06,1,"61888EF2F0020001000006BD"
1158,437945400,437999356,438226940,438197450,438213329,438213330,438226940,437997308,438231036,"decoded_payload_last_chip",1,594.074647,594.383328,262,0.000000,-1702.218198,"Decawave DW-8",0.952554,1,12,0x3CB9,0x3CB9,1,"61888FF2F00200010000B93C"
1159,438324000,438377826,438605411,438575921,438591799,438591801,438605411,438375778,438609507,"decoded_payload_last_chip",1,594.587980,594.896662,262,0.000000,-1688.680556,"Decawave DW-8",0.952032,1,12,0xD673,0xD673,1,"618890F2F0020001000073D6"
1160,438702300,438756297,438983881,438954392,438970270,438970271,438983881,438754249,438987977,"decoded_payload_last_chip",1,595.101314,595.409995,262,0.000000,-1666.537548,"Decawave DW-8",0.951481,1,12,0x57CC,0x57CC,1,"618891F2F00200010000CC57"
1161,439080900,439134768,439362352,439332862,439348741,439348742,439362352,439132720,439366448,"decoded_payload_last_chip",1,595.614648,595.923329,262,0.000000,-1685.643856,"Decawave DW-8",0.951570,1,12,0xDD1C,0xDD1C,1,"618892F2F002000100001CDD"
1162,439459300,439513238,439740822,439711332,439727211,439727212,439740822,439511190,439744918,"decoded_payload_last_chip",1,596.127981,596.436662,262,0.000000,-1682.263351,"Decawave DW-8",0.952567,1,12,0x5CA3,0x5CA3,1,"618893F2F00200010000A35C"
1163,439837800,439891708,440119293,440089803,440105681,440105683,440119293,439889660,440123389,"decoded_payload_last_chip",1,596.641314,596.949996,262,0.000000,-1682.729012,"Decawave DW-8",0.952346,1,12,0xC0AD,0xC0AD,1,"618894F2F00200010000ADC0"
1164,440216300,440270179,440497763,440468273,440484152,440484153,440497763,440268131,440501859,"decoded_payload_last_chip",1,597.154648,597.463329,262,0.000000,-1676.556564,"Decawave DW-8",0.952028,1,12,0x4112,0x4112,1,"618895F2F002000100001241"
1165,440594900,440648650,440876234,440846744,440862623,440862624,440876234,440646602,440880330,"decoded_payload_last_chip",1,597.667982,597.976663,262,0.000000,-1664.552576,"Decawave DW-8",0.952129,1,12,0xCBC2,0xCBC2,1,"618896F2F00200010000C2CB"
1166,440971872,441027120,441254704,441225215,441241093,441241094,441254704,441025072,441258800,"decoded_payload_last_chip",1,598.181315,598.489996,262,0.000000,-1666.983458,"Decawave DW-8",0.951968,1,12,0x4A7D,0x4A7D,1,"618897F2F002000100007D4A"
1167,441351600,441405590,441633175,441603685,441619563,441619565,441633175,441403542,441637271,"decoded_payload_last_chip",1,598.694648,599.003330,262,0.000000,-1663.545784,"Decawave DW-8",0.952094,1,12,0xFBCF,0xFBCF,1,"618898F2F00200010000CFFB"
1168,441730100,441784061,442011645,441982155,441998034,441998035,442011645,441782013,442015741,"decoded_payload_last_chip",1,599.207982,599.516663,262,0.000000,-1685.363759,"Decawave DW-8",0.952230,1,12,0x7A70,0x7A70,1,"618899F2F00200010000707A"
1169,442108700,442162532,442390116,442360626,442376505,442376506,442390116,442160484,442394212,"decoded_payload_last_chip",1,599.721316,600.029997,262,0.000000,-1672.362515,"Decawave DW-8",0.951357,1,12,0xF0A0,0xF0A0,1,"61889AF2F00200010000A0F0"
1170,442487300,442541002,442768586,442739096,442754975,442754976,442768586,442538954,442772682,"decoded_payload_last_chip",1,600.234649,600.543330,262,-0.000000,-1670.824208,"Decawave DW-8",0.952250,1,12,0x711F,0x711F,1,"61889BF2F002000100001F71"
1171,442865500,442919473,443147057,443117567,443133446,443133447,443147057,442917425,443151153,"decoded_payload_last_chip",1,600.747983,601.056664,262,0.000000,-1662.278161,"Decawave DW-8",0.951314,1,12,0xED11,0xED11,1,"61889CF2F0020001000011ED"
1172,443244200,443297943,443525527,443496038,443511916,443511917,443525527,443295895,443529623,"decoded_payload_last_chip",1,601.261316,601.569996,262,0.000000,-1676.676636,"Decawave DW-8",0.951819,1,12,0x6CAE,0x6CAE,1,"61889DF2F00200010000AE6C"
1173,443622800,443676414,443903998,443874508,443890387,443890388,443903998,443674366,443908094,"decoded_payload_last_chip",1,601.774650,602.083331,262,0.000000,-1639.381186,"Decawave DW-8",0.951825,1,12,0xE67E,0xE67E,1,"61889EF2F002000100007EE6"
1174,444000900,444054884,444282468,444252978,444268857,444268858,444282468,444052836,444286564,"decoded_payload_last_chip",1,602.287983,602.596663,262,0.000000,-1693.979621,"Decawave DW-8",0.951491,1,12,0x67C1,0x67C1,1,"61889FF2F00200010000C167"
1175,444379400,444433354,444660938,444631449,444647327,444647329,444660938,444431306,444665034,"decoded_payload_last_chip",1,602.801316,603.109996,262,0.000000,-1693.071657,"Decawave DW-8",0.952397,1,12,0x3BFB,0x3BFB,1,"6188A0F2F00200010000FB3B"
1176,444757900,444811825,445039409,445009919,445025798,445025799,445039409,444809777,445043505,"decoded_payload_last_chip",1,603.314650,603.623330,262,0.000000,-1696.349487,"Decawave DW-8",0.952039,1,12,0xBA44,0xBA44,1,"6188A1F2F0020001000044BA"
1177,445136300,445190296,445417880,445388390,445404268,445404270,445417880,445188248,445421976,"decoded_payload_last_chip",1,603.827984,604.136664,262,0.000000,-1695.224284,"Decawave DW-8",0.951977,1,12,0x3094,0x3094,1,"6188A2F2F002000100009430"
1178,445514900,445568766,445796351,445766861,445782740,445782741,445796351,445566718,445800447,"decoded_payload_last_chip",1,604.341317,604.649999,262,5.209220,-1915.885149,"Decawave DW-8",0.949097,1,12,0xB12B,0xB12B,1,"6188A3F2F002000100002BB1"
1179,445893300,445947236,446174821,446145331,446161209,446161211,446174821,445945188,446178917,"decoded_payload_last_chip",1,604.854650,605.163331,262,0.000000,-1693.540933,"Decawave DW-8",0.951777,1,12,0x2D25,0x2D25,1,"6188A4F2F00200010000252D"
1180,446271800,446325707,446553291,446523801,446539680,446539681,446553291,446323659,446557387,"decoded_payload_last_chip",1,605.367984,605.676664,262,0.000000,-1686.551708,"Decawave DW-8",0.952025,1,12,0xAC9A,0xAC9A,1,"6188A5F2F002000100009AAC"
1181,446650200,446704177,446931763,446902273,446918151,446918153,446931763,446702129,446935859,"decoded_payload_last_chip",1,605.881316,606.190000,262,5.296894,-1938.369498,"Decawave DW-8",0.947240,1,12,0x264A,0x264A,1,"6188A6F2F002000100004A26"
1182,447028700,447082648,447310233,447280743,447296621,447296623,447310233,447080600,447314329,"decoded_payload_last_chip",1,606.394651,606.703333,262,-0.000000,-1658.014438,"Decawave DW-8",0.952423,1,12,0xA7F5,0xA7F5,1,"6188A7F2F00200010000F5A7"
1183,447407200,447461119,447688703,447659213,447675092,447675093,447688703,447459071,447692799,"decoded_payload_last_chip",1,606.907985,607.216665,262,0.000000,-1673.050923,"Decawave DW-8",0.952228,1,12,0x1647,0x1647,1,"6188A8F2F002000100004716"
1184,447785600,447839589,448067173,448037683,448053562,448053563,448067173,447837541,448071269,"decoded_payload_last_chip",1,607.421318,607.729998,262,0.000000,-1686.185472,"Decawave DW-8",0.952163,1,12,0x97F8,0x97F8,1,"6188A9F2F00200010000F897"
1185,448164100,448218059,448445644,448416154,448432032,448432034,448445644,448216011,448449740,"decoded_payload_last_chip",1,607.934650,608.243332,262,0.000000,-1660.893358,"Decawave DW-8",0.952818,1,12,0x1D28,0x1D28,1,"6188AAF2F00200010000281D"
1186,448542600,448596530,448824114,448794624,448810503,448810504,448824114,448594482,448828210,"decoded_payload_last_chip",1,608.447984,608.756665,262,-0.000000,-1688.662453,"Decawave DW-8",0.951988,1,12,0x9C97,0x9C97,1,"6188ABF2F00200010000979C"
1187,448921000,448975001,449202585,449173095,449188974,449188975,449202585,448972953,449206681,"decoded_payload_last_chip",1,608.961319,609.269999,262,0.000000,-1684.695409,"Decawave DW-8",0.951976,1,12,0x0099,0x0099,1,"6188ACF2F002000100009900"
1188,449299500,449353471,449581055,449551566,449567444,449567446,449581055,449351423,449585151,"decoded_payload_last_chip",1,609.474651,609.783332,262,0.000000,-1672.206952,"Decawave DW-8",0.951920,1,12,0x8126,0x8126,1,"6188ADF2F002000100002681"
1189,449678000,449731942,449959526,449930036,449945915,449945916,449959526,449729894,449963622,"decoded_payload_last_chip",1,609.987986,610.296666,262,0.000000,-1669.927835,"Decawave DW-8",0.952704,1,12,0x0BF6,0x0BF6,1,"6188AEF2F00200010000F60B"
1190,450056600,450110412,450337996,450308506,450324385,450324386,450337996,450108364,450342092,"decoded_payload_last_chip",1,610.501318,610.809999,262,0.000000,-1686.716698,"Decawave DW-8",0.952167,1,12,0x8A49,0x8A49,1,"6188AFF2F00200010000498A"
1191,450434900,450488882,450716467,450686977,450702855,450702857,450716467,450486834,450720563,"decoded_payload_last_chip",1,611.014651,611.323333,262,0.000000,-1668.405076,"Decawave DW-8",0.952183,1,12,0x6083,0x6083,1,"6188B0F2F002000100008360"
1192,450813400,450867353,451094937,451065447,451081326,451081327,451094937,450865305,451099033,"decoded_payload_last_chip",1,611.527985,611.836666,262,0.000000,-1689.579414,"Decawave DW-8",0.952067,1,12,0xE13C,0xE13C,1,"6188B1F2F002000100003CE1"
1193,451191900,451245823,451473407,451443918,451459796,451459798,451473407,451243775,451477503,"decoded_payload_last_chip",1,612.041318,612.349999,262,0.000000,-1680.400493,"Decawave DW-8",0.952455,1,12,0x6BEC,0x6BEC,1,"6188B2F2F00200010000EC6B"
1194,451570300,451624294,451851878,451822389,451838267,451838268,451851878,451622246,451855974,"decoded_payload_last_chip",1,612.554652,612.863333,262,0.000000,-1677.566108,"Decawave DW-8",0.952298,1,12,0xEA53,0xEA53,1,"6188B3F2F0020001000053EA"
1195,451948252,452002764,452230349,452200859,452216737,452216739,452230349,452000716,452234445,"decoded_payload_last_chip",1,613.067985,613.376667,262,0.000000,-1672.484273,"Decawave DW-8",0.951674,1,12,0x765D,0x765D,1,"6188B4F2F002000100005D76"
1196,452327400,452381235,452608820,452579330,452595209,452595210,452608820,452379187,452612916,"decoded_payload_last_chip",1,613.581319,613.890001,262,5.420032,-1972.659311,"Decawave DW-8",0.948099,1,12,0xF7E2,0xF7E2,1,"6188B5F2F00200010000E2F7"
1197,452705800,452759705,452987290,452957800,452973678,452973680,452987290,452757657,452991386,"decoded_payload_last_chip",1,614.094652,614.403334,262,0.000000,-1671.640320,"Decawave DW-8",0.952274,1,12,0x7D32,0x7D32,1,"6188B6F2F00200010000327D"
1198,453084200,453138176,453365760,453336270,453352149,453352150,453365760,453136128,453369856,"decoded_payload_last_chip",1,614.607986,614.916667,262,0.000000,-1686.366603,"Decawave DW-8",0.951934,1,12,0xFC8D,0xFC8D,1,"6188B7F2F002000100008DFC"
1199,453462700,453516646,453744231,453714741,453730620,453730621,453744231,453514598,453748327,"decoded_payload_last_chip",1,615.121319,615.430001,262,3.753239,-1851.328023,"Decawave DW-8",0.953337,1,12,0x4D3F,0x4D3F,1,"6188B8F2F002000100003F4D"
1200,453841300,453895117,454122701,454093211,454109090,454109091,454122701,453893069,454126797,"decoded_payload_last_chip",1,615.634653,615.943334,262,0.000000,-1706.832125,"Decawave DW-8",0.952276,1,12,0xCC80,0xCC80,1,"6188B9F2F0020001000080CC"
1201,454219800,454273587,454501172,454471682,454487560,454487562,454501172,454271539,454505268,"decoded_payload_last_chip",1,616.147986,616.456668,262,0.000000,-1681.914100,"Decawave DW-8",0.951797,1,12,0x4650,0x4650,1,"6188BAF2F002000100005046"
1202,454597900,454652058,454879642,454850153,454866031,454866032,454879642,454650010,454883738,"decoded_payload_last_chip",1,616.661320,616.970001,262,0.000000,-1674.682415,"Decawave DW-8",0.952432,1,12,0xC7EF,0xC7EF,1,"6188BBF2F00200010000EFC7"
1203,454976600,455030528,455258113,455228623,455244501,455244503,455258113,455028480,455262209,"decoded_payload_last_chip",1,617.174653,617.483335,262,0.000000,-1672.751867,"Decawave DW-8",0.951487,1,12,0x5BE1,0x5BE1,1,"6188BCF2F00200010000E15B"
1204,455355000,455408999,455636584,455607094,455622972,455622974,455636584,455406951,455640680,"decoded_payload_last_chip",1,617.687987,617.996669,262,0.000000,-1679.306802,"Decawave DW-8",0.951741,1,12,0xDA5E,0xDA5E,1,"6188BDF2F002000100005EDA"
1205,455733500,455787470,456015054,455985564,456001443,456001444,456015054,455785422,456019150,"decoded_payload_last_chip",1,618.201321,618.510002,262,0.000000,-1655.474842,"Decawave DW-8",0.951886,1,12,0x508E,0x508E,1,"6188BEF2F002000100008E50"
1206,456112000,456165940,456393524,456364035,456379913,456379915,456393524,456163892,456397620,"decoded_payload_last_chip",1,618.714654,619.023334,262,0.000000,-1665.543236,"Decawave DW-8",0.951933,1,12,0xD131,0xD131,1,"6188BFF2F0020001000031D1"
1207,456490600,456544410,456771994,456742505,456758383,456758385,456771994,456542362,456776090,"decoded_payload_last_chip",1,619.227987,619.536667,262,0.000000,-1642.332008,"Decawave DW-8",0.951572,1,12,0xE8FA,0xE8FA,1,"6188C0F2F00200010000FAE8"
1208,456868900,456922881,457150465,457120975,457136854,457136855,457150465,456920833,457154561,"decoded_payload_last_chip",1,619.741321,620.050001,262,0.000000,-1642.342572,"Decawave DW-8",0.952316,1,12,0x6945,0x6945,1,"6188C1F2F002000100004569"
1209,457247500,457301352,457528936,457499446,457515324,457515326,457528936,457299304,457533032,"decoded_payload_last_chip",1,620.254655,620.563336,262,0.000000,-1670.964060,"Decawave DW-8",0.952620,1,12,0xE395,0xE395,1,"6188C2F2F0020001000095E3"
1210,457625900,457679822,457907406,457877916,457893795,457893796,457907406,457677774,457911502,"decoded_payload_last_chip",1,620.767988,621.076668,262,0.000000,-1652.065592,"Decawave DW-8",0.951168,1,12,0x622A,0x622A,1,"6188C3F2F002000100002A62"
1211,458002236,458058293,458285877,458256387,458272266,458272267,458285877,458056245,458289973,"decoded_payload_last_chip",1,621.281322,621.590002,262,0.000000,-1674.510119,"Decawave DW-8",0.951898,1,12,0xFE24,0xFE24,1,"6188C4F2F0020001000024FE"
1212,458382800,458436763,458664347,458634858,458650736,458650737,458664347,458434715,458668443,"decoded_payload_last_chip",1,621.794655,622.103335,262,0.000000,-1682.787805,"Decawave DW-8",0.952231,1,12,0x7F9B,0x7F9B,1,"6188C5F2F002000100009B7F"
1213,458761300,458815234,459042818,459013328,459029206,459029208,459042818,458813186,459046914,"decoded_payload_last_chip",1,622.307989,622.616669,262,0.000000,-1700.733537,"Decawave DW-8",0.952656,1,12,0xF54B,0xF54B,1,"6188C6F2F002000100004BF5"
1214,459139800,459193704,459421288,459391799,459407677,459407678,459421288,459191656,459425384,"decoded_payload_last_chip",1,622.821322,623.130002,262,0.000000,-1675.155128,"Decawave DW-8",0.952235,1,12,0x74F4,0x74F4,1,"6188C7F2F00200010000F474"
1215,459518200,459572174,459799758,459770269,459786147,459786149,459799758,459570126,459803854,"decoded_payload_last_chip",1,623.334654,623.643335,262,0.000000,-1663.262868,"Decawave DW-8",0.951917,1,12,0xC546,0xC546,1,"6188C8F2F0020001000046C5"
1216,459896900,459950645,460178229,460148740,460164618,460164620,460178229,459948597,460182325,"decoded_payload_last_chip",1,623.847989,624.156669,262,-0.000000,-1655.231462,"Decawave DW-8",0.951870,1,12,0x44F9,0x44F9,1,"6188C9F2F00200010000F944"
1217,460275200,460329116,460556700,460527211,460543089,460543090,460556700,460327068,460560796,"decoded_payload_last_chip",1,624.361323,624.670003,262,1.124330,-1727.368468,"Decawave DW-8",0.954889,1,12,0xCE29,0xCE29,1,"6188CAF2F0020001000029CE"
1218,460653600,460707586,460935170,460905680,460921559,460921560,460935170,460705538,460939266,"decoded_payload_last_chip",1,624.874655,625.183336,262,0.000000,-1689.098351,"Decawave DW-8",0.951938,1,12,0x4F96,0x4F96,1,"6188CBF2F00200010000964F"
1219,461032100,461086056,461313641,461284151,461300029,461300031,461313641,461084008,461317737,"decoded_payload_last_chip",1,625.387988,625.696670,262,-0.000000,-1673.985229,"Decawave DW-8",0.951999,1,12,0xD398,0xD398,1,"6188CCF2F0020001000098D3"
1220,461410600,461464527,461692111,461662621,461678500,461678501,461692111,461462479,461696207,"decoded_payload_last_chip",1,625.901322,626.210003,262,0.000000,-1674.744358,"Decawave DW-8",0.951858,1,12,0x5227,0x5227,1,"6188CDF2F002000100002752"
1221,461789000,461842997,462070583,462041093,462056971,462056973,462070583,461840949,462074679,"decoded_payload_last_chip",1,626.414655,626.723338,262,5.434480,-1960.599658,"Decawave DW-8",0.948631,1,12,0xD8F7,0xD8F7,1,"6188CEF2F00200010000F7D8"
1222,462167500,462221468,462449052,462419563,462435441,462435443,462449052,462219420,462453148,"decoded_payload_last_chip",1,626.927989,627.236670,262,0.000000,-1667.067109,"Decawave DW-8",0.952345,1,12,0x5948,0x5948,1,"6188CFF2F002000100004859"
1223,462546000,462599939,462827523,462798033,462813912,462813913,462827523,462597891,462831619,"decoded_payload_last_chip",1,627.441324,627.750004,262,0.000000,-1659.537839,"Decawave DW-8",0.952124,1,12,0xB382,0xB382,1,"6188D0F2F0020001000082B3"
1224,462924500,462978409,463205993,463176504,463192382,463192384,463205993,462976361,463210089,"decoded_payload_last_chip",1,627.954656,628.263337,262,-0.000000,-1696.616018,"Decawave DW-8",0.952159,1,12,0x323D,0x323D,1,"6188D1F2F002000100003D32"
1225,463303000,463356880,463584464,463554974,463570853,463570854,463584464,463354832,463588560,"decoded_payload_last_chip",1,628.467990,628.776671,262,0.000000,-1683.079806,"Decawave DW-8",0.951966,1,12,0xB8ED,0xB8ED,1,"6188D2F2F00200010000EDB8"
1226,463681400,463735350,463962934,463933444,463949323,463949324,463962934,463733302,463967030,"decoded_payload_last_chip",1,628.981323,629.290004,262,0.000000,-1674.021066,"Decawave DW-8",0.951752,1,12,0x3952,0x3952,1,"6188D3F2F002000100005239"
1227,464059900,464113820,464341404,464311915,464327793,464327795,464341404,464111772,464345500,"decoded_payload_last_chip",1,629.494656,629.803337,262,0.000000,-1677.542794,"Decawave DW-8",0.952118,1,12,0xA55C,0xA55C,1,"6188D4F2F002000100005CA5"
1228,464438300,464492291,464719875,464690386,464706264,464706266,464719875,464490243,464723971,"decoded_payload_last_chip",1,630.007990,630.316671,262,0.000000,-1695.512657,"Decawave DW-8",0.951723,1,12,0x24E3,0x24E3,1,"6188D5F2F00200010000E324"
1229,464816800,464870762,465098346,465068856,465084735,465084736,465098346,464868714,465102442,"decoded_payload_last_chip",1,630.521324,630.830005,262,0.000000,-1676.495506,"Decawave DW-8",0.952113,1,12,0xAE33,0xAE33,1,"6188D6F2F0020001000033AE"
1230,465195400,465249232,465476816,465447326,465463205,465463206,465476816,465247184,465480912,"decoded_payload_last_chip",1,631.034657,631.343338,262,0.000000,-1648.455236,"Decawave DW-8",0.952467,1,12,0x2F8C,0x2F8C,1,"6188D7F2F002000100008C2F"
1231,465574000,465627702,465855287,465825797,465841675,465841677,465855287,465625654,465859383,"decoded_payload_last_chip",1,631.547990,631.856672,262,0.000000,-1683.219411,"Decawave DW-8",0.952001,1,12,0x9E3E,0x9E3E,1,"6188D8F2F002000100003E9E"
1232,465952200,466006173,466233757,466204267,466220146,466220147,466233757,466004125,466237853,"decoded_payload_last_chip",1,632.061324,632.370005,262,0.000000,-1682.075603,"Decawave DW-8",0.951826,1,12,0x1F81,0x1F81,1,"6188D9F2F00200010000811F"
1233,466330700,466384643,466612227,466582738,466598616,466598618,466612227,466382595,466616323,"decoded_payload_last_chip",1,632.574657,632.883337,262,0.000000,-1688.028585,"Decawave DW-8",0.952044,1,12,0x9551,0x9551,1,"6188DAF2F002000100005195"
1234,466709500,466763114,466990698,466961208,466977087,466977088,466990698,466761066,466994794,"decoded_payload_last_chip",1,633.087991,633.396672,262,0.000000,-1673.232225,"Decawave DW-8",0.952244,1,12,0x14EE,0x14EE,1,"6188DBF2F00200010000EE14"
1235,467087600,467141584,467369169,467339679,467355557,467355559,467369169,467139536,467373265,"decoded_payload_last_chip",1,633.601324,633.910006,262,0.000000,-1687.530983,"Decawave DW-8",0.951495,1,12,0x88E0,0x88E0,1,"6188DCF2F00200010000E088"
1236,467466100,467520055,467747639,467718149,467734028,467734029,467747639,467518007,467751735,"decoded_payload_last_chip",1,634.114658,634.423338,262,0.000000,-1686.612257,"Decawave DW-8",0.952464,1,12,0x095F,0x095F,1,"6188DDF2F002000100005F09"
1237,467844800,467898525,468126110,468096620,468112498,468112500,468126110,467896477,468130206,"decoded_payload_last_chip",1,634.627991,634.936673,262,0.000000,-1692.265789,"Decawave DW-8",0.951628,1,12,0x838F,0x838F,1,"6188DEF2F002000100008F83"
1238,468223000,468276996,468504580,468475090,468490968,468490970,468504580,468274948,468508676,"decoded_payload_last_chip",1,635.141325,635.450005,262,0.000000,-1670.035413,"Decawave DW-8",0.951800,1,12,0x0230,0x0230,1,"6188DFF2F002000100003002"
1239,468601600,468655466,468883051,468853561,468869439,468869441,468883051,468653418,468887147,"decoded_payload_last_chip",1,635.654658,635.963340,262,-0.000000,-1652.562498,"Decawave DW-8",0.951447,1,12,0x5E0A,0x5E0A,1,"6188E0F2F002000100000A5E"
1240,468980000,469033937,469261522,469232032,469247910,469247912,469261522,469031889,469265618,"decoded_payload_last_chip",1,636.167992,636.476674,262,0.153676,-1692.119618,"Decawave DW-8",0.953435,1,12,0xDFB5,0xDFB5,1,"6188E1F2F00200010000B5DF"
1241,469358600,469412407,469639992,469610502,469626380,469626382,469639992,469410359,469644088,"decoded_payload_last_chip",1,636.681325,636.990007,262,0.000000,-1704.093260,"Decawave DW-8",0.952016,1,12,0x5565,0x5565,1,"6188E2F2F002000100006555"
1242,469736900,469790878,470018462,469988972,470004851,470004852,470018462,469788830,470022558,"decoded_payload_last_chip",1,637.194659,637.503339,262,0.000000,-1680.531424,"Decawave DW-8",0.952433,1,12,0xD4DA,0xD4DA,1,"6188E3F2F00200010000DAD4"
1243,470115400,470169348,470396933,470367443,470383321,470383323,470396933,470167300,470401029,"decoded_payload_last_chip",1,637.707992,638.016673,262,0.000000,-1668.167950,"Decawave DW-8",0.951922,1,12,0x48D4,0x48D4,1,"6188E4F2F00200010000D448"
1244,470493900,470547819,470775403,470745913,470761792,470761793,470775403,470545771,470779499,"decoded_payload_last_chip",1,638.221326,638.530006,262,0.000000,-1682.190987,"Decawave DW-8",0.952417,1,12,0xC96B,0xC96B,1,"6188E5F2F002000100006BC9"
1245,470872300,470926290,471153874,471124384,471140263,471140264,471153874,470924242,471157970,"decoded_payload_last_chip",1,638.734660,639.043340,262,0.000000,-1678.724975,"Decawave DW-8",0.951860,1,12,0x43BB,0x43BB,1,"6188E6F2F00200010000BB43"
1246,471250800,471304760,471532344,471502855,471518733,471518735,471532344,471302712,471536440,"decoded_payload_last_chip",1,639.247993,639.556673,262,0.000000,-1663.756109,"Decawave DW-8",0.951957,1,12,0xC204,0xC204,1,"6188E7F2F0020001000004C2"
1247,471629300,471683231,471910815,471881325,471897204,471897205,471910815,471681183,471914911,"decoded_payload_last_chip",1,639.761327,640.070007,262,-0.000000,-1663.578703,"Decawave DW-8",0.952312,1,12,0x73B6,0x73B6,1,"6188E8F2F00200010000B673"
1248,472007900,472061701,472289285,472259795,472275674,472275675,472289285,472059653,472293381,"decoded_payload_last_chip",1,640.274660,640.583340,262,0.000000,-1685.316781,"Decawave DW-8",0.951972,1,12,0xF209,0xF209,1,"6188E9F2F0020001000009F2"
1249,472386200,472440171,472667755,472638266,472654144,472654146,472667755,472438123,472671851,"decoded_payload_last_chip",1,640.787992,641.096673,262,0.000000,-1670.744223,"Decawave DW-8",0.952322,1,12,0x78D9,0x78D9,1,"6188EAF2F00200010000D978"
1250,472764600,472818642,473046226,473016737,473032615,473032616,473046226,472816594,473050322,"decoded_payload_last_chip",1,641.301326,641.610007,262,0.000000,-1658.449647,"Decawave DW-8",0.952196,1,12,0xF966,0xF966,1,"6188EBF2F0020001000066F9"
1251,473143300,473197112,473424697,473395207,473411085,473411087,473424697,473195064,473428793,"decoded_payload_last_chip",1,641.814659,642.123341,262,0.000000,-1677.891883,"Decawave DW-8",0.951511,1,12,0x6568,0x6568,1,"6188ECF2F002000100006865"
1252,473521600,473575583,473803167,473773678,473789556,473789557,473803167,473573535,473807263,"decoded_payload_last_chip",1,642.327993,642.636674,262,0.000000,-1658.341316,"Decawave DW-8",0.951857,1,12,0xE4D7,0xE4D7,1,"6188EDF2F00200010000D7E4"
1253,473900100,473954053,474181638,474152148,474168026,474168028,474181638,473952005,474185734,"decoded_payload_last_chip",1,642.841326,643.150008,262,0.000000,-1696.313021,"Decawave DW-8",0.952319,1,12,0x6E07,0x6E07,1,"6188EEF2F00200010000076E"
1254,474278600,474332524,474560108,474530618,474546497,474546498,474560108,474330476,474564204,"decoded_payload_last_chip",1,643.354660,643.663341,262,-0.000000,-1677.860245,"Decawave DW-8",0.952756,1,12,0xEFB8,0xEFB8,1,"6188EFF2F00200010000B8EF"
1255,474657000,474710994,474938578,474909089,474924967,474924968,474938578,474708946,474942674,"decoded_payload_last_chip",1,643.867993,644.176674,262,0.000000,-1676.997812,"Decawave DW-8",0.952555,1,12,0x0572,0x0572,1,"6188F0F2F002000100007205"
1256,475035500,475089465,475317049,475287559,475303437,475303439,475317049,475087417,475321145,"decoded_payload_last_chip",1,644.381327,644.690008,262,0.000000,-1669.210277,"Decawave DW-8",0.951988,1,12,0x84CD,0x84CD,1,"6188F1F2F00200010000CD84"
1257,475414000,475467935,475695520,475666030,475681909,475681910,475695520,475465887,475699616,"decoded_payload_last_chip",1,644.894660,645.203342,262,3.380542,-1850.278697,"Decawave DW-8",0.954030,1,12,0x0E1D,0x0E1D,1,"6188F2F2F002000100001D0E"
1258,475792500,475846406,476073991,476044501,476060379,476060381,476073991,475844358,476078087,"decoded_payload_last_chip",1,645.407994,645.716676,262,1.624105,-1685.433658,"Decawave DW-8",0.952844,1,12,0x8FA2,0x8FA2,1,"6188F3F2F00200010000A28F"
1259,476170900,476224876,476452461,476422971,476438849,476438851,476452461,476222828,476456557,"decoded_payload_last_chip",1,645.921327,646.230009,262,0.000000,-1669.877644,"Decawave DW-8",0.952072,1,12,0x13AC,0x13AC,1,"6188F4F2F00200010000AC13"
1260,476549400,476603347,476830931,476801441,476817320,476817321,476830931,476601299,476835027,"decoded_payload_last_chip",1,646.434661,646.743342,262,0.000000,-1683.979512,"Decawave DW-8",0.952202,1,12,0x9213,0x9213,1,"6188F5F2F002000100001392"
1261,476927900,476981817,477209402,477179912,477195790,477195792,477209402,476979769,477213498,"decoded_payload_last_chip",1,646.947994,647.256676,262,0.000000,-1678.320908,"Decawave DW-8",0.952019,1,12,0x18C3,0x18C3,1,"6188F6F2F00200010000C318"
1262,477306500,477360288,477587872,477558383,477574261,477574262,477587872,477358240,477591968,"decoded_payload_last_chip",1,647.461328,647.770009,262,0.000000,-1677.376774,"Decawave DW-8",0.952398,1,12,0x997C,0x997C,1,"6188F7F2F002000100007C99"
1263,477684800,477738759,477966343,477936853,477952732,477952733,477966343,477736711,477970439,"decoded_payload_last_chip",1,647.974662,648.283343,262,-0.000000,-1688.895358,"Decawave DW-8",0.951772,1,12,0x28CE,0x28CE,1,"6188F8F2F00200010000CE28"
1264,478063400,478117229,478344813,478315323,478331202,478331203,478344813,478115181,478348909,"decoded_payload_last_chip",1,648.487995,648.796676,262,0.000000,-1662.289842,"Decawave DW-8",0.951976,1,12,0xA971,0xA971,1,"6188F9F2F0020001000071A9"
1265,478441700,478495699,478723284,478693794,478709672,478709674,478723284,478493651,478727380,"decoded_payload_last_chip",1,649.001328,649.310010,262,-0.000000,-1699.118483,"Decawave DW-8",0.952066,1,12,0x23A1,0x23A1,1,"6188FAF2F00200010000A123"
1266,478820200,478874170,479101754,479072264,479088143,479088144,479101754,478872122,479105850,"decoded_payload_last_chip",1,649.514662,649.823343,262,0.000000,-1700.109970,"Decawave DW-8",0.951805,1,12,0xA21E,0xA21E,1,"6188FBF2F002000100001EA2"
1267,479198700,479252640,479480224,479450735,479466613,479466615,479480224,479250592,479484320,"decoded_payload_last_chip",1,650.027995,650.336675,262,0.000000,-1670.087010,"Decawave DW-8",0.951930,1,12,0x3E10,0x3E10,1,"6188FCF2F00200010000103E"
1268,479573700,479631111,479858695,479829205,479845084,479845085,479858695,479629063,479862791,"decoded_payload_last_chip",1,650.541329,650.850009,262,0.000000,-1678.849229,"Decawave DW-8",0.952060,1,12,0xBFAF,0xBFAF,1,"6188FDF2F00200010000AFBF"
1269,479955600,480009582,480237166,480207676,480223554,480223556,480237166,480007534,480241262,"decoded_payload_last_chip",1,651.054663,651.363344,262,0.000000,-1657.202003,"Decawave DW-8",0.952340,1,12,0x357F,0x357F,1,"6188FEF2F002000100007F35"
1270,480334100,480388052,480615636,480586147,480602025,480602026,480615636,480386004,480619732,"decoded_payload_last_chip",1,651.567996,651.876676,262,0.000000,-1678.419446,"Decawave DW-8",0.951712,1,12,0xB4C0,0xB4C0,1,"6188FFF2F00200010000C0B4"
1271,480712600,480766522,480994107,480964617,480980495,480980497,480994107,480764474,480998203,"decoded_payload_last_chip",1,652.081329,652.390011,262,-0.000000,-1660.102045,"Decawave DW-8",0.951466,1,12,0x46E9,0x46E9,1,"618800F2F00200010000E946"
1272,481091000,481144993,481372577,481343087,481358966,481358967,481372577,481142945,481376673,"decoded_payload_last_chip",1,652.594663,652.903343,262,0.000000,-1668.109496,"Decawave DW-8",0.952542,1,12,0xC756,0xC756,1,"618801F2F0020001000056C7"
1273,481469500,481523463,481751047,481721558,481737436,481737437,481751047,481521415,481755143,"decoded_payload_last_chip",1,653.107996,653.416676,262,0.000000,-1690.964525,"Decawave DW-8",0.952001,1,12,0x4D86,0x4D86,1,"618802F2F00200010000864D"
1274,481848000,481901934,482129518,482100028,482115906,482115908,482129518,481899886,482133614,"decoded_payload_last_chip",1,653.621330,653.930010,262,0.000000,-1679.408763,"Decawave DW-8",0.951593,1,12,0xCC39,0xCC39,1,"618803F2F0020001000039CC"
1275,482226500,482280405,482507989,482478499,482494378,482494379,482507989,482278357,482512085,"decoded_payload_last_chip",1,654.134664,654.443344,262,0.651481,-1697.708231,"Decawave DW-8",0.955795,1,12,0x5037,0x5037,1,"618804F2F002000100003750"
1276,482604900,482658875,482886459,482856969,482872848,482872849,482886459,482656827,482890555,"decoded_payload_last_chip",1,654.647997,654.956677,262,0.000000,-1665.018157,"Decawave DW-8",0.952680,1,12,0xD188,0xD188,1,"618805F2F0020001000088D1"
1277,482983400,483037345,483264930,483235440,483251318,483251320,483264930,483035297,483269026,"decoded_payload_last_chip",1,655.161329,655.470011,262,0.000000,-1629.227942,"Decawave DW-8",0.952075,1,12,0x5B58,0x5B58,1,"618806F2F00200010000585B"
1278,483361900,483415816,483643400,483613910,483629789,483629790,483643400,483413768,483647496,"decoded_payload_last_chip",1,655.674664,655.983344,262,0.000000,-1676.089003,"Decawave DW-8",0.951908,1,12,0xDAE7,0xDAE7,1,"618807F2F00200010000E7DA"
1279,483740300,483794286,484021871,483992382,484008260,484008262,484021871,483792238,484025967,"decoded_payload_last_chip",1,656.187996,656.496678,262,5.436779,-1975.565278,"Decawave DW-8",0.949290,1,12,0x6B55,0x6B55,1,"618808F2F00200010000556B"
1280,484118800,484172757,484400341,484370852,484386730,484386732,484400341,484170709,484404437,"decoded_payload_last_chip",1,656.701331,657.010011,262,0.000000,-1674.882957,"Decawave DW-8",0.952274,1,12,0xEAEA,0xEAEA,1,"618809F2F00200010000EAEA"
1281,484497400,484551227,484778811,484749322,484765200,484765202,484778811,484549179,484782907,"decoded_payload_last_chip",1,657.214663,657.523344,262,0.000000,-1680.021997,"Decawave DW-8",0.952123,1,12,0x603A,0x603A,1,"61880AF2F002000100003A60"
1282,484874300,484929698,485157282,485127792,485143671,485143672,485157282,484927650,485161378,"decoded_payload_last_chip",1,657.727998,658.036678,262,0.000000,-1654.536161,"Decawave DW-8",0.952225,1,12,0xE185,0xE185,1,"61880BF2F0020001000085E1"
1283,485254200,485308168,485535752,485506263,485522141,485522143,485535752,485306120,485539848,"decoded_payload_last_chip",1,658.241330,658.550011,262,0.000000,-1680.310785,"Decawave DW-8",0.952226,1,12,0x7D8B,0x7D8B,1,"61880CF2F002000100008B7D"
1284,485632700,485686639,485914223,485884733,485900612,485900613,485914223,485684591,485918319,"decoded_payload_last_chip",1,658.754664,659.063345,262,0.000000,-1655.926617,"Decawave DW-8",0.951794,1,12,0xFC34,0xFC34,1,"61880DF2F0020001000034FC"
1285,486010612,486065110,486292694,486263204,486279083,486279084,486292694,486063062,486296790,"decoded_payload_last_chip",1,659.267999,659.576679,262,0.661332,-1675.555769,"Decawave DW-8",0.955697,1,12,0x76E4,0x76E4,1,"61880EF2F00200010000E476"
1286,486389700,486443580,486671164,486641674,486657553,486657554,486671164,486441532,486675260,"decoded_payload_last_chip",1,659.781331,660.090012,262,0.000000,-1675.835743,"Decawave DW-8",0.952173,1,12,0xF75B,0xF75B,1,"61880FF2F002000100005BF7"
1287,486768100,486822051,487049635,487020145,487036023,487036025,487049635,486820003,487053731,"decoded_payload_last_chip",1,660.294666,660.603346,262,0.000000,-1669.537067,"Decawave DW-8",0.951831,1,12,0x1D91,0x1D91,1,"618810F2F00200010000911D"
1288,487146600,487200521,487428105,487398616,487414494,487414495,487428105,487198473,487432201,"decoded_payload_last_chip",1,660.807998,661.116679,262,0.000000,-1672.825951,"Decawave DW-8",0.951947,1,12,0x9C2E,0x9C2E,1,"618811F2F002000100002E9C"
1289,487525000,487578991,487806575,487777086,487792964,487792966,487806575,487576943,487810671,"decoded_payload_last_chip",1,661.321331,661.630012,262,0.000000,-1677.298774,"Decawave DW-8",0.952131,1,12,0x16FE,0x16FE,1,"618812F2F00200010000FE16"
1290,487903500,487957462,488185046,488155556,488171435,488171436,488185046,487955414,488189142,"decoded_payload_last_chip",1,661.834665,662.143346,262,0.000000,-1671.355253,"Decawave DW-8",0.952000,1,12,0x9741,0x9741,1,"618813F2F002000100004197"
1291,488282100,488335932,488563517,488534027,488549905,488549907,488563517,488333884,488567613,"decoded_payload_last_chip",1,662.347998,662.656680,262,0.000000,-1706.768786,"Decawave DW-8",0.951796,1,12,0x0B4F,0x0B4F,1,"618814F2F002000100004F0B"
1292,488660700,488714403,488941987,488912498,488928376,488928378,488941987,488712355,488946083,"decoded_payload_last_chip",1,662.861332,663.170013,262,-0.000000,-1667.350705,"Decawave DW-8",0.952068,1,12,0x8AF0,0x8AF0,1,"618815F2F00200010000F08A"
1293,489038900,489092873,489320458,489290968,489306846,489306848,489320458,489090825,489324554,"decoded_payload_last_chip",1,663.374665,663.683347,262,0.000000,-1686.543629,"Decawave DW-8",0.951859,1,12,0x0020,0x0020,1,"618816F2F002000100002000"
1294,489417400,489471344,489698928,489669438,489685317,489685318,489698928,489469296,489703024,"decoded_payload_last_chip",1,663.887999,664.196680,262,0.000000,-1676.645441,"Decawave DW-8",0.951993,1,12,0x819F,0x819F,1,"618817F2F002000100009F81"
1295,489796200,489849815,490077399,490047909,490063787,490063789,490077399,489847767,490081495,"decoded_payload_last_chip",1,664.401333,664.710014,262,-0.000000,-1645.192272,"Decawave DW-8",0.951569,1,12,0x302D,0x302D,1,"618818F2F002000100002D30"
1296,490174388,490228285,490455869,490426379,490442258,490442259,490455869,490226237,490459965,"decoded_payload_last_chip",1,664.914666,665.223347,262,0.000000,-1682.456781,"Decawave DW-8",0.952203,1,12,0xB192,0xB192,1,"618819F2F0020001000092B1"
1297,490552800,490606755,490834340,490804850,490820729,490820730,490834340,490604707,490838436,"decoded_payload_last_chip",1,665.427999,665.736681,262,4.820433,-1937.304308,"Decawave DW-8",0.951578,1,12,0x3B42,0x3B42,1,"61881AF2F00200010000423B"
1298,490931500,490985226,491212810,491183321,491199199,491199200,491212810,490983178,491216906,"decoded_payload_last_chip",1,665.941333,666.250014,262,0.000000,-1647.538311,"Decawave DW-8",0.951861,1,12,0xBAFD,0xBAFD,1,"61881BF2F00200010000FDBA"
1299,491309700,491363696,491591281,491561791,491577669,491577671,491591281,491361648,491595377,"decoded_payload_last_chip",1,666.454666,666.763348,262,0.000000,-1659.314051,"Decawave DW-8",0.951602,1,12,0x26F3,0x26F3,1,"61881CF2F00200010000F326"
1300,491688500,491742167,491969751,491940261,491956140,491956141,491969751,491740119,491973847,"decoded_payload_last_chip",1,666.968000,667.276681,262,0.000000,-1680.455619,"Decawave DW-8",0.951575,1,12,0xA74C,0xA74C,1,"61881DF2F002000100004CA7"
1301,492066700,492120637,492348221,492318732,492334610,492334612,492348221,492118589,492352317,"decoded_payload_last_chip",1,667.481333,667.790013,262,0.000000,-1688.293230,"Decawave DW-8",0.952530,1,12,0x2D9C,0x2D9C,1,"61881EF2F002000100009C2D"
1302,492445300,492499108,492726692,492697203,492713081,492713082,492726692,492497060,492730788,"decoded_payload_last_chip",1,667.994667,668.303347,262,0.000000,-1676.253679,"Decawave DW-8",0.951773,1,12,0xAC23,0xAC23,1,"61881FF2F0020001000023AC"
1303,492823600,492877579,493105163,493075673,493091552,493091553,493105163,492875531,493109259,"decoded_payload_last_chip",1,668.508001,668.816682,262,0.000000,-1673.729232,"Decawave DW-8",0.952095,1,12,0xF019,0xF019,1,"618820F2F0020001000019F0"
1304,493202300,493256049,493483633,493454143,493470022,493470023,493483633,493254001,493487729,"decoded_payload_last_chip",1,669.021334,669.330014,262,0.000000,-1672.818052,"Decawave DW-8",0.951848,1,12,0x71A6,0x71A6,1,"618821F2F00200010000A671"
1305,493580600,493634520,493862104,493832614,493848492,493848494,493862104,493632472,493866200,"decoded_payload_last_chip",1,669.534668,669.843349,262,0.000000,-1688.595870,"Decawave DW-8",0.951961,1,12,0xFB76,0xFB76,1,"618822F2F0020001000076FB"
1306,493959000,494012990,494240574,494211084,494226963,494226964,494240574,494010942,494244670,"decoded_payload_last_chip",1,670.048001,670.356681,262,0.000000,-1679.895292,"Decawave DW-8",0.951769,1,12,0x7AC9,0x7AC9,1,"618823F2F00200010000C97A"
1307,494337500,494391460,494619044,494589555,494605433,494605435,494619044,494389412,494623140,"decoded_payload_last_chip",1,670.561334,670.870014,262,0.000000,-1691.100450,"Decawave DW-8",0.951645,1,12,0xE6C7,0xE6C7,1,"618824F2F00200010000C7E6"
1308,494716100,494769931,494997515,494968025,494983904,494983905,494997515,494767883,495001611,"decoded_payload_last_chip",1,671.074668,671.383348,262,0.000000,-1668.914372,"Decawave DW-8",0.951942,1,12,0x6778,0x6778,1,"618825F2F002000100007867"
1309,495094500,495148401,495375985,495346496,495362374,495362375,495375985,495146353,495380081,"decoded_payload_last_chip",1,671.588000,671.896681,262,0.000000,-1688.635743,"Decawave DW-8",0.951938,1,12,0xEDA8,0xEDA8,1,"618826F2F00200010000A8ED"
1310,495472900,495526872,495754456,495724966,495740845,495740846,495754456,495524824,495758552,"decoded_payload_last_chip",1,672.101335,672.410015,262,0.000000,-1664.252038,"Decawave DW-8",0.952591,1,12,0x6C17,0x6C17,1,"618827F2F00200010000176C"
1311,495851400,495905342,496132927,496103437,496119315,496119317,496132927,495903294,496137023,"decoded_payload_last_chip",1,672.614667,672.923349,262,0.000000,-1666.920219,"Decawave DW-8",0.951731,1,12,0xDDA5,0xDDA5,1,"618828F2F00200010000A5DD"
1312,496230000,496283812,496511398,496481908,496497786,496497788,496511398,496281764,496515494,"decoded_payload_last_chip",1,673.128000,673.436683,262,4.978378,-1919.378331,"Decawave DW-8",0.952238,1,12,0x5C1A,0x5C1A,1,"618829F2F002000100001A5C"
1313,496608300,496662283,496889867,496860378,496876256,496876257,496889867,496660235,496893963,"decoded_payload_last_chip",1,673.641334,673.950015,262,0.000000,-1697.890228,"Decawave DW-8",0.952295,1,12,0xD6CA,0xD6CA,1,"61882AF2F00200010000CAD6"
1314,496986800,497040753,497268338,497238848,497254726,497254728,497268338,497038705,497272434,"decoded_payload_last_chip",1,674.154667,674.463349,262,0.000000,-1675.406831,"Decawave DW-8",0.952002,1,12,0x5775,0x5775,1,"61882BF2F002000100007557"
1315,497365300,497419224,497646809,497617319,497633197,497633199,497646809,497417176,497650905,"decoded_payload_last_chip",1,674.668001,674.976683,262,2.571445,-1790.990598,"Decawave DW-8",0.953228,1,12,0xCB7B,0xCB7B,1,"61882CF2F002000100007BCB"
1316,497743700,497797695,498025279,497995789,498011668,498011669,498025279,497795647,498029375,"decoded_payload_last_chip",1,675.181335,675.490016,262,0.000000,-1668.995435,"Decawave DW-8",0.951952,1,12,0x4AC4,0x4AC4,1,"61882DF2F00200010000C44A"
1317,498122200,498176165,498403750,498374260,498390138,498390140,498403750,498174117,498407846,"decoded_payload_last_chip",1,675.694668,676.003350,262,0.000000,-1660.320270,"Decawave DW-8",0.951943,1,12,0xC014,0xC014,1,"61882EF2F0020001000014C0"
1318,498500700,498554636,498782220,498752730,498768609,498768610,498782220,498552588,498786316,"decoded_payload_last_chip",1,676.208002,676.516683,262,0.000000,-1686.273561,"Decawave DW-8",0.951697,1,12,0x41AB,0x41AB,1,"61882FF2F00200010000AB41"
1319,498879200,498933106,499160690,499131201,499147079,499147081,499160690,498931058,499164786,"decoded_payload_last_chip",1,676.721335,677.030016,262,-0.000000,-1682.501728,"Decawave DW-8",0.951935,1,12,0xAB61,0xAB61,1,"618830F2F0020001000061AB"
1320,499257600,499311577,499539161,499509672,499525550,499525552,499539161,499309529,499543257,"decoded_payload_last_chip",1,677.234669,677.543350,262,-0.000000,-1667.197288,"Decawave DW-8",0.952263,1,12,0x2ADE,0x2ADE,1,"618831F2F00200010000DE2A"
1321,499636100,499690048,499917632,499888142,499904020,499904022,499917632,499688000,499921728,"decoded_payload_last_chip",1,677.748003,678.056684,262,0.000000,-1673.224283,"Decawave DW-8",0.951992,1,12,0xA00E,0xA00E,1,"618832F2F002000100000EA0"
1322,500014600,500068518,500296102,500266613,500282491,500282492,500296102,500066470,500300198,"decoded_payload_last_chip",1,678.261336,678.570017,262,-0.000000,-1676.453546,"Decawave DW-8",0.952285,1,12,0x21B1,0x21B1,1,"618833F2F00200010000B121"
1323,500393000,500446988,500674572,500645083,500660961,500660963,500674572,500444940,500678668,"decoded_payload_last_chip",1,678.774669,679.083350,262,0.000000,-1672.425895,"Decawave DW-8",0.951936,1,12,0xBDBF,0xBDBF,1,"618834F2F00200010000BFBD"
1324,500771400,500825459,501053043,501023554,501039432,501039433,501053043,500823411,501057139,"decoded_payload_last_chip",1,679.288003,679.596684,262,-0.000000,-1647.611464,"Decawave DW-8",0.952464,1,12,0x3C00,0x3C00,1,"618835F2F00200010000003C"
1325,501150000,501203929,501431513,501402024,501417902,501417904,501431513,501201881,501435609,"decoded_payload_last_chip",1,679.801336,680.110017,262,-0.000000,-1661.360793,"Decawave DW-8",0.952351,1,12,0xB6D0,0xB6D0,1,"618836F2F00200010000D0B6"
1326,501528400,501582400,501809984,501780495,501796373,501796374,501809984,501580352,501814080,"decoded_payload_last_chip",1,680.314670,680.623351,262,0.000000,-1665.584292,"Decawave DW-8",0.951785,1,12,0x376F,0x376F,1,"618837F2F002000100006F37"
1327,501906900,501960870,502188455,502158965,502174843,502174845,502188455,501958822,502192551,"decoded_payload_last_chip",1,680.828003,681.136685,262,0.000000,-1680.273653,"Decawave DW-8",0.951501,1,12,0x86DD,0x86DD,1,"618838F2F00200010000DD86"
1328,502285400,502339341,502566925,502537435,502553314,502553315,502566925,502337293,502571021,"decoded_payload_last_chip",1,681.341337,681.650018,262,0.000000,-1682.729047,"Decawave DW-8",0.951838,1,12,0x0762,0x0762,1,"618839F2F002000100006207"
1329,502664000,502717811,502945395,502915905,502931784,502931785,502945395,502715763,502949491,"decoded_payload_last_chip",1,681.854670,682.163350,262,0.000000,-1692.169856,"Decawave DW-8",0.952715,1,12,0x8DB2,0x8DB2,1,"61883AF2F00200010000B28D"
1330,503042300,503096282,503323866,503294376,503310254,503310256,503323866,503094234,503327962,"decoded_payload_last_chip",1,682.368004,682.676685,262,0.000000,-1683.081946,"Decawave DW-8",0.952256,1,12,0x0C0D,0x0C0D,1,"61883BF2F002000100000D0C"
1331,503420900,503474752,503702337,503672847,503688725,503688727,503702337,503472704,503706433,"decoded_payload_last_chip",1,682.881337,683.190019,262,0.000000,-1686.213395,"Decawave DW-8",0.951529,1,12,0x9003,0x9003,1,"61883CF2F002000100000390"
1332,503799300,503853222,504080807,504051317,504067195,504067197,504080807,503851174,504084903,"decoded_payload_last_chip",1,683.394670,683.703352,262,-0.000000,-1680.941678,"Decawave DW-8",0.952558,1,12,0x11BC,0x11BC,1,"61883DF2F00200010000BC11"
1333,504177700,504231693,504459278,504429788,504445666,504445668,504459278,504229645,504463374,"decoded_payload_last_chip",1,683.908004,684.216686,262,0.000000,-1659.394539,"Decawave DW-8",0.951950,1,12,0x9B6C,0x9B6C,1,"61883EF2F002000100006C9B"
1334,504556200,504610164,504837748,504808258,504824137,504824138,504837748,504608116,504841844,"decoded_payload_last_chip",1,684.421338,684.730018,262,0.000000,-1668.977016,"Decawave DW-8",0.952183,1,12,0x1AD3,0x1AD3,1,"61883FF2F00200010000D31A"
1335,504934700,504988634,505216219,505186729,505202607,505202609,505216219,504986586,505220315,"decoded_payload_last_chip",1,684.934671,685.243353,262,-0.000000,-1669.110665,"Decawave DW-8",0.951971,1,12,0x2318,0x2318,1,"618840F2F002000100001823"
1336,505313200,505367105,505594689,505565199,505581078,505581079,505594689,505365057,505598785,"decoded_payload_last_chip",1,685.448005,685.756685,262,0.000000,-1657.141232,"Decawave DW-8",0.951597,1,12,0xA2A7,0xA2A7,1,"618841F2F00200010000A7A2"
1337,505691600,505745575,505973160,505943671,505959549,505959550,505973160,505743527,505977256,"decoded_payload_last_chip",1,685.961338,686.270020,262,5.548423,-1950.736678,"Decawave DW-8",0.947191,1,12,0x2877,0x2877,1,"618842F2F002000100007728"
1338,506070100,506124046,506351630,506322141,506338019,506338020,506351630,506121998,506355726,"decoded_payload_last_chip",1,686.474672,686.783352,262,0.000000,-1658.891180,"Decawave DW-8",0.952040,1,12,0xA9C8,0xA9C8,1,"618843F2F00200010000C8A9"
1339,506448600,506502517,506730101,506700611,506716489,506716491,506730101,506500469,506734197,"decoded_payload_last_chip",1,686.988006,687.296686,262,0.000000,-1681.747881,"Decawave DW-8",0.952191,1,12,0x35C6,0x35C6,1,"618844F2F00200010000C635"
1340,506827000,506880987,507108571,507079081,507094960,507094961,507108571,506878939,507112667,"decoded_payload_last_chip",1,687.501339,687.810019,262,0.000000,-1664.072407,"Decawave DW-8",0.951755,1,12,0xB479,0xB479,1,"618845F2F0020001000079B4"
1341,507205500,507259457,507487041,507457552,507473430,507473432,507487041,507257409,507491137,"decoded_payload_last_chip",1,688.014671,688.323352,262,0.000000,-1657.143263,"Decawave DW-8",0.951952,1,12,0x3EA9,0x3EA9,1,"618846F2F00200010000A93E"
1342,507584200,507637928,507865512,507836022,507851900,507851902,507865512,507635880,507869608,"decoded_payload_last_chip",1,688.528006,688.836686,262,0.000000,-1693.361783,"Decawave DW-8",0.952273,1,12,0xBF16,0xBF16,1,"618847F2F0020001000016BF"
1343,507962400,508016399,508243983,508214493,508230371,508230373,508243983,508014351,508248079,"decoded_payload_last_chip",1,689.041340,689.350020,262,-0.000000,-1661.694647,"Decawave DW-8",0.951590,1,12,0x0EA4,0x0EA4,1,"618848F2F00200010000A40E"
1344,508340900,508394869,508622453,508592964,508608842,508608843,508622453,508392821,508626549,"decoded_payload_last_chip",1,689.554673,689.863353,262,0.000000,-1688.923474,"Decawave DW-8",0.951794,1,12,0x8F1B,0x8F1B,1,"618849F2F002000100001B8F"
1345,508719400,508773339,509000924,508971434,508987312,508987314,509000924,508771291,509005020,"decoded_payload_last_chip",1,690.068005,690.376687,262,0.000000,-1656.837272,"Decawave DW-8",0.951738,1,12,0x05CB,0x05CB,1,"61884AF2F00200010000CB05"
1346,509097900,509151810,509379394,509349904,509365783,509365784,509379394,509149762,509383490,"decoded_payload_last_chip",1,690.581340,690.890020,262,0.000000,-1710.444300,"Decawave DW-8",0.952482,1,12,0x8474,0x8474,1,"61884BF2F002000100007484"
1347,509476300,509530280,509757864,509728375,509744253,509744254,509757864,509528232,509761960,"decoded_payload_last_chip",1,691.094672,691.403353,262,0.000000,-1692.138357,"Decawave DW-8",0.952345,1,12,0x187A,0x187A,1,"61884CF2F002000100007A18"
1348,509854800,509908751,510136335,510106845,510122723,510122725,510136335,509906703,510140431,"decoded_payload_last_chip",1,691.608006,691.916687,262,0.000000,-1659.097609,"Decawave DW-8",0.951538,1,12,0x99C5,0x99C5,1,"61884DF2F00200010000C599"
1349,510233300,510287221,510514805,510485316,510501194,510501195,510514805,510285173,510518901,"decoded_payload_last_chip",1,692.121339,692.430020,262,0.000000,-1668.147041,"Decawave DW-8",0.952442,1,12,0x1315,0x1315,1,"61884EF2F002000100001513"
1350,510611700,510665692,510893276,510863786,510879665,510879666,510893276,510663644,510897372,"decoded_payload_last_chip",1,692.634673,692.943354,262,0.000000,-1651.790970,"Decawave DW-8",0.952195,1,12,0x92AA,0x92AA,1,"61884FF2F00200010000AA92"
1351,510990200,511044162,511271747,511242257,511258135,511258137,511271747,511042114,511275843,"decoded_payload_last_chip",1,693.148006,693.456688,262,0.000000,-1721.910745,"Decawave DW-8",0.951785,1,12,0x7860,0x7860,1,"618850F2F002000100006078"
1352,511368700,511422633,511650217,511620727,511636606,511636607,511650217,511420585,511654313,"decoded_payload_last_chip",1,693.661340,693.970021,262,0.000000,-1684.151435,"Decawave DW-8",0.951895,1,12,0xF9DF,0xF9DF,1,"618851F2F00200010000DFF9"
1353,511747200,511801103,512028688,511999198,512015076,512015078,512028688,511799055,512032784,"decoded_payload_last_chip",1,694.174673,694.483355,262,0.000000,-1655.524773,"Decawave DW-8",0.952316,1,12,0x730F,0x730F,1,"618852F2F002000100000F73"
1354,512125600,512179573,512407158,512377668,512393546,512393548,512407158,512177525,512411254,"decoded_payload_last_chip",1,694.688006,694.996688,262,0.000000,-1679.769918,"Decawave DW-8",0.952359,1,12,0xF2B0,0xF2B0,1,"618853F2F00200010000B0F2"
1355,512504100,512558044,512785629,512756139,512772018,512772019,512785629,512555996,512789725,"decoded_payload_last_chip",1,695.201340,695.510022,262,4.376480,-1911.408279,"Decawave DW-8",0.951130,1,12,0x6EBE,0x6EBE,1,"618854F2F00200010000BE6E"
1356,512882900,512936515,513164099,513134609,513150487,513150489,513164099,512934467,513168195,"decoded_payload_last_chip",1,695.714674,696.023355,262,0.000000,-1695.261273,"Decawave DW-8",0.951685,1,12,0xEF01,0xEF01,1,"618855F2F0020001000001EF"
1357,513261000,513314985,513542569,513513080,513528958,513528960,513542569,513312937,513546665,"decoded_payload_last_chip",1,696.228007,696.536688,262,0.000000,-1654.620749,"Decawave DW-8",0.952305,1,12,0x65D1,0x65D1,1,"618856F2F00200010000D165"
1358,513639500,513693456,513921040,513891550,513907429,513907430,513921040,513691408,513925136,"decoded_payload_last_chip",1,696.741341,697.050022,262,0.000000,-1706.172466,"Decawave DW-8",0.951987,1,12,0xE46E,0xE46E,1,"618857F2F002000100006EE4"
1359,514018300,514071926,514299511,514270021,514285899,514285901,514299511,514069878,514303607,"decoded_payload_last_chip",1,697.254674,697.563356,262,0.000000,-1671.692565,"Decawave DW-8",0.951998,1,12,0x55DC,0x55DC,1,"618858F2F00200010000DC55"
1360,514396400,514450397,514677981,514648492,514664370,514664371,514677981,514448349,514682077,"decoded_payload_last_chip",1,697.768008,698.076689,262,0.000000,-1650.067854,"Decawave DW-8",0.951822,1,12,0xD463,0xD463,1,"618859F2F0020001000063D4"
1361,514775100,514828867,515056452,515026962,515042840,515042842,515056452,514826819,515060548,"decoded_payload_last_chip",1,698.281341,698.590023,262,0.000000,-1635.298971,"Decawave DW-8",0.951592,1,12,0x5EB3,0x5EB3,1,"61885AF2F00200010000B35E"
1362,515152840,515207338,515434922,515405432,515421311,515421312,515434922,515205290,515439018,"decoded_payload_last_chip",1,698.794675,699.103356,262,0.000000,-1693.565186,"Decawave DW-8",0.951783,1,12,0xDF0C,0xDF0C,1,"61885BF2F002000100000CDF"
1363,515532000,515585808,515813392,515783903,515799781,515799782,515813392,515583760,515817488,"decoded_payload_last_chip",1,699.308008,699.616688,262,0.000000,-1688.672971,"Decawave DW-8",0.951959,1,12,0x4302,0x4302,1,"61885CF2F002000100000243"
1364,515910300,515964279,516191863,516162373,516178252,516178253,516191863,515962231,516195959,"decoded_payload_last_chip",1,699.821342,700.130023,262,0.000000,-1674.712006,"Decawave DW-8",0.952241,1,12,0xC2BD,0xC2BD,1,"61885DF2F00200010000BDC2"
1365,516289000,516342749,516570333,516540843,516556722,516556723,516570333,516340701,516574429,"decoded_payload_last_chip",1,700.334675,700.643355,262,0.000000,-1652.876659,"Decawave DW-8",0.952349,1,12,0x486D,0x486D,1,"61885EF2F002000100006D48"
1366,516667300,516721220,516948804,516919314,516935192,516935194,516948804,516719172,516952900,"decoded_payload_last_chip",1,700.848009,701.156689,262,0.000000,-1685.611106,"Decawave DW-8",0.952430,1,12,0xC9D2,0xC9D2,1,"61885FF2F00200010000D2C9"
1367,517045700,517099690,517327275,517297785,517313663,517313665,517327275,517097642,517331371,"decoded_payload_last_chip",1,701.361342,701.670024,262,0.000000,-1650.186227,"Decawave DW-8",0.952249,1,12,0x95E8,0x95E8,1,"618860F2F00200010000E895"
1368,517424200,517478161,517705745,517676255,517692134,517692135,517705745,517476113,517709841,"decoded_payload_last_chip",1,701.874676,702.183356,262,0.000000,-1699.233571,"Decawave DW-8",0.951870,1,12,0x1457,0x1457,1,"618861F2F002000100005714"
1369,517802800,517856631,518084215,518054725,518070604,518070605,518084215,517854583,518088311,"decoded_payload_last_chip",1,702.388009,702.696689,262,0.000000,-1684.893576,"Decawave DW-8",0.951640,1,12,0x9E87,0x9E87,1,"618862F2F00200010000879E"
1370,518181200,518235102,518462686,518433196,518449075,518449076,518462686,518233054,518466782,"decoded_payload_last_chip",1,702.901343,703.210023,262,0.000000,-1682.291406,"Decawave DW-8",0.951864,1,12,0x1F38,0x1F38,1,"618863F2F00200010000381F"
1371,518559600,518613572,518841156,518811666,518827545,518827546,518841156,518611524,518845252,"decoded_payload_last_chip",1,703.414676,703.723356,262,0.000000,-1654.671687,"Decawave DW-8",0.951904,1,12,0x8336,0x8336,1,"618864F2F002000100003683"
1372,518938300,518992043,519219627,519190138,519206016,519206017,519219627,518989995,519223723,"decoded_payload_last_chip",1,703.928010,704.236690,262,0.000000,-1682.945306,"Decawave DW-8",0.951662,1,12,0x0289,0x0289,1,"618865F2F002000100008902"
1373,519316700,519370513,519598097,519568608,519584486,519584488,519598097,519368465,519602193,"decoded_payload_last_chip",1,704.441343,704.750023,262,0.000000,-1679.423651,"Decawave DW-8",0.952143,1,12,0x8859,0x8859,1,"618866F2F002000100005988"
1374,519695000,519748984,519976568,519947078,519962957,519962958,519976568,519746936,519980664,"decoded_payload_last_chip",1,704.954677,705.263357,262,0.000000,-1660.814906,"Decawave DW-8",0.952168,1,12,0x09E6,0x09E6,1,"618867F2F00200010000E609"
1375,520073500,520127454,520355038,520325549,520341427,520341429,520355038,520125406,520359134,"decoded_payload_last_chip",1,705.468009,705.776690,262,0.000000,-1668.569294,"Decawave DW-8",0.951812,1,12,0xB854,0xB854,1,"618868F2F0020001000054B8"
1376,520452000,520505925,520733509,520704019,520719898,520719899,520733509,520503877,520737605,"decoded_payload_last_chip",1,705.981344,706.290024,262,0.000000,-1680.907647,"Decawave DW-8",0.952261,1,12,0x39EB,0x39EB,1,"618869F2F00200010000EB39"
1377,520830400,520884395,521111980,521082490,521098369,521098370,521111980,520882347,521116076,"decoded_payload_last_chip",1,706.494676,706.803358,262,5.376031,-1928.478085,"Decawave DW-8",0.947176,1,12,0xB33B,0xB33B,1,"61886AF2F002000100003BB3"
1378,521209000,521262866,521490450,521460960,521476839,521476840,521490450,521260818,521494546,"decoded_payload_last_chip",1,707.008011,707.316691,262,0.000000,-1668.376527,"Decawave DW-8",0.952178,1,12,0x3284,0x3284,1,"61886BF2F002000100008432"
1379,521587400,521641336,521868921,521839431,521855309,521855311,521868921,521639288,521873017,"decoded_payload_last_chip",1,707.521343,707.830025,262,0.000000,-1673.820320,"Decawave DW-8",0.951933,1,12,0xAE8A,0xAE8A,1,"61886CF2F002000100008AAE"
1380,521965900,522019807,522247391,522217901,522233780,522233781,522247391,522017759,522251487,"decoded_payload_last_chip",1,708.034677,708.343358,262,0.000000,-1671.719224,"Decawave DW-8",0.951518,1,12,0x2F35,0x2F35,1,"61886DF2F00200010000352F"
1381,522344300,522398277,522625861,522596372,522612250,522612252,522625861,522396229,522629957,"decoded_payload_last_chip",1,708.548010,708.856691,262,-0.000000,-1666.948464,"Decawave DW-8",0.951763,1,12,0xA5E5,0xA5E5,1,"61886EF2F00200010000E5A5"
1382,522722800,522776748,523004332,522974842,522990720,522990722,523004332,522774700,523008428,"decoded_payload_last_chip",1,709.061344,709.370025,262,0.000000,-1712.218349,"Decawave DW-8",0.952172,1,12,0x245A,0x245A,1,"61886FF2F002000100005A24"
1383,523101300,523155218,523382802,523353313,523369191,523369192,523382802,523153170,523386898,"decoded_payload_last_chip",1,709.574677,709.883358,262,-0.000000,-1681.381627,"Decawave DW-8",0.951801,1,12,0xCE90,0xCE90,1,"618870F2F0020001000090CE"
1384,523479700,523533689,523761273,523731783,523747662,523747663,523761273,523531641,523765369,"decoded_payload_last_chip",1,710.088011,710.396692,262,0.000000,-1683.268141,"Decawave DW-8",0.952122,1,12,0x4F2F,0x4F2F,1,"618871F2F002000100002F4F"
1385,523858200,523912159,524139744,524110254,524126132,524126134,524139744,523910111,524143840,"decoded_payload_last_chip",1,710.601344,710.910026,262,0.000000,-1705.148442,"Decawave DW-8",0.952028,1,12,0xC5FF,0xC5FF,1,"618872F2F00200010000FFC5"
1386,524236700,524290630,524518214,524488724,524504603,524504604,524518214,524288582,524522310,"decoded_payload_last_chip",1,711.114678,711.423359,262,-0.000000,-1651.851003,"Decawave DW-8",0.951539,1,12,0x4440,0x4440,1,"618873F2F002000100004044"
1387,524615100,524669100,524896684,524867195,524883073,524883074,524896684,524667052,524900780,"decoded_payload_last_chip",1,711.628011,711.936692,262,0.000000,-1668.727841,"Decawave DW-8",0.951430,1,12,0xD84E,0xD84E,1,"618874F2F002000100004ED8"
1388,524993600,525047570,525275155,525245665,525261543,525261545,525275155,525045522,525279251,"decoded_payload_last_chip",1,712.141344,712.450026,262,0.000000,-1673.732343,"Decawave DW-8",0.951681,1,12,0x59F1,0x59F1,1,"618875F2F00200010000F159"
1389,525372100,525426041,525653625,525624135,525640014,525640015,525653625,525423993,525657721,"decoded_payload_last_chip",1,712.654678,712.963359,262,-0.000000,-1676.645529,"Decawave DW-8",0.952178,1,12,0xD321,0xD321,1,"618876F2F0020001000021D3"
1390,525750700,525804512,526032096,526002606,526018485,526018486,526032096,525802464,526036192,"decoded_payload_last_chip",1,713.168012,713.476693,262,0.000000,-1656.344756,"Decawave DW-8",0.951705,1,12,0x529E,0x529E,1,"618877F2F002000100009E52"
1391,526127576,526182982,526410566,526381077,526396955,526396956,526410566,526180934,526414662,"decoded_payload_last_chip",1,713.681345,713.990025,262,0.000000,-1714.247515,"Decawave DW-8",0.952095,1,12,0xE32C,0xE32C,1,"618878F2F002000100002CE3"
1392,526507500,526561453,526789037,526759547,526775426,526775427,526789037,526559405,526793133,"decoded_payload_last_chip",1,714.194679,714.503360,262,0.000000,-1680.581813,"Decawave DW-8",0.951895,1,12,0x6293,0x6293,1,"618879F2F002000100009362"
1393,526886000,526939923,527167507,527138018,527153896,527153898,527167507,526937875,527171603,"decoded_payload_last_chip",1,714.708012,715.016692,262,0.000000,-1657.957592,"Decawave DW-8",0.951900,1,12,0xE843,0xE843,1,"61887AF2F0020001000043E8"
1394,527264400,527318393,527545978,527516488,527532366,527532368,527545978,527316345,527550074,"decoded_payload_last_chip",1,715.221345,715.530027,262,0.000000,-1671.194718,"Decawave DW-8",0.952448,1,12,0x69FC,0x69FC,1,"61887BF2F00200010000FC69"
1395,527642900,527696864,527924449,527894959,527910838,527910839,527924449,527694816,527928545,"decoded_payload_last_chip",1,715.734679,716.043361,262,5.331701,-1949.322044,"Decawave DW-8",0.949047,1,12,0xF5F2,0xF5F2,1,"61887CF2F00200010000F2F5"
1396,528021500,528075335,528302919,528273429,528289308,528289309,528302919,528073287,528307015,"decoded_payload_last_chip",1,716.248013,716.556694,262,0.000000,-1673.032380,"Decawave DW-8",0.952313,1,12,0x744D,0x744D,1,"61887DF2F002000100004D74"
1397,528399900,528453805,528681390,528651900,528667778,528667780,528681390,528451757,528685486,"decoded_payload_last_chip",1,716.761346,717.070028,262,0.000000,-1664.682791,"Decawave DW-8",0.952032,1,12,0xFE9D,0xFE9D,1,"61887EF2F002000100009DFE"
1398,528778100,528832276,529059860,529030370,529046249,529046250,529059860,528830228,529063956,"decoded_payload_last_chip",1,717.274680,717.583360,262,0.000000,-1694.044685,"Decawave DW-8",0.951514,1,12,0x7F22,0x7F22,1,"61887FF2F00200010000227F"
1399,529156600,529210746,529438330,529408841,529424719,529424721,529438330,529208698,529442426,"decoded_payload_last_chip",1,717.788013,718.096693,262,0.000000,-1665.123732,"Decawave DW-8",0.952048,1,12,0x8D0B,0x8D0B,1,"618880F2F002000100000B8D"
1400,529535300,529589217,529816801,529787311,529803189,529803191,529816801,529587169,529820897,"decoded_payload_last_chip",1,718.301347,718.610027,262,0.000000,-1697.143214,"Decawave DW-8",0.952218,1,12,0x0CB4,0x0CB4,1,"618881F2F00200010000B40C"
1401,529913900,529967687,530195272,530165782,530181660,530181662,530195272,529965639,530199368,"decoded_payload_last_chip",1,718.814680,719.123362,262,-0.000000,-1658.456125,"Decawave DW-8",0.951577,1,12,0x8664,0x8664,1,"618882F2F002000100006486"
1402,530292200,530346158,530573742,530544252,530560131,530560132,530573742,530344110,530577838,"decoded_payload_last_chip",1,719.328014,719.636694,262,0.000000,-1658.253467,"Decawave DW-8",0.951723,1,12,0x07DB,0x07DB,1,"618883F2F00200010000DB07"
1403,530670900,530724628,530952212,530922723,530938601,530938603,530952212,530722580,530956308,"decoded_payload_last_chip",1,719.841347,720.150027,262,0.000000,-1695.673627,"Decawave DW-8",0.952004,1,12,0x9BD5,0x9BD5,1,"618884F2F00200010000D59B"
1404,531049100,531103099,531330683,531301193,531317071,531317073,531330683,531101051,531334779,"decoded_payload_last_chip",1,720.354681,720.663361,262,0.000000,-1661.444792,"Decawave DW-8",0.952233,1,12,0x1A6A,0x1A6A,1,"618885F2F002000100006A1A"
1405,531427600,531481569,531709153,531679664,531695542,531695543,531709153,531479521,531713249,"decoded_payload_last_chip",1,720.868014,721.176694,262,0.000000,-1688.612851,"Decawave DW-8",0.951780,1,12,0x90BA,0x90BA,1,"618886F2F00200010000BA90"
1406,531806100,531860039,532087624,532058134,532074012,532074014,532087624,531857991,532091720,"decoded_payload_last_chip",1,721.381346,721.690028,262,-0.000000,-1688.224084,"Decawave DW-8",0.951927,1,12,0x1105,0x1105,1,"618887F2F002000100000511"
1407,532184600,532238510,532466094,532436604,532452483,532452484,532466094,532236462,532470190,"decoded_payload_last_chip",1,721.894680,722.203361,262,0.000000,-1671.070875,"Decawave DW-8",0.951690,1,12,0xA0B7,0xA0B7,1,"618888F2F00200010000B7A0"
1408,532563000,532616981,532844565,532815075,532830954,532830955,532844565,532614933,532848661,"decoded_payload_last_chip",1,722.408015,722.716695,262,0.000000,-1669.888353,"Decawave DW-8",0.952673,1,12,0x2108,0x2108,1,"618889F2F002000100000821"
1409,532941500,532995451,533223036,533193546,533209424,533209426,533223036,532993403,533227132,"decoded_payload_last_chip",1,722.921347,723.230029,262,0.000000,-1686.899541,"Decawave DW-8",0.952341,1,12,0xABD8,0xABD8,1,"61888AF2F00200010000D8AB"
1410,533320000,533373922,533601506,533572016,533587895,533587896,533601506,533371874,533605602,"decoded_payload_last_chip",1,723.434682,723.743362,262,-0.000000,-1689.157886,"Decawave DW-8",0.951727,1,12,0x2A67,0x2A67,1,"61888BF2F00200010000672A"
1411,533698400,533752392,533979976,533950486,533966365,533966366,533979976,533750344,533984072,"decoded_payload_last_chip",1,723.948014,724.256695,262,0.000000,-1643.105238,"Decawave DW-8",0.952325,1,12,0xB669,0xB669,1,"61888CF2F0020001000069B6"
1412,534076900,534130862,534358447,534328957,534344835,534344837,534358447,534128814,534362543,"decoded_payload_last_chip",1,724.461347,724.770029,262,0.000000,-1667.181980,"Decawave DW-8",0.952365,1,12,0x37D6,0x37D6,1,"61888DF2F00200010000D637"
1413,534455400,534509333,534736918,534707428,534723307,534723308,534736918,534507285,534741014,"decoded_payload_last_chip",1,724.974681,725.283363,262,3.649475,-1847.762038,"Decawave DW-8",0.952924,1,12,0xBD06,0xBD06,1,"61888EF2F0020001000006BD"
1414,534833900,534887804,535115389,535085899,535101777,535101779,535115389,534885756,535119485,"decoded_payload_last_chip",1,725.488015,725.796697,262,1.687480,-1693.091950,"Decawave DW-8",0.952557,1,12,0x3CB9,0x3CB9,1,"61888FF2F00200010000B93C"
1415,535212300,535266274,535493858,535464369,535480247,535480249,535493858,535264226,535497954,"decoded_payload_last_chip",1,726.001348,726.310029,262,0.000000,-1708.031827,"Decawave DW-8",0.952172,1,12,0xD673,0xD673,1,"618890F2F0020001000073D6"
1416,535590800,535644745,535872329,535842839,535858718,535858719,535872329,535642697,535876425,"decoded_payload_last_chip",1,726.514682,726.823363,262,0.000000,-1663.426817,"Decawave DW-8",0.952340,1,12,0x57CC,0x57CC,1,"618891F2F00200010000CC57"
1417,535969300,536023215,536250799,536221310,536237188,536237189,536250799,536021167,536254895,"decoded_payload_last_chip",1,727.028015,727.336696,262,0.000000,-1671.094639,"Decawave DW-8",0.952199,1,12,0xDD1C,0xDD1C,1,"618892F2F002000100001CDD"
1418,536347700,536401686,536629270,536599780,536615659,536615660,536629270,536399638,536633366,"decoded_payload_last_chip",1,727.541349,727.850030,262,0.000000,-1689.479460,"Decawave DW-8",0.952221,1,12,0x5CA3,0x5CA3,1,"618893F2F00200010000A35C"
1419,536726200,536780156,537007741,536978251,536994129,536994131,537007741,536778108,537011837,"decoded_payload_last_chip",1,728.054682,728.363364,262,0.000000,-1663.090863,"Decawave DW-8",0.951935,1,12,0xC0AD,0xC0AD,1,"618894F2F00200010000ADC0"
1420,537104700,537158627,537386211,537356721,537372600,537372601,537386211,537156579,537390307,"decoded_payload_last_chip",1,728.568016,728.876697,262,0.000000,-1696.376194,"Decawave DW-8",0.952443,1,12,0x4112,0x4112,1,"618895F2F002000100001241"
1421,537483100,537537097,537764681,537735192,537751070,537751071,537764681,537535049,537768777,"decoded_payload_last_chip",1,729.081349,729.390030,262,0.000000,-1692.107902,"Decawave DW-8",0.952082,1,12,0xCBC2,0xCBC2,1,"618896F2F00200010000C2CB"
1422,537861600,537915568,538143152,538113662,538129540,538129542,538143152,537913520,538147248,"decoded_payload_last_chip",1,729.594683,729.903364,262,0.000000,-1688.464749,"Decawave DW-8",0.952611,1,12,0x4A7D,0x4A7D,1,"618897F2F002000100007D4A"
1423,538240100,538294038,538521622,538492132,538508011,538508012,538521622,538291990,538525718,"decoded_payload_last_chip",1,730.108016,730.416697,262,0.000000,-1679.736730,"Decawave DW-8",0.951990,1,12,0xFBCF,0xFBCF,1,"618898F2F00200010000CFFB"
1424,538618600,538672508,538900093,538870603,538886481,538886483,538900093,538670460,538904189,"decoded_payload_last_chip",1,730.621349,730.930031,262,0.000000,-1696.596338,"Decawave DW-8",0.952117,1,12,0x7A70,0x7A70,1,"618899F2F00200010000707A"
1425,538997000,539050979,539278564,539249074,539264952,539264954,539278564,539048931,539282660,"decoded_payload_last_chip",1,731.134683,731.443365,262,0.000000,-1691.108653,"Decawave DW-8",0.952043,1,12,0xF0A0,0xF0A0,1,"61889AF2F00200010000A0F0"
1426,539375500,539429450,539657034,539627544,539643423,539643424,539657034,539427402,539661130,"decoded_payload_last_chip",1,731.648017,731.956698,262,0.000000,-1668.866227,"Decawave DW-8",0.951722,1,12,0x711F,0x711F,1,"61889BF2F002000100001F71"
1427,539754000,539807920,540035504,540006015,540021893,540021895,540035504,539805872,540039600,"decoded_payload_last_chip",1,732.161350,732.470030,262,0.000000,-1684.426511,"Decawave DW-8",0.951982,1,12,0xED11,0xED11,1,"61889CF2F0020001000011ED"
1428,540132400,540186390,540413975,540384485,540400363,540400365,540413975,540184342,540418071,"decoded_payload_last_chip",1,732.674683,732.983365,262,0.000000,-1678.111517,"Decawave DW-8",0.952229,1,12,0x6CAE,0x6CAE,1,"61889DF2F00200010000AE6C"
1429,540510900,540564861,540792445,540762955,540778834,540778835,540792445,540562813,540796541,"decoded_payload_last_chip",1,733.188017,733.496697,262,0.000000,-1675.408372,"Decawave DW-8",0.952594,1,12,0xE67E,0xE67E,1,"61889EF2F002000100007EE6"
1430,540889500,540943332,541170916,541141426,541157305,541157306,541170916,540941284,541175012,"decoded_payload_last_chip",1,733.701351,734.010031,262,0.000000,-1687.163609,"Decawave DW-8",0.951834,1,12,0x67C1,0x67C1,1,"61889FF2F00200010000C167"
1431,541268000,541321802,541549386,541519897,541535775,541535776,541549386,541319754,541553482,"decoded_payload_last_chip",1,734.214684,734.523364,262,0.000000,-1678.677918,"Decawave DW-8",0.952348,1,12,0x3BFB,0x3BFB,1,"6188A0F2F00200010000FB3B"
1432,541646300,541700273,541927857,541898367,541914246,541914247,541927857,541698225,541931953,"decoded_payload_last_chip",1,734.728018,735.036698,262,0.000000,-1677.177498,"Decawave DW-8",0.952031,1,12,0xBA44,0xBA44,1,"6188A1F2F0020001000044BA"
1433,542025000,542078743,542306327,542276838,542292716,542292717,542306327,542076695,542310423,"decoded_payload_last_chip",1,735.241351,735.550031,262,0.000000,-1688.918280,"Decawave DW-8",0.951900,1,12,0x3094,0x3094,1,"6188A2F2F002000100009430"
1434,542403600,542457214,542684798,542655308,542671187,542671188,542684798,542455166,542688894,"decoded_payload_last_chip",1,735.754685,736.063365,262,0.000000,-1703.766017,"Decawave DW-8",0.951608,1,12,0xB12B,0xB12B,1,"6188A3F2F002000100002BB1"
1435,542781700,542835684,543063269,543033779,543049658,543049659,543063269,542833636,543067365,"decoded_payload_last_chip",1,736.268018,736.576699,262,5.495556,-1952.355647,"Decawave DW-8",0.947041,1,12,0x2D25,0x2D25,1,"6188A4F2F00200010000252D"
1436,543160200,543214155,543441739,543412249,543428128,543428129,543441739,543212107,543445835,"decoded_payload_last_chip",1,736.781352,737.090032,262,0.000000,-1676.247790,"Decawave DW-8",0.950868,1,12,0xAC9A,0xAC9A,1,"6188A5F2F002000100009AAC"
1437,543538800,543592625,543820209,543790720,543806598,543806599,543820209,543590577,543824305,"decoded_payload_last_chip",1,737.294685,737.603365,262,0.000000,-1674.850604,"Decawave DW-8",0.952044,1,12,0x264A,0x264A,1,"6188A6F2F002000100004A26"
1438,543917100,543971096,544198680,544169190,544185068,544185070,544198680,543969048,544202776,"decoded_payload_last_chip",1,737.808019,738.116699,262,0.000000,-1665.242541,"Decawave DW-8",0.951752,1,12,0xA7F5,0xA7F5,1,"6188A7F2F00200010000F5A7"
1439,544295900,544349566,544577150,544547661,544563539,544563541,544577150,544347518,544581246,"decoded_payload_last_chip",1,738.321351,738.630032,262,0.000000,-1678.758675,"Decawave DW-8",0.951877,1,12,0x1647,0x1647,1,"6188A8F2F002000100004716"
1440,544674100,544728036,544955621,544926131,544942009,544942011,544955621,544725988,544959717,"decoded_payload_last_chip",1,738.834684,739.143366,262,0.000000,-1668.553248,"Decawave DW-8",0.951867,1,12,0x97F8,0x97F8,1,"6188A9F2F00200010000F897"
1441,545052600,545106507,545334091,545304601,545320480,545320481,545334091,545104459,545338187,"decoded_payload_last_chip",1,739.348018,739.656699,262,0.000000,-1668.388593,"Decawave DW-8",0.951960,1,12,0x1D28,0x1D28,1,"6188AAF2F00200010000281D"
1442,545431000,545484978,545712562,545683072,545698951,545698952,545712562,545482930,545716658,"decoded_payload_last_chip",1,739.861353,740.170033,262,0.000000,-1692.753050,"Decawave DW-8",0.951313,1,12,0x9C97,0x9C97,1,"6188ABF2F00200010000979C"
1443,545809400,545863448,546091032,546061543,546077421,546077422,546091032,545861400,546095128,"decoded_payload_last_chip",1,740.374685,740.683366,262,0.000000,-1695.292842,"Decawave DW-8",0.951428,1,12,0x0099,0x0099,1,"6188ACF2F002000100009900"
1444,546188000,546241919,546469503,546440013,546455892,546455893,546469503,546239871,546473599,"decoded_payload_last_chip",1,740.888019,741.196700,262,0.000000,-1664.950979,"Decawave DW-8",0.951506,1,12,0x8126,0x8126,1,"6188ADF2F002000100002681"
1445,546566400,546620389,546847973,546818483,546834362,546834363,546847973,546618341,546852069,"decoded_payload_last_chip",1,741.401352,741.710033,262,0.000000,-1689.545057,"Decawave DW-8",0.951630,1,12,0x0BF6,0x0BF6,1,"6188AEF2F00200010000F60B"
1446,546944900,546998859,547226444,547196954,547212832,547212834,547226444,546996811,547230540,"decoded_payload_last_chip",1,741.914685,742.223367,262,0.000000,-1682.613430,"Decawave DW-8",0.952004,1,12,0x8A49,0x8A49,1,"6188AFF2F00200010000498A"
1447,547323400,547377330,547604914,547575424,547591303,547591304,547604914,547375282,547609010,"decoded_payload_last_chip",1,742.428019,742.736700,262,-0.000000,-1686.672656,"Decawave DW-8",0.951877,1,12,0x6083,0x6083,1,"6188B0F2F002000100008360"
1448,547701800,547755801,547983385,547953895,547969774,547969775,547983385,547753753,547987481,"decoded_payload_last_chip",1,742.941353,743.250034,262,0.000000,-1685.910180,"Decawave DW-8",0.952042,1,12,0xE13C,0xE13C,1,"6188B1F2F002000100003CE1"
1449,548080300,548134271,548361855,548332366,548348244,548348246,548361855,548132223,548365951,"decoded_payload_last_chip",1,743.454686,743.763367,262,0.000000,-1661.879814,"Decawave DW-8",0.952017,1,12,0x6BEC,0x6BEC,1,"6188B2F2F00200010000EC6B"
1450,548458800,548512742,548740326,548710836,548726715,548726716,548740326,548510694,548744422,"decoded_payload_last_chip",1,743.968020,744.276701,262,0.000000,-1669.837274,"Decawave DW-8",0.951416,1,12,0xEA53,0xEA53,1,"6188B3F2F0020001000053EA"
1451,548837400,548891212,549118797,549089307,549105185,549105187,549118797,548889164,549122893,"decoded_payload_last_chip",1,744.481353,744.790035,262,0.000000,-1667.175063,"Decawave DW-8",0.952015,1,12,0x765D,0x765D,1,"6188B4F2F002000100005D76"
1452,549215700,549269682,549497267,549467777,549483655,549483657,549497267,549267634,549501363,"decoded_payload_last_chip",1,744.994686,745.303368,262,0.000000,-1673.453457,"Decawave DW-8",0.951616,1,12,0xF7E2,0xF7E2,1,"6188B5F2F00200010000E2F7"
1453,549594200,549648153,549875738,549846248,549862127,549862128,549875738,549646105,549879834,"decoded_payload_last_chip",1,745.508020,745.816702,262,4.840463,-1924.147179,"Decawave DW-8",0.950316,1,12,0x7D32,0x7D32,1,"6188B6F2F00200010000327D"
1454,549972700,550026624,550254208,550224718,550240597,550240598,550254208,550024576,550258304,"decoded_payload_last_chip",1,746.021354,746.330035,262,0.000000,-1681.831658,"Decawave DW-8",0.951726,1,12,0xFC8D,0xFC8D,1,"6188B7F2F002000100008DFC"
1455,550351100,550405094,550632678,550603189,550619067,550619068,550632678,550403046,550636774,"decoded_payload_last_chip",1,746.534687,746.843368,262,0.000000,-1691.405383,"Decawave DW-8",0.951841,1,12,0x4D3F,0x4D3F,1,"6188B8F2F002000100003F4D"
1456,550729600,550783565,551011149,550981659,550997537,550997539,551011149,550781517,551015245,"decoded_payload_last_chip",1,747.048021,747.356702,262,0.000000,-1685.278324,"Decawave DW-8",0.951984,1,12,0xCC80,0xCC80,1,"6188B9F2F0020001000080CC"
1457,551108100,551162035,551389619,551360130,551376008,551376009,551389619,551159987,551393715,"decoded_payload_last_chip",1,747.561354,747.870034,262,0.000000,-1688.368508,"Decawave DW-8",0.952192,1,12,0x4650,0x4650,1,"6188BAF2F002000100005046"
1458,551486600,551540505,551768090,551738600,551754478,551754480,551768090,551538457,551772186,"decoded_payload_last_chip",1,748.074687,748.383369,262,0.000000,-1683.850346,"Decawave DW-8",0.951850,1,12,0xC7EF,0xC7EF,1,"6188BBF2F00200010000EFC7"
1459,551865000,551918976,552146561,552117071,552132949,552132951,552146561,551916928,552150657,"decoded_payload_last_chip",1,748.588021,748.896703,262,0.000000,-1678.989203,"Decawave DW-8",0.951952,1,12,0x5BE1,0x5BE1,1,"6188BCF2F00200010000E15B"
1460,552243500,552297447,552525031,552495541,552511420,552511421,552525031,552295399,552529127,"decoded_payload_last_chip",1,749.101355,749.410036,262,0.000000,-1675.652903,"Decawave DW-8",0.951807,1,12,0xDA5E,0xDA5E,1,"6188BDF2F002000100005EDA"
1461,552621088,552675917,552903502,552874012,552889890,552889892,552903502,552673869,552907598,"decoded_payload_last_chip",1,749.614688,749.923370,262,0.000000,-1691.814315,"Decawave DW-8",0.951935,1,12,0x508E,0x508E,1,"6188BEF2F002000100008E50"
1462,553000600,553054387,553281972,553252482,553268360,553268362,553281972,553052339,553286068,"decoded_payload_last_chip",1,750.128021,750.436702,262,0.000000,-1677.304118,"Decawave DW-8",0.951763,1,12,0xD131,0xD131,1,"6188BFF2F0020001000031D1"
1463,553378900,553432858,553660442,553630952,553646831,553646832,553660442,553430810,553664538,"decoded_payload_last_chip",1,750.641355,750.950035,262,0.000000,-1667.946300,"Decawave DW-8",0.951896,1,12,0xE8FA,0xE8FA,1,"6188C0F2F00200010000FAE8"
1464,553757500,553811329,554038913,554009423,554025302,554025303,554038913,553809281,554043009,"decoded_payload_last_chip",1,751.154689,751.463369,262,0.000000,-1671.183799,"Decawave DW-8",0.952160,1,12,0x6945,0x6945,1,"6188C1F2F002000100004569"
1465,554135800,554189799,554417384,554387894,554403772,554403774,554417384,554187751,554421480,"decoded_payload_last_chip",1,751.668022,751.976704,262,-0.000000,-1682.437012,"Decawave DW-8",0.952473,1,12,0xE395,0xE395,1,"6188C2F2F0020001000095E3"
1466,554513000,554568269,554795854,554766364,554782242,554782244,554795854,554566221,554799950,"decoded_payload_last_chip",1,752.181354,752.490036,262,0.000000,-1661.507765,"Decawave DW-8",0.952261,1,12,0x622A,0x622A,1,"6188C3F2F002000100002A62"
1467,554892800,554946740,555174324,555144835,555160713,555160715,555174324,554944692,555178420,"decoded_payload_last_chip",1,752.694689,753.003369,262,0.000000,-1639.447413,"Decawave DW-8",0.952224,1,12,0xFE24,0xFE24,1,"6188C4F2F0020001000024FE"
1468,555271400,555325210,555552796,555523306,555539184,555539186,555552796,555323162,555556892,"decoded_payload_last_chip",1,753.208021,753.516705,262,5.134352,-1974.227174,"Decawave DW-8",0.950771,1,12,0x7F9B,0x7F9B,1,"6188C5F2F002000100009B7F"
1469,555649700,555703681,555931265,555901775,555917654,555917655,555931265,555701633,555935361,"decoded_payload_last_chip",1,753.721356,754.030036,262,0.000000,-1705.260633,"Decawave DW-8",0.951245,1,12,0xF54B,0xF54B,1,"6188C6F2F002000100004BF5"
1470,556028200,556082151,556309736,556280246,556296124,556296126,556309736,556080103,556313832,"decoded_payload_last_chip",1,754.234688,754.543370,262,0.000000,-1683.426511,"Decawave DW-8",0.952336,1,12,0x74F4,0x74F4,1,"6188C7F2F00200010000F474"
1471,556406700,556460622,556688206,556658717,556674595,556674597,556688206,556458574,556692302,"decoded_payload_last_chip",1,754.748022,755.056703,262,2.195136,-1784.063478,"Decawave DW-8",0.952761,1,12,0xC546,0xC546,1,"6188C8F2F0020001000046C5"
1472,556785100,556839093,557066677,557037187,557053066,557053067,557066677,556837045,557070773,"decoded_payload_last_chip",1,755.261357,755.570037,262,0.000000,-1670.126032,"Decawave DW-8",0.951928,1,12,0x44F9,0x44F9,1,"6188C9F2F00200010000F944"
1473,557163600,557217563,557445147,557415658,557431536,557431537,557445147,557215515,557449243,"decoded_payload_last_chip",1,755.774689,756.083370,262,0.000000,-1677.456530,"Decawave DW-8",0.952177,1,12,0xCE29,0xCE29,1,"6188CAF2F0020001000029CE"
1474,557542100,557596034,557823618,557794128,557810006,557810008,557823618,557593986,557827714,"decoded_payload_last_chip",1,756.288024,756.596704,262,0.000000,-1707.673968,"Decawave DW-8",0.951862,1,12,0x4F96,0x4F96,1,"6188CBF2F00200010000964F"
1475,557920600,557974504,558202088,558172599,558188477,558188478,558202088,557972456,558206184,"decoded_payload_last_chip",1,756.801356,757.110037,262,0.000000,-1687.675381,"Decawave DW-8",0.951620,1,12,0xD398,0xD398,1,"6188CCF2F0020001000098D3"
1476,558299000,558352975,558580559,558551069,558566948,558566949,558580559,558350927,558584655,"decoded_payload_last_chip",1,757.314690,757.623371,262,0.000000,-1676.218830,"Decawave DW-8",0.952052,1,12,0x5227,0x5227,1,"6188CDF2F002000100002752"
1477,558677700,558731445,558959029,558929540,558945418,558945420,558959029,558729397,558963125,"decoded_payload_last_chip",1,757.828023,758.136704,262,-0.000000,-1680.040145,"Decawave DW-8",0.951880,1,12,0xD8F7,0xD8F7,1,"6188CEF2F00200010000F7D8"
1478,559056000,559109916,559337500,559308010,559323889,559323890,559337500,559107868,559341596,"decoded_payload_last_chip",1,758.341357,758.650038,262,0.000000,-1673.629064,"Decawave DW-8",0.951709,1,12,0x5948,0x5948,1,"6188CFF2F002000100004859"
1479,559434400,559488386,559715970,559686480,559702359,559702360,559715970,559486338,559720066,"decoded_payload_last_chip",1,758.854690,759.163371,262,0.000000,-1690.464232,"Decawave DW-8",0.951958,1,12,0xB382,0xB382,1,"6188D0F2F0020001000082B3"
1480,559812900,559866856,560094441,560064951,560080829,560080831,560094441,559864808,560098537,"decoded_payload_last_chip",1,759.368023,759.676705,262,-0.000000,-1664.135405,"Decawave DW-8",0.952006,1,12,0x323D,0x323D,1,"6188D1F2F002000100003D32"
1481,560191500,560245327,560472911,560443422,560459300,560459302,560472911,560243279,560477007,"decoded_payload_last_chip",1,759.881357,760.190038,262,0.000000,-1693.363431,"Decawave DW-8",0.952324,1,12,0xB8ED,0xB8ED,1,"6188D2F2F00200010000EDB8"
1482,560569800,560623798,560851382,560821892,560837771,560837772,560851382,560621750,560855478,"decoded_payload_last_chip",1,760.394691,760.703372,262,0.000000,-1660.490280,"Decawave DW-8",0.951480,1,12,0x3952,0x3952,1,"6188D3F2F002000100005239"
1483,560948300,561002268,561229852,561200363,561216241,561216243,561229852,561000220,561233948,"decoded_payload_last_chip",1,760.908024,761.216705,262,0.000000,-1679.398857,"Decawave DW-8",0.951855,1,12,0xA55C,0xA55C,1,"6188D4F2F002000100005CA5"
1484,561326800,561380739,561608323,561578833,561594712,561594713,561608323,561378691,561612419,"decoded_payload_last_chip",1,761.421358,761.730039,262,0.000000,-1677.018649,"Decawave DW-8",0.951612,1,12,0x24E3,0x24E3,1,"6188D5F2F00200010000E324"
1485,561705400,561759209,561986793,561957303,561973182,561973183,561986793,561757161,561990889,"decoded_payload_last_chip",1,761.934691,762.243372,262,0.000000,-1666.007152,"Decawave DW-8",0.952172,1,12,0xAE33,0xAE33,1,"6188D6F2F0020001000033AE"
1486,562083700,562137679,562365264,562335774,562351652,562351654,562365264,562135631,562369360,"decoded_payload_last_chip",1,762.448024,762.756706,262,0.000000,-1678.394004,"Decawave DW-8",0.951538,1,12,0x2F8C,0x2F8C,1,"6188D7F2F002000100008C2F"
1487,562462200,562516150,562743734,562714244,562730123,562730124,562743734,562514102,562747830,"decoded_payload_last_chip",1,762.961358,763.270039,262,0.000000,-1686.020693,"Decawave DW-8",0.952467,1,12,0x9E3E,0x9E3E,1,"6188D8F2F002000100003E9E"
1488,562840700,562894620,563122204,563092715,563108593,563108595,563122204,562892572,563126300,"decoded_payload_last_chip",1,763.474691,763.783371,262,0.000000,-1674.844084,"Decawave DW-8",0.952221,1,12,0x1F81,0x1F81,1,"6188D9F2F00200010000811F"
1489,563219100,563273091,563500675,563471186,563487064,563487066,563500675,563271043,563504771,"decoded_payload_last_chip",1,763.988025,764.296705,262,0.000000,-1710.920846,"Decawave DW-8",0.951542,1,12,0x9551,0x9551,1,"6188DAF2F002000100005195"
1490,563597600,563651562,563879146,563849656,563865535,563865536,563879146,563649514,563883242,"decoded_payload_last_chip",1,764.501359,764.810040,262,0.000000,-1672.857984,"Decawave DW-8",0.951639,1,12,0x14EE,0x14EE,1,"6188DBF2F00200010000EE14"
1491,563976100,564030032,564257616,564228127,564244005,564244006,564257616,564027984,564261712,"decoded_payload_last_chip",1,765.014692,765.323372,262,0.000000,-1677.812848,"Decawave DW-8",0.951894,1,12,0x88E0,0x88E0,1,"6188DCF2F00200010000E088"
1492,564354800,564408502,564636087,564606597,564622475,564622477,564636087,564406454,564640183,"decoded_payload_last_chip",1,765.528025,765.836707,262,0.000000,-1672.024166,"Decawave DW-8",0.951858,1,12,0x095F,0x095F,1,"6188DDF2F002000100005F09"
1493,564733000,564786973,565014558,564985068,565000947,565000948,565014558,564784925,565018654,"decoded_payload_last_chip",1,766.041359,766.350041,262,5.399345,-1944.429520,"Decawave DW-8",0.946257,1,12,0x838F,0x838F,1,"6188DEF2F002000100008F83"
1494,565111500,565165444,565393028,565363538,565379417,565379418,565393028,565163396,565397124,"decoded_payload_last_chip",1,766.554693,766.863373,262,0.000000,-1663.309135,"Decawave DW-8",0.951542,1,12,0x0230,0x0230,1,"6188DFF2F002000100003002"
1495,565490300,565543914,565771498,565742008,565757887,565757888,565771498,565541866,565775594,"decoded_payload_last_chip",1,767.068026,767.376706,262,0.000000,-1687.179758,"Decawave DW-8",0.951452,1,12,0x5E0A,0x5E0A,1,"6188E0F2F002000100000A5E"
1496,565868600,565922384,566149969,566120479,566136357,566136359,566149969,565920336,566154065,"decoded_payload_last_chip",1,767.581359,767.890040,262,0.000000,-1666.556558,"Decawave DW-8",0.951813,1,12,0xDFB5,0xDFB5,1,"6188E1F2F00200010000B5DF"
1497,566246900,566300855,566528439,566498949,566514828,566514829,566528439,566298807,566532535,"decoded_payload_last_chip",1,768.094693,768.403373,262,0.000000,-1652.028092,"Decawave DW-8",0.951968,1,12,0x5565,0x5565,1,"6188E2F2F002000100006555"
1498,566625600,566679325,566906910,566877420,566893298,566893300,566906910,566677277,566911006,"decoded_payload_last_chip",1,768.608025,768.916707,262,0.000000,-1693.041536,"Decawave DW-8",0.951661,1,12,0xD4DA,0xD4DA,1,"6188E3F2F00200010000DAD4"
1499,567003800,567057796,567285381,567255891,567271769,567271771,567285381,567055748,567289477,"decoded_payload_last_chip",1,769.121360,769.430042,262,0.000000,-1662.592627,"Decawave DW-8",0.951839,1,12,0x48D4,0x48D4,1,"6188E4F2F00200010000D448"
1500,567382600,567436266,567663850,567634361,567650239,567650241,567663850,567434218,567667946,"decoded_payload_last_chip",1,769.634692,769.943373,262,0.000000,-1674.605033,"Decawave DW-8",0.951611,1,12,0xC96B,0xC96B,1,"6188E5F2F002000100006BC9"
1501,567760800,567814737,568042321,568012832,568028710,568028712,568042321,567812689,568046417,"decoded_payload_last_chip",1,770.148027,770.456707,262,0.000000,-1673.441940,"Decawave DW-8",0.952286,1,12,0x43BB,0x43BB,1,"6188E6F2F00200010000BB43"
1502,568139400,568193207,568420792,568391302,568407180,568407182,568420792,568191159,568424888,"decoded_payload_last_chip",1,770.661359,770.970041,262,0.000000,-1654.984924,"Decawave DW-8",0.952779,1,12,0xC204,0xC204,1,"6188E7F2F0020001000004C2"
1503,568517700,568571678,568799262,568769772,568785651,568785652,568799262,568569630,568803358,"decoded_payload_last_chip",1,771.174693,771.483374,262,0.000000,-1679.603028,"Decawave DW-8",0.951657,1,12,0x73B6,0x73B6,1,"6188E8F2F00200010000B673"
1504,568896200,568950148,569177733,569148243,569164121,569164123,569177733,568948100,569181829,"decoded_payload_last_chip",1,771.688026,771.996708,262,0.000000,-1665.528311,"Decawave DW-8",0.952173,1,12,0xF209,0xF209,1,"6188E9F2F0020001000009F2"
1505,569274700,569328619,569556203,569526713,569542592,569542593,569556203,569326571,569560299,"decoded_payload_last_chip",1,772.201360,772.510041,262,0.000000,-1684.803179,"Decawave DW-8",0.952299,1,12,0x78D9,0x78D9,1,"6188EAF2F00200010000D978"
1506,569653100,569707090,569934674,569905184,569921063,569921064,569934674,569705042,569938770,"decoded_payload_last_chip",1,772.714695,773.023375,262,0.000000,-1661.765442,"Decawave DW-8",0.952130,1,12,0xF966,0xF966,1,"6188EBF2F0020001000066F9"
1507,570031600,570085560,570313144,570283655,570299533,570299535,570313144,570083512,570317240,"decoded_payload_last_chip",1,773.228027,773.536708,262,0.000000,-1672.513932,"Decawave DW-8",0.951717,1,12,0x6568,0x6568,1,"6188ECF2F002000100006865"
1508,570410100,570464031,570691615,570662125,570678004,570678005,570691615,570461983,570695711,"decoded_payload_last_chip",1,773.741361,774.050042,262,0.000000,-1676.186271,"Decawave DW-8",0.952146,1,12,0xE4D7,0xE4D7,1,"6188EDF2F00200010000D7E4"
1509,570788800,570842501,571070085,571040595,571056474,571056475,571070085,570840453,571074181,"decoded_payload_last_chip",1,774.254694,774.563375,262,0.000000,-1682.963071,"Decawave DW-8",0.951057,1,12,0x6E07,0x6E07,1,"6188EEF2F00200010000076E"
1510,571167000,571220971,571448555,571419066,571434944,571434946,571448555,571218923,571452651,"decoded_payload_last_chip",1,774.768027,775.076708,262,0.000000,-1654.460786,"Decawave DW-8",0.951660,1,12,0xEFB8,0xEFB8,1,"6188EFF2F00200010000B8EF"
1511,571545500,571599442,571827027,571797537,571813416,571813417,571827027,571597394,571831123,"decoded_payload_last_chip",1,775.281361,775.590043,262,4.422123,-1921.128837,"Decawave DW-8",0.952828,1,12,0x0572,0x0572,1,"6188F0F2F002000100007205"
1512,571924100,571977912,572205497,572176007,572191885,572191887,572205497,571975864,572209593,"decoded_payload_last_chip",1,775.794694,776.103376,262,0.000000,-1672.591161,"Decawave DW-8",0.952177,1,12,0x84CD,0x84CD,1,"6188F1F2F00200010000CD84"
1513,572302400,572356383,572583967,572554478,572570356,572570357,572583967,572354335,572588063,"decoded_payload_last_chip",1,776.308028,776.616709,262,0.000000,-1669.589698,"Decawave DW-8",0.952033,1,12,0x0E1D,0x0E1D,1,"6188F2F2F002000100001D0E"
1514,572680900,572734853,572962438,572932948,572948826,572948828,572962438,572732805,572966534,"decoded_payload_last_chip",1,776.821361,777.130043,262,0.000000,-1636.187316,"Decawave DW-8",0.951949,1,12,0x8FA2,0x8FA2,1,"6188F3F2F00200010000A28F"
1515,573059400,573113324,573340908,573311418,573327297,573327298,573340908,573111276,573345004,"decoded_payload_last_chip",1,777.334695,777.643376,262,-0.000000,-1653.740040,"Decawave DW-8",0.952003,1,12,0x13AC,0x13AC,1,"6188F4F2F00200010000AC13"
1516,573437800,573491795,573719379,573689889,573705768,573705769,573719379,573489747,573723475,"decoded_payload_last_chip",1,777.848029,778.156710,262,0.000000,-1677.014188,"Decawave DW-8",0.951574,1,12,0x9213,0x9213,1,"6188F5F2F002000100001392"
1517,573816300,573870265,574097850,574068360,574084238,574084240,574097850,573868217,574101946,"decoded_payload_last_chip",1,778.361362,778.670044,262,0.000000,-1679.351885,"Decawave DW-8",0.951994,1,12,0x18C3,0x18C3,1,"6188F6F2F00200010000C318"
1518,574194800,574248736,574476320,574446830,574462709,574462710,574476320,574246688,574480416,"decoded_payload_last_chip",1,778.874696,779.183377,262,0.000000,-1662.191124,"Decawave DW-8",0.951991,1,12,0x997C,0x997C,1,"6188F7F2F002000100007C99"
1519,574573300,574627206,574854790,574825301,574841179,574841181,574854790,574625158,574858886,"decoded_payload_last_chip",1,779.388029,779.696710,262,0.000000,-1679.399249,"Decawave DW-8",0.951811,1,12,0x28CE,0x28CE,1,"6188F8F2F00200010000CE28"
1520,574951700,575005676,575233261,575203771,575219649,575219651,575233261,575003628,575237357,"decoded_payload_last_chip",1,779.901362,780.210044,262,0.000000,-1654.578036,"Decawave DW-8",0.952101,1,12,0xA971,0xA971,1,"6188F9F2F0020001000071A9"
1521,575330200,575384147,575611731,575582241,575598120,575598121,575611731,575382099,575615827,"decoded_payload_last_chip",1,780.414696,780.723376,262,0.000000,-1670.645032,"Decawave DW-8",0.951926,1,12,0x23A1,0x23A1,1,"6188FAF2F00200010000A123"
1522,575708700,575762617,575990202,575960712,575976590,575976592,575990202,575760569,575994298,"decoded_payload_last_chip",1,780.928029,781.236711,262,0.000000,-1680.607074,"Decawave DW-8",0.952046,1,12,0xA21E,0xA21E,1,"6188FBF2F002000100001EA2"
1523,576087100,576141088,576368672,576339183,576355061,576355063,576368672,576139040,576372768,"decoded_payload_last_chip",1,781.441363,781.750043,262,0.000000,-1662.053606,"Decawave DW-8",0.951677,1,12,0x3E10,0x3E10,1,"6188FCF2F00200010000103E"
1524,576465600,576519559,576747143,576717653,576733532,576733533,576747143,576517511,576751239,"decoded_payload_last_chip",1,781.954697,782.263378,262,0.000000,-1676.372187,"Decawave DW-8",0.951814,1,12,0xBFAF,0xBFAF,1,"6188FDF2F00200010000AFBF"
1525,576844200,576898029,577125613,577096123,577112002,577112003,577125613,576895981,577129709,"decoded_payload_last_chip",1,782.468030,782.776710,262,0.000000,-1667.210027,"Decawave DW-8",0.952056,1,12,0x357F,0x357F,1,"6188FEF2F002000100007F35"
1526,577222500,577276499,577504084,577474594,577490472,577490474,577504084,577274451,577508180,"decoded_payload_last_chip",1,782.981363,783.290044,262,-0.000000,-1681.098406,"Decawave DW-8",0.951663,1,12,0xB4C0,0xB4C0,1,"6188FFF2F00200010000C0B4"
1527,577601200,577654970,577882555,577853065,577868943,577868945,577882555,577652922,577886651,"decoded_payload_last_chip",1,783.494697,783.803379,262,0.155646,-1675.493856,"Decawave DW-8",0.953247,1,12,0x46E9,0x46E9,1,"618800F2F00200010000E946"
1528,577979500,578033440,578261024,578231535,578247413,578247415,578261024,578031392,578265120,"decoded_payload_last_chip",1,784.008030,784.316710,262,0.000000,-1656.981455,"Decawave DW-8",0.951849,1,12,0xC756,0xC756,1,"618801F2F0020001000056C7"
1529,578358100,578411911,578639495,578610005,578625884,578625885,578639495,578409863,578643591,"decoded_payload_last_chip",1,784.521364,784.830044,262,0.000000,-1677.072319,"Decawave DW-8",0.952038,1,12,0x4D86,0x4D86,1,"618802F2F00200010000864D"
1530,578736400,578790382,579017966,578988476,579004354,579004356,579017966,578788334,579022062,"decoded_payload_last_chip",1,785.034698,785.343378,262,0.000000,-1682.254328,"Decawave DW-8",0.951670,1,12,0xCC39,0xCC39,1,"618803F2F0020001000039CC"
1531,579115000,579168852,579396437,579366947,579382825,579382827,579396437,579166804,579400533,"decoded_payload_last_chip",1,785.548031,785.856713,262,0.000000,-1672.718023,"Decawave DW-8",0.952288,1,12,0x5037,0x5037,1,"618804F2F002000100003750"
1532,579493400,579547322,579774907,579745417,579761295,579761297,579774907,579545274,579779003,"decoded_payload_last_chip",1,786.061363,786.370045,262,-0.000000,-1652.430497,"Decawave DW-8",0.952147,1,12,0xD188,0xD188,1,"618805F2F0020001000088D1"
1533,579871800,579925793,580153378,580123888,580139767,580139768,580153378,579923745,580157474,"decoded_payload_last_chip",1,786.574698,786.883379,262,5.316268,-1966.363114,"Decawave DW-8",0.946565,1,12,0x5B58,0x5B58,1,"618806F2F00200010000585B"
1534,580250300,580304264,580531848,580502358,580518237,580518238,580531848,580302216,580535944,"decoded_payload_last_chip",1,787.088032,787.396712,262,0.000000,-1687.820515,"Decawave DW-8",0.951654,1,12,0xDAE7,0xDAE7,1,"618807F2F00200010000E7DA"
1535,580628800,580682734,580910319,580880829,580896707,580896709,580910319,580680686,580914415,"decoded_payload_last_chip",1,787.601364,787.910046,262,0.000000,-1656.614688,"Decawave DW-8",0.951720,1,12,0x6B55,0x6B55,1,"618808F2F00200010000556B"
1536,581007300,581061205,581288789,581259299,581275178,581275179,581288789,581059157,581292885,"decoded_payload_last_chip",1,788.114699,788.423379,262,0.000000,-1664.257089,"Decawave DW-8",0.951693,1,12,0xEAEA,0xEAEA,1,"618809F2F00200010000EAEA"
1537,581385700,581439675,581667259,581637769,581653648,581653649,581667259,581437627,581671355,"decoded_payload_last_chip",1,788.628031,788.936712,262,0.000000,-1683.643720,"Decawave DW-8",0.951946,1,12,0x603A,0x603A,1,"61880AF2F002000100003A60"
1538,581764400,581818145,582045729,582016240,582032118,582032120,582045729,581816097,582049825,"decoded_payload_last_chip",1,789.141364,789.450045,262,-0.000000,-1684.790912,"Decawave DW-8",0.951992,1,12,0xE185,0xE185,1,"61880BF2F0020001000085E1"
1539,582142700,582196616,582424200,582394710,582410589,582410590,582424200,582194568,582428296,"decoded_payload_last_chip",1,789.654698,789.963379,262,0.000000,-1679.969358,"Decawave DW-8",0.952252,1,12,0x7D8B,0x7D8B,1,"61880CF2F002000100008B7D"
1540,582521100,582575087,582802671,582773181,582789060,582789061,582802671,582573039,582806767,"decoded_payload_last_chip",1,790.168032,790.476713,262,0.000000,-1697.339618,"Decawave DW-8",0.951671,1,12,0xFC34,0xFC34,1,"61880DF2F0020001000034FC"
1541,582899600,582953557,583181141,583151652,583167530,583167532,583181141,582951509,583185237,"decoded_payload_last_chip",1,790.681365,790.990046,262,0.000000,-1676.215879,"Decawave DW-8",0.952197,1,12,0x76E4,0x76E4,1,"61880EF2F00200010000E476"
1542,583278200,583332027,583559611,583530122,583546000,583546002,583559611,583329979,583563707,"decoded_payload_last_chip",1,791.194698,791.503379,262,0.000000,-1683.481038,"Decawave DW-8",0.951696,1,12,0xF75B,0xF75B,1,"61880FF2F002000100005BF7"
1543,583656500,583710498,583938082,583908592,583924471,583924472,583938082,583708450,583942178,"decoded_payload_last_chip",1,791.708032,792.016713,262,-0.000000,-1670.277122,"Decawave DW-8",0.951849,1,12,0x1D91,0x1D91,1,"618810F2F00200010000911D"
1544,584035000,584088968,584316552,584287063,584302941,584302943,584316552,584086920,584320648,"decoded_payload_last_chip",1,792.221365,792.530046,262,0.000000,-1665.675115,"Decawave DW-8",0.951270,1,12,0x9C2E,0x9C2E,1,"618811F2F002000100002E9C"
1545,584413500,584467439,584695023,584665533,584681412,584681413,584695023,584465391,584699119,"decoded_payload_last_chip",1,792.734699,793.043380,262,0.000000,-1662.201433,"Decawave DW-8",0.951967,1,12,0x16FE,0x16FE,1,"618812F2F00200010000FE16"
1546,584792100,584845909,585073494,585044004,585059882,585059884,585073494,584843861,585077590,"decoded_payload_last_chip",1,793.248032,793.556714,262,0.000000,-1660.444351,"Decawave DW-8",0.952035,1,12,0x9741,0x9741,1,"618813F2F002000100004197"
1547,585170500,585224380,585451964,585422474,585438353,585438354,585451964,585222332,585456060,"decoded_payload_last_chip",1,793.761366,794.070047,262,0.000000,-1665.663474,"Decawave DW-8",0.952289,1,12,0x0B4F,0x0B4F,1,"618814F2F002000100004F0B"
1548,585548900,585602851,585830435,585800945,585816823,585816825,585830435,585600803,585834531,"decoded_payload_last_chip",1,794.274700,794.583381,262,0.000000,-1667.794290,"Decawave DW-8",0.951532,1,12,0x8AF0,0x8AF0,1,"618815F2F00200010000F08A"
1549,585927400,585981321,586208905,586179416,586195294,586195295,586208905,585979273,586213001,"decoded_payload_last_chip",1,794.788033,795.096714,262,0.000000,-1682.501461,"Decawave DW-8",0.951922,1,12,0x0020,0x0020,1,"618816F2F002000100002000"
1550,586305800,586359791,586587375,586557886,586573764,586573766,586587375,586357743,586591471,"decoded_payload_last_chip",1,795.301366,795.610046,262,0.000000,-1686.433210,"Decawave DW-8",0.952016,1,12,0x819F,0x819F,1,"618817F2F002000100009F81"
1551,586684300,586738262,586965847,586936357,586952236,586952237,586965847,586736214,586969943,"decoded_payload_last_chip",1,795.814700,796.123382,262,5.248624,-1976.107829,"Decawave DW-8",0.950027,1,12,0x302D,0x302D,1,"618818F2F002000100002D30"
1552,587062800,587116733,587344317,587314827,587330706,587330707,587344317,587114685,587348413,"decoded_payload_last_chip",1,796.328034,796.636715,262,0.000000,-1691.123517,"Decawave DW-8",0.951339,1,12,0xB192,0xB192,1,"618819F2F0020001000092B1"
1553,587441400,587495203,587722787,587693297,587709176,587709177,587722787,587493155,587726883,"decoded_payload_last_chip",1,796.841367,797.150047,262,0.000000,-1674.541979,"Decawave DW-8",0.951765,1,12,0x3B42,0x3B42,1,"61881AF2F00200010000423B"
1554,587819700,587873673,588101258,588071768,588087646,588087648,588101258,587871625,588105354,"decoded_payload_last_chip",1,797.354700,797.663382,262,0.000000,-1678.465620,"Decawave DW-8",0.951386,1,12,0xBAFD,0xBAFD,1,"61881BF2F00200010000FDBA"
1555,588198200,588252144,588479728,588450238,588466117,588466118,588479728,588250096,588483824,"decoded_payload_last_chip",1,797.868034,798.176714,262,0.000000,-1663.542159,"Decawave DW-8",0.952144,1,12,0x26F3,0x26F3,1,"61881CF2F00200010000F326"
1556,588576700,588630614,588858199,588828709,588844587,588844589,588858199,588628566,588862295,"decoded_payload_last_chip",1,798.381367,798.690049,262,0.000000,-1659.035352,"Decawave DW-8",0.952406,1,12,0xA74C,0xA74C,1,"61881DF2F002000100004CA7"
1557,588955100,589009085,589236669,589207180,589223058,589223060,589236669,589007037,589240765,"decoded_payload_last_chip",1,798.894701,799.203381,262,0.000000,-1681.634554,"Decawave DW-8",0.951678,1,12,0x2D9C,0x2D9C,1,"61881EF2F002000100009C2D"
1558,589333600,589387556,589615140,589585650,589601529,589601530,589615140,589385508,589619236,"decoded_payload_last_chip",1,799.408035,799.716715,262,0.000000,-1675.852408,"Decawave DW-8",0.951559,1,12,0xAC23,0xAC23,1,"61881FF2F0020001000023AC"
1559,589712400,589766026,589993610,589964121,589979999,589980001,589993610,589763978,589997706,"decoded_payload_last_chip",1,799.921368,800.230048,262,2.801302,-1803.254096,"Decawave DW-8",0.954563,1,12,0xF019,0xF019,1,"618820F2F0020001000019F0"
1560,590090500,590144496,590372081,590342591,590358469,590358471,590372081,590142448,590376177,"decoded_payload_last_chip",1,800.434701,800.743382,262,0.000000,-1688.148236,"Decawave DW-8",0.952227,1,12,0x71A6,0x71A6,1,"618821F2F00200010000A671"
1561,590469200,590522967,590750551,590721061,590736940,590736941,590750551,590520919,590754647,"decoded_payload_last_chip",1,800.948035,801.256715,262,0.000000,-1660.654137,"Decawave DW-8",0.951722,1,12,0xFB76,0xFB76,1,"618822F2F0020001000076FB"
1562,590847500,590901437,591129021,591099532,591115410,591115412,591129021,590899389,591133117,"decoded_payload_last_chip",1,801.461367,801.770048,262,0.000000,-1674.723284,"Decawave DW-8",0.951652,1,12,0x7AC9,0x7AC9,1,"618823F2F00200010000C97A"
1563,591226100,591279908,591507492,591478003,591493881,591493882,591507492,591277860,591511588,"decoded_payload_last_chip",1,801.974702,802.283382,262,0.000000,-1659.323384,"Decawave DW-8",0.950914,1,12,0xE6C7,0xE6C7,1,"618824F2F00200010000C7E6"
1564,591604400,591658379,591885963,591856473,591872352,591872353,591885963,591656331,591890059,"decoded_payload_last_chip",1,802.488036,802.796716,262,0.000000,-1687.761059,"Decawave DW-8",0.951832,1,12,0x6778,0x6778,1,"618825F2F002000100007867"
1565,591983100,592036849,592264433,592234943,592250822,592250823,592264433,592034801,592268529,"decoded_payload_last_chip",1,803.001369,803.310049,262,0.000000,-1668.604725,"Decawave DW-8",0.952013,1,12,0xEDA8,0xEDA8,1,"618826F2F00200010000A8ED"
1566,592361400,592415320,592642904,592613414,592629292,592629294,592642904,592413272,592647000,"decoded_payload_last_chip",1,803.514703,803.823383,262,0.000000,-1676.531094,"Decawave DW-8",0.951782,1,12,0x6C17,0x6C17,1,"618827F2F00200010000176C"
1567,592739800,592793790,593021374,592991884,593007763,593007764,593021374,592791742,593025470,"decoded_payload_last_chip",1,804.028035,804.336716,262,0.000000,-1689.511724,"Decawave DW-8",0.952340,1,12,0xDDA5,0xDDA5,1,"618828F2F00200010000A5DD"
1568,593118300,593172260,593399844,593370355,593386233,593386235,593399844,593170212,593403940,"decoded_payload_last_chip",1,804.541368,804.850049,262,0.000000,-1679.309627,"Decawave DW-8",0.952066,1,12,0x5C1A,0x5C1A,1,"618829F2F002000100001A5C"
1569,593496900,593550731,593778315,593748825,593764704,593764705,593778315,593548683,593782411,"decoded_payload_last_chip",1,805.054702,805.363383,262,0.000000,-1656.686412,"Decawave DW-8",0.951785,1,12,0xD6CA,0xD6CA,1,"61882AF2F00200010000CAD6"
1570,593875300,593929202,594156786,594127297,594143175,594143176,594156786,593927154,594160882,"decoded_payload_last_chip",1,805.568037,805.876717,262,1.112180,-1708.704629,"Decawave DW-8",0.955308,1,12,0x5775,0x5775,1,"61882BF2F002000100007557"
1571,594253700,594307672,594535256,594505766,594521645,594521646,594535256,594305624,594539352,"decoded_payload_last_chip",1,806.081369,806.390050,262,0.000000,-1686.161679,"Decawave DW-8",0.951313,1,12,0xCB7B,0xCB7B,1,"61882CF2F002000100007BCB"
1572,594632300,594686143,594913727,594884237,594900116,594900117,594913727,594684095,594917823,"decoded_payload_last_chip",1,806.594704,806.903384,262,0.000000,-1645.630943,"Decawave DW-8",0.952173,1,12,0x4AC4,0x4AC4,1,"61882DF2F00200010000C44A"
1573,595011000,595064613,595292197,595262708,595278586,595278587,595292197,595062565,595296293,"decoded_payload_last_chip",1,807.108036,807.416717,262,0.000000,-1669.364025,"Decawave DW-8",0.952141,1,12,0xC014,0xC014,1,"61882EF2F0020001000014C0"
1574,595389100,595443084,595670668,595641178,595657057,595657058,595670668,595441036,595674764,"decoded_payload_last_chip",1,807.621370,807.930051,262,0.000000,-1663.738839,"Decawave DW-8",0.951684,1,12,0x41AB,0x41AB,1,"61882FF2F00200010000AB41"
1575,595767600,595821554,596049138,596019649,596035527,596035529,596049138,595819506,596053234,"decoded_payload_last_chip",1,808.134703,808.443384,262,0.000000,-1661.375691,"Decawave DW-8",0.950867,1,12,0xAB61,0xAB61,1,"618830F2F0020001000061AB"
1576,596146100,596200025,596427609,596398119,596413998,596413999,596427609,596197977,596431705,"decoded_payload_last_chip",1,808.648037,808.956718,262,-0.000000,-1660.915055,"Decawave DW-8",0.951997,1,12,0x2ADE,0x2ADE,1,"618831F2F00200010000DE2A"
1577,596524500,596578495,596806079,596776589,596792468,596792469,596806079,596576447,596810175,"decoded_payload_last_chip",1,809.161370,809.470051,262,0.000000,-1669.999191,"Decawave DW-8",0.952200,1,12,0xA00E,0xA00E,1,"618832F2F002000100000EA0"
1578,596903100,596956966,597184550,597155060,597170939,597170940,597184550,596954918,597188646,"decoded_payload_last_chip",1,809.674704,809.983385,262,0.000000,-1671.360310,"Decawave DW-8",0.951588,1,12,0x21B1,0x21B1,1,"618833F2F00200010000B121"
1579,597281500,597335436,597563020,597533530,597549409,597549410,597563020,597333388,597567116,"decoded_payload_last_chip",1,810.188037,810.496718,262,0.000000,-1671.803868,"Decawave DW-8",0.951949,1,12,0xBDBF,0xBDBF,1,"618834F2F00200010000BFBD"
1580,597660000,597713906,597941490,597912001,597927879,597927881,597941490,597711858,597945586,"decoded_payload_last_chip",1,810.701370,811.010050,262,-0.000000,-1657.367181,"Decawave DW-8",0.952387,1,12,0x3C00,0x3C00,1,"618835F2F00200010000003C"
1581,598038400,598092377,598319961,598290472,598306350,598306352,598319961,598090329,598324057,"decoded_payload_last_chip",1,811.214704,811.523385,262,-0.000000,-1655.114992,"Decawave DW-8",0.951986,1,12,0xB6D0,0xB6D0,1,"618836F2F00200010000D0B6"
1582,598416900,598470848,598698432,598668942,598684820,598684822,598698432,598468800,598702528,"decoded_payload_last_chip",1,811.728038,812.036719,262,0.000000,-1665.282667,"Decawave DW-8",0.951630,1,12,0x376F,0x376F,1,"618837F2F002000100006F37"
1583,598795300,598849318,599076902,599047412,599063291,599063292,599076902,598847270,599080998,"decoded_payload_last_chip",1,812.241371,812.550052,262,0.000000,-1664.864595,"Decawave DW-8",0.951771,1,12,0x86DD,0x86DD,1,"618838F2F00200010000DD86"
1584,599173800,599227788,599455372,599425883,599441761,599441763,599455372,599225740,599459468,"decoded_payload_last_chip",1,812.754704,813.063384,262,0.000000,-1650.222136,"Decawave DW-8",0.952170,1,12,0x0762,0x0762,1,"618839F2F002000100006207"
1585,599552400,599606259,599833843,599804353,599820232,599820233,599833843,599604211,599837939,"decoded_payload_last_chip",1,813.268038,813.576718,262,0.000000,-1672.433031,"Decawave DW-8",0.951499,1,12,0x8DB2,0x8DB2,1,"61883AF2F00200010000B28D"
1586,599930900,599984729,600212314,600182824,600198702,600198704,600212314,599982681,600216410,"decoded_payload_last_chip",1,813.781371,814.090053,262,0.000000,-1658.378890,"Decawave DW-8",0.952085,1,12,0x0C0D,0x0C0D,1,"61883BF2F002000100000D0C"
1587,600309200,600363200,600590784,600561295,600577173,600577174,600590784,600361152,600594880,"decoded_payload_last_chip",1,814.294705,814.603385,262,0.000000,-1696.933138,"Decawave DW-8",0.951430,1,12,0x9003,0x9003,1,"61883CF2F002000100000390"
1588,600687700,600741670,600969255,600939765,600955643,600955645,600969255,600739622,600973351,"decoded_payload_last_chip",1,814.808038,815.116720,262,0.000000,-1679.221118,"Decawave DW-8",0.952064,1,12,0x11BC,0x11BC,1,"61883DF2F00200010000BC11"
1589,601066200,601120141,601347725,601318235,601334114,601334115,601347725,601118093,601351821,"decoded_payload_last_chip",1,815.321372,815.630052,262,0.000000,-1656.347701,"Decawave DW-8",0.951896,1,12,0x9B6C,0x9B6C,1,"61883EF2F002000100006C9B"
1590,601444800,601498612,601726196,601696706,601712585,601712586,601726196,601496564,601730292,"decoded_payload_last_chip",1,815.834706,816.143387,262,0.000000,-1673.061504,"Decawave DW-8",0.951628,1,12,0x1AD3,0x1AD3,1,"61883FF2F00200010000D31A"
1591,601823100,601877082,602104667,602075177,602091056,602091057,602104667,601875034,602108763,"decoded_payload_last_chip",1,816.348039,816.656721,262,5.568454,-1983.233950,"Decawave DW-8",0.946889,1,12,0x2318,0x2318,1,"618840F2F002000100001823"
1592,602201700,602255552,602483137,602453647,602469525,602469527,602483137,602253504,602487233,"decoded_payload_last_chip",1,816.861372,817.170053,262,0.000000,-1691.407331,"Decawave DW-8",0.951818,1,12,0xA2A7,0xA2A7,1,"618841F2F00200010000A7A2"
1593,602580100,602634023,602861607,602832118,602847996,602847998,602861607,602631975,602865703,"decoded_payload_last_chip",1,817.374706,817.683386,262,0.000000,-1688.202320,"Decawave DW-8",0.952286,1,12,0x2877,0x2877,1,"618842F2F002000100007728"
1594,602958500,603012493,603240078,603210588,603226466,603226468,603240078,603010445,603244174,"decoded_payload_last_chip",1,817.888038,818.196720,262,0.000000,-1684.652455,"Decawave DW-8",0.951767,1,12,0xA9C8,0xA9C8,1,"618843F2F00200010000C8A9"
1595,603337000,603390964,603618548,603589058,603604937,603604938,603618548,603388916,603622644,"decoded_payload_last_chip",1,818.401373,818.710053,262,0.000000,-1640.765473,"Decawave DW-8",0.952519,1,12,0x35C6,0x35C6,1,"618844F2F00200010000C635"
1596,603715600,603769435,603997019,603967529,603983408,603983409,603997019,603767387,604001115,"decoded_payload_last_chip",1,818.914707,819.223387,262,0.000000,-1667.845585,"Decawave DW-8",0.950703,1,12,0xB479,0xB479,1,"618845F2F0020001000079B4"
1597,604094000,604147905,604375489,604345999,604361878,604361879,604375489,604145857,604379585,"decoded_payload_last_chip",1,819.428040,819.736720,262,0.000000,-1667.016942,"Decawave DW-8",0.952333,1,12,0x3EA9,0x3EA9,1,"618846F2F00200010000A93E"
1598,604472400,604526376,604753960,604724470,604740349,604740350,604753960,604524328,604758056,"decoded_payload_last_chip",1,819.941374,820.250054,262,-0.000000,-1645.333454,"Decawave DW-8",0.951442,1,12,0xBF16,0xBF16,1,"618847F2F0020001000016BF"
1599,604850900,604904846,605132430,605102941,605118819,605118820,605132430,604902798,605136526,"decoded_payload_last_chip",1,820.454706,820.763387,262,0.000000,-1656.250545,"Decawave DW-8",0.951637,1,12,0x0EA4,0x0EA4,1,"618848F2F00200010000A40E"
1600,605229400,605283317,605510901,605481411,605497289,605497291,605510901,605281269,605514997,"decoded_payload_last_chip",1,820.968041,821.276721,262,0.000000,-1689.356669,"Decawave DW-8",0.952020,1,12,0x8F1B,0x8F1B,1,"618849F2F002000100001B8F"
1601,605607800,605661787,605889371,605859881,605875760,605875761,605889371,605659739,605893467,"decoded_payload_last_chip",1,821.481373,821.790054,262,0.000000,-1664.424527,"Decawave DW-8",0.952176,1,12,0x05CB,0x05CB,1,"61884AF2F00200010000CB05"
1602,605986300,606040257,606267841,606238352,606254230,606254232,606267841,606038209,606271937,"decoded_payload_last_chip",1,821.994706,822.303387,262,0.000000,-1680.226207,"Decawave DW-8",0.952087,1,12,0x8474,0x8474,1,"61884BF2F002000100007484"
1603,606364900,606418728,606646312,606616822,606632701,606632702,606646312,606416680,606650408,"decoded_payload_last_chip",1,822.508040,822.816721,262,0.000000,-1684.290295,"Decawave DW-8",0.951661,1,12,0x187A,0x187A,1,"61884CF2F002000100007A18"
1604,606743200,606797199,607024783,606995293,607011171,607011173,607024783,606795151,607028879,"decoded_payload_last_chip",1,823.021375,823.330055,262,0.000000,-1679.803416,"Decawave DW-8",0.952031,1,12,0x99C5,0x99C5,1,"61884DF2F00200010000C599"
1605,607121700,607175669,607403253,607373764,607389642,607389643,607403253,607173621,607407349,"decoded_payload_last_chip",1,823.534707,823.843388,262,0.000000,-1680.980704,"Decawave DW-8",0.951914,1,12,0x1315,0x1315,1,"61884EF2F002000100001513"
1606,607500200,607554139,607781724,607752234,607768112,607768114,607781724,607552091,607785820,"decoded_payload_last_chip",1,824.048040,824.356722,262,0.000000,-1671.152207,"Decawave DW-8",0.951779,1,12,0x92AA,0x92AA,1,"61884FF2F00200010000AA92"
1607,607878800,607932610,608160194,608130705,608146583,608146585,608160194,607930562,608164290,"decoded_payload_last_chip",1,824.561374,824.870055,262,0.000000,-1687.087032,"Decawave DW-8",0.951889,1,12,0x7860,0x7860,1,"618850F2F002000100006078"
1608,608257100,608311080,608538664,608509175,608525053,608525054,608538664,608309032,608542760,"decoded_payload_last_chip",1,825.074707,825.383388,262,0.000000,-1689.198034,"Decawave DW-8",0.951856,1,12,0xF9DF,0xF9DF,1,"618851F2F00200010000DFF9"
1609,608635600,608689551,608917136,608887646,608903525,608903526,608917136,608687503,608921232,"decoded_payload_last_chip",1,825.588041,825.896723,262,5.092321,-1915.229313,"Decawave DW-8",0.948653,1,12,0x730F,0x730F,1,"618852F2F002000100000F73"
1610,609014100,609068022,609295606,609266116,609281995,609281996,609295606,609065974,609299702,"decoded_payload_last_chip",1,826.101375,826.410056,262,0.077823,-1637.511612,"Decawave DW-8",0.952218,1,12,0xF2B0,0xF2B0,1,"618853F2F00200010000B0F2"
1611,609392500,609446492,609674076,609644586,609660465,609660466,609674076,609444444,609678172,"decoded_payload_last_chip",1,826.614708,826.923389,262,0.000000,-1660.208516,"Decawave DW-8",0.951704,1,12,0x6EBE,0x6EBE,1,"618854F2F00200010000BE6E"
1612,609771000,609824962,610052547,610023057,610038935,610038937,610052547,609822914,610056643,"decoded_payload_last_chip",1,827.128041,827.436723,262,0.000000,-1668.465622,"Decawave DW-8",0.952067,1,12,0xEF01,0xEF01,1,"618855F2F0020001000001EF"
1613,610149500,610203433,610431017,610401527,610417406,610417407,610431017,610201385,610435113,"decoded_payload_last_chip",1,827.641375,827.950056,262,0.000000,-1643.335555,"Decawave DW-8",0.951975,1,12,0x65D1,0x65D1,1,"618856F2F00200010000D165"
1614,610528100,610581904,610809488,610779998,610795876,610795878,610809488,610579856,610813584,"decoded_payload_last_chip",1,828.154709,828.463390,262,0.000000,-1658.991877,"Decawave DW-8",0.952095,1,12,0xE46E,0xE46E,1,"618857F2F002000100006EE4"
1615,610906400,610960374,611187958,611158469,611174347,611174349,611187958,610958326,611192054,"decoded_payload_last_chip",1,828.668042,828.976723,262,0.000000,-1681.817910,"Decawave DW-8",0.951910,1,12,0x55DC,0x55DC,1,"618858F2F00200010000DC55"
1616,611284900,611338845,611566429,611536939,611552818,611552819,611566429,611336797,611570525,"decoded_payload_last_chip",1,829.181376,829.490057,262,0.000000,-1663.988637,"Decawave DW-8",0.951227,1,12,0xD463,0xD463,1,"618859F2F0020001000063D4"
1617,611663400,611717315,611944899,611915410,611931288,611931289,611944899,611715267,611948995,"decoded_payload_last_chip",1,829.694709,830.003389,262,0.000000,-1677.114108,"Decawave DW-8",0.952050,1,12,0x5EB3,0x5EB3,1,"61885AF2F00200010000B35E"
1618,612041800,612095785,612323369,612293880,612309758,612309760,612323369,612093737,612327465,"decoded_payload_last_chip",1,830.208042,830.516722,262,0.000000,-1692.484300,"Decawave DW-8",0.951610,1,12,0xDF0C,0xDF0C,1,"61885BF2F002000100000CDF"
1619,612420300,612474256,612701840,612672350,612688229,612688230,612701840,612472208,612705936,"decoded_payload_last_chip",1,830.721376,831.030056,262,0.000000,-1663.643046,"Decawave DW-8",0.952146,1,12,0x4302,0x4302,1,"61885CF2F002000100000243"
1620,612798900,612852726,613080311,613050821,613066699,613066701,613080311,612850678,613084407,"decoded_payload_last_chip",1,831.234709,831.543391,262,0.000000,-1677.561253,"Decawave DW-8",0.951307,1,12,0xC2BD,0xC2BD,1,"61885DF2F00200010000BDC2"
1621,613177200,613231197,613458781,613429292,613445170,613445171,613458781,613229149,613462877,"decoded_payload_last_chip",1,831.748043,832.056723,262,0.000000,-1683.440558,"Decawave DW-8",0.952308,1,12,0x486D,0x486D,1,"61885EF2F002000100006D48"
1622,613555900,613609667,613837252,613807762,613823640,613823642,613837252,613607619,613841348,"decoded_payload_last_chip",1,832.261376,832.570058,262,0.000000,-1683.732348,"Decawave DW-8",0.951763,1,12,0xC9D2,0xC9D2,1,"61885FF2F00200010000D2C9"
1623,613934200,613988138,614215722,614186232,614202111,614202112,614215722,613986090,614219818,"decoded_payload_last_chip",1,832.774710,833.083390,262,0.000000,-1670.292604,"Decawave DW-8",0.952228,1,12,0x95E8,0x95E8,1,"618860F2F00200010000E895"
1624,614312700,614366608,614594193,614564703,614580581,614580583,614594193,614364560,614598289,"decoded_payload_last_chip",1,833.288043,833.596724,262,0.000000,-1669.196295,"Decawave DW-8",0.951418,1,12,0x1457,0x1457,1,"618861F2F002000100005714"
1625,614691100,614745079,614972663,614943173,614959052,614959053,614972663,614743031,614976759,"decoded_payload_last_chip",1,833.801377,834.110057,262,0.000000,-1676.409179,"Decawave DW-8",0.952036,1,12,0x9E87,0x9E87,1,"618862F2F00200010000879E"
1626,615069800,615123550,615351134,615321644,615337523,615337524,615351134,615121502,615355230,"decoded_payload_last_chip",1,834.314711,834.623391,262,0.000000,-1657.376007,"Decawave DW-8",0.951033,1,12,0x1F38,0x1F38,1,"618863F2F00200010000381F"
1627,615448100,615502020,615729604,615700115,615715993,615715994,615729604,615499972,615733700,"decoded_payload_last_chip",1,834.828044,835.136724,262,2.745151,-1804.467237,"Decawave DW-8",0.953484,1,12,0x8336,0x8336,1,"618864F2F002000100003683"
1628,615826500,615880490,616108075,616078585,616094463,616094465,616108075,615878442,616112171,"decoded_payload_last_chip",1,835.341376,835.650058,262,0.000000,-1672.319472,"Decawave DW-8",0.951733,1,12,0x0289,0x0289,1,"618865F2F002000100008902"
1629,616205000,616258961,616486545,616457055,616472934,616472935,616486545,616256913,616490641,"decoded_payload_last_chip",1,835.854711,836.163391,262,0.000000,-1685.560211,"Decawave DW-8",0.951956,1,12,0x8859,0x8859,1,"618866F2F002000100005988"
1630,616583600,616637432,616865016,616835526,616851405,616851406,616865016,616635384,616869112,"decoded_payload_last_chip",1,836.368045,836.676725,262,0.000000,-1680.984081,"Decawave DW-8",0.951627,1,12,0x09E6,0x09E6,1,"618867F2F00200010000E609"
1631,616962200,617015902,617243486,617213996,617229875,617229876,617243486,617013854,617247582,"decoded_payload_last_chip",1,836.881377,837.190058,262,0.000000,-1667.922626,"Decawave DW-8",0.951429,1,12,0xB854,0xB854,1,"618868F2F0020001000054B8"
1632,617340400,617394373,617621957,617592467,617608346,617608347,617621957,617392325,617626053,"decoded_payload_last_chip",1,837.394712,837.703392,262,0.000000,-1661.863443,"Decawave DW-8",0.952182,1,12,0x39EB,0x39EB,1,"618869F2F00200010000EB39"
1633,617719100,617772843,618000427,617970938,617986816,617986817,618000427,617770795,618004523,"decoded_payload_last_chip",1,837.908044,838.216725,262,0.000000,-1672.272172,"Decawave DW-8",0.952090,1,12,0xB33B,0xB33B,1,"61886AF2F002000100003BB3"
1634,618097500,618151313,618378897,618349408,618365286,618365288,618378897,618149265,618382993,"decoded_payload_last_chip",1,838.421377,838.730058,262,0.000000,-1685.869674,"Decawave DW-8",0.952159,1,12,0x3284,0x3284,1,"61886BF2F002000100008432"
1635,618475800,618529784,618757368,618727878,618743757,618743758,618757368,618527736,618761464,"decoded_payload_last_chip",1,838.934711,839.243392,262,0.000000,-1687.666244,"Decawave DW-8",0.951808,1,12,0xAE8A,0xAE8A,1,"61886CF2F002000100008AAE"
1636,618854300,618908254,619135838,619106349,619122227,619122229,619135838,618906206,619139934,"decoded_payload_last_chip",1,839.448044,839.756725,262,0.000000,-1684.410542,"Decawave DW-8",0.951804,1,12,0x2F35,0x2F35,1,"61886DF2F00200010000352F"
1637,619232800,619286725,619514309,619484819,619500698,619500699,619514309,619284677,619518405,"decoded_payload_last_chip",1,839.961378,840.270059,262,0.000000,-1668.939354,"Decawave DW-8",0.952147,1,12,0xA5E5,0xA5E5,1,"61886EF2F00200010000E5A5"
1638,619611200,619665196,619892780,619863290,619879168,619879170,619892780,619663148,619896876,"decoded_payload_last_chip",1,840.474712,840.783393,262,0.000000,-1690.166089,"Decawave DW-8",0.951595,1,12,0x245A,0x245A,1,"61886FF2F002000100005A24"
1639,619989800,620043666,620271250,620241760,620257639,620257640,620271250,620041618,620275346,"decoded_payload_last_chip",1,840.988045,841.296726,262,0.000000,-1691.525122,"Decawave DW-8",0.951649,1,12,0xCE90,0xCE90,1,"618870F2F0020001000090CE"
1640,620368200,620422136,620649721,620620231,620636109,620636111,620649721,620420088,620653817,"decoded_payload_last_chip",1,841.501378,841.810060,262,0.000000,-1684.750868,"Decawave DW-8",0.952173,1,12,0x4F2F,0x4F2F,1,"618871F2F002000100002F4F"
1641,620745600,620800607,621028191,620998701,621014579,621014581,621028191,620798559,621032287,"decoded_payload_last_chip",1,842.014712,842.323393,262,0.000000,-1681.351513,"Decawave DW-8",0.952090,1,12,0xC5FF,0xC5FF,1,"618872F2F00200010000FFC5"
1642,621125100,621179077,621406661,621377172,621393050,621393052,621406661,621177029,621410757,"decoded_payload_last_chip",1,842.528045,842.836726,262,-0.000000,-1686.429855,"Decawave DW-8",0.951796,1,12,0x4440,0x4440,1,"618873F2F002000100004044"
1643,621503600,621557548,621785132,621755642,621771520,621771522,621785132,621555500,621789228,"decoded_payload_last_chip",1,843.041379,843.350060,262,0.000000,-1667.519458,"Decawave DW-8",0.952270,1,12,0xD84E,0xD84E,1,"618874F2F002000100004ED8"
1644,621882100,621936018,622163602,622134113,622149991,622149992,622163602,621933970,622167698,"decoded_payload_last_chip",1,843.554712,843.863392,262,-0.000000,-1705.581770,"Decawave DW-8",0.951821,1,12,0x59F1,0x59F1,1,"618875F2F00200010000F159"
1645,622260500,622314489,622542073,622512583,622528462,622528463,622542073,622312441,622546169,"decoded_payload_last_chip",1,844.068046,844.376727,262,0.000000,-1688.019237,"Decawave DW-8",0.952572,1,12,0xD321,0xD321,1,"618876F2F0020001000021D3"
1646,622639000,622692959,622920544,622891054,622906932,622906934,622920544,622690911,622924640,"decoded_payload_last_chip",1,844.581379,844.890061,262,0.000000,-1685.476982,"Decawave DW-8",0.950724,1,12,0x529E,0x529E,1,"618877F2F002000100009E52"
1647,623017500,623071430,623299014,623269524,623285403,623285404,623299014,623069382,623303110,"decoded_payload_last_chip",1,845.094713,845.403394,262,-0.000000,-1690.329343,"Decawave DW-8",0.951466,1,12,0xE32C,0xE32C,1,"618878F2F002000100002CE3"
1648,623393800,623449900,623677484,623647995,623663873,623663875,623677484,623447852,623681580,"decoded_payload_last_chip",1,845.608046,845.916726,262,0.000000,-1691.294109,"Decawave DW-8",0.951845,1,12,0x6293,0x6293,1,"618879F2F002000100009362"
1649,623774400,623828370,624055956,624026466,624042345,624042346,624055956,623826322,624060052,"decoded_payload_last_chip",1,846.121379,846.430062,262,5.424301,-1957.072205,"Decawave DW-8",0.949175,1,12,0xE843,0xE843,1,"61887AF2F0020001000043E8"
1650,624152900,624206842,624434426,624404936,624420815,624420816,624434426,624204794,624438522,"decoded_payload_last_chip",1,846.634714,846.943395,262,0.000000,-1692.766430,"Decawave DW-8",0.952089,1,12,0x69FC,0x69FC,1,"61887BF2F00200010000FC69"
1651,624531500,624585312,624812896,624783406,624799285,624799286,624812896,624583264,624816992,"decoded_payload_last_chip",1,847.148047,847.456727,262,0.000000,-1686.297084,"Decawave DW-8",0.951432,1,12,0xF5F2,0xF5F2,1,"61887CF2F00200010000F2F5"
1652,624909800,624963782,625191367,625161877,625177755,625177757,625191367,624961734,625195463,"decoded_payload_last_chip",1,847.661380,847.970062,262,0.000000,-1679.782755,"Decawave DW-8",0.951988,1,12,0x744D,0x744D,1,"61887DF2F002000100004D74"
1653,625288300,625342253,625569837,625540347,625556226,625556227,625569837,625340205,625573933,"decoded_payload_last_chip",1,848.174714,848.483394,262,0.000000,-1665.348724,"Decawave DW-8",0.951641,1,12,0xFE9D,0xFE9D,1,"61887EF2F002000100009DFE"
1654,625666800,625720723,625948307,625918818,625934696,625934698,625948307,625718675,625952403,"decoded_payload_last_chip",1,848.688047,848.996727,262,0.000000,-1681.023985,"Decawave DW-8",0.951539,1,12,0x7F22,0x7F22,1,"61887FF2F00200010000227F"
1655,626045000,626099193,626326778,626297288,626313167,626313168,626326778,626097145,626330874,"decoded_payload_last_chip",1,849.201379,849.510061,262,0.652138,-1699.962485,"Decawave DW-8",0.956105,1,12,0x8D0B,0x8D0B,1,"618880F2F002000100000B8D"
1656,626423700,626477665,626705249,626675759,626691637,626691639,626705249,626475617,626709345,"decoded_payload_last_chip",1,849.714715,850.023395,262,0.000000,-1680.487956,"Decawave DW-8",0.951452,1,12,0x0CB4,0x0CB4,1,"618881F2F00200010000B40C"
1657,626802200,626856135,627083719,627054230,627070108,627070109,627083719,626854087,627087815,"decoded_payload_last_chip",1,850.228048,850.536728,262,0.000000,-1702.259170,"Decawave DW-8",0.952062,1,12,0x8664,0x8664,1,"618882F2F002000100006486"
1658,627180700,627234605,627462190,627432700,627448578,627448580,627462190,627232557,627466286,"decoded_payload_last_chip",1,850.741380,851.050062,262,0.000000,-1663.172600,"Decawave DW-8",0.952243,1,12,0x07DB,0x07DB,1,"618883F2F00200010000DB07"
1659,627559100,627613076,627840660,627811170,627827049,627827050,627840660,627611028,627844756,"decoded_payload_last_chip",1,851.254715,851.563395,262,0.000000,-1678.462331,"Decawave DW-8",0.951096,1,12,0x9BD5,0x9BD5,1,"618884F2F00200010000D59B"
1660,627937600,627991546,628219130,628189641,628205519,628205520,628219130,627989498,628223226,"decoded_payload_last_chip",1,851.768047,852.076728,262,0.000000,-1662.278321,"Decawave DW-8",0.951743,1,12,0x1A6A,0x1A6A,1,"618885F2F002000100006A1A"
1661,628316200,628370017,628597601,628568111,628583990,628583991,628597601,628367969,628601697,"decoded_payload_last_chip",1,852.281382,852.590062,262,0.000000,-1635.376952,"Decawave DW-8",0.951935,1,12,0x90BA,0x90BA,1,"618886F2F00200010000BA90"
1662,628694600,628748487,628976071,628946582,628962460,628962461,628976071,628746439,628980167,"decoded_payload_last_chip",1,852.794714,853.103395,262,0.000000,-1704.454866,"Decawave DW-8",0.951725,1,12,0x1105,0x1105,1,"618887F2F002000100000511"
1663,629073000,629126958,629354542,629325052,629340931,629340932,629354542,629124910,629358638,"decoded_payload_last_chip",1,853.308049,853.616729,262,0.000000,-1674.756146,"Decawave DW-8",0.951746,1,12,0xA0B7,0xA0B7,1,"618888F2F00200010000B7A0"
1664,629451684,629505428,629733013,629703523,629719401,629719403,629733013,629503380,629737109,"decoded_payload_last_chip",1,853.821381,854.130063,262,0.000000,-1695.798761,"Decawave DW-8",0.951780,1,12,0x2108,0x2108,1,"618889F2F002000100000821"
1665,629829900,629883899,630111483,630081993,630097871,630097873,630111483,629881851,630115579,"decoded_payload_last_chip",1,854.334715,854.643396,262,0.000000,-1710.016966,"Decawave DW-8",0.951379,1,12,0xABD8,0xABD8,1,"61888AF2F00200010000D8AB"
1666,630208400,630262369,630489953,630460464,630476342,630476343,630489953,630260321,630494049,"decoded_payload_last_chip",1,854.848048,855.156729,262,0.000000,-1673.701601,"Decawave DW-8",0.951676,1,12,0x2A67,0x2A67,1,"61888BF2F00200010000672A"
1667,630586900,630640839,630868425,630838935,630854813,630854815,630868425,630638791,630872521,"decoded_payload_last_chip",1,855.361381,855.670064,262,4.486483,-1883.330667,"Decawave DW-8",0.952854,1,12,0xB669,0xB669,1,"61888CF2F0020001000069B6"
1668,630965500,631019310,631246894,631217405,631233283,631233285,631246894,631017262,631250990,"decoded_payload_last_chip",1,855.874715,856.183396,262,0.000000,-1669.992360,"Decawave DW-8",0.951940,1,12,0x37D6,0x37D6,1,"61888DF2F00200010000D637"
1669,631343700,631397780,631625365,631595875,631611753,631611755,631625365,631395732,631629461,"decoded_payload_last_chip",1,856.388048,856.696730,262,0.000000,-1655.601919,"Decawave DW-8",0.951586,1,12,0xBD06,0xBD06,1,"61888EF2F0020001000006BD"
1670,631722300,631776251,632003836,631974346,631990224,631990226,632003836,631774203,632007932,"decoded_payload_last_chip",1,856.901382,857.210064,262,0.000000,-1683.911341,"Decawave DW-8",0.951604,1,12,0x3CB9,0x3CB9,1,"61888FF2F00200010000B93C"
1671,632100800,632154722,632382306,632352816,632368695,632368696,632382306,632152674,632386402,"decoded_payload_last_chip",1,857.414716,857.723397,262,0.000000,-1718.223159,"Decawave DW-8",0.952194,1,12,0xD673,0xD673,1,"618890F2F0020001000073D6"
1672,632479200,632533193,632760777,632731287,632747166,632747167,632760777,632531145,632764873,"decoded_payload_last_chip",1,857.928050,858.236731,262,0.000000,-1672.946413,"Decawave DW-8",0.951440,1,12,0x57CC,0x57CC,1,"618891F2F00200010000CC57"
1673,632857700,632911663,633139247,633109758,633125636,633125637,633139247,632909615,633143343,"decoded_payload_last_chip",1,858.441383,858.750064,262,0.000000,-1683.782337,"Decawave DW-8",0.951540,1,12,0xDD1C,0xDD1C,1,"618892F2F002000100001CDD"
1674,633236200,633290134,633517718,633488228,633504106,633504108,633517718,633288086,633521814,"decoded_payload_last_chip",1,858.954717,859.263398,262,0.000000,-1669.481301,"Decawave DW-8",0.951223,1,12,0x5CA3,0x5CA3,1,"618893F2F00200010000A35C"
1675,633614700,633668604,633896188,633866699,633882577,633882578,633896188,633666556,633900284,"decoded_payload_last_chip",1,859.468050,859.776731,262,0.000000,-1684.068446,"Decawave DW-8",0.951737,1,12,0xC0AD,0xC0AD,1,"618894F2F00200010000ADC0"
1676,633993100,634047074,634274658,634245169,634261047,634261049,634274658,634045026,634278754,"decoded_payload_last_chip",1,859.981383,860.290063,262,0.000000,-1680.569796,"Decawave DW-8",0.951380,1,12,0x4112,0x4112,1,"618895F2F002000100001241"
1677,634371800,634425544,634653129,634623639,634639517,634639519,634653129,634423496,634657225,"decoded_payload_last_chip",1,860.494716,860.803398,262,0.000000,-1713.412329,"Decawave DW-8",0.951952,1,12,0xCBC2,0xCBC2,1,"618896F2F00200010000C2CB"
1678,634750100,634804015,635031599,635002110,635017988,635017989,635031599,634801967,635035695,"decoded_payload_last_chip",1,861.008050,861.316730,262,0.000000,-1673.895811,"Decawave DW-8",0.952042,1,12,0x4A7D,0x4A7D,1,"618897F2F002000100007D4A"
1679,635128500,635182486,635410070,635380580,635396459,635396460,635410070,635180438,635414166,"decoded_payload_last_chip",1,861.521384,861.830065,262,0.000000,-1678.443421,"Decawave DW-8",0.950879,1,12,0xFBCF,0xFBCF,1,"618898F2F00200010000CFFB"
1680,635507000,635560956,635788541,635759051,635774929,635774931,635788541,635558908,635792637,"decoded_payload_last_chip",1,862.034717,862.343399,262,-0.000000,-1676.029097,"Decawave DW-8",0.951570,1,12,0x7A70,0x7A70,1,"618899F2F00200010000707A"
1681,635885500,635939427,636167011,636137521,636153400,636153401,636167011,635937379,636171107,"decoded_payload_last_chip",1,862.548051,862.856731,262,0.000000,-1683.275745,"Decawave DW-8",0.951183,1,12,0xF0A0,0xF0A0,1,"61889AF2F00200010000A0F0"
1682,636263900,636317897,636545481,636515992,636531870,636531871,636545481,636315849,636549577,"decoded_payload_last_chip",1,863.061384,863.370064,262,0.000000,-1707.999755,"Decawave DW-8",0.952128,1,12,0x711F,0x711F,1,"61889BF2F002000100001F71"
1683,636642400,636696368,636923952,636894462,636910340,636910342,636923952,636694320,636928048,"decoded_payload_last_chip",1,863.574718,863.883398,262,0.000000,-1684.265655,"Decawave DW-8",0.951723,1,12,0xED11,0xED11,1,"61889CF2F0020001000011ED"
1684,637020900,637074838,637302422,637272932,637288811,637288812,637302422,637072790,637306518,"decoded_payload_last_chip",1,864.088051,864.396731,262,0.000000,-1673.791979,"Decawave DW-8",0.951114,1,12,0x6CAE,0x6CAE,1,"61889DF2F00200010000AE6C"
1685,637399400,637453309,637680894,637651404,637667282,637667284,637680894,637451261,637684990,"decoded_payload_last_chip",1,864.601385,864.910067,262,1.766288,-1744.870526,"Decawave DW-8",0.952905,1,12,0xE67E,0xE67E,1,"61889EF2F002000100007EE6"
1686,637773100,637831779,638059364,638029874,638045752,638045754,638059364,637829731,638063460,"decoded_payload_last_chip",1,865.114718,865.423400,262,2.809840,-1766.569794,"Decawave DW-8",0.954441,1,12,0x67C1,0x67C1,1,"61889FF2F00200010000C167"
1687,638156300,638210250,638437834,638408344,638424223,638424224,638437834,638208202,638441930,"decoded_payload_last_chip",1,865.628052,865.936732,262,0.000000,-1691.667720,"Decawave DW-8",0.951395,1,12,0x3BFB,0x3BFB,1,"6188A0F2F00200010000FB3B"
1688,638534800,638588720,638816304,638786815,638802693,638802695,638816304,638586672,638820400,"decoded_payload_last_chip",1,866.141385,866.450065,262,0.000000,-1658.550171,"Decawave DW-8",0.952397,1,12,0xBA44,0xBA44,1,"6188A1F2F0020001000044BA"
1689,638913200,638967190,639194776,639165286,639181164,639181166,639194776,638965142,639198872,"decoded_payload_last_chip",1,866.654717,866.963401,262,5.238116,-1923.381985,"Decawave DW-8",0.949448,1,12,0x3094,0x3094,1,"6188A2F2F002000100009430"
1690,639284700,639345661,639573246,639543756,639559634,639559636,639573246,639343613,639577342,"decoded_payload_last_chip",1,867.168051,867.476733,262,0.000000,-1664.531949,"Decawave DW-8",0.951580,1,12,0xB12B,0xB12B,1,"6188A3F2F002000100002BB1"
1691,639670300,639724132,639951716,639922226,639938105,639938106,639951716,639722084,639955812,"decoded_payload_last_chip",1,867.681386,867.990066,262,0.000000,-1667.812268,"Decawave DW-8",0.952711,1,12,0x2D25,0x2D25,1,"6188A4F2F00200010000252D"
1692,640048700,640102603,640330187,640300697,640316575,640316577,640330187,640100555,640334283,"decoded_payload_last_chip",1,868.194720,868.503400,262,0.000000,-1665.858100,"Decawave DW-8",0.951434,1,12,0xAC9A,0xAC9A,1,"6188A5F2F002000100009AAC"
1693,640427100,640481073,640708657,640679167,640695046,640695047,640708657,640479025,640712753,"decoded_payload_last_chip",1,868.708053,869.016733,262,0.000000,-1699.059242,"Decawave DW-8",0.951419,1,12,0x264A,0x264A,1,"6188A6F2F002000100004A26"
1694,640805700,640859543,641087128,641057638,641073516,641073518,641087128,640857495,641091224,"decoded_payload_last_chip",1,869.221385,869.530067,262,0.000000,-1664.603310,"Decawave DW-8",0.951922,1,12,0xA7F5,0xA7F5,1,"6188A7F2F00200010000F5A7"
1695,641184200,641238014,641465598,641436108,641451987,641451988,641465598,641235966,641469694,"decoded_payload_last_chip",1,869.734720,870.043400,262,0.000000,-1687.084390,"Decawave DW-8",0.951834,1,12,0x1647,0x1647,1,"6188A8F2F002000100004716"
1696,641562500,641616484,641844069,641814579,641830457,641830459,641844069,641614436,641848165,"decoded_payload_last_chip",1,870.248052,870.556734,262,0.000000,-1666.002316,"Decawave DW-8",0.951754,1,12,0x97F8,0x97F8,1,"6188A9F2F00200010000F897"
1697,641941000,641994955,642222539,642193049,642208928,642208929,642222539,641992907,642226635,"decoded_payload_last_chip",1,870.761386,871.070067,262,0.000000,-1689.059064,"Decawave DW-8",0.951361,1,12,0x1D28,0x1D28,1,"6188AAF2F00200010000281D"
1698,642319600,642373425,642601009,642571520,642587398,642587399,642601009,642371377,642605105,"decoded_payload_last_chip",1,871.274719,871.583400,262,0.000000,-1678.975266,"Decawave DW-8",0.952026,1,12,0x9C97,0x9C97,1,"6188ABF2F00200010000979C"
1699,642697900,642751896,642979480,642949990,642965868,642965870,642979480,642749848,642983576,"decoded_payload_last_chip",1,871.788053,872.096734,262,0.000000,-1673.680250,"Decawave DW-8",0.951232,1,12,0x0099,0x0099,1,"6188ACF2F002000100009900"
1700,643076700,643130366,643357950,643328461,643344339,643344341,643357950,643128318,643362046,"decoded_payload_last_chip",1,872.301386,872.610067,262,0.000000,-1696.531160,"Decawave DW-8",0.952256,1,12,0x8126,0x8126,1,"6188ADF2F002000100002681"
1701,643454900,643508836,643736421,643706931,643722809,643722811,643736421,643506788,643740517,"decoded_payload_last_chip",1,872.814719,873.123401,262,0.000000,-1685.219596,"Decawave DW-8",0.952099,1,12,0x0BF6,0x0BF6,1,"6188AEF2F00200010000F60B"
1702,643833400,643887307,644114891,644085401,644101280,644101281,644114891,643885259,644118987,"decoded_payload_last_chip",1,873.328053,873.636734,262,0.000000,-1680.367255,"Decawave DW-8",0.952162,1,12,0x8A49,0x8A49,1,"6188AFF2F00200010000498A"
1703,644211800,644265778,644493362,644463872,644479751,644479752,644493362,644263730,644497458,"decoded_payload_last_chip",1,873.841387,874.150068,262,0.000000,-1681.266575,"Decawave DW-8",0.952239,1,12,0x6083,0x6083,1,"6188B0F2F002000100008360"
1704,644590300,644644248,644871833,644842343,644858221,644858223,644871833,644642200,644875929,"decoded_payload_last_chip",1,874.354720,874.663402,262,0.000000,-1691.791910,"Decawave DW-8",0.951804,1,12,0xE13C,0xE13C,1,"6188B1F2F002000100003CE1"
1705,644968800,645022719,645250303,645220813,645236692,645236693,645250303,645020671,645254399,"decoded_payload_last_chip",1,874.868054,875.176735,262,0.000000,-1664.891234,"Decawave DW-8",0.951615,1,12,0x6BEC,0x6BEC,1,"6188B2F2F00200010000EC6B"
1706,645347200,645401189,645628773,645599283,645615162,645615163,645628773,645399141,645632869,"decoded_payload_last_chip",1,875.381387,875.690068,262,0.000000,-1670.011962,"Decawave DW-8",0.952131,1,12,0xEA53,0xEA53,1,"6188B3F2F0020001000053EA"
1707,645725700,645779659,646007245,645977755,645993633,645993635,646007245,645777611,646011341,"decoded_payload_last_chip",1,875.894720,876.203403,262,5.388180,-1954.939007,"Decawave DW-8",0.948995,1,12,0x765D,0x765D,1,"6188B4F2F002000100005D76"
1708,646098000,646158130,646385714,646356224,646372103,646372104,646385714,646156082,646389810,"decoded_payload_last_chip",1,876.408054,876.716734,262,0.000000,-1686.367456,"Decawave DW-8",0.951542,1,12,0xF7E2,0xF7E2,1,"6188B5F2F00200010000E2F7"
1709,646482600,646536601,646764185,646734695,646750574,646750575,646764185,646534553,646768281,"decoded_payload_last_chip",1,876.921388,877.230069,262,0.000000,-1653.313793,"Decawave DW-8",0.951552,1,12,0x7D32,0x7D32,1,"6188B6F2F00200010000327D"
1710,646861100,646915071,647142655,647113166,647129044,647129046,647142655,646913023,647146751,"decoded_payload_last_chip",1,877.434721,877.743401,262,0.000000,-1696.443412,"Decawave DW-8",0.951825,1,12,0xFC8D,0xFC8D,1,"6188B7F2F002000100008DFC"
1711,647239600,647293542,647521126,647491636,647507515,647507516,647521126,647291494,647525222,"decoded_payload_last_chip",1,877.948055,878.256736,262,0.000000,-1689.807750,"Decawave DW-8",0.951837,1,12,0x4D3F,0x4D3F,1,"6188B8F2F002000100003F4D"
1712,647618200,647672012,647899597,647870107,647885985,647885987,647899597,647669964,647903693,"decoded_payload_last_chip",1,878.461388,878.770070,262,0.000000,-1677.315238,"Decawave DW-8",0.951736,1,12,0xCC80,0xCC80,1,"6188B9F2F0020001000080CC"
1713,647996500,648050483,648278067,648248578,648264456,648264457,648278067,648048435,648282163,"decoded_payload_last_chip",1,878.974722,879.283403,262,0.000000,-1662.271995,"Decawave DW-8",0.951730,1,12,0x4650,0x4650,1,"6188BAF2F002000100005046"
1714,648375000,648428953,648656538,648627048,648642926,648642928,648656538,648426905,648660634,"decoded_payload_last_chip",1,879.488055,879.796737,262,0.000000,-1659.649247,"Decawave DW-8",0.951506,1,12,0xC7EF,0xC7EF,1,"6188BBF2F00200010000EFC7"
1715,648753500,648807424,649035008,649005518,649021397,649021398,649035008,648805376,649039104,"decoded_payload_last_chip",1,880.001389,880.310069,262,-0.000000,-1663.854598,"Decawave DW-8",0.951734,1,12,0x5BE1,0x5BE1,1,"6188BCF2F00200010000E15B"
1716,649131900,649185894,649413478,649383989,649399867,649399868,649413478,649183846,649417574,"decoded_payload_last_chip",1,880.514722,880.823402,262,0.000000,-1697.960121,"Decawave DW-8",0.952327,1,12,0xDA5E,0xDA5E,1,"6188BDF2F002000100005EDA"
1717,649510400,649564365,649791949,649762459,649778337,649778339,649791949,649562317,649796045,"decoded_payload_last_chip",1,881.028056,881.336736,262,0.000000,-1679.081147,"Decawave DW-8",0.951618,1,12,0x508E,0x508E,1,"6188BEF2F002000100008E50"
1718,649888900,649942835,650170419,650140930,650156808,650156809,650170419,649940787,650174515,"decoded_payload_last_chip",1,881.541389,881.850069,262,0.000000,-1670.077573,"Decawave DW-8",0.951842,1,12,0xD131,0xD131,1,"6188BFF2F0020001000031D1"
1719,650267400,650321305,650548890,650519400,650535278,650535280,650548890,650319257,650552986,"decoded_payload_last_chip",1,882.054721,882.363403,262,0.000000,-1690.946014,"Decawave DW-8",0.951686,1,12,0xE8FA,0xE8FA,1,"6188C0F2F00200010000FAE8"
1720,650645800,650699776,650927361,650897871,650913749,650913751,650927361,650697728,650931457,"decoded_payload_last_chip",1,882.568056,882.876737,262,0.000000,-1687.414889,"Decawave DW-8",0.952000,1,12,0x6945,0x6945,1,"6188C1F2F002000100004569"
1721,651024300,651078247,651305831,651276341,651292220,651292221,651305831,651076199,651309927,"decoded_payload_last_chip",1,883.081390,883.390070,262,0.000000,-1677.075753,"Decawave DW-8",0.952065,1,12,0xE395,0xE395,1,"6188C2F2F0020001000095E3"
1722,651402800,651456717,651684302,651654812,651670690,651670692,651684302,651454669,651688398,"decoded_payload_last_chip",1,883.594722,883.903404,262,0.000000,-1683.097883,"Decawave DW-8",0.952059,1,12,0x622A,0x622A,1,"6188C3F2F002000100002A62"
1723,651781400,651835188,652062772,652033283,652049161,652049162,652062772,651833140,652066868,"decoded_payload_last_chip",1,884.108057,884.416737,262,0.000000,-1669.269122,"Decawave DW-8",0.951790,1,12,0xFE24,0xFE24,1,"6188C4F2F0020001000024FE"
1724,652159700,652213658,652441242,652411752,652427631,652427632,652441242,652211610,652445338,"decoded_payload_last_chip",1,884.621389,884.930070,262,0.000000,-1685.895835,"Decawave DW-8",0.951903,1,12,0x7F9B,0x7F9B,1,"6188C5F2F002000100009B7F"
1725,652538300,652592129,652819713,652790223,652806102,652806103,652819713,652590081,652823809,"decoded_payload_last_chip",1,885.134724,885.443404,262,0.000000,-1688.927401,"Decawave DW-8",0.951567,1,12,0xF54B,0xF54B,1,"6188C6F2F002000100004BF5"
1726,652912968,652970599,653198183,653168694,653184572,653184573,653198183,652968551,653202279,"decoded_payload_last_chip",1,885.648056,885.956737,262,0.000000,-1693.235768,"Decawave DW-8",0.952108,1,12,0x74F4,0x74F4,1,"6188C7F2F00200010000F474"
1727,653295300,653349070,653576654,653547164,653563043,653563044,653576654,653347022,653580750,"decoded_payload_last_chip",1,886.161391,886.470071,262,0.000000,-1700.327892,"Decawave DW-8",0.951547,1,12,0xC546,0xC546,1,"6188C8F2F0020001000046C5"
1728,653673600,653727540,653955124,653925635,653941513,653941515,653955124,653725492,653959220,"decoded_payload_last_chip",1,886.674723,886.983404,262,0.000000,-1699.339148,"Decawave DW-8",0.951651,1,12,0x44F9,0x44F9,1,"6188C9F2F00200010000F944"
1729,654052200,654106011,654333595,654304105,654319984,654319985,654333595,654103963,654337691,"decoded_payload_last_chip",1,887.188057,887.496738,262,0.000000,-1656.737884,"Decawave DW-8",0.951823,1,12,0xCE29,0xCE29,1,"6188CAF2F0020001000029CE"
1730,654430500,654484482,654712066,654682576,654698454,654698456,654712066,654482434,654716162,"decoded_payload_last_chip",1,887.701392,888.010072,262,0.000000,-1688.551126,"Decawave DW-8",0.950838,1,12,0x4F96,0x4F96,1,"6188CBF2F00200010000964F"
1731,654809000,654862952,655090536,655061047,655076925,655076926,655090536,654860904,655094632,"decoded_payload_last_chip",1,888.214724,888.523405,262,0.000000,-1665.096529,"Decawave DW-8",0.951203,1,12,0xD398,0xD398,1,"6188CCF2F0020001000098D3"
1732,655187500,655241422,655469007,655439517,655455395,655455397,655469007,655239374,655473103,"decoded_payload_last_chip",1,888.728057,889.036739,262,-0.000000,-1646.969034,"Decawave DW-8",0.951893,1,12,0x5227,0x5227,1,"6188CDF2F002000100002752"
1733,655565900,655619893,655847477,655817987,655833866,655833867,655847477,655617845,655851573,"decoded_payload_last_chip",1,889.241391,889.550072,262,0.000000,-1667.795849,"Decawave DW-8",0.951819,1,12,0xD8F7,0xD8F7,1,"6188CEF2F00200010000F7D8"
1734,655944400,655998363,656225947,656196458,656212336,656212337,656225947,655996315,656230043,"decoded_payload_last_chip",1,889.754724,890.063405,262,0.000000,-1681.692023,"Decawave DW-8",0.951809,1,12,0x5948,0x5948,1,"6188CFF2F002000100004859"
1735,656322900,656376834,656604418,656574928,656590806,656590808,656604418,656374786,656608514,"decoded_payload_last_chip",1,890.268058,890.576739,262,0.000000,-1666.674166,"Decawave DW-8",0.951530,1,12,0xB382,0xB382,1,"6188D0F2F0020001000082B3"
1736,656701400,656755304,656982888,656953399,656969277,656969278,656982888,656753256,656986984,"decoded_payload_last_chip",1,890.781391,891.090072,262,0.000000,-1686.689220,"Decawave DW-8",0.952208,1,12,0x323D,0x323D,1,"6188D1F2F002000100003D32"
1737,657079800,657133775,657361359,657331869,657347748,657347749,657361359,657131727,657365455,"decoded_payload_last_chip",1,891.294725,891.603406,262,0.000000,-1668.273985,"Decawave DW-8",0.951993,1,12,0xB8ED,0xB8ED,1,"6188D2F2F00200010000EDB8"
1738,657458484,657512245,657739830,657710340,657726218,657726220,657739830,657510197,657743926,"decoded_payload_last_chip",1,891.808058,892.116740,262,0.000000,-1676.314241,"Decawave DW-8",0.951942,1,12,0x3952,0x3952,1,"6188D3F2F002000100005239"
1739,657836800,657890716,658118300,658088810,658104689,658104690,658118300,657888668,658122396,"decoded_payload_last_chip",1,892.321392,892.630073,262,0.000000,-1642.760106,"Decawave DW-8",0.951977,1,12,0xA55C,0xA55C,1,"6188D4F2F002000100005CA5"
1740,658215200,658269186,658496770,658467280,658483159,658483160,658496770,658267138,658500866,"decoded_payload_last_chip",1,892.834725,893.143405,262,0.000000,-1684.246122,"Decawave DW-8",0.952040,1,12,0x24E3,0x24E3,1,"6188D5F2F00200010000E324"
1741,658593700,658647656,658875241,658845751,658861629,658861631,658875241,658645608,658879337,"decoded_payload_last_chip",1,893.348058,893.656740,262,-0.000000,-1697.535876,"Decawave DW-8",0.951943,1,12,0xAE33,0xAE33,1,"6188D6F2F0020001000033AE"
1742,658972300,659026127,659253711,659224222,659240100,659240102,659253711,659024079,659257807,"decoded_payload_last_chip",1,893.861392,894.170072,262,0.000000,-1678.439087,"Decawave DW-8",0.951933,1,12,0x2F8C,0x2F8C,1,"6188D7F2F002000100008C2F"
1743,659350600,659404598,659632182,659602692,659618571,659618572,659632182,659402550,659636278,"decoded_payload_last_chip",1,894.374726,894.683407,262,-0.000000,-1663.240051,"Decawave DW-8",0.951979,1,12,0x9E3E,0x9E3E,1,"6188D8F2F002000100003E9E"
1744,659729100,659783068,660010652,659981163,659997041,659997043,660010652,659781020,660014748,"decoded_payload_last_chip",1,894.888059,895.196739,262,0.000000,-1675.684122,"Decawave DW-8",0.951855,1,12,0x1F81,0x1F81,1,"6188D9F2F00200010000811F"
1745,660107600,660161539,660389123,660359633,660375512,660375513,660389123,660159491,660393219,"decoded_payload_last_chip",1,895.401393,895.710074,262,0.000000,-1667.799020,"Decawave DW-8",0.951784,1,12,0x9551,0x9551,1,"6188DAF2F002000100005195"
1746,660486200,660540009,660767594,660738104,660753982,660753984,660767594,660537961,660771690,"decoded_payload_last_chip",1,895.914726,896.223408,262,0.000000,-1688.146809,"Decawave DW-8",0.952009,1,12,0x14EE,0x14EE,1,"6188DBF2F00200010000EE14"
1747,660864600,660918480,661146064,661116574,661132453,661132454,661146064,660916432,661150160,"decoded_payload_last_chip",1,896.428060,896.736740,262,0.000000,-1658.783076,"Decawave DW-8",0.951767,1,12,0x88E0,0x88E0,1,"6188DCF2F00200010000E088"
1748,661243000,661296951,661524535,661495045,661510923,661510925,661524535,661294903,661528631,"decoded_payload_last_chip",1,896.941394,897.250075,262,0.000000,-1668.356372,"Decawave DW-8",0.951663,1,12,0x095F,0x095F,1,"6188DDF2F002000100005F09"
1749,661621500,661675421,661903005,661873516,661889394,661889395,661903005,661673373,661907101,"decoded_payload_last_chip",1,897.454727,897.763407,262,0.000000,-1656.976332,"Decawave DW-8",0.951527,1,12,0x838F,0x838F,1,"6188DEF2F002000100008F83"
1750,661999900,662053891,662281475,662251986,662267864,662267866,662281475,662051843,662285571,"decoded_payload_last_chip",1,897.968060,898.276740,262,0.000000,-1669.557136,"Decawave DW-8",0.951583,1,12,0x0230,0x0230,1,"6188DFF2F002000100003002"
1751,662378400,662432362,662659946,662630456,662646335,662646336,662659946,662430314,662664042,"decoded_payload_last_chip",1,898.481394,898.790074,262,0.000000,-1698.986665,"Decawave DW-8",0.951220,1,12,0x5E0A,0x5E0A,1,"6188E0F2F002000100000A5E"
1752,662757000,662810832,663038417,663008927,663024805,663024807,663038417,662808784,663042513,"decoded_payload_last_chip",1,898.994727,899.303408,262,0.000000,-1662.314700,"Decawave DW-8",0.951738,1,12,0xDFB5,0xDFB5,1,"6188E1F2F00200010000B5DF"
1753,663135500,663189303,663416887,663387397,663403276,663403277,663416887,663187255,663420983,"decoded_payload_last_chip",1,899.508061,899.816741,262,0.000000,-1648.472023,"Decawave DW-8",0.951876,1,12,0x5565,0x5565,1,"6188E2F2F002000100006555"
1754,663513800,663567773,663795358,663765868,663781746,663781748,663795358,663565725,663799454,"decoded_payload_last_chip",1,900.021394,900.330075,262,-0.000000,-1682.277276,"Decawave DW-8",0.951770,1,12,0xD4DA,0xD4DA,1,"6188E3F2F00200010000DAD4"
1755,663892400,663946243,664173828,664144338,664160216,664160218,664173828,663944195,664177924,"decoded_payload_last_chip",1,900.534726,900.843408,262,0.000000,-1697.698849,"Decawave DW-8",0.952017,1,12,0x48D4,0x48D4,1,"6188E4F2F00200010000D448"
1756,664270800,664324714,664552299,664522809,664538687,664538689,664552299,664322666,664556395,"decoded_payload_last_chip",1,901.048060,901.356742,262,0.000000,-1677.455149,"Decawave DW-8",0.951806,1,12,0xC96B,0xC96B,1,"6188E5F2F002000100006BC9"
1757,664649200,664703184,664930769,664901279,664917157,664917159,664930769,664701136,664934865,"decoded_payload_last_chip",1,901.561393,901.870075,262,0.000000,-1674.982930,"Decawave DW-8",0.952317,1,12,0x43BB,0x43BB,1,"6188E6F2F00200010000BB43"
1758,665027700,665081655,665309239,665279749,665295628,665295629,665309239,665079607,665313335,"decoded_payload_last_chip",1,902.074727,902.383408,262,0.000000,-1685.388625,"Decawave DW-8",0.952262,1,12,0xC204,0xC204,1,"6188E7F2F0020001000004C2"
1759,665406000,665460126,665687710,665658220,665674098,665674100,665687710,665458078,665691806,"decoded_payload_last_chip",1,902.588062,902.896742,262,0.000000,-1693.396105,"Decawave DW-8",0.952270,1,12,0x73B6,0x73B6,1,"6188E8F2F00200010000B673"
1760,665784600,665838596,666066181,666036691,666052569,666052571,666066181,665836548,666070277,"decoded_payload_last_chip",1,903.101394,903.410076,262,0.000000,-1673.186939,"Decawave DW-8",0.951789,1,12,0xF209,0xF209,1,"6188E9F2F0020001000009F2"
1761,666163400,666217067,666444651,666415161,666431040,666431041,666444651,666215019,666448747,"decoded_payload_last_chip",1,903.614728,903.923409,262,0.000000,-1676.058388,"Decawave DW-8",0.951655,1,12,0x78D9,0x78D9,1,"6188EAF2F00200010000D978"
1762,666541600,666595537,666823121,666793632,666809510,666809512,666823121,666593489,666827217,"decoded_payload_last_chip",1,904.128061,904.436742,262,0.000000,-1660.370568,"Decawave DW-8",0.951537,1,12,0xF966,0xF966,1,"6188EBF2F0020001000066F9"
1763,666920200,666974008,667201592,667172103,667187981,667187982,667201592,666971960,667205688,"decoded_payload_last_chip",1,904.641395,904.950076,262,0.000000,-1669.520942,"Decawave DW-8",0.951641,1,12,0x6568,0x6568,1,"6188ECF2F002000100006865"
1764,667298500,667352478,667580062,667550572,667566451,667566452,667580062,667350430,667584158,"decoded_payload_last_chip",1,905.154728,905.463409,262,0.000000,-1673.618975,"Decawave DW-8",0.951763,1,12,0xE4D7,0xE4D7,1,"6188EDF2F00200010000D7E4"
1765,667676200,667730949,667958533,667929043,667944922,667944923,667958533,667728901,667962629,"decoded_payload_last_chip",1,905.668062,905.976743,262,0.000000,-1688.280184,"Decawave DW-8",0.951498,1,12,0x6E07,0x6E07,1,"6188EEF2F00200010000076E"
1766,668055500,668109420,668337004,668307514,668323392,668323394,668337004,668107372,668341100,"decoded_payload_last_chip",1,906.181396,906.490077,262,0.000000,-1681.051121,"Decawave DW-8",0.951399,1,12,0xEFB8,0xEFB8,1,"6188EFF2F00200010000B8EF"
1767,668433900,668487890,668715474,668685984,668701863,668701864,668715474,668485842,668719570,"decoded_payload_last_chip",1,906.694729,907.003410,262,0.000000,-1691.449105,"Decawave DW-8",0.952583,1,12,0x0572,0x0572,1,"6188F0F2F002000100007205"
1768,668812400,668866360,669093944,669064455,669080333,669080335,669093944,668864312,669098040,"decoded_payload_last_chip",1,907.208062,907.516743,262,0.000000,-1662.379467,"Decawave DW-8",0.952003,1,12,0x84CD,0x84CD,1,"6188F1F2F00200010000CD84"
1769,669190340,669244830,669472415,669442925,669458803,669458805,669472415,669242782,669476511,"decoded_payload_last_chip",1,907.721395,908.030077,262,0.000000,-1687.228717,"Decawave DW-8",0.951952,1,12,0x0E1D,0x0E1D,1,"6188F2F2F002000100001D0E"
1770,669569600,669623301,669850885,669821395,669837274,669837275,669850885,669621253,669854981,"decoded_payload_last_chip",1,908.234729,908.543410,262,0.000000,-1687.210781,"Decawave DW-8",0.951984,1,12,0x8FA2,0x8FA2,1,"6188F3F2F00200010000A28F"
1771,669947800,670001772,670229356,670199866,670215745,670215746,670229356,669999724,670233452,"decoded_payload_last_chip",1,908.748063,909.056744,262,0.000000,-1670.615842,"Decawave DW-8",0.951587,1,12,0x13AC,0x13AC,1,"6188F4F2F00200010000AC13"
1772,670326300,670380242,670607827,670578337,670594215,670594217,670607827,670378194,670611923,"decoded_payload_last_chip",1,909.261396,909.570078,262,0.000000,-1654.729526,"Decawave DW-8",0.951742,1,12,0x9213,0x9213,1,"6188F5F2F002000100001392"
1773,670703328,670758713,670986297,670956807,670972686,670972687,670986297,670756665,670990393,"decoded_payload_last_chip",1,909.774730,910.083411,262,0.000000,-1666.602678,"Decawave DW-8",0.952067,1,12,0x18C3,0x18C3,1,"6188F6F2F00200010000C318"
1774,671083200,671137183,671364767,671335278,671351156,671351157,671364767,671135135,671368863,"decoded_payload_last_chip",1,910.288063,910.596743,262,0.000000,-1685.842406,"Decawave DW-8",0.951399,1,12,0x997C,0x997C,1,"6188F7F2F002000100007C99"
1775,671461700,671515653,671743238,671713748,671729626,671729628,671743238,671513605,671747334,"decoded_payload_last_chip",1,910.801396,911.110078,262,0.000000,-1679.028756,"Decawave DW-8",0.952109,1,12,0x28CE,0x28CE,1,"6188F8F2F00200010000CE28"
1776,671840200,671894124,672121708,672092218,672108097,672108098,672121708,671892076,672125804,"decoded_payload_last_chip",1,911.314730,911.623410,262,-0.000000,-1696.949049,"Decawave DW-8",0.951685,1,12,0xA971,0xA971,1,"6188F9F2F0020001000071A9"
1777,672218600,672272595,672500179,672470689,672486568,672486569,672500179,672270547,672504275,"decoded_payload_last_chip",1,911.828064,912.136745,262,0.000000,-1645.289173,"Decawave DW-8",0.951625,1,12,0x23A1,0x23A1,1,"6188FAF2F00200010000A123"
1778,672597000,672651065,672878649,672849160,672865038,672865039,672878649,672649017,672882745,"decoded_payload_last_chip",1,912.341397,912.650077,262,0.000000,-1695.842874,"Decawave DW-8",0.951761,1,12,0xA21E,0xA21E,1,"6188FBF2F002000100001EA2"
1779,672975600,673029536,673257120,673227630,673243509,673243510,673257120,673027488,673261216,"decoded_payload_last_chip",1,912.854731,913.163411,262,0.000000,-1688.843139,"Decawave DW-8",0.952252,1,12,0x3E10,0x3E10,1,"6188FCF2F00200010000103E"
1780,673354100,673408006,673635590,673606101,673621979,673621981,673635590,673405958,673639686,"decoded_payload_last_chip",1,913.368064,913.676744,262,-0.000000,-1666.013973,"Decawave DW-8",0.951878,1,12,0xBFAF,0xBFAF,1,"6188FDF2F00200010000AFBF"
1781,673732500,673786476,674014061,673984571,674000449,674000451,674014061,673784428,674018157,"decoded_payload_last_chip",1,913.881396,914.190078,262,0.000000,-1684.521000,"Decawave DW-8",0.950796,1,12,0x357F,0x357F,1,"6188FEF2F002000100007F35"
1782,674111000,674164947,674392531,674363041,674378920,674378921,674392531,674162899,674396627,"decoded_payload_last_chip",1,914.394731,914.703411,262,0.000000,-1680.982520,"Decawave DW-8",0.952252,1,12,0xB4C0,0xB4C0,1,"6188FFF2F00200010000C0B4"
1783,674489500,674543417,674771002,674741512,674757391,674757392,674771002,674541369,674775098,"decoded_payload_last_chip",1,914.908063,915.216745,262,3.427499,-1856.902327,"Decawave DW-8",0.953934,1,12,0x46E9,0x46E9,1,"618800F2F00200010000E946"
1784,674867900,674921888,675149472,675119983,675135861,675135863,675149472,674919840,675153568,"decoded_payload_last_chip",1,915.421398,915.730078,262,0.000000,-1680.264024,"Decawave DW-8",0.951857,1,12,0xC756,0xC756,1,"618801F2F0020001000056C7"
1785,675246400,675300359,675527943,675498453,675514332,675514333,675527943,675298311,675532039,"decoded_payload_last_chip",1,915.934732,916.243412,262,0.000000,-1670.921397,"Decawave DW-8",0.952014,1,12,0x4D86,0x4D86,1,"618802F2F00200010000864D"
1786,675625000,675678829,675906414,675876924,675892802,675892804,675906414,675676781,675910510,"decoded_payload_last_chip",1,916.448065,916.756746,262,0.000000,-1667.272872,"Decawave DW-8",0.951949,1,12,0xCC39,0xCC39,1,"618803F2F0020001000039CC"
1787,676003300,676057299,676284884,676255395,676271273,676271275,676284884,676055251,676288980,"decoded_payload_last_chip",1,916.961397,917.270079,262,4.127249,-1863.267921,"Decawave DW-8",0.952141,1,12,0x5037,0x5037,1,"618804F2F002000100003750"
1788,676381800,676435770,676663355,676633865,676649743,676649745,676663355,676433722,676667451,"decoded_payload_last_chip",1,917.474731,917.783413,262,0.000000,-1661.903332,"Decawave DW-8",0.951867,1,12,0xD188,0xD188,1,"618805F2F0020001000088D1"
1789,676760300,676814241,677041825,677012335,677028214,677028215,677041825,676812193,677045921,"decoded_payload_last_chip",1,917.988066,918.296746,262,0.000000,-1657.463229,"Decawave DW-8",0.951422,1,12,0x5B58,0x5B58,1,"618806F2F00200010000585B"
1790,677138900,677192711,677420295,677390805,677406684,677406685,677420295,677190663,677424391,"decoded_payload_last_chip",1,918.501398,918.810079,262,0.000000,-1695.500236,"Decawave DW-8",0.951578,1,12,0xDAE7,0xDAE7,1,"618807F2F00200010000E7DA"
1791,677517200,677571182,677798766,677769276,677785154,677785156,677798766,677569134,677802862,"decoded_payload_last_chip",1,919.014733,919.323413,262,0.000000,-1666.259112,"Decawave DW-8",0.951813,1,12,0x6B55,0x6B55,1,"618808F2F00200010000556B"
1792,677895800,677949652,678177237,678147747,678163625,678163627,678177237,677947604,678181333,"decoded_payload_last_chip",1,919.528065,919.836747,262,0.000000,-1683.213859,"Decawave DW-8",0.951694,1,12,0xEAEA,0xEAEA,1,"618809F2F00200010000EAEA"
1793,678274200,678328122,678555707,678526217,678542095,678542097,678555707,678326074,678559803,"decoded_payload_last_chip",1,920.041398,920.350080,262,-0.000000,-1684.001805,"Decawave DW-8",0.951755,1,12,0x603A,0x603A,1,"61880AF2F002000100003A60"
1794,678652500,678706593,678934177,678904688,678920566,678920567,678934177,678704545,678938273,"decoded_payload_last_chip",1,920.554732,920.863413,262,0.000000,-1654.985501,"Decawave DW-8",0.952003,1,12,0xE185,0xE185,1,"61880BF2F0020001000085E1"
1795,679031100,679085064,679312648,679283158,679299037,679299038,679312648,679083016,679316744,"decoded_payload_last_chip",1,921.068066,921.376747,262,0.000000,-1669.209340,"Decawave DW-8",0.951624,1,12,0x7D8B,0x7D8B,1,"61880CF2F002000100008B7D"
1796,679409600,679463534,679691119,679661629,679677507,679677509,679691119,679461486,679695215,"decoded_payload_last_chip",1,921.581399,921.890081,262,-0.000000,-1670.175755,"Decawave DW-8",0.951455,1,12,0xFC34,0xFC34,1,"61880DF2F0020001000034FC"
1797,679788100,679842005,680069589,680040099,680055978,680055979,680069589,679839957,680073685,"decoded_payload_last_chip",1,922.094733,922.403414,262,0.000000,-1696.136259,"Decawave DW-8",0.951662,1,12,0x76E4,0x76E4,1,"61880EF2F00200010000E476"
1798,680166500,680220475,680448059,680418569,680434448,680434449,680448059,680218427,680452155,"decoded_payload_last_chip",1,922.608066,922.916747,262,0.000000,-1684.185743,"Decawave DW-8",0.952355,1,12,0xF75B,0xF75B,1,"61880FF2F002000100005BF7"
1799,680545000,680598945,680826530,680797040,680812918,680812920,680826530,680596897,680830626,"decoded_payload_last_chip",1,923.121399,923.430081,262,0.000000,-1690.847628,"Decawave DW-8",0.952240,1,12,0x1D91,0x1D91,1,"618810F2F00200010000911D"
1800,680923500,680977416,681205000,681175510,681191389,681191390,681205000,680975368,681209096,"decoded_payload_last_chip",1,923.634733,923.943414,262,0.000000,-1659.819875,"Decawave DW-8",0.951960,1,12,0x9C2E,0x9C2E,1,"618811F2F002000100002E9C"
1801,681301900,681355887,681583471,681553981,681569860,681569861,681583471,681353839,681587567,"decoded_payload_last_chip",1,924.148067,924.456748,262,0.000000,-1662.694372,"Decawave DW-8",0.951636,1,12,0x16FE,0x16FE,1,"618812F2F00200010000FE16"
1802,681680400,681734357,681961941,681932452,681948330,681948332,681961941,681732309,681966037,"decoded_payload_last_chip",1,924.661400,924.970081,262,0.000000,-1695.660896,"Decawave DW-8",0.951777,1,12,0x9741,0x9741,1,"618813F2F002000100004197"
1803,682059000,682112828,682340412,682310922,682326801,682326802,682340412,682110780,682344508,"decoded_payload_last_chip",1,925.174734,925.483415,262,0.000000,-1682.389316,"Decawave DW-8",0.951685,1,12,0x0B4F,0x0B4F,1,"618814F2F002000100004F0B"
1804,682437300,682491298,682718882,682689392,682705271,682705272,682718882,682489250,682722978,"decoded_payload_last_chip",1,925.688067,925.996748,262,-0.000000,-1662.520039,"Decawave DW-8",0.951270,1,12,0x8AF0,0x8AF0,1,"618815F2F00200010000F08A"
1805,682815800,682869768,683097354,683067864,683083742,683083744,683097354,682867720,683101450,"decoded_payload_last_chip",1,926.201400,926.510083,262,5.508691,-1973.283361,"Decawave DW-8",0.946796,1,12,0x0020,0x0020,1,"618816F2F002000100002000"
1806,683194300,683248239,683475824,683446334,683462212,683462214,683475824,683246191,683479920,"decoded_payload_last_chip",1,926.714734,927.023416,262,0.000000,-1690.244177,"Decawave DW-8",0.951858,1,12,0x819F,0x819F,1,"618817F2F002000100009F81"
1807,683572900,683626709,683854294,683824804,683840682,683840684,683854294,683624661,683858390,"decoded_payload_last_chip",1,927.228067,927.536749,262,0.000000,-1681.080512,"Decawave DW-8",0.952207,1,12,0x302D,0x302D,1,"618818F2F002000100002D30"
1808,683951200,684005180,684232764,684203275,684219153,684219154,684232764,684003132,684236860,"decoded_payload_last_chip",1,927.741401,928.050081,262,0.000000,-1692.984689,"Decawave DW-8",0.951590,1,12,0xB192,0xB192,1,"618819F2F0020001000092B1"
1809,684329700,684383651,684611235,684581745,684597623,684597625,684611235,684381603,684615331,"decoded_payload_last_chip",1,928.254735,928.563416,262,0.000000,-1655.744308,"Decawave DW-8",0.952265,1,12,0x3B42,0x3B42,1,"61881AF2F00200010000423B"
1810,684708200,684762121,684989705,684960216,684976094,684976095,684989705,684760073,684993801,"decoded_payload_last_chip",1,928.768068,929.076748,262,0.000000,-1662.874418,"Decawave DW-8",0.951656,1,12,0xBAFD,0xBAFD,1,"61881BF2F00200010000FDBA"
1811,685086600,685140592,685368176,685338686,685354565,685354566,685368176,685138544,685372272,"decoded_payload_last_chip",1,929.281402,929.590082,262,0.000000,-1666.560046,"Decawave DW-8",0.951560,1,12,0x26F3,0x26F3,1,"61881CF2F00200010000F326"
1812,685465100,685519062,685746647,685717157,685733035,685733037,685746647,685517014,685750743,"decoded_payload_last_chip",1,929.794735,930.103417,262,0.000000,-1654.630406,"Decawave DW-8",0.952095,1,12,0xA74C,0xA74C,1,"61881DF2F002000100004CA7"
1813,685843600,685897533,686125117,686095627,686111506,686111507,686125117,685895485,686129213,"decoded_payload_last_chip",1,930.308069,930.616749,262,0.000000,-1662.187486,"Decawave DW-8",0.951341,1,12,0x2D9C,0x2D9C,1,"61881EF2F002000100009C2D"
1814,686222200,686276003,686503587,686474097,686489976,686489977,686503587,686273955,686507683,"decoded_payload_last_chip",1,930.821402,931.130082,262,0.000000,-1684.812781,"Decawave DW-8",0.951580,1,12,0xAC23,0xAC23,1,"61881FF2F0020001000023AC"
1815,686600500,686654473,686882058,686852568,686868446,686868448,686882058,686652425,686886154,"decoded_payload_last_chip",1,931.334734,931.643416,262,0.000000,-1660.171678,"Decawave DW-8",0.951594,1,12,0xF019,0xF019,1,"618820F2F0020001000019F0"
1816,686979000,687032944,687260528,687231038,687246917,687246918,687260528,687030896,687264624,"decoded_payload_last_chip",1,931.848069,932.156749,262,0.000000,-1663.939514,"Decawave DW-8",0.952002,1,12,0x71A6,0x71A6,1,"618821F2F00200010000A671"
1817,687357800,687411415,687638999,687609509,687625387,687625389,687638999,687409367,687643095,"decoded_payload_last_chip",1,932.361403,932.670083,262,0.000000,-1698.117577,"Decawave DW-8",0.952002,1,12,0xFB76,0xFB76,1,"618822F2F0020001000076FB"
1818,687735276,687789885,688017469,687987980,688003858,688003860,688017469,687787837,688021565,"decoded_payload_last_chip",1,932.874736,933.183416,262,0.000000,-1683.996916,"Decawave DW-8",0.951858,1,12,0x7AC9,0x7AC9,1,"618823F2F00200010000C97A"
1819,688114400,688168356,688395940,688366450,688382329,688382330,688395940,688166308,688400036,"decoded_payload_last_chip",1,933.388070,933.696750,262,0.000000,-1681.889112,"Decawave DW-8",0.951996,1,12,0xE6C7,0xE6C7,1,"618824F2F00200010000C7E6"
1820,688490900,688546826,688774410,688744920,688760799,688760800,688774410,688544778,688778506,"decoded_payload_last_chip",1,933.901402,934.210083,262,0.000000,-1667.431126,"Decawave DW-8",0.951731,1,12,0x6778,0x6778,1,"618825F2F002000100007867"
1821,688871300,688925296,689152881,689123391,689139269,689139271,689152881,688923248,689156977,"decoded_payload_last_chip",1,934.414735,934.723417,262,0.000000,-1691.290569,"Decawave DW-8",0.952074,1,12,0xEDA8,0xEDA8,1,"618826F2F00200010000A8ED"
1822,689249900,689303767,689531351,689501862,689517740,689517741,689531351,689301719,689535447,"decoded_payload_last_chip",1,934.928069,935.236750,262,0.000000,-1706.371303,"Decawave DW-8",0.952029,1,12,0x6C17,0x6C17,1,"618827F2F00200010000176C"
1823,689628300,689682237,689909823,689880333,689896211,689896213,689909823,689680189,689913919,"decoded_payload_last_chip",1,935.441402,935.750085,262,4.928466,-1942.823211,"Decawave DW-8",0.952106,1,12,0xDDA5,0xDDA5,1,"618828F2F00200010000A5DD"
1824,690006900,690060708,690288292,690258803,690274681,690274682,690288292,690058660,690292388,"decoded_payload_last_chip",1,935.954736,936.263417,262,0.000000,-1666.511299,"Decawave DW-8",0.951820,1,12,0x5C1A,0x5C1A,1,"618829F2F002000100001A5C"
1825,690385200,690439179,690666763,690637273,690653152,690653153,690666763,690437131,690670859,"decoded_payload_last_chip",1,936.468070,936.776751,262,0.000000,-1647.179634,"Decawave DW-8",0.952527,1,12,0xD6CA,0xD6CA,1,"61882AF2F00200010000CAD6"
1826,690763900,690817649,691045233,691015743,691031622,691031623,691045233,690815601,691049329,"decoded_payload_last_chip",1,936.981403,937.290084,262,0.000000,-1671.939650,"Decawave DW-8",0.952096,1,12,0x5775,0x5775,1,"61882BF2F002000100007557"
1827,691142200,691196120,691423704,691394214,691410092,691410094,691423704,691194072,691427800,"decoded_payload_last_chip",1,937.494737,937.803418,262,0.000000,-1658.573595,"Decawave DW-8",0.952003,1,12,0xCB7B,0xCB7B,1,"61882CF2F002000100007BCB"
1828,691520600,691574590,691802175,691772685,691788563,691788565,691802175,691572542,691806271,"decoded_payload_last_chip",1,938.008070,938.316752,262,0.000000,-1682.796725,"Decawave DW-8",0.952115,1,12,0x4AC4,0x4AC4,1,"61882DF2F00200010000C44A"
1829,691899100,691953061,692180645,692151155,692167034,692167035,692180645,691951013,692184741,"decoded_payload_last_chip",1,938.521404,938.830085,262,0.000000,-1651.124123,"Decawave DW-8",0.951840,1,12,0xC014,0xC014,1,"61882EF2F0020001000014C0"
1830,692277700,692331531,692559115,692529625,692545504,692545505,692559115,692329483,692563211,"decoded_payload_last_chip",1,939.034737,939.343418,262,0.000000,-1682.778254,"Decawave DW-8",0.952035,1,12,0x41AB,0x41AB,1,"61882FF2F00200010000AB41"
1831,692656300,692710002,692937586,692908096,692923975,692923976,692937586,692707954,692941682,"decoded_payload_last_chip",1,939.548071,939.856752,262,0.000000,-1664.486297,"Decawave DW-8",0.952052,1,12,0xAB61,0xAB61,1,"618830F2F0020001000061AB"
1832,693034500,693088472,693316056,693286566,693302445,693302446,693316056,693086424,693320152,"decoded_payload_last_chip",1,940.061404,940.370085,262,0.000000,-1667.838644,"Decawave DW-8",0.951500,1,12,0x2ADE,0x2ADE,1,"618831F2F00200010000DE2A"
1833,693413000,693466942,693694527,693665037,693680915,693680917,693694527,693464894,693698623,"decoded_payload_last_chip",1,940.574737,940.883419,262,0.000000,-1671.869701,"Decawave DW-8",0.951414,1,12,0xA00E,0xA00E,1,"618832F2F002000100000EA0"
1834,693791500,693845413,694072997,694043507,694059386,694059387,694072997,693843365,694077093,"decoded_payload_last_chip",1,941.088071,941.396752,262,0.000000,-1680.836574,"Decawave DW-8",0.951656,1,12,0x21B1,0x21B1,1,"618833F2F00200010000B121"
1835,694169900,694223884,694451468,694421978,694437857,694437858,694451468,694221836,694455564,"decoded_payload_last_chip",1,941.601405,941.910086,262,0.000000,-1674.307644,"Decawave DW-8",0.951813,1,12,0xBDBF,0xBDBF,1,"618834F2F00200010000BFBD"
1836,694548400,694602354,694829938,694800449,694816327,694816329,694829938,694600306,694834034,"decoded_payload_last_chip",1,942.114738,942.423419,262,0.000000,-1689.591976,"Decawave DW-8",0.951626,1,12,0x3C00,0x3C00,1,"618835F2F00200010000003C"
1837,694926900,694980825,695208409,695178919,695194798,695194799,695208409,694978777,695212505,"decoded_payload_last_chip",1,942.628072,942.936753,262,0.000000,-1657.809692,"Decawave DW-8",0.951779,1,12,0xB6D0,0xB6D0,1,"618836F2F00200010000D0B6"
1838,695305300,695359295,695586879,695557389,695573268,695573269,695586879,695357247,695590975,"decoded_payload_last_chip",1,943.141405,943.450085,262,0.000000,-1689.801344,"Decawave DW-8",0.952131,1,12,0x376F,0x376F,1,"618837F2F002000100006F37"
1839,695683900,695737766,695965350,695935860,695951739,695951740,695965350,695735718,695969446,"decoded_payload_last_chip",1,943.654739,943.963420,262,0.000000,-1668.788927,"Decawave DW-8",0.951766,1,12,0x86DD,0x86DD,1,"618838F2F00200010000DD86"
1840,696062300,696116236,696343820,696314330,696330209,696330210,696343820,696114188,696347916,"decoded_payload_last_chip",1,944.168072,944.476752,262,0.000000,-1706.833569,"Decawave DW-8",0.951811,1,12,0x0762,0x0762,1,"618839F2F002000100006207"
1841,696440800,696494706,696722291,696692801,696708680,696708681,696722291,696492658,696726387,"decoded_payload_last_chip",1,944.681405,944.990087,262,2.787839,-1797.562241,"Decawave DW-8",0.953236,1,12,0x8DB2,0x8DB2,1,"61883AF2F00200010000B28D"
1842,696819200,696873177,697100761,697071272,697087150,697087152,697100761,696871129,697104857,"decoded_payload_last_chip",1,945.194739,945.503419,262,-0.000000,-1686.189295,"Decawave DW-8",0.952229,1,12,0x0C0D,0x0C0D,1,"61883BF2F002000100000D0C"
1843,697197600,697251647,697479232,697449742,697465620,697465622,697479232,697249599,697483328,"decoded_payload_last_chip",1,945.708072,946.016753,262,-0.000000,-1671.117608,"Decawave DW-8",0.952270,1,12,0x9003,0x9003,1,"61883CF2F002000100000390"
1844,697576200,697630118,697857702,697828213,697844091,697844092,697857702,697628070,697861798,"decoded_payload_last_chip",1,946.221406,946.530086,262,-0.000000,-1692.826010,"Decawave DW-8",0.951580,1,12,0x11BC,0x11BC,1,"61883DF2F00200010000BC11"
1845,697954600,698008588,698236174,698206684,698222562,698222564,698236174,698006540,698240270,"decoded_payload_last_chip",1,946.734738,947.043422,262,4.844404,-1892.677574,"Decawave DW-8",0.949613,1,12,0x9B6C,0x9B6C,1,"61883EF2F002000100006C9B"
1846,698333100,698387059,698614644,698585154,698601032,698601034,698614644,698385011,698618740,"decoded_payload_last_chip",1,947.248073,947.556755,262,0.000000,-1651.319999,"Decawave DW-8",0.952016,1,12,0x1AD3,0x1AD3,1,"61883FF2F00200010000D31A"
1847,698711600,698765530,698993114,698963624,698979503,698979504,698993114,698763482,698997210,"decoded_payload_last_chip",1,947.761407,948.070087,262,0.000000,-1681.551751,"Decawave DW-8",0.951738,1,12,0x2318,0x2318,1,"618840F2F002000100001823"
1848,699090000,699144000,699371584,699342095,699357973,699357974,699371584,699141952,699375680,"decoded_payload_last_chip",1,948.274740,948.583420,262,-0.000000,-1667.085721,"Decawave DW-8",0.951858,1,12,0xA2A7,0xA2A7,1,"618841F2F00200010000A7A2"
1849,699468500,699522470,699750055,699720565,699736443,699736445,699750055,699520422,699754151,"decoded_payload_last_chip",1,948.788072,949.096754,262,0.000000,-1678.036916,"Decawave DW-8",0.952121,1,12,0x2877,0x2877,1,"618842F2F002000100007728"
1850,699847000,699900941,700128525,700099035,700114914,700114915,700128525,699898893,700132621,"decoded_payload_last_chip",1,949.301407,949.610087,262,0.000000,-1707.763957,"Decawave DW-8",0.951918,1,12,0xA9C8,0xA9C8,1,"618843F2F00200010000C8A9"
1851,700225600,700279412,700506996,700477506,700493385,700493386,700506996,700277364,700511092,"decoded_payload_last_chip",1,949.814741,950.123421,262,0.000000,-1668.368666,"Decawave DW-8",0.951744,1,12,0x35C6,0x35C6,1,"618844F2F00200010000C635"
1852,700603900,700657882,700885467,700855977,700871855,700871857,700885467,700655834,700889563,"decoded_payload_last_chip",1,950.328073,950.636755,262,-0.000000,-1659.545135,"Decawave DW-8",0.951917,1,12,0xB479,0xB479,1,"618845F2F0020001000079B4"
1853,700982400,701036353,701263937,701234447,701250326,701250327,701263937,701034305,701268033,"decoded_payload_last_chip",1,950.841408,951.150088,262,0.000000,-1688.390888,"Decawave DW-8",0.951492,1,12,0x3EA9,0x3EA9,1,"618846F2F00200010000A93E"
1854,701360900,701414823,701642407,701612918,701628796,701628798,701642407,701412775,701646503,"decoded_payload_last_chip",1,951.354740,951.663421,262,0.000000,-1673.111065,"Decawave DW-8",0.951709,1,12,0xBF16,0xBF16,1,"618847F2F0020001000016BF"
1855,701739300,701793293,702020878,701991388,702007266,702007268,702020878,701791245,702024974,"decoded_payload_last_chip",1,951.868073,952.176755,262,0.000000,-1642.147280,"Decawave DW-8",0.951343,1,12,0x0EA4,0x0EA4,1,"618848F2F00200010000A40E"
1856,702117800,702171764,702399348,702369858,702385737,702385738,702399348,702169716,702403444,"decoded_payload_last_chip",1,952.381407,952.690088,262,0.000000,-1666.158138,"Decawave DW-8",0.951638,1,12,0x8F1B,0x8F1B,1,"618849F2F002000100001B8F"
1857,702496300,702550234,702777819,702748329,702764207,702764209,702777819,702548186,702781915,"decoded_payload_last_chip",1,952.894740,953.203422,262,-0.000000,-1665.180243,"Decawave DW-8",0.951838,1,12,0x05CB,0x05CB,1,"61884AF2F00200010000CB05"
1858,702874800,702928705,703156289,703126799,703142678,703142679,703156289,702926657,703160385,"decoded_payload_last_chip",1,953.408074,953.716755,262,0.000000,-1674.142142,"Decawave DW-8",0.952102,1,12,0x8474,0x8474,1,"61884BF2F002000100007484"
1859,703253200,703307176,703534760,703505270,703521149,703521150,703534760,703305128,703538856,"decoded_payload_last_chip",1,953.921408,954.230089,262,0.000000,-1665.965972,"Decawave DW-8",0.951321,1,12,0x187A,0x187A,1,"61884CF2F002000100007A18"
1860,703631700,703685646,703913230,703883741,703899619,703899620,703913230,703683598,703917326,"decoded_payload_last_chip",1,954.434741,954.743422,262,0.000000,-1670.503504,"Decawave DW-8",0.951753,1,12,0x99C5,0x99C5,1,"61884DF2F00200010000C599"
1861,704010200,704064117,704291701,704262211,704278089,704278091,704291701,704062069,704295797,"decoded_payload_last_chip",1,954.948075,955.256756,262,0.000000,-1662.613316,"Decawave DW-8",0.952168,1,12,0x1315,0x1315,1,"61884EF2F002000100001513"
1862,704388600,704442587,704670171,704640681,704656560,704656561,704670171,704440539,704674267,"decoded_payload_last_chip",1,955.461408,955.770089,262,0.000000,-1724.075008,"Decawave DW-8",0.952158,1,12,0x92AA,0x92AA,1,"61884FF2F00200010000AA92"
1863,704767100,704821057,705048643,705019153,705035031,705035033,705048643,704819009,705052739,"decoded_payload_last_chip",1,955.974741,956.283424,262,5.509019,-1943.008379,"Decawave DW-8",0.946648,1,12,0x7860,0x7860,1,"618850F2F002000100006078"
1864,705145016,705199528,705427112,705397622,705413501,705413502,705427112,705197480,705431208,"decoded_payload_last_chip",1,956.488075,956.796756,262,-0.000000,-1683.980394,"Decawave DW-8",0.952013,1,12,0xF9DF,0xF9DF,1,"618851F2F00200010000DFF9"
1865,705524000,705577999,705805583,705776093,705791971,705791973,705805583,705575951,705809679,"decoded_payload_last_chip",1,957.001409,957.310090,262,0.000000,-1687.641969,"Decawave DW-8",0.951360,1,12,0x730F,0x730F,1,"618852F2F002000100000F73"
1866,705902500,705956469,706184053,706154564,706170442,706170443,706184053,705954421,706188149,"decoded_payload_last_chip",1,957.514742,957.823423,262,0.000000,-1686.002103,"Decawave DW-8",0.951959,1,12,0xF2B0,0xF2B0,1,"618853F2F00200010000B0F2"
1867,706281000,706334939,706562524,706533034,706548912,706548914,706562524,706332891,706566620,"decoded_payload_last_chip",1,958.028075,958.336757,262,0.000000,-1680.520237,"Decawave DW-8",0.952234,1,12,0x6EBE,0x6EBE,1,"618854F2F00200010000BE6E"
1868,706659500,706713410,706940994,706911504,706927383,706927384,706940994,706711362,706945090,"decoded_payload_last_chip",1,958.541409,958.850090,262,0.000000,-1665.245123,"Decawave DW-8",0.951602,1,12,0xEF01,0xEF01,1,"618855F2F0020001000001EF"
1869,707037900,707091881,707319465,707289975,707305854,707305855,707319465,707089833,707323561,"decoded_payload_last_chip",1,959.054743,959.363424,262,-0.000000,-1679.693930,"Decawave DW-8",0.951821,1,12,0x65D1,0x65D1,1,"618856F2F00200010000D165"
1870,707416400,707470351,707697936,707668446,707684324,707684326,707697936,707468303,707702032,"decoded_payload_last_chip",1,959.568076,959.876758,262,0.000000,-1633.683732,"Decawave DW-8",0.951785,1,12,0xE46E,0xE46E,1,"618857F2F002000100006EE4"
1871,707794900,707848822,708076406,708046916,708062795,708062796,708076406,707846774,708080502,"decoded_payload_last_chip",1,960.081410,960.390091,262,0.000000,-1662.493859,"Decawave DW-8",0.951672,1,12,0x55DC,0x55DC,1,"618858F2F00200010000DC55"
1872,708173300,708227292,708454876,708425386,708441265,708441266,708454876,708225244,708458972,"decoded_payload_last_chip",1,960.594743,960.903423,262,0.000000,-1686.929484,"Decawave DW-8",0.951763,1,12,0xD463,0xD463,1,"618859F2F0020001000063D4"
1873,708551800,708605762,708833347,708803857,708819735,708819737,708833347,708603714,708837443,"decoded_payload_last_chip",1,961.108076,961.416758,262,0.000000,-1693.549621,"Decawave DW-8",0.951818,1,12,0x5EB3,0x5EB3,1,"61885AF2F00200010000B35E"
1874,708930300,708984233,709211817,709182327,709198206,709198207,709211817,708982185,709215913,"decoded_payload_last_chip",1,961.621410,961.930090,262,0.000000,-1680.064197,"Decawave DW-8",0.952163,1,12,0xDF0C,0xDF0C,1,"61885BF2F002000100000CDF"
1875,709309000,709362703,709590288,709560798,709576677,709576678,709590288,709360655,709594384,"decoded_payload_last_chip",1,962.134743,962.443424,262,3.486276,-1802.484305,"Decawave DW-8",0.953836,1,12,0x4302,0x4302,1,"61885CF2F002000100000243"
1876,709687200,709741174,709968758,709939269,709955147,709955149,709968758,709739126,709972854,"decoded_payload_last_chip",1,962.648077,962.956757,262,0.000000,-1674.624208,"Decawave DW-8",0.951752,1,12,0xC2BD,0xC2BD,1,"61885DF2F00200010000BDC2"
1877,710065700,710119645,710347229,710317739,710333618,710333619,710347229,710117597,710351325,"decoded_payload_last_chip",1,963.161411,963.470091,262,0.000000,-1665.367389,"Decawave DW-8",0.951582,1,12,0x486D,0x486D,1,"61885EF2F002000100006D48"
1878,710444200,710498115,710725699,710696210,710712088,710712089,710725699,710496067,710729795,"decoded_payload_last_chip",1,963.674744,963.983424,262,0.000000,-1709.873290,"Decawave DW-8",0.951734,1,12,0xC9D2,0xC9D2,1,"61885FF2F00200010000D2C9"
1879,710822600,710876585,711104169,711074680,711090558,711090560,711104169,710874537,711108265,"decoded_payload_last_chip",1,964.188076,964.496757,262,0.000000,-1693.640252,"Decawave DW-8",0.951472,1,12,0x95E8,0x95E8,1,"618860F2F00200010000E895"
1880,711201100,711255056,711482640,711453150,711469029,711469030,711482640,711253008,711486736,"decoded_payload_last_chip",1,964.701411,965.010091,262,-0.000000,-1674.364554,"Decawave DW-8",0.952012,1,12,0x1457,0x1457,1,"618861F2F002000100005714"
1881,711579600,711633526,711861111,711831622,711847500,711847502,711861111,711631478,711865207,"decoded_payload_last_chip",1,965.214743,965.523425,262,4.519320,-1907.097505,"Decawave DW-8",0.952170,1,12,0x9E87,0x9E87,1,"618862F2F00200010000879E"
1882,711958000,712011997,712239581,712210092,712225970,712225971,712239581,712009949,712243677,"decoded_payload_last_chip",1,965.728078,966.036758,262,0.000000,-1698.622587,"Decawave DW-8",0.951593,1,12,0x1F38,0x1F38,1,"618863F2F00200010000381F"
1883,712336600,712390468,712618052,712588562,712604441,712604442,712618052,712388420,712622148,"decoded_payload_last_chip",1,966.241412,966.550092,262,0.000000,-1673.757301,"Decawave DW-8",0.951985,1,12,0x8336,0x8336,1,"618864F2F002000100003683"
1884,712715000,712768938,712996522,712967032,712982911,712982912,712996522,712766890,713000618,"decoded_payload_last_chip",1,966.754744,967.063425,262,0.000000,-1681.822755,"Decawave DW-8",0.951959,1,12,0x0289,0x0289,1,"618865F2F002000100008902"
1885,713093600,713147409,713374993,713345503,713361382,713361383,713374993,713145361,713379089,"decoded_payload_last_chip",1,967.268079,967.576759,262,0.000000,-1674.626857,"Decawave DW-8",0.951574,1,12,0x8859,0x8859,1,"618866F2F002000100005988"
1886,713472000,713525879,713753463,713723973,713739852,713739853,713753463,713523831,713757559,"decoded_payload_last_chip",1,967.781411,968.090092,262,0.000000,-1658.944967,"Decawave DW-8",0.952053,1,12,0x09E6,0x09E6,1,"618867F2F00200010000E609"
1887,713850400,713904350,714131934,714102444,714118323,714118324,714131934,713902302,714136030,"decoded_payload_last_chip",1,968.294746,968.603426,262,-0.000000,-1669.201890,"Decawave DW-8",0.951781,1,12,0xB854,0xB854,1,"618868F2F0020001000054B8"
1888,714228900,714282820,714510404,714480915,714496793,714496795,714510404,714280772,714514500,"decoded_payload_last_chip",1,968.808078,969.116759,262,0.000000,-1685.499483,"Decawave DW-8",0.951801,1,12,0x39EB,0x39EB,1,"618869F2F00200010000EB39"
1889,714607300,714661290,714888875,714859385,714875263,714875265,714888875,714659242,714892971,"decoded_payload_last_chip",1,969.321411,969.630093,262,0.000000,-1685.629392,"Decawave DW-8",0.951982,1,12,0xB33B,0xB33B,1,"61886AF2F002000100003BB3"
1890,714985800,715039761,715267345,715237855,715253734,715253735,715267345,715037713,715271441,"decoded_payload_last_chip",1,969.834745,970.143426,262,0.000000,-1658.758252,"Decawave DW-8",0.952236,1,12,0x3284,0x3284,1,"61886BF2F002000100008432"
1891,715364400,715418232,715645816,715616326,715632205,715632206,715645816,715416184,715649912,"decoded_payload_last_chip",1,970.348079,970.656760,262,0.000000,-1680.010043,"Decawave DW-8",0.951405,1,12,0xAE8A,0xAE8A,1,"61886CF2F002000100008AAE"
1892,715743000,715796702,716024286,715994796,716010675,716010676,716024286,715794654,716028382,"decoded_payload_last_chip",1,970.861412,971.170093,262,0.000000,-1657.025873,"Decawave DW-8",0.951439,1,12,0x2F35,0x2F35,1,"61886DF2F00200010000352F"
1893,716121200,716175173,716402757,716373267,716389146,716389147,716402757,716173125,716406853,"decoded_payload_last_chip",1,971.374746,971.683427,262,0.000000,-1670.574273,"Decawave DW-8",0.951710,1,12,0xA5E5,0xA5E5,1,"61886EF2F00200010000E5A5"
1894,716499900,716553643,716781227,716751738,716767616,716767617,716781227,716551595,716785323,"decoded_payload_last_chip",1,971.888079,972.196760,262,0.000000,-1657.553321,"Decawave DW-8",0.951972,1,12,0x245A,0x245A,1,"61886FF2F002000100005A24"
1895,716878500,716932114,717159698,717130208,717146087,717146088,717159698,716930066,717163794,"decoded_payload_last_chip",1,972.401413,972.710094,262,0.000000,-1662.444719,"Decawave DW-8",0.951681,1,12,0xCE90,0xCE90,1,"618870F2F0020001000090CE"
1896,717255336,717310584,717538168,717508679,717524557,717524558,717538168,717308536,717542264,"decoded_payload_last_chip",1,972.914746,973.223427,262,0.000000,-1679.853970,"Decawave DW-8",0.951609,1,12,0x4F2F,0x4F2F,1,"618871F2F002000100002F4F"
1897,717635100,717689054,717916638,717887149,717903027,717903029,717916638,717687006,717920734,"decoded_payload_last_chip",1,973.428079,973.736759,262,0.000000,-1688.114047,"Decawave DW-8",0.951642,1,12,0xC5FF,0xC5FF,1,"618872F2F00200010000FFC5"
1898,718013600,718067525,718295109,718265619,718281498,718281499,718295109,718065477,718299205,"decoded_payload_last_chip",1,973.941413,974.250094,262,0.000000,-1703.546951,"Decawave DW-8",0.951969,1,12,0x4440,0x4440,1,"618873F2F002000100004044"
1899,718392000,718445996,718673580,718644090,718659968,718659970,718673580,718443948,718677676,"decoded_payload_last_chip",1,974.454747,974.763428,262,0.000000,-1668.456860,"Decawave DW-8",0.951208,1,12,0xD84E,0xD84E,1,"618874F2F002000100004ED8"
1900,718770600,718824466,719052050,719022561,719038439,719038441,719052050,718822418,719056146,"decoded_payload_last_chip",1,974.968080,975.276761,262,2.588848,-1750.573595,"Decawave DW-8",0.953660,1,12,0x59F1,0x59F1,1,"618875F2F00200010000F159"
1901,719149000,719202936,719430521,719401031,719416909,719416911,719430521,719200888,719434617,"decoded_payload_last_chip",1,975.481413,975.790095,262,0.000000,-1677.183327,"Decawave DW-8",0.951409,1,12,0xD321,0xD321,1,"618876F2F0020001000021D3"
1902,719527500,719581407,719808991,719779501,719795380,719795381,719808991,719579359,719813087,"decoded_payload_last_chip",1,975.994747,976.303427,262,0.000000,-1686.491495,"Decawave DW-8",0.951557,1,12,0x529E,0x529E,1,"618877F2F002000100009E52"
1903,719905900,719959877,720187463,720157973,720173851,720173853,720187463,719957829,720191559,"decoded_payload_last_chip",1,976.508080,976.816763,262,5.249281,-1930.629240,"Decawave DW-8",0.949286,1,12,0xE32C,0xE32C,1,"618878F2F002000100002CE3"
1904,720284400,720338348,720565933,720536443,720552321,720552323,720565933,720336300,720570029,"decoded_payload_last_chip",1,977.021414,977.330096,262,-0.000000,-1673.704936,"Decawave DW-8",0.951416,1,12,0x6293,0x6293,1,"618879F2F002000100009362"
1905,720662900,720716819,720944403,720914913,720930792,720930793,720944403,720714771,720948499,"decoded_payload_last_chip",1,977.534748,977.843429,262,0.000000,-1668.915859,"Decawave DW-8",0.951908,1,12,0xE843,0xE843,1,"61887AF2F0020001000043E8"
1906,721041300,721095289,721322873,721293383,721309262,721309263,721322873,721093241,721326969,"decoded_payload_last_chip",1,978.048081,978.356761,262,0.000000,-1682.693783,"Decawave DW-8",0.951546,1,12,0x69FC,0x69FC,1,"61887BF2F00200010000FC69"
1907,721419800,721473759,721701344,721671854,721687732,721687734,721701344,721471711,721705440,"decoded_payload_last_chip",1,978.561414,978.870095,262,0.000000,-1687.229878,"Decawave DW-8",0.951981,1,12,0xF5F2,0xF5F2,1,"61887CF2F00200010000F2F5"
1908,721798300,721852230,722079814,722050324,722066203,722066204,722079814,721850182,722083910,"decoded_payload_last_chip",1,979.074748,979.383428,262,-0.000000,-1675.734688,"Decawave DW-8",0.951462,1,12,0x744D,0x744D,1,"61887DF2F002000100004D74"
1909,722176700,722230701,722458285,722428795,722444674,722444675,722458285,722228653,722462381,"decoded_payload_last_chip",1,979.588082,979.896762,262,0.000000,-1674.529055,"Decawave DW-8",0.951283,1,12,0xFE9D,0xFE9D,1,"61887EF2F002000100009DFE"
1910,722555200,722609171,722836755,722807266,722823144,722823146,722836755,722607123,722840851,"decoded_payload_last_chip",1,980.101415,980.410095,262,0.000000,-1664.582426,"Decawave DW-8",0.951785,1,12,0x7F22,0x7F22,1,"61887FF2F00200010000227F"
1911,722933700,722987642,723215226,723185736,723201615,723201616,723215226,722985594,723219322,"decoded_payload_last_chip",1,980.614749,980.923429,262,0.000000,-1672.832260,"Decawave DW-8",0.951394,1,12,0x8D0B,0x8D0B,1,"618880F2F002000100000B8D"
1912,723312300,723366112,723593696,723564206,723580085,723580086,723593696,723364064,723597792,"decoded_payload_last_chip",1,981.128082,981.436762,262,0.000000,-1663.300042,"Decawave DW-8",0.951838,1,12,0x0CB4,0x0CB4,1,"618881F2F00200010000B40C"
1913,723690600,723744582,723972167,723942677,723958555,723958557,723972167,723742534,723976263,"decoded_payload_last_chip",1,981.641414,981.950096,262,0.000000,-1703.991133,"Decawave DW-8",0.951145,1,12,0x8664,0x8664,1,"618882F2F002000100006486"
1914,724069100,724123053,724350637,724321147,724337026,724337027,724350637,724121005,724354733,"decoded_payload_last_chip",1,982.154749,982.463429,262,0.000000,-1673.766153,"Decawave DW-8",0.952024,1,12,0x07DB,0x07DB,1,"618883F2F00200010000DB07"
1915,724447600,724501523,724729107,724699618,724715496,724715498,724729107,724499475,724733203,"decoded_payload_last_chip",1,982.668081,982.976762,262,0.000000,-1669.128424,"Decawave DW-8",0.951879,1,12,0x9BD5,0x9BD5,1,"618884F2F00200010000D59B"
1916,724826000,724879994,725107578,725078089,725093967,725093968,725107578,724877946,725111674,"decoded_payload_last_chip",1,983.181415,983.490096,262,0.000000,-1682.375444,"Decawave DW-8",0.951466,1,12,0x1A6A,0x1A6A,1,"618885F2F002000100006A1A"
1917,725204500,725258465,725486049,725456559,725472437,725472439,725486049,725256417,725490145,"decoded_payload_last_chip",1,983.694750,984.003430,262,0.000000,-1655.760325,"Decawave DW-8",0.951822,1,12,0x90BA,0x90BA,1,"618886F2F00200010000BA90"
1918,725583000,725636935,725864519,725835030,725850908,725850909,725864519,725634887,725868615,"decoded_payload_last_chip",1,984.208082,984.516763,262,0.000000,-1668.414648,"Decawave DW-8",0.951739,1,12,0x1105,0x1105,1,"618887F2F002000100000511"
1919,725961500,726015405,726242990,726213500,726229378,726229380,726242990,726013357,726247086,"decoded_payload_last_chip",1,984.721415,985.030097,262,0.000000,-1674.260412,"Decawave DW-8",0.951282,1,12,0xA0B7,0xA0B7,1,"618888F2F00200010000B7A0"
1920,726339900,726393876,726621460,726591970,726607849,726607850,726621460,726391828,726625556,"decoded_payload_last_chip",1,985.234749,985.543430,262,0.000000,-1676.616449,"Decawave DW-8",0.952508,1,12,0x2108,0x2108,1,"618889F2F002000100000821"
1921,726718400,726772346,726999932,726970442,726986320,726986322,726999932,726770298,727004028,"decoded_payload_last_chip",1,985.748082,986.056765,262,5.525438,-1965.288039,"Decawave DW-8",0.945937,1,12,0xABD8,0xABD8,1,"61888AF2F00200010000D8AB"
1922,727097000,727150817,727378401,727348911,727364790,727364791,727378401,727148769,727382497,"decoded_payload_last_chip",1,986.261416,986.570097,262,0.000000,-1687.599799,"Decawave DW-8",0.951427,1,12,0x2A67,0x2A67,1,"61888BF2F00200010000672A"
1923,727475300,727529287,727756872,727727382,727743260,727743262,727756872,727527239,727760968,"decoded_payload_last_chip",1,986.774749,987.083431,262,0.000000,-1673.921376,"Decawave DW-8",0.951876,1,12,0xB669,0xB669,1,"61888CF2F0020001000069B6"
1924,727853800,727907758,728135342,728105852,728121731,728121732,728135342,727905710,728139438,"decoded_payload_last_chip",1,987.288083,987.596764,262,0.000000,-1662.504517,"Decawave DW-8",0.951866,1,12,0x37D6,0x37D6,1,"61888DF2F00200010000D637"
1925,728232400,728286229,728513813,728484323,728500202,728500203,728513813,728284181,728517909,"decoded_payload_last_chip",1,987.801417,988.110098,262,0.000000,-1689.581109,"Decawave DW-8",0.951904,1,12,0xBD06,0xBD06,1,"61888EF2F0020001000006BD"
1926,728610700,728664699,728892284,728862794,728878672,728878674,728892284,728662651,728896380,"decoded_payload_last_chip",1,988.314750,988.623432,262,0.000000,-1651.186752,"Decawave DW-8",0.951988,1,12,0x3CB9,0x3CB9,1,"61888FF2F00200010000B93C"
1927,728989200,729043170,729270754,729241264,729257143,729257144,729270754,729041122,729274850,"decoded_payload_last_chip",1,988.828084,989.136765,262,0.000000,-1668.993369,"Decawave DW-8",0.951693,1,12,0xD673,0xD673,1,"618890F2F0020001000073D6"
1928,729367700,729421640,729649224,729619735,729635613,729635615,729649224,729419592,729653320,"decoded_payload_last_chip",1,989.341417,989.650098,262,0.000000,-1674.689157,"Decawave DW-8",0.951824,1,12,0x57CC,0x57CC,1,"618891F2F00200010000CC57"
1929,729746300,729800110,730027694,729998205,730014083,730014085,730027694,729798062,730031790,"decoded_payload_last_chip",1,989.854750,990.163430,262,0.000000,-1674.829455,"Decawave DW-8",0.951258,1,12,0xDD1C,0xDD1C,1,"618892F2F002000100001CDD"
1930,730124600,730178581,730406165,730376675,730392554,730392555,730406165,730176533,730410261,"decoded_payload_last_chip",1,990.368084,990.676765,262,0.000000,-1676.274768,"Decawave DW-8",0.952077,1,12,0x5CA3,0x5CA3,1,"618893F2F00200010000A35C"
1931,730503100,730557051,730784636,730755146,730771024,730771026,730784636,730555003,730788732,"decoded_payload_last_chip",1,990.881417,991.190099,262,0.000000,-1656.992166,"Decawave DW-8",0.951970,1,12,0xC0AD,0xC0AD,1,"618894F2F00200010000ADC0"
1932,730881600,730935522,731163106,731133616,731149495,731149496,731163106,730933474,731167202,"decoded_payload_last_chip",1,991.394751,991.703432,262,0.000000,-1660.253124,"Decawave DW-8",0.951545,1,12,0x4112,0x4112,1,"618895F2F002000100001241"
1933,731259500,731313993,731541577,731512087,731527965,731527967,731541577,731311945,731545673,"decoded_payload_last_chip",1,991.908085,992.216766,262,0.000000,-1685.741219,"Decawave DW-8",0.951627,1,12,0xCBC2,0xCBC2,1,"618896F2F00200010000C2CB"
1934,731638500,731692463,731920047,731890558,731906436,731906437,731920047,731690415,731924143,"decoded_payload_last_chip",1,992.421418,992.730098,262,0.000000,-1667.701245,"Decawave DW-8",0.952078,1,12,0x4A7D,0x4A7D,1,"618897F2F002000100007D4A"
1935,732017000,732070934,732298518,732269028,732284906,732284908,732298518,732068886,732302614,"decoded_payload_last_chip",1,992.934752,993.243433,262,0.000000,-1678.775247,"Decawave DW-8",0.951992,1,12,0xFBCF,0xFBCF,1,"618898F2F00200010000CFFB"
1936,732395500,732449404,732676988,732647499,732663377,732663378,732676988,732447356,732681084,"decoded_payload_last_chip",1,993.448085,993.756765,262,0.000000,-1657.286914,"Decawave DW-8",0.952012,1,12,0x7A70,0x7A70,1,"618899F2F00200010000707A"
1937,732773900,732827874,733055458,733025969,733041847,733041849,733055458,732825826,733059554,"decoded_payload_last_chip",1,993.961418,994.270098,262,0.000000,-1663.221177,"Decawave DW-8",0.951558,1,12,0xF0A0,0xF0A0,1,"61889AF2F00200010000A0F0"
1938,733152600,733206345,733433929,733404440,733420318,733420320,733433929,733204297,733438025,"decoded_payload_last_chip",1,994.474752,994.783432,262,0.000000,-1681.323178,"Decawave DW-8",0.951081,1,12,0x711F,0x711F,1,"61889BF2F002000100001F71"
1939,733530900,733584815,733812400,733782910,733798789,733798790,733812400,733582767,733816496,"decoded_payload_last_chip",1,994.988085,995.296766,262,4.222804,-1896.910734,"Decawave DW-8",0.951865,1,12,0xED11,0xED11,1,"61889CF2F0020001000011ED"
1940,733909300,733963286,734190870,734161380,734177259,734177260,734190870,733961238,734194966,"decoded_payload_last_chip",1,995.501419,995.810099,262,0.000000,-1702.259924,"Decawave DW-8",0.951751,1,12,0x6CAE,0x6CAE,1,"61889DF2F00200010000AE6C"
1941,734287800,734341756,734569341,734539851,734555729,734555731,734569341,734339708,734573437,"decoded_payload_last_chip",1,996.014752,996.323433,262,-0.000000,-1661.241866,"Decawave DW-8",0.951743,1,12,0xE67E,0xE67E,1,"61889EF2F002000100007EE6"
1942,734666400,734720227,734947811,734918322,734934200,734934202,734947811,734718179,734951907,"decoded_payload_last_chip",1,996.528086,996.836766,262,0.000000,-1678.375317,"Decawave DW-8",0.951352,1,12,0x67C1,0x67C1,1,"61889FF2F00200010000C167"
1943,735044700,735098697,735326282,735296792,735312671,735312672,735326282,735096649,735330378,"decoded_payload_last_chip",1,997.041418,997.350100,262,2.855483,-1751.048656,"Decawave DW-8",0.952809,1,12,0x3BFB,0x3BFB,1,"6188A0F2F00200010000FB3B"
1944,735423200,735477168,735704752,735675263,735691141,735691143,735704752,735475120,735708848,"decoded_payload_last_chip",1,997.554753,997.863433,262,0.000000,-1662.421025,"Decawave DW-8",0.951460,1,12,0xBA44,0xBA44,1,"6188A1F2F0020001000044BA"
1945,735801700,735855639,736083223,736053733,736069612,736069613,736083223,735853591,736087319,"decoded_payload_last_chip",1,998.068087,998.376767,262,-0.000000,-1663.810268,"Decawave DW-8",0.951873,1,12,0x3094,0x3094,1,"6188A2F2F002000100009430"
1946,736180200,736234109,736461693,736432204,736448082,736448084,736461693,736232061,736465789,"decoded_payload_last_chip",1,998.581420,998.890100,262,0.000000,-1665.881754,"Decawave DW-8",0.951976,1,12,0xB12B,0xB12B,1,"6188A3F2F002000100002BB1"
1947,736558700,736612580,736840164,736810674,736826553,736826554,736840164,736610532,736844260,"decoded_payload_last_chip",1,999.094754,999.403434,262,0.000000,-1698.265618,"Decawave DW-8",0.951600,1,12,0x2D25,0x2D25,1,"6188A4F2F00200010000252D"
