index,window_offset,abs_start_sample,abs_end_sample,time_start_ms,time_end_ms,detected_repetitions,sample_clock_error_ppm,cfo_hz,sfd_name,sfd_correlation,phr_secded_pass,psdu_length_bytes,fcs_received,fcs_calculated,fcs_pass,payload_hex
1,494400,496652,728313,0.673627,0.987838,262,0.000000,-1673.231572,"Decawave DW-8",0.951260,1,12,0x7D8B,0x7D8B,1,"61880CF2F002000100008B7D"
2,976320,978572,1210233,1.327273,1.641484,262,0.000000,-1693.085287,"Decawave DW-8",0.949938,1,12,0xFC34,0xFC34,1,"61880DF2F0020001000034FC"
3,1319616,1319428,1625186,1.789589,2.204300,162,-0.000000,-2730.043786,"Decawave DW-8",0.052272,1,98,0xA23D,0xA2EB,0,"7510E3F35B31865826D0113AF22825707007820AF408DCFCA2315D346FE445B363540867F94B26D3C31520500951C5A299290FC8040DEBC250919C23D69133E454F1EF244C3C69454988982946C39324C248F5791E023923E3938647C35EC5933DA2"
4,2428768,2431020,2662681,3.297282,3.611492,262,0.000000,-1667.928008,"Decawave DW-8",0.950998,1,12,0x9C2E,0x9C2E,1,"618811F2F002000100002E9C"
5,2872672,2874924,3106585,3.899365,4.213576,262,0.000000,-1652.000598,"Decawave DW-8",0.951005,1,12,0x16FE,0x16FE,1,"618812F2F00200010000FE16"
6,3205216,3205028,3482819,4.347097,4.723876,171,0.000000,-762.177005,"Decawave DW-8",0.044473,1,67,0x6992,0xF67A,0,"651303D0D776D3A9DBC96679F363CAAD80C737AAD8952C8381F5CDD225D110B4AFA215BBAD31430AF4CC0F9112ECE400079AAE90FD0DC6C1B9443BF50FFB6F00089269"
7,3495904,3498156,3729817,4.744678,5.058888,262,0.000000,-1694.505794,"Decawave DW-8",0.950029,1,12,0x9741,0x9741,1,"618813F2F002000100004197"
8,4363136,4365388,4597049,5.920936,6.235147,262,0.000000,-1657.776487,"Decawave DW-8",0.950912,1,12,0x0020,0x0020,1,"618816F2F002000100002000"
9,4774336,4773680,5040884,6.474718,6.837137,98,0.000000,-310.641730,"Decawave DW-8",0.023640,1,53,0x92BE,0xAD98,0,"DDEC3857972F8B549961281697D1ACF8DA0CAC4782481B08F214999C096C6125E47A90E6E6D62C2AB8740C9D0C60040AC282CABE92"
10,5886240,5888492,6120153,7.986778,8.300989,262,0.000000,-1659.610704,"Decawave DW-8",0.951573,1,12,0xBAFD,0xBAFD,1,"61881BF2F00200010000FDBA"
11,6490656,6492908,6724569,8.806570,9.120780,262,0.000000,-1659.610639,"Decawave DW-8",0.951574,1,12,0xBAFD,0xBAFD,1,"61881BF2F00200010000FDBA"
12,6830112,6832364,7064025,9.266987,9.581197,262,0.000000,-1666.190568,"Decawave DW-8",0.951175,1,12,0x26F3,0x26F3,1,"61881CF2F00200010000F326"
13,7029600,7029498,7258128,9.534367,9.844466,118,0.000000,-3224.422959,"Decawave DW-8",0.036540,1,8,0x7F43,0x205A,0,"DCC85D037256437F"
14,7218336,7220588,7452249,9.793549,10.107760,262,0.000000,-1671.012286,"Decawave DW-8",0.950588,1,12,0xA74C,0xA74C,1,"61881DF2F002000100004CA7"
15,7408768,7411020,7642681,10.051839,10.366050,262,0.000000,-1661.012193,"Decawave DW-8",0.951538,1,12,0xF019,0xF019,1,"618820F2F0020001000019F0"
16,7778592,7778186,8028374,10.549840,10.889179,129,0.000000,-940.743345,"Decawave DW-8",0.038516,0,63,0x0000,0x0000,0,""
17,8522560,8522372,8772560,11.559207,11.898546,146,0.000000,-2976.447631,"Decawave DW-8",0.029605,0,106,0x0000,0x0000,0,""
18,8913984,8913598,9243566,12.089841,12.537389,129,0.000000,-2938.940948,"Decawave DW-8",0.030446,1,124,0xC041,0x6095,0,"61098A1B7D5AA08D19B1908D222D26A3C2C8A44E0485F033079CB739E70ECE70D6CD13958DB49B05D201056880962B8A75F0CCA551C90E85361AAF688ADC1E156C46231798A357ECD0EA121B9FDD202B4BA4325E1BEF6E7769D050958850728846CE5397366773A2F0994198CA7C4CF4C0636F73695B2A4B151441C0"
19,9292480,9292068,9542256,12.603174,12.942513,129,-0.000000,-3469.119823,"Decawave DW-8",0.020792,0,10,0x0000,0x0000,0,""
20,9638464,9638276,9902445,13.072748,13.431051,172,0.000000,-761.594448,"Decawave DW-8",0.031408,1,49,0x3511,0x15ED,0,"CA98CE2AD5B4AE50012486348293404012D82C33FBC0C5698D4279021B00264494803D39FFA114764FB27D2038092D1135"
21,10796384,10796196,11098193,14.643278,15.052888,142,0.000000,-2651.706953,"Decawave DW-8",0.044243,1,93,0xD053,0x23B1,0,"8D72BDC2BD41985A91905C179F72BB5808663978CE99400F482BE5728846B28A5E9B19F2E1B54AAA2189ED05CCB3B70919D283FE5E094CA4C4A45EB8901A8E260F23C01A06E0B2D5CCF1FDCE35F83BBCA203C4CE86FC0F0251455853D0"
22,11193536,11193424,11428117,15.182053,15.500376,117,0.000000,543.070681,"Decawave DW-8",0.045814,1,16,0x5360,0x5127,0,"E262C2B546FEC5938F4280BB38236053"
23,11563296,11565548,11797209,15.686778,16.000989,262,0.000000,-1681.582626,"Decawave DW-8",0.950431,1,12,0xD6CA,0xD6CA,1,"61882AF2F00200010000CAD6"
24,12334176,12334087,12584275,16.729176,17.068515,110,-0.000000,-3535.534707,"Decawave DW-8",0.028078,0,4,0x0000,0x0000,0,""
25,13455648,13455243,13705431,18.249841,18.589181,129,0.000000,-2969.151885,"Decawave DW-8",0.037159,0,127,0x0000,0x0000,0,""
26,13693600,13695852,13927513,18.576188,18.890398,262,0.000000,-1670.485392,"Decawave DW-8",0.951240,1,12,0xAB61,0xAB61,1,"618830F2F0020001000061AB"
27,14226528,14226439,14476627,19.295843,19.635182,110,-0.000000,-2679.716789,"Decawave DW-8",0.036545,0,4,0x0000,0x0000,0,""
28,14907040,14906852,15193727,20.218712,20.607811,212,0.000000,-2257.133762,"Decawave DW-8",0.029328,1,79,0x5CE7,0x0F62,0,"342C743968911C497A404CAD36E4E061EE4E4E5884B61C0B476754868BCB04B72BF918C17AEB70973F8415A47C85266CB5505E58F31959A0888C740D5427920E3B2D264485441165A5545A6322E75C"
29,15246496,15247809,15479471,20.681165,20.995376,262,0.000000,-1646.288286,"Decawave DW-8",0.951537,1,12,0xA00E,0xA00E,1,"618832F2F002000100000EA0"
30,15740416,15740321,16011305,21.349177,21.716722,110,0.000000,-5052.301864,"Decawave DW-8",0.046772,1,58,0x056C,0x4055,0,"8711E2311554B2724264ECEA07B3B5107AFC476A3403369928BC3538A009B201FA2473964D8C05B6D77558600768800C3BF4B185A8E24C0D6C05"
31,16979136,16981388,17213049,23.032482,23.346692,262,0.000000,-1680.528066,"Decawave DW-8",0.951202,1,12,0x0762,0x0762,1,"618839F2F002000100006207"
32,17240352,17242603,17474264,23.386777,23.700987,262,-0.000000,-1680.528089,"Decawave DW-8",0.951202,1,12,0x0762,0x0762,1,"618839F2F002000100006207"
33,18378048,18377611,18627799,24.926230,25.265569,126,0.000000,-927.741194,"Decawave DW-8",0.032462,0,63,0x0000,0x0000,0,""
34,18754240,18756492,18988153,25.440120,25.754331,262,0.000000,-1655.611456,"Decawave DW-8",0.950903,1,12,0x9B6C,0x9B6C,1,"61883EF2F002000100006C9B"
35,19108480,19110732,19342393,25.920589,26.234800,262,0.000000,-1655.611427,"Decawave DW-8",0.950903,1,12,0x9B6C,0x9B6C,1,"61883EF2F002000100006C9B"
36,19350400,19352652,19584313,26.248714,26.562925,262,0.000000,-1655.611467,"Decawave DW-8",0.950903,1,12,0x9B6C,0x9B6C,1,"61883EF2F002000100006C9B"
37,19836160,19835972,20112239,26.904259,27.278970,200,0.000000,-1387.712414,"Decawave DW-8",0.021013,1,65,0x20E7,0x19F8,0,"308E09DC48C3484BB120F80C6011B1CEA080476C11FD38D2B278126D6CCA789890BC19E7B5FA072DCB36BD04C913230D466809961CE8F79B8CE023C5BFAD44E720"
38,20078080,20080332,20311993,27.235693,27.549904,262,0.000000,-1674.765422,"Decawave DW-8",0.951058,1,12,0x1AD3,0x1AD3,1,"61883FF2F00200010000D31A"
39,20466304,20468555,20700216,27.762255,28.076465,262,-0.000000,-1663.371101,"Decawave DW-8",0.950864,1,12,0x2318,0x2318,1,"618840F2F002000100001823"
40,20854528,20856780,21088441,28.288818,28.603029,262,0.000000,-1655.306478,"Decawave DW-8",0.951319,1,12,0xA2A7,0xA2A7,1,"618841F2F00200010000A7A2"
41,21242752,21245004,21476665,28.815381,29.129591,262,0.000000,-1660.577056,"Decawave DW-8",0.951184,1,12,0x2877,0x2877,1,"618842F2F002000100007728"
42,22109984,22109796,22359985,29.988330,30.327671,196,0.000000,-2592.697100,"Decawave DW-8",0.032271,0,46,0x0000,0x0000,0,""
43,22449440,22449252,22699440,30.448747,30.788086,248,0.000000,-2080.248384,"Decawave DW-8",0.017774,0,100,0x0000,0x0000,0,""
44,25007200,25009452,25241113,33.921240,34.235451,262,0.000000,-1667.429013,"Decawave DW-8",0.951088,1,12,0x99C5,0x99C5,1,"61884DF2F00200010000C599"
45,25198432,25200684,25432345,34.180615,34.494826,262,0.000000,-1667.429004,"Decawave DW-8",0.951088,1,12,0x99C5,0x99C5,1,"61884DF2F00200010000C599"
46,25395424,25397676,25629337,34.447803,34.762013,262,0.000000,-1667.428951,"Decawave DW-8",0.951089,1,12,0x99C5,0x99C5,1,"61884DF2F00200010000C599"
47,25832416,25834668,26066329,35.040511,35.354721,262,0.000000,-1653.380563,"Decawave DW-8",0.951048,1,12,0x1315,0x1315,1,"61884EF2F002000100001513"
48,26560096,26562348,26794009,36.027490,36.341701,262,0.000000,-1660.780925,"Decawave DW-8",0.951232,1,12,0x7860,0x7860,1,"618850F2F002000100006078"
49,27094784,27097036,27328697,36.752707,37.066918,262,0.000000,-1689.816329,"Decawave DW-8",0.950826,1,12,0x730F,0x730F,1,"618852F2F002000100000F73"
50,27766784,27766596,28065560,37.660856,38.066352,223,0.000000,-1888.365556,"Decawave DW-8",0.034399,1,89,0xE69A,0x0D49,0,"1C0E2BC5C32D587C81A3331308F26F7810A21526CA377CDF7BCC2A33359F3267A555621B8500CF66877397A790B800D139F0AAFAB20AA3360F0A04A7D3EB75AB8FC798762C04AC85C989724F54A122932C87250681D59D9AE6"
51,28057472,28059724,28291385,38.058436,38.372647,262,0.000000,-1701.900726,"Decawave DW-8",0.950628,1,12,0x6EBE,0x6EBE,1,"618854F2F00200010000BE6E"
52,28585248,28587500,28819161,38.774278,39.088489,262,0.000000,-1673.116561,"Decawave DW-8",0.950705,1,12,0xE46E,0xE46E,1,"618857F2F002000100006EE4"
53,29701152,29700964,29952285,40.284511,40.625387,167,0.000000,-2650.823181,"Decawave DW-8",0.027940,1,38,0x1777,0x7C7B,0,"D431A8BC5164D140D4C6C70CCA2899C64FC300E3AF9F3D525E2F99201D0CA5C2C08751267717"
54,30324544,30326796,30558457,41.133350,41.447560,262,0.000000,-1677.055635,"Decawave DW-8",0.949969,1,12,0xC2BD,0xC2BD,1,"61885DF2F00200010000BDC2"
55,30712768,30715020,30946681,41.659912,41.974122,262,0.000000,-1668.049688,"Decawave DW-8",0.950873,1,12,0x486D,0x486D,1,"61885EF2F002000100006D48"
56,31100992,31103243,31334904,42.186473,42.500684,262,-0.000000,-1668.049655,"Decawave DW-8",0.950874,1,12,0x486D,0x486D,1,"61885EF2F002000100006D48"
57,31440448,31442700,31674361,42.646891,42.961102,262,0.000000,-1677.055600,"Decawave DW-8",0.949970,1,12,0xC2BD,0xC2BD,1,"61885DF2F00200010000BDC2"
58,32000704,32000298,32250486,43.403182,43.742521,129,0.000000,-3442.655971,"Decawave DW-8",0.045330,0,104,0x0000,0x0000,0,""
59,32744672,32746924,32978585,44.415858,44.730069,262,0.000000,-1662.886073,"Decawave DW-8",0.951182,1,12,0x9E87,0x9E87,1,"618862F2F00200010000879E"
60,33136096,33135709,33385897,44.943182,45.282521,129,0.000000,559.643056,"Decawave DW-8",0.035722,0,18,0x0000,0x0000,0,""
61,33514592,33514180,33764368,45.456516,45.795855,129,-0.000000,-3429.390756,"Decawave DW-8",0.048102,0,72,0x0000,0x0000,0,""
62,33763040,33765292,33996953,45.797108,46.111319,262,0.000000,-1685.466851,"Decawave DW-8",0.950762,1,12,0x1F38,0x1F38,1,"618863F2F00200010000381F"
63,34102496,34104748,34336409,46.257525,46.571735,262,0.000000,-1702.203687,"Decawave DW-8",0.950958,1,12,0x8336,0x8336,1,"618864F2F002000100003683"
64,34637024,34636836,34887024,46.979215,47.318555,146,0.000000,-2256.026859,"Decawave DW-8",0.040711,0,57,0x0000,0x0000,0,""
65,35018496,35020748,35252409,47.499929,47.814140,262,0.000000,-1676.131391,"Decawave DW-8",0.951607,1,12,0xB854,0xB854,1,"618868F2F0020001000054B8"
66,35785408,35787660,36019321,48.540120,48.854331,262,0.000000,-1673.532277,"Decawave DW-8",0.950376,1,12,0x3284,0x3284,1,"61886BF2F002000100008432"
67,36515872,36518123,36749784,49.530874,49.845085,262,-0.000000,-1673.532260,"Decawave DW-8",0.950377,1,12,0x3284,0x3284,1,"61886BF2F002000100008432"
68,36757792,36760043,36991704,49.858999,50.173210,262,-0.000000,-1673.532224,"Decawave DW-8",0.950377,1,12,0x3284,0x3284,1,"61886BF2F002000100008432"
69,37307968,37307888,37558076,50.602062,50.941401,117,0.000000,-3896.970583,"Decawave DW-8",0.048770,0,124,0x0000,0x0000,0,""
70,37677760,37677355,37945308,51.103183,51.466618,129,0.000000,-3479.025018,"Decawave DW-8",0.028746,1,54,0xC61E,0x6C35,0,"9F826CE4994861088660A33A8D04C485E7801A8E06DE6C7E225AD7AE7D6926C7F8E4101FE3050144805E52ABDF288A05713FFBCE1EC6"
71,39031616,39033868,39265529,52.943072,53.257282,262,0.000000,-1668.330163,"Decawave DW-8",0.951236,1,12,0x4F2F,0x4F2F,1,"618871F2F002000100002F4F"
72,39371072,39373323,39604984,53.403487,53.717697,262,-0.000000,-1646.090038,"Decawave DW-8",0.951662,1,12,0xC5FF,0xC5FF,1,"618872F2F00200010000FFC5"
73,39808064,39810316,40041977,53.996197,54.310407,262,0.000000,-1637.905984,"Decawave DW-8",0.951266,1,12,0x4440,0x4440,1,"618873F2F002000100004044"
74,41462464,41464716,41696377,56.240120,56.554331,262,0.000000,-1650.449769,"Decawave DW-8",0.951210,1,12,0xE843,0xE843,1,"61887AF2F0020001000043E8"
75,42600160,42599723,42849911,57.779572,58.118911,126,0.000000,204.397366,"Decawave DW-8",0.044918,0,15,0x0000,0x0000,0,""
76,43354816,43354413,43604601,58.803186,59.142525,129,0.000000,-2919.379313,"Decawave DW-8",0.025775,0,76,0x0000,0x0000,0,""
77,43572512,43574764,43806425,59.102056,59.416267,262,0.000000,-1635.855230,"Decawave DW-8",0.951312,1,12,0x7F22,0x7F22,1,"61887FF2F00200010000227F"
78,44058272,44060524,44292185,59.760910,60.075121,262,0.000000,-1635.855272,"Decawave DW-8",0.951311,1,12,0x7F22,0x7F22,1,"61887FF2F00200010000227F"
79,44300192,44302444,44534105,60.089035,60.403246,262,0.000000,-1635.855216,"Decawave DW-8",0.951312,1,12,0x7F22,0x7F22,1,"61887FF2F00200010000227F"
80,44492512,44492075,44736602,60.346239,60.677900,126,0.000000,-2424.066974,"Decawave DW-8",0.033223,1,29,0x6AF9,0xFB8F,0,"0447A22C4E59B7933D7B89E98A4C243800980F2431E960D4F20BBEF96A"
81,44688416,44690667,44922328,60.615597,60.929807,262,-0.000000,-1673.623444,"Decawave DW-8",0.950770,1,12,0x8D0B,0x8D0B,1,"618880F2F002000100000B8D"
82,45076640,45078892,45310553,61.142160,61.456371,262,0.000000,-1687.445739,"Decawave DW-8",0.951699,1,12,0x0CB4,0x0CB4,1,"618881F2F00200010000B40C"
83,45464864,45467116,45698777,61.668723,61.982933,262,0.000000,-1654.079829,"Decawave DW-8",0.951753,1,12,0x8664,0x8664,1,"618882F2F002000100006486"
84,46234560,46236812,46468473,62.712690,63.026900,262,0.000000,-1665.619239,"Decawave DW-8",0.951009,1,12,0x9BD5,0x9BD5,1,"618884F2F00200010000D59B"
85,46622784,46625036,46856697,63.239252,63.553463,262,0.000000,-1689.040941,"Decawave DW-8",0.950072,1,12,0x1A6A,0x1A6A,1,"618885F2F002000100006A1A"
86,47139520,47141772,47373433,63.940120,64.254331,262,0.000000,-1668.998853,"Decawave DW-8",0.951370,1,12,0x2108,0x2108,1,"618889F2F002000100000821"
87,47527456,47529708,47761369,64.466292,64.780503,262,0.000000,-1684.553418,"Decawave DW-8",0.950559,1,12,0xABD8,0xABD8,1,"61888AF2F00200010000D8AB"
88,47913024,47912565,48162753,64.985575,65.324915,107,0.000000,-4499.382157,"Decawave DW-8",0.030547,0,68,0x0000,0x0000,0,""
89,49031872,49031470,49295660,66.503187,66.861518,129,-0.000000,133.619949,"Decawave DW-8",0.028032,1,49,0xFB5F,0x68B2,0,"CD742F4B270E705372CAF9ED3BCEF70412887D1CC623ADA811A303318904DA16706AC0476BA29431216E81E5D890945FFB"
90,49420544,49422796,49654457,67.033957,67.348168,262,0.000000,-1645.365785,"Decawave DW-8",0.950614,1,12,0xBD06,0xBD06,1,"61888EF2F0020001000006BD"
91,49763840,49766092,49997753,67.499582,67.813793,262,0.000000,-1645.365829,"Decawave DW-8",0.950614,1,12,0xBD06,0xBD06,1,"61888EF2F0020001000006BD"
92,50054528,50056780,50288441,67.893853,68.208063,262,0.000000,-1645.365795,"Decawave DW-8",0.950614,1,12,0xBD06,0xBD06,1,"61888EF2F0020001000006BD"
93,50393984,50396235,50627896,68.354268,68.668479,262,-0.000000,-1689.832075,"Decawave DW-8",0.950563,1,12,0x3CB9,0x3CB9,1,"61888FF2F00200010000B93C"
94,50782208,50784460,51016121,68.880832,69.195043,262,0.000000,-1676.214167,"Decawave DW-8",0.950425,1,12,0xD673,0xD673,1,"618890F2F0020001000073D6"
95,51316896,51319148,51550809,69.606049,69.920260,262,0.000000,-1664.038961,"Decawave DW-8",0.950556,1,12,0x5CA3,0x5CA3,1,"618893F2F00200010000A35C"
96,51600672,51602924,51834585,69.990945,70.305155,262,0.000000,-1664.039021,"Decawave DW-8",0.950555,1,12,0x5CA3,0x5CA3,1,"618893F2F00200010000A35C"
97,51988896,51988708,52238896,70.514198,70.853537,223,0.000000,-2312.560673,"Decawave DW-8",0.035309,0,40,0x0000,0x0000,0,""
98,52328352,52330604,52562265,70.977924,71.292135,262,0.000000,-1687.512051,"Decawave DW-8",0.950520,1,12,0xC0AD,0xC0AD,1,"618894F2F00200010000ADC0"
99,52807360,52809612,53041273,71.627620,71.941831,262,0.000000,-1657.446563,"Decawave DW-8",0.950357,1,12,0xFBCF,0xFBCF,1,"618898F2F00200010000CFFB"
100,53007264,53009516,53241177,71.898758,72.212968,262,0.000000,-1678.113846,"Decawave DW-8",0.950776,1,12,0xCBC2,0xCBC2,1,"618896F2F00200010000C2CB"
101,53444256,53446508,53678169,72.491466,72.805676,262,0.000000,-1689.004850,"Decawave DW-8",0.951142,1,12,0x4A7D,0x4A7D,1,"618897F2F002000100007D4A"
102,53708224,53710475,53942136,72.849494,73.163704,262,-0.000000,-1657.446510,"Decawave DW-8",0.950357,1,12,0xFBCF,0xFBCF,1,"618898F2F00200010000CFFB"
103,55264928,55267180,55498841,74.960910,75.275121,262,0.000000,-1678.251117,"Decawave DW-8",0.950609,1,12,0x6CAE,0x6CAE,1,"61889DF2F00200010000AE6C"
104,55662560,55664812,55896473,75.500233,75.814444,262,0.000000,-1678.251014,"Decawave DW-8",0.950610,1,12,0x6CAE,0x6CAE,1,"61889DF2F00200010000AE6C"
105,56222816,56225068,56456729,76.260129,76.574339,262,0.000000,-1687.071282,"Decawave DW-8",0.951044,1,12,0x67C1,0x67C1,1,"61889FF2F00200010000C167"
106,56439008,56441260,56672921,76.553358,76.867569,262,0.000000,-1687.071266,"Decawave DW-8",0.951045,1,12,0x67C1,0x67C1,1,"61889FF2F00200010000C167"
107,56966784,56969036,57200697,77.269200,77.583411,262,0.000000,-1677.809669,"Decawave DW-8",0.950199,1,12,0x3094,0x3094,1,"6188A2F2F002000100009430"
108,57358208,57357821,57641661,77.796524,78.181506,129,0.000000,-3453.107683,"Decawave DW-8",0.035815,1,75,0x7176,0x70E2,0,"E9E0D881AB18973AB1861ED229E9FA20E4D414D3EDE45615D69784048660D96141D4226E0118A416EC00A89CF1489308158E9079D45C3519E3419ECA95E6595133D929E543FE0CF1307671"
109,57645696,57645508,57967902,78.186724,78.623999,250,-0.000000,-1840.868986,"Decawave DW-8",0.033044,1,120,0x3040,0x91D0,0,"725028580611BAE3C2A22E4464CC6E155F318C465784859626301341E58415F44D06AAA613D195C5D9CCF8BD929069A758FBC1263CB3469110A9789C54A7A27553AC22F4B5963214811C997C3066906402288E7B5D24952A56B231F4D38D9C0F4719404A5AE20527020C4AF631942534F4CF0410475B4030"
110,57936384,57938636,58170297,78.584304,78.898515,262,0.000000,-1673.911985,"Decawave DW-8",0.951294,1,12,0xB12B,0xB12B,1,"6188A3F2F002000100002BB1"
111,58422144,58421956,58672144,79.239849,79.579188,224,-0.000000,-2171.353726,"Decawave DW-8",0.027849,0,32,0x0000,0x0000,0,""
112,58859136,58858948,59121605,79.832558,80.188809,146,0.000000,-723.810921,"Decawave DW-8",0.035052,1,47,0x1C71,0xF821,0,"2F04C418B1F03AC8010247429E36A3B1121A76645A2B00DFDA4EBFB1E352081900E9593E3212540FE27D764999711C"
113,59240608,59242859,59474520,80.353270,80.667480,262,-0.000000,-1688.685684,"Decawave DW-8",0.951187,1,12,0x97F8,0x97F8,1,"6188A9F2F00200010000F897"
114,61530080,61530000,61780188,83.455404,83.794743,117,0.000000,-3918.195129,"Decawave DW-8",0.022445,0,104,0x0000,0x0000,0,""
115,61899872,61899467,62149655,83.956525,84.295865,129,0.000000,-3426.236778,"Decawave DW-8",0.027205,0,16,0x0000,0x0000,0,""
116,63351264,63351076,63621315,85.925396,86.291931,212,0.000000,-1085.677182,"Decawave DW-8",0.036064,1,57,0x3E64,0xE3C8,0,"72E5B494640265C4C3B042885833939A60448FA4E2CD1225D89806095641A1555BC556E170B2EBF29FD6459B766A4D48915B03AAFD744A643E"
117,63641952,63644204,63875865,86.322976,86.637187,262,0.000000,-1660.021152,"Decawave DW-8",0.950747,1,12,0x6BEC,0x6BEC,1,"6188B2F2F00200010000EC6B"
118,64127712,64127524,64377712,86.978521,87.317860,186,0.000000,-1170.147073,"Decawave DW-8",0.025631,0,80,0x0000,0x0000,0,""
119,64467168,64466980,64728132,87.438938,87.793148,238,-0.000000,-1469.727296,"Decawave DW-8",0.040362,1,45,0x2561,0xDCC8,0,"0064BD1191B4C4575EA97A3A23D8B2B781BC6E22A61ACA075436B00B4B5130AFA420876EAF6A2DAB041EC36125"
120,65673856,65673668,65898514,89.075613,89.380580,143,-0.000000,-3457.137139,"Decawave DW-8",0.032622,1,3,0x2812,0xF59F,0,"D21228"
121,66822272,66824523,67056184,90.636560,90.950770,262,-0.000000,-1658.185866,"Decawave DW-8",0.950263,1,12,0xC7EF,0xC7EF,1,"6188BBF2F00200010000EFC7"
122,67576928,67576525,67859598,91.656528,92.040470,129,0.000000,-2371.620059,"Decawave DW-8",0.038318,1,74,0xD9F0,0xEAAA,0,"449744730739EBDCB8D55A83A94F069EA116E1CDE614BCBCCAA2530996E6E7148AADC642AF00FEF204BD5CAEEEEF4AFF80E06BA96D5616E27CA894B568784A13D385E32696A94A39F0D9"
123,68182848,68185100,68416761,92.481961,92.796171,262,0.000000,-1680.091435,"Decawave DW-8",0.950953,1,12,0x6945,0x6945,1,"6188C1F2F002000100004569"
124,68522304,68524556,68756217,92.942377,93.256588,262,0.000000,-1680.727984,"Decawave DW-8",0.951704,1,12,0xE395,0xE395,1,"6188C2F2F0020001000095E3"
125,68714624,68714187,69017696,93.199581,93.611241,126,0.000000,239.630328,"Decawave DW-8",0.039378,1,95,0x2DB9,0x7515,0,"4AA36E761F2B949B5DE91DFA833235D29F4FD7210A661154203B9DBC3661FD5B6D221B55D59453DA3C664C8DF7AB29BCD65C68C2185B2360921272C37FE12668702551F425D9670108CBE46611826ABB2B1216E64FBA47221150185620B92D"
126,69090816,69093068,69324729,93.713471,94.027681,262,0.000000,-1680.727949,"Decawave DW-8",0.951705,1,12,0xE395,0xE395,1,"6188C2F2F0020001000095E3"
127,69298752,69301004,69532665,93.995502,94.309713,262,0.000000,-1680.091394,"Decawave DW-8",0.950953,1,12,0x6945,0x6945,1,"6188C1F2F002000100004569"
128,69686976,69689228,69920889,94.522065,94.836275,262,0.000000,-1680.727994,"Decawave DW-8",0.951704,1,12,0xE395,0xE395,1,"6188C2F2F0020001000095E3"
129,70172736,70172548,70441260,95.177610,95.542074,200,0.000000,-1953.491250,"Decawave DW-8",0.026124,1,55,0x5AD3,0xB6F8,0,"990AF1DC81C56E4873166231A1F969269411983947AB5CEB91E86DA55CF8E0B832C50CF36988EB94421441C63F0B4354822FF05D6DD35A"
130,71572576,71574828,71806489,97.079574,97.393784,262,0.000000,-1642.181299,"Decawave DW-8",0.951392,1,12,0x74F4,0x74F4,1,"6188C7F2F00200010000F474"
131,72136640,72138892,72370553,97.844634,98.158845,262,0.000000,-1673.477296,"Decawave DW-8",0.950417,1,12,0xCE29,0xCE29,1,"6188CAF2F0020001000029CE"
132,73253984,73253582,73559362,99.356529,99.771270,129,-0.000000,-2405.536857,"Decawave DW-8",0.031619,1,98,0xC718,0x7024,0,"95C35C83B20AD19868F8403A9D09D5434645382408A3804414EDCEBCFD1D1D72199754FC5728557FCA1A2E151EC5DE786635E74858C700B202C6325A58A0462970FD9203CBF5E781F3CF6C49429176BB76F200CE464440D710171B03D9AE217418C7"
133,73642656,73644908,73876569,99.887299,100.201510,262,0.000000,-1673.799372,"Decawave DW-8",0.950594,1,12,0x5948,0x5948,1,"6188CFF2F002000100004859"
134,73888416,73890668,74122329,100.220633,100.534843,262,0.000000,-1673.799334,"Decawave DW-8",0.950595,1,12,0x5948,0x5948,1,"6188CFF2F002000100004859"
135,74391648,74393900,74625561,100.903185,101.217395,262,0.000000,-1673.799371,"Decawave DW-8",0.950594,1,12,0x5948,0x5948,1,"6188CFF2F002000100004859"
136,75004320,75006572,75238233,101.734174,102.048385,262,0.000000,-1688.596423,"Decawave DW-8",0.950730,1,12,0xB382,0xB382,1,"6188D0F2F0020001000082B3"
137,75343776,75346028,75577689,102.194591,102.508801,262,0.000000,-1669.881335,"Decawave DW-8",0.951021,1,12,0x323D,0x323D,1,"6188D1F2F002000100003D32"
138,75539008,75541260,75772921,102.459391,102.773602,262,0.000000,-1666.922554,"Decawave DW-8",0.951188,1,12,0xA55C,0xA55C,1,"6188D4F2F002000100005CA5"
139,76648000,76647812,76898001,103.960248,104.299589,145,0.000000,-3024.129517,"Decawave DW-8",0.034269,0,108,0x0000,0x0000,0,""
140,76987456,76987268,77237456,104.420665,104.760004,197,-0.000000,-1934.433439,"Decawave DW-8",0.029847,0,83,0x0000,0x0000,0,""
141,77278144,77280396,77512057,104.818245,105.132456,262,0.000000,-1690.910315,"Decawave DW-8",0.951235,1,12,0xAE33,0xAE33,1,"6188D6F2F0020001000033AE"
142,78775520,78777772,79009433,106.849192,107.163402,262,0.000000,-1692.518768,"Decawave DW-8",0.951475,1,12,0x9551,0x9551,1,"6188DAF2F002000100005195"
143,80444928,80447179,80678840,109.113470,109.427680,262,-0.000000,-1705.830720,"Decawave DW-8",0.950702,1,12,0x5E0A,0x5E0A,1,"6188E0F2F002000100000A5E"
144,80661120,80663372,80895033,109.406700,109.720911,262,0.000000,-1665.183528,"Decawave DW-8",0.951556,1,12,0x0230,0x0230,1,"6188DFF2F002000100003002"
145,81220320,81220220,81479096,110.161974,110.513097,104,-0.000000,-3784.397272,"Decawave DW-8",0.033101,1,42,0xA1B1,0x6324,0,"488A0D16CB6511A8E22DA82234DBFF0413B44016ADC92411B8024282063847DEC467A3668C839012B1A1"
146,81580320,81579933,81830121,110.649866,110.989205,129,0.000000,-2344.164257,"Decawave DW-8",0.026259,0,75,0x0000,0x0000,0,""
147,81819040,81821292,82052953,110.977230,111.291440,262,0.000000,-1685.554132,"Decawave DW-8",0.949662,1,12,0xD4DA,0xD4DA,1,"6188E3F2F00200010000DAD4"
148,82546720,82548972,82780633,111.964209,112.278419,262,0.000000,-1666.538050,"Decawave DW-8",0.951299,1,12,0x48D4,0x48D4,1,"6188E4F2F00200010000D448"
149,83081248,83081060,83331248,112.685900,113.025239,146,0.000000,-2189.993482,"Decawave DW-8",0.034420,0,20,0x0000,0x0000,0,""
150,83851168,83850756,84100944,113.729867,114.069206,129,-0.000000,-2926.172349,"Decawave DW-8",0.024184,0,51,0x0000,0x0000,0,""
151,85766208,85768459,86000120,116.330918,116.645128,262,-0.000000,-1691.175839,"Decawave DW-8",0.950981,1,12,0xE4D7,0xE4D7,1,"6188EDF2F00200010000D7E4"
152,86121984,86121579,86371767,116.809867,117.149207,129,0.000000,-1036.138854,"Decawave DW-8",0.026734,0,64,0x0000,0x0000,0,""
153,86706144,86708396,86940057,117.605789,117.919999,262,0.000000,-1688.811398,"Decawave DW-8",0.950536,1,12,0xEFB8,0xEFB8,1,"6188EFF2F00200010000B8EF"
154,87644544,87644464,87894652,118.875412,119.214752,117,0.000000,-3914.989353,"Decawave DW-8",0.023716,0,43,0x0000,0x0000,0,""
155,87864064,87866316,88097977,119.176318,119.490529,262,0.000000,-1650.224184,"Decawave DW-8",0.950662,1,12,0x0E1D,0x0E1D,1,"6188F2F2F002000100001D0E"
156,88301056,88300868,88611169,119.765717,120.186590,251,0.000000,-1295.952983,"Decawave DW-8",0.038009,1,104,0x5A74,0xE575,0,"05932912BF02EE3492136923315B83114EB12A0DE0910D5147432C5ECB10B1393908A21066B8222A79424D6610649075A7109259FF8E0EBD76282DB7A8C0830E17262518CA097C372CB54A026C2C65B612CE820C1271B402EB0A9162D02C5D093C09E0D469E5745A"
157,88689280,88689092,88939280,120.292280,120.631619,238,-0.000000,-2123.768059,"Decawave DW-8",0.040573,0,121,0x0000,0x0000,0,""
158,89536160,89538411,89770072,121.444242,121.758453,262,-0.000000,-1683.333234,"Decawave DW-8",0.950447,1,12,0x997C,0x997C,1,"6188F7F2F002000100007C99"
159,89895968,89895780,90174325,121.928955,122.306756,143,-0.000000,-2224.802119,"Decawave DW-8",0.024810,1,68,0x6A44,0xB899,0,"1969ABC441C400BAC486D3061DA978C649D670475510873C1195D5C4A67CCF86346B9BF1998BD007C0029242D7F2419710F0D354879DC0F06636385D67F7A846B13A446A"
160,91044384,91046635,91278296,123.489902,123.804112,262,-0.000000,-1663.174218,"Decawave DW-8",0.950850,1,12,0x3E10,0x3E10,1,"6188FCF2F00200010000103E"
161,91799040,91798637,92048825,124.509870,124.849209,129,0.000000,50.709999,"Decawave DW-8",0.038741,0,53,0x0000,0x0000,0,""
162,92552928,92552576,92837937,125.532465,125.919511,133,0.000000,-2351.804582,"Decawave DW-8",0.025028,1,77,0xD6AC,0xD2D7,0,"CEB609109982B2AC53ADC7B4405716BEA753BD2870674E23668230641279C03CE4BD2620DD701E477263B70DCDA0DD56D22B26E0D69A7185185CCE2AD9C154290DEAFA2F849634E0C40B60ACD6"
163,92936736,92936299,93186487,126.052923,126.392262,126,0.000000,-883.054730,"Decawave DW-8",0.027200,0,7,0x0000,0x0000,0,""
164,93312928,93315180,93546841,126.566813,126.881023,262,0.000000,-1668.717537,"Decawave DW-8",0.950521,1,12,0xC756,0xC756,1,"618801F2F0020001000056C7"
165,93520864,93523116,93754777,126.848844,127.163055,262,0.000000,-1668.717439,"Decawave DW-8",0.950522,1,12,0xC756,0xC756,1,"618801F2F0020001000056C7"
166,93909088,93911340,94143001,127.375407,127.689617,262,0.000000,-1669.881795,"Decawave DW-8",0.950591,1,12,0x4D86,0x4D86,1,"618802F2F00200010000864D"
167,94297312,94299564,94531225,127.901969,128.216180,262,0.000000,-1681.392500,"Decawave DW-8",0.950824,1,12,0xCC39,0xCC39,1,"618803F2F0020001000039CC"
168,95205280,95204871,95455059,129.129871,129.469210,129,0.000000,-961.454210,"Decawave DW-8",0.033091,0,43,0x0000,0x0000,0,""
169,96340704,96342956,96574617,130.673497,130.987708,262,0.000000,-1649.287850,"Decawave DW-8",0.951810,1,12,0xE185,0xE185,1,"61880BF2F0020001000085E1"
170,96766752,96769004,97000665,131.251362,131.565572,262,0.000000,-1649.287750,"Decawave DW-8",0.951811,1,12,0xE185,0xE185,1,"61880BF2F0020001000085E1"
171,97476096,97475694,97739107,132.209871,132.567148,129,-0.000000,149.839837,"Decawave DW-8",0.032538,1,48,0x2A34,0x7143,0,"9D2A51B1841572C3EDB16B3159175C9A4B69E0BED464AE0B00A0EDEFCA8ADC1626AEBE9DFE62003CF10004D0A4D7342A"
172,98613760,98616012,98847673,133.756527,134.070737,262,0.000000,-1696.947771,"Decawave DW-8",0.950386,1,12,0x1D91,0x1D91,1,"618810F2F00200010000911D"
173,98935744,98937996,99169657,134.193245,134.507456,262,0.000000,-1696.947851,"Decawave DW-8",0.950385,1,12,0x1D91,0x1D91,1,"618810F2F00200010000911D"
174,99226432,99228684,99460345,134.587516,134.901727,262,0.000000,-1696.947813,"Decawave DW-8",0.950386,1,12,0x1D91,0x1D91,1,"618810F2F00200010000911D"
175,99565888,99568140,99799801,135.047933,135.362143,262,0.000000,-1668.044101,"Decawave DW-8",0.950848,1,12,0x9C2E,0x9C2E,1,"618811F2F002000100002E9C"
176,99954112,99956364,100188025,135.574495,135.888706,262,0.000000,-1691.940886,"Decawave DW-8",0.950817,1,12,0x16FE,0x16FE,1,"618812F2F00200010000FE16"
177,100529696,100531948,100763609,136.355181,136.669392,262,0.000000,-1676.422376,"Decawave DW-8",0.951160,1,12,0x8AF0,0x8AF0,1,"618815F2F00200010000F08A"
178,101209568,101209380,101494737,137.274007,137.661047,197,-0.000000,-2550.556036,"Decawave DW-8",0.040165,1,77,0x002A,0xF0D6,0,"E3528D28AF84CCD3333193DAE1B87B7616D16214541D69DF0CE521396D67F14207CDB0670E7B22348FA31323311A7C1B0A5688F0232540D6E4CB8F09916E65770D20DF2D46E5CCDAC735002A00"
179,101597792,101597604,101864798,137.800570,138.162975,184,0.000000,-2019.158563,"Decawave DW-8",0.038917,1,53,0xD950,0x0B7B,0,"553E249238B3A39A50A04409AB48081E100407DBC9FC868C6231AC4593F3C0CB0C158B88AB6443ACC85A288371C548AB62D89350D9"
180,102276704,102278956,102510617,138.724712,139.038923,262,0.000000,-1671.499538,"Decawave DW-8",0.951155,1,12,0x302D,0x302D,1,"618818F2F002000100002D30"
181,104667040,104669292,104900953,141.966813,142.281023,262,0.000000,-1637.988269,"Decawave DW-8",0.950989,1,12,0xAC23,0xAC23,1,"61881FF2F0020001000023AC"
182,104883232,104885484,105117145,142.260042,142.574253,262,0.000000,-1637.988225,"Decawave DW-8",0.950990,1,12,0xAC23,0xAC23,1,"61881FF2F0020001000023AC"
183,105368992,105368804,105618992,142.915587,143.254926,202,-0.000000,-2267.806428,"Decawave DW-8",0.032790,0,19,0x0000,0x0000,0,""
184,105802432,105802045,106039752,143.503208,143.825618,129,0.000000,-2413.211778,"Decawave DW-8",0.042244,1,20,0x321E,0x430E,0,"77A30F0D4E85BC61E643069BAF566BFCE9EC1E32"
185,106188800,106191052,106422713,144.030832,144.345043,262,0.000000,-1654.943671,"Decawave DW-8",0.951178,1,12,0xE6C7,0xE6C7,1,"618824F2F00200010000C7E6"
186,106380608,106382860,106614521,144.290988,144.605199,262,0.000000,-1654.943727,"Decawave DW-8",0.951177,1,12,0xE6C7,0xE6C7,1,"618824F2F00200010000C7E6"
187,106768832,106771084,107002745,144.817551,145.131761,262,0.000000,-1654.943713,"Decawave DW-8",0.951178,1,12,0xE6C7,0xE6C7,1,"618824F2F00200010000C7E6"
188,107303360,107303172,107553360,145.539242,145.878581,146,0.000000,-2273.655494,"Decawave DW-8",0.026793,0,84,0x0000,0x0000,0,""
189,108073280,108072868,108323056,146.583209,146.922548,129,-0.000000,-2918.305411,"Decawave DW-8",0.037322,0,0,0x0000,0x0000,0,""
190,109577184,109576996,109827184,148.623313,148.962652,142,0.000000,-1043.517321,"Decawave DW-8",0.030811,0,104,0x0000,0x0000,0,""
191,110344096,110346348,110578009,149.666813,149.981023,262,0.000000,-1665.849636,"Decawave DW-8",0.950638,1,12,0xC014,0xC014,1,"61882EF2F0020001000014C0"
192,111114976,111114887,111364703,150.709211,151.048046,110,-0.000000,-3487.373704,"Decawave DW-8",0.042926,1,36,0x7814,0x470D,0,"01076C97AAB12BA8371C504400D503552094B0FD32D0467890808F7516BEA37611B11478"
193,111654944,111657196,111888857,151.444765,151.758975,262,0.000000,-1676.399282,"Decawave DW-8",0.951236,1,12,0x21B1,0x21B1,1,"618833F2F00200010000B121"
194,111844256,111846508,112078169,151.701535,152.015746,262,0.000000,-1676.399294,"Decawave DW-8",0.951236,1,12,0x21B1,0x21B1,1,"618833F2F00200010000B121"
195,112236448,112236043,112468451,152.229876,152.545100,129,0.000000,-988.001328,"Decawave DW-8",0.031121,1,13,0xCA72,0x38C0,0,"0836B807E007B25B5A9F6572CA"
196,112523168,112522980,112773169,152.619059,152.958400,251,0.000000,-2064.391831,"Decawave DW-8",0.037467,0,104,0x0000,0x0000,0,""
197,112813856,112816108,113047769,153.016640,153.330850,262,0.000000,-1667.385390,"Decawave DW-8",0.949923,1,12,0xBDBF,0xBDBF,1,"618834F2F00200010000BFBD"
198,113202080,113204332,113435993,153.543202,153.857412,262,0.000000,-1676.580426,"Decawave DW-8",0.951114,1,12,0x3C00,0x3C00,1,"618835F2F00200010000003C"
199,114118080,114120332,114351993,154.785607,155.099817,262,0.000000,-1659.870353,"Decawave DW-8",0.951340,1,12,0x86DD,0x86DD,1,"618838F2F00200010000DD86"
200,114521216,114521121,114771310,155.329211,155.668552,110,0.000000,118.195427,"Decawave DW-8",0.045660,0,122,0x0000,0x0000,0,""
201,114845760,114845572,115072694,155.769276,156.077330,182,0.000000,-2464.751601,"Decawave DW-8",0.033330,1,6,0x6339,0xDE33,0,"08ACCF3E3963"
202,115266496,115268747,115500408,156.343244,156.657454,262,-0.000000,-1686.623469,"Decawave DW-8",0.951040,1,12,0x11BC,0x11BC,1,"61883DF2F00200010000BC11"
203,116021152,116023404,116255065,157.366813,157.681023,262,0.000000,-1686.623472,"Decawave DW-8",0.951040,1,12,0x11BC,0x11BC,1,"61883DF2F00200010000BC11"
204,116966528,116968780,117200441,158.649061,158.963272,262,0.000000,-1669.002790,"Decawave DW-8",0.951212,1,12,0x2877,0x2877,1,"618842F2F002000100007728"
205,117158848,117158411,117453601,158.906265,159.306642,126,0.000000,-2980.932269,"Decawave DW-8",0.030476,1,84,0x4BF6,0xB447,0,"16406010BF2E145C1D2D64ECC66511AF15477574EB6BA6C4D57E525010CFD980CD3A775A383ACE4DC590AC89CEA5C0FB44844A35ED206333D842CCA1B886B3A43B04AD14AC30AD7F388AFE1B66AD223A22FAF64B"
206,117535040,117537292,117768953,159.420155,159.734366,262,0.000000,-1669.002759,"Decawave DW-8",0.951213,1,12,0x2877,0x2877,1,"618842F2F002000100007728"
207,117742976,117745228,117976889,159.702186,160.016397,262,0.000000,-1669.002797,"Decawave DW-8",0.951213,1,12,0x2877,0x2877,1,"618842F2F002000100007728"
208,118131200,118133452,118365113,160.228749,160.542959,262,0.000000,-1669.002758,"Decawave DW-8",0.951213,1,12,0x2877,0x2877,1,"618842F2F002000100007728"
209,118568192,118570255,118801917,160.821201,161.135413,262,0.000000,-1684.611270,"Decawave DW-8",0.950931,1,12,0xA9C8,0xA9C8,1,"618843F2F00200010000C8A9"
210,118858880,118861132,119092793,161.215728,161.529938,262,0.000000,-1662.932379,"Decawave DW-8",0.951117,1,12,0x35C6,0x35C6,1,"618844F2F00200010000C635"
211,119247104,119249355,119481016,161.742289,162.056500,262,-0.000000,-1673.152384,"Decawave DW-8",0.951517,1,12,0xB479,0xB479,1,"618845F2F0020001000079B4"
212,120744480,120746732,120978393,163.773237,164.087447,262,0.000000,-1657.176335,"Decawave DW-8",0.950723,1,12,0x8F1B,0x8F1B,1,"618849F2F002000100001B8F"
213,120942016,120944268,121175929,164.041162,164.355372,262,0.000000,-1692.404518,"Decawave DW-8",0.950245,1,12,0x187A,0x187A,1,"61884CF2F002000100007A18"
214,121181472,121183724,121415385,164.365945,164.680155,262,0.000000,-1667.001006,"Decawave DW-8",0.950935,1,12,0x05CB,0x05CB,1,"61884AF2F00200010000CB05"
215,121514176,121516428,121748089,164.817204,165.131414,262,0.000000,-1692.404553,"Decawave DW-8",0.950244,1,12,0x187A,0x187A,1,"61884CF2F002000100007A18"
216,121698208,121700460,121932121,165.066813,165.381023,262,0.000000,-1692.404553,"Decawave DW-8",0.950244,1,12,0x187A,0x187A,1,"61884CF2F002000100007A18"
217,123448544,123450796,123682457,167.440858,167.755069,262,0.000000,-1646.177115,"Decawave DW-8",0.950484,1,12,0xF9DF,0xF9DF,1,"618851F2F00200010000DFF9"
218,123788000,123790252,124021913,167.901275,168.215485,262,0.000000,-1646.177058,"Decawave DW-8",0.950485,1,12,0xF9DF,0xF9DF,1,"618851F2F00200010000DFF9"
219,123983008,123982884,124247812,168.162549,168.521880,110,0.000000,-652.569935,"Decawave DW-8",0.032477,1,50,0xB63F,0x6B6F,0,"0DC5C52F57ADEAF1E15626F0C68418BC33D55080AB121E03B8A5666D137E1670CFDC9B08D09EC588C1E1A567892913883FB6"
220,124322528,124322340,124590303,168.622965,168.986414,162,-0.000000,-2383.370902,"Decawave DW-8",0.030373,1,54,0x5C6D,0x7010,0,"4304C755B16DE31E9E503AC92C10ABA359256609843CEB98CC13E74762111700B9436F0CB2396579AD2A2783813FAD26FA8735AE6D5C"
221,125431680,125433931,125665592,170.130657,170.444868,262,-0.000000,-1674.407640,"Decawave DW-8",0.951351,1,12,0x65D1,0x65D1,1,"618856F2F00200010000D165"
222,125722368,125724620,125956281,170.524929,170.839140,262,0.000000,-1674.407587,"Decawave DW-8",0.951351,1,12,0x65D1,0x65D1,1,"618856F2F00200010000D165"
223,126208128,126207940,126440367,171.180474,171.495723,171,0.000000,-2630.225871,"Decawave DW-8",0.028279,1,13,0x68EA,0x21D3,0,"D6B9ADE7C7E06415767767EA68"
224,126498816,126501068,126732729,171.578054,171.892265,262,0.000000,-1671.602710,"Decawave DW-8",0.950553,1,12,0x55DC,0x55DC,1,"618858F2F00200010000DC55"
225,127383936,127383867,127634055,172.775427,173.114766,117,0.000000,-4620.841496,"Decawave DW-8",0.033397,0,17,0x0000,0x0000,0,""
226,128717120,128719372,128951033,174.586822,174.901032,262,0.000000,-1680.943770,"Decawave DW-8",0.950753,1,12,0x95E8,0x95E8,1,"618860F2F00200010000E895"
227,129493568,129495820,129727481,175.639947,175.954157,262,0.000000,-1680.943782,"Decawave DW-8",0.950753,1,12,0x95E8,0x95E8,1,"618860F2F00200010000E895"
228,129823616,129825868,130057529,176.087603,176.401813,262,0.000000,-1681.108322,"Decawave DW-8",0.950879,1,12,0x1457,0x1457,1,"618861F2F002000100005714"
229,130032512,130032410,130282598,176.367744,176.707083,118,0.000000,-3875.983933,"Decawave DW-8",0.038052,0,5,0x0000,0x0000,0,""
230,130411680,130413931,130645592,176.885215,177.199425,262,-0.000000,-1668.087037,"Decawave DW-8",0.951383,1,12,0x0289,0x0289,1,"618865F2F002000100008902"
231,130781504,130781098,131089878,177.383217,177.802026,129,0.000000,-3425.609739,"Decawave DW-8",0.043351,1,102,0x6736,0xA227,0,"9BB9C2DC0231C5FD6CEE71B04A0215014D5DA9BE6718506EB4D84F52502A74356100DE83CEA9D68DD9C51452AB03BB086D74B2BE24B5A02510218171050BE91B66C32FE08D6080113932E014140E7FB667897395B667CC4D643D7CE7994159790CB8CE2F3667"
232,131525472,131525284,131834071,178.392584,178.811403,146,0.000000,-2620.985437,"Decawave DW-8",0.028627,1,102,0x81E8,0xA7CD,0,"19A2E16862EFD3A2E547E72597B02472D0A0779C180C33A91ECDF6CFF51104DC1423FEE63A724914BCDA9394C611ABEE216AE8A54587256C085E552381E64034C3C4D2519804AC100D8A45816073A5F2DD6183DC80027086489851692851D1C9E98A4885E881"
233,132106848,132109100,132340761,179.184435,179.498645,262,0.000000,-1689.743560,"Decawave DW-8",0.950227,1,12,0x09E6,0x09E6,1,"618867F2F00200010000E609"
234,132295392,132294980,132545168,179.436551,179.775890,129,-0.000000,-2932.936756,"Decawave DW-8",0.038386,0,1,0x0000,0x0000,0,""
235,133799296,133799108,134075394,181.476655,181.851392,142,0.000000,-706.527327,"Decawave DW-8",0.041919,1,65,0x3029,0x33E0,0,"6CC7A635BDC1606AB9D643CA180A73527A54185D38AB2B3C8B21C09CB3D19505DA10AB062503C21C9A30040A84AC41D0AB4BD2D0C2FCD91D189015981760222930"
236,134196448,134196336,134446524,182.015430,182.354769,117,0.000000,529.185206,"Decawave DW-8",0.036639,0,30,0x0000,0x0000,0,""
237,134566208,134568459,134800120,182.520154,182.834364,262,-0.000000,-1670.812324,"Decawave DW-8",0.950845,1,12,0x245A,0x245A,1,"61886FF2F002000100005A24"
238,134908448,134910700,135142361,182.984348,183.298558,262,0.000000,-1670.812381,"Decawave DW-8",0.950844,1,12,0x245A,0x245A,1,"61886FF2F002000100005A24"
239,136088768,136088688,136389154,184.582096,184.989629,117,0.000000,-4533.989305,"Decawave DW-8",0.030063,1,91,0x082D,0x140D,0,"D508FA08C932C348AF00A84AC2E08C2D91ABE9AB8AB8AD9E90954E9D0827937C0696C86A7AC857D7688EB2A16393B84B7DC10F60A6C00D2CA1FD22BFFEAA25E8C02267072420A82439E47BCFE3DB21799AA462C2081C7B55A42D08"
240,136458560,136458155,136708343,185.083218,185.422557,129,0.000000,-417.703009,"Decawave DW-8",0.025935,0,117,0x0000,0x0000,0,""
241,137084736,137086988,137318649,185.936127,186.250338,262,0.000000,-1675.743638,"Decawave DW-8",0.950923,1,12,0xD84E,0xD84E,1,"618874F2F002000100004ED8"
242,137424192,137426444,137658105,186.396544,186.710754,262,0.000000,-1668.846778,"Decawave DW-8",0.951326,1,12,0x59F1,0x59F1,1,"618875F2F00200010000F159"
243,137812416,137814668,138046329,186.923107,187.237317,262,0.000000,-1658.157858,"Decawave DW-8",0.950176,1,12,0xD321,0xD321,1,"618876F2F0020001000021D3"
244,138340192,138342444,138574105,187.638949,187.953159,262,0.000000,-1645.428459,"Decawave DW-8",0.950947,1,12,0x6293,0x6293,1,"618879F2F002000100009362"
245,140243264,140245516,140477177,190.220155,190.534366,262,0.000000,-1666.692942,"Decawave DW-8",0.951172,1,12,0xFE9D,0xFE9D,1,"61887EF2F002000100009DFE"
246,141380960,141380523,141640922,191.759607,192.112796,126,0.000000,-3502.961654,"Decawave DW-8",0.026291,1,44,0x44C2,0x21C7,0,"11C3109539C23FFC23B16110C2D307710946CAEFAA80452EBA3985E7FC8D4503252A57FE52D7A0BDE9FAC244"
247,141965088,141967340,142199001,192.555528,192.869739,262,0.000000,-1635.108895,"Decawave DW-8",0.951257,1,12,0x9BD5,0x9BD5,1,"618884F2F00200010000D59B"
248,142353312,142355564,142587225,193.082091,193.396301,262,0.000000,-1635.108913,"Decawave DW-8",0.951257,1,12,0x9BD5,0x9BD5,1,"618884F2F00200010000D59B"
249,142839072,142841324,143072985,193.740945,194.055155,262,0.000000,-1635.108919,"Decawave DW-8",0.951257,1,12,0x9BD5,0x9BD5,1,"618884F2F00200010000D59B"
250,143080992,143083244,143314905,194.069070,194.383280,262,0.000000,-1635.108891,"Decawave DW-8",0.951257,1,12,0x9BD5,0x9BD5,1,"618884F2F00200010000D59B"
251,143469216,143471467,143703128,194.595631,194.909842,262,-0.000000,-1636.744365,"Decawave DW-8",0.951120,1,12,0x1A6A,0x1A6A,1,"618885F2F002000100006A1A"
252,143857440,143859692,144091353,195.122195,195.436405,262,0.000000,-1654.073959,"Decawave DW-8",0.951368,1,12,0x90BA,0x90BA,1,"618886F2F00200010000BA90"
253,144627136,144629388,144861049,196.166162,196.480372,262,0.000000,-1682.565514,"Decawave DW-8",0.951067,1,12,0xA0B7,0xA0B7,1,"618888F2F00200010000B7A0"
254,145112896,145112708,145372350,196.821707,197.173869,196,0.000000,-2566.706599,"Decawave DW-8",0.037390,1,43,0xFA49,0x4511,0,"237793BE440CBD890F94A559142140A28F4C3C775A7EC00A5527F896E78FF93AA95601660DB4D60E1849FA"
255,145354816,145357068,145588729,197.153141,197.467352,262,0.000000,-1662.500112,"Decawave DW-8",0.950982,1,12,0xABD8,0xABD8,1,"61888AF2F00200010000D8AB"
256,145559168,145561419,145793080,197.430310,197.744520,262,-0.000000,-1670.200721,"Decawave DW-8",0.950702,1,12,0x37D6,0x37D6,1,"61888DF2F00200010000D637"
257,145920320,145922571,146154232,197.920154,198.234364,262,-0.000000,-1670.200689,"Decawave DW-8",0.950703,1,12,0x37D6,0x37D6,1,"61888DF2F00200010000D637"
258,147768192,147770444,148002105,200.426492,200.740702,262,0.000000,-1657.606856,"Decawave DW-8",0.951819,1,12,0xDD1C,0xDD1C,1,"618892F2F002000100001CDD"
259,148010112,148012364,148244025,200.754617,201.068827,262,0.000000,-1657.606872,"Decawave DW-8",0.951819,1,12,0xDD1C,0xDD1C,1,"618892F2F002000100001CDD"
260,148398336,148400588,148632249,201.281179,201.595390,262,0.000000,-1657.606856,"Decawave DW-8",0.951819,1,12,0xDD1C,0xDD1C,1,"618892F2F002000100001CDD"
261,148932864,148932676,149182865,202.002870,202.342211,149,0.000000,-2616.196259,"Decawave DW-8",0.037720,0,126,0x0000,0x0000,0,""
262,149174784,149177035,149408696,202.334303,202.648513,262,-0.000000,-1676.326304,"Decawave DW-8",0.951651,1,12,0xC0AD,0xC0AD,1,"618894F2F00200010000ADC0"
263,150042016,150044268,150275929,203.510563,203.824773,262,0.000000,-1673.278809,"Decawave DW-8",0.950901,1,12,0x4A7D,0x4A7D,1,"618897F2F002000100007D4A"
264,150332704,150334956,150566617,203.904834,204.219044,262,0.000000,-1673.278793,"Decawave DW-8",0.950901,1,12,0x4A7D,0x4A7D,1,"618897F2F002000100007D4A"
265,150720928,150723180,150954841,204.431396,204.745607,262,0.000000,-1683.251599,"Decawave DW-8",0.950643,1,12,0xFBCF,0xFBCF,1,"618898F2F00200010000CFFB"
266,151109152,151111404,151343065,204.957959,205.272169,262,0.000000,-1661.703779,"Decawave DW-8",0.950639,1,12,0x7A70,0x7A70,1,"618899F2F00200010000707A"
267,151308800,151311052,151542713,205.228749,205.542959,262,0.000000,-1674.671581,"Decawave DW-8",0.950969,1,12,0xED11,0xED11,1,"61889CF2F0020001000011ED"
268,151588160,151590412,151822073,205.607655,205.921866,262,0.000000,-1674.671535,"Decawave DW-8",0.950970,1,12,0xED11,0xED11,1,"61889CF2F0020001000011ED"
269,151991296,151991201,152269752,206.151260,206.529069,108,-0.000000,-3541.201254,"Decawave DW-8",0.031507,1,68,0x9419,0xB526,0,"C959C5641E3B78D07A19D2658B327DCEC17F6F999DE301C4454653277C834322E73859185E3841910EF92506AC5982A6F4136CEA9B01277F7564A0D538170FB0205C1994"
270,153111264,153113516,153345177,207.673497,207.987708,262,0.000000,-1665.089600,"Decawave DW-8",0.950980,1,12,0xBA44,0xBA44,1,"6188A1F2F0020001000044BA"
271,154246656,154246269,154496457,209.209892,209.549231,129,0.000000,-3956.682363,"Decawave DW-8",0.028106,0,4,0x0000,0x0000,0,""
272,155003616,155003210,155284031,210.236559,210.617447,129,0.000000,-4000.661581,"Decawave DW-8",0.023126,1,71,0xA5B2,0xA26D,0,"253DC796161B385310D24B3739C064E91A5E6B3401596274201A36A6DE622853CEBABB4CC716738C26102BF2EFB7A94B981098FF0E67202930ADA14D6E24B3931DA39D5D60B2A5"
273,155601280,155603532,155835193,211.050798,211.365008,262,0.000000,-1679.317242,"Decawave DW-8",0.950665,1,12,0x264A,0x264A,1,"6188A6F2F002000100004A26"
274,156426496,156426308,156676496,212.166759,212.506098,250,-0.000000,-1277.276036,"Decawave DW-8",0.032967,0,83,0x0000,0x0000,0,""
275,156765952,156768204,156999865,212.630485,212.944695,262,0.000000,-1666.089436,"Decawave DW-8",0.951067,1,12,0x1647,0x1647,1,"6188A8F2F002000100004716"
276,157687904,157690156,157921817,213.880962,214.195173,262,0.000000,-1673.071913,"Decawave DW-8",0.950695,1,12,0x9C97,0x9C97,1,"6188ABF2F00200010000979C"
277,158021408,158021220,158296751,214.329997,214.703710,142,0.000000,-1139.942182,"Decawave DW-8",0.044446,1,64,0xACCD,0x7151,0,"9C8AF603E40C1CA2797994F1F4252932AE642907C55064BEC913859CAA28B90A222B8086AE4F23AAFCA561D95550DD19466E7A8E31844135CE4C133CA76FCDAC"
278,158788320,158790572,159022233,215.373497,215.687708,262,0.000000,-1693.361191,"Decawave DW-8",0.950294,1,12,0x6083,0x6083,1,"6188B0F2F002000100008360"
279,159421248,159423500,159655161,216.231961,216.546171,262,0.000000,-1693.361162,"Decawave DW-8",0.950294,1,12,0x6083,0x6083,1,"6188B0F2F002000100008360"
280,160680672,160680267,160930455,217.936560,218.275899,129,0.000000,-3951.491779,"Decawave DW-8",0.029163,0,69,0x0000,0x0000,0,""
281,161355616,161357868,161589529,218.855615,219.169826,262,0.000000,-1659.926851,"Decawave DW-8",0.950441,1,12,0xF7E2,0xF7E2,1,"6188B5F2F00200010000E2F7"
282,161646304,161648556,161880217,219.249886,219.564096,262,0.000000,-1659.926787,"Decawave DW-8",0.950441,1,12,0xF7E2,0xF7E2,1,"6188B5F2F00200010000E2F7"
283,162034528,162036780,162268441,219.776449,220.090659,262,0.000000,-1664.007909,"Decawave DW-8",0.951200,1,12,0x7D32,0x7D32,1,"6188B6F2F00200010000327D"
284,162422752,162425004,162656665,220.303011,220.617221,262,0.000000,-1682.284701,"Decawave DW-8",0.950630,1,12,0xFC8D,0xFC8D,1,"6188B7F2F002000100008DFC"
285,163289984,163292236,163523897,221.479270,221.793480,262,0.000000,-1653.055301,"Decawave DW-8",0.950897,1,12,0x4650,0x4650,1,"6188BAF2F002000100005046"
286,164454656,164454468,164694458,223.055648,223.381155,143,-0.000000,-2721.496874,"Decawave DW-8",0.039421,1,23,0xAD2E,0xC016,0,"E8D11519AC84AFC935BFCCCCA610A271BDC143B01A2EAD"
287,165603072,165602635,165852823,224.612949,224.952288,126,0.000000,-4124.383871,"Decawave DW-8",0.039264,0,12,0x0000,0x0000,0,""
288,166357728,166357325,166607513,225.636563,225.975902,129,0.000000,-2430.450790,"Decawave DW-8",0.035146,0,10,0x0000,0x0000,0,""
289,166575424,166577676,166809337,225.935433,226.249643,262,0.000000,-1657.972601,"Decawave DW-8",0.950849,1,12,0xFE24,0xFE24,1,"6188C4F2F0020001000024FE"
290,167012416,167014668,167246329,226.528141,226.842352,262,0.000000,-1657.972688,"Decawave DW-8",0.950848,1,12,0xFE24,0xFE24,1,"6188C4F2F0020001000024FE"
291,167303104,167305356,167537017,226.922412,227.236622,262,0.000000,-1657.972642,"Decawave DW-8",0.950848,1,12,0xFE24,0xFE24,1,"6188C4F2F0020001000024FE"
292,167495424,167494987,167793200,227.179616,227.584093,126,0.000000,-2461.166417,"Decawave DW-8",0.031619,1,88,0x6551,0x134A,0,"616A8F9002C408A33D8D403684ABBF020CAF99BB9C05D270F407F3768E86A2F65B807FDB5256407B5593C66A9C414A0D052F42188BB700D0F8E1487F5E79814624899DCDED094178B3CAE791FBCA0022662CA018CEA35165"
293,167871616,167871207,168156556,227.689897,228.076926,129,0.000000,-2928.570118,"Decawave DW-8",0.030812,1,77,0x3746,0xEC5E,0,"6615D5D92A214EAA8B1581E0B1A50A0C0F8248CFB1EC1FCB0B9FB7430E0D8EB2E6B043E41F4CC211FA77D04F1CA2EA10964164FD71F70B0C204E852563CC16DC50B4376FCCD61BB14C48074637"
294,168467776,168470028,168701689,228.502100,228.816310,262,0.000000,-1698.354360,"Decawave DW-8",0.950006,1,12,0x74F4,0x74F4,1,"6188C7F2F00200010000F474"
295,169023584,169025836,169257497,229.255962,229.570173,262,0.000000,-1670.309003,"Decawave DW-8",0.950902,1,12,0x44F9,0x44F9,1,"6188C9F2F00200010000F944"
296,169237472,169239724,169471385,229.546067,229.860277,262,0.000000,-1670.308924,"Decawave DW-8",0.950903,1,12,0x44F9,0x44F9,1,"6188C9F2F00200010000F944"
297,169576928,169579180,169810841,230.006483,230.320694,262,0.000000,-1668.253290,"Decawave DW-8",0.950816,1,12,0xCE29,0xCE29,1,"6188CAF2F0020001000029CE"
298,170142432,170144684,170376345,230.773497,231.087708,262,0.000000,-1667.351653,"Decawave DW-8",0.950684,1,12,0x5227,0x5227,1,"6188CDF2F002000100002752"
299,170530368,170532620,170764281,231.299669,231.613879,262,0.000000,-1667.351673,"Decawave DW-8",0.950684,1,12,0x5227,0x5227,1,"6188CDF2F002000100002752"
300,170915936,170915477,171217471,231.818952,232.228558,107,0.000000,-3632.025190,"Decawave DW-8",0.032470,1,93,0x5971,0xDCF5,0,"3B933154E1B4DEA321CD11490201532AB578AB46960820291ACEB966B030418236600142D2CEA7EE54418A9D98C82A1194011645509DC84D066517670913404641774D2A696B4AB9F4CA1518F82923D0AF069A46C2AEB82195E2107159"
301,172423456,172425708,172657369,233.867334,234.181544,262,0.000000,-1661.206336,"Decawave DW-8",0.950649,1,12,0x3952,0x3952,1,"6188D3F2F002000100005239"
302,172620448,172622700,172854361,234.134521,234.448732,262,0.000000,-1661.206361,"Decawave DW-8",0.950649,1,12,0x3952,0x3952,1,"6188D3F2F002000100005239"
303,173154976,173154788,173442411,234.856212,235.246326,149,0.000000,-3332.364894,"Decawave DW-8",0.036119,1,80,0x653A,0x88B0,0,"45038537D8B08C251949D37B78BC401CABF73080074C74C4D8981E51D5015DB61324710050EB6C045C604DCEA2063FD97AD95DDCA760040C288260A7E96319BCCAD8699E601D480B814027AE2E723A65"
304,174007424,174009676,174241337,236.015728,236.329938,262,0.000000,-1666.686375,"Decawave DW-8",0.950823,1,12,0x9E3E,0x9E3E,1,"6188D8F2F002000100003E9E"
305,174554816,174557068,174788729,236.758176,237.072386,262,0.000000,-1666.686423,"Decawave DW-8",0.950823,1,12,0x9E3E,0x9E3E,1,"6188D8F2F002000100003E9E"
306,175380032,175379844,175688635,237.874137,238.292962,210,0.000000,-923.414544,"Decawave DW-8",0.032500,1,102,0xD3CF,0x140A,0,"A04D56CD3C2BF186B23B313E9903A03A58C6280B0B99D648D5AD736FE96804D995458F2F8695366BF6E1F100C2A811DC7330B4D5E0A699D3814B7415649225D1B7190469F6F734A6D55D64EC610A0AB056AA2E60233331706893FB2B9E0BBB34C0CC3648CFD3"
307,175810272,175812524,176044185,238.460997,238.775208,262,0.000000,-1673.720280,"Decawave DW-8",0.951229,1,12,0x095F,0x095F,1,"6188DDF2F002000100005F09"
308,178108768,178111020,178342681,241.578532,241.892742,262,0.000000,-1668.977458,"Decawave DW-8",0.950368,1,12,0xDFB5,0xDFB5,1,"6188E1F2F00200010000B5DF"
309,178423552,178425804,178657465,242.005485,242.319695,262,0.000000,-1664.831748,"Decawave DW-8",0.951360,1,12,0x5565,0x5565,1,"6188E2F2F002000100006555"
310,178665472,178667724,178899385,242.333610,242.647820,262,0.000000,-1664.831688,"Decawave DW-8",0.951361,1,12,0x5565,0x5565,1,"6188E2F2F002000100006555"
311,179225728,179225322,179454721,243.089901,243.401043,129,0.000000,-2364.796663,"Decawave DW-8",0.016819,1,9,0xF003,0xC1E3,0,"A3D221497574E803F0"
312,179998112,180000364,180232025,244.141119,244.455329,262,0.000000,-1677.765344,"Decawave DW-8",0.950673,1,12,0xC204,0xC204,1,"6188E7F2F0020001000004C2"
313,180358848,180358482,180599223,244.626847,244.953373,132,0.000000,-3323.319165,"Decawave DW-8",0.028341,1,24,0xE385,0x4E33,0,"87B6F94BCBA46EDFBC390DB54802EB984C925716F18585E3"
314,180551072,180553324,180784985,244.891119,245.205329,262,0.000000,-1677.765346,"Decawave DW-8",0.950672,1,12,0xC204,0xC204,1,"6188E7F2F0020001000004C2"
315,180747488,180747457,180997645,245.154428,245.493768,118,0.000000,-3862.867723,"Decawave DW-8",0.037036,0,85,0x0000,0x0000,0,""
316,180988064,180990316,181221977,245.483827,245.798037,262,0.000000,-1674.246620,"Decawave DW-8",0.951010,1,12,0x73B6,0x73B6,1,"6188E8F2F00200010000B673"
317,181327520,181329772,181561433,245.944244,246.258454,262,0.000000,-1713.707113,"Decawave DW-8",0.949924,1,12,0xF209,0xF209,1,"6188E9F2F0020001000009F2"
318,181862048,181861860,182185014,246.665934,247.104240,146,0.000000,74.984197,"Decawave DW-8",0.031339,1,121,0x37B0,0x5C75,0,"6DCD2D72E85D85F67A4115C0F75F3CE07EAA41C988C0D3A5445025C4E94C10430CAB54D1809D9898998C341E61785309CF150BC038505F6C1376303602A4C3206BCEB691980B3EB12F68776692C61261D486459BF9F6C41B8C71FFD0285191C9E92B1308462C34E40A1691581A0C042430112D20E1D277B037"
319,182243520,182245771,182477432,247.186647,247.500857,262,-0.000000,-1668.317974,"Decawave DW-8",0.950350,1,12,0x6568,0x6568,1,"6188ECF2F002000100006865"
320,184532992,184532912,184783100,250.288780,250.628120,117,0.000000,-3922.523524,"Decawave DW-8",0.040873,0,66,0x0000,0x0000,0,""
321,184902784,184902379,185152567,250.789902,251.129241,129,0.000000,-2373.278902,"Decawave DW-8",0.034102,0,16,0x0000,0x0000,0,""
322,185965952,185968204,186199865,252.235520,252.549730,262,0.000000,-1665.721891,"Decawave DW-8",0.951015,1,12,0x18C3,0x18C3,1,"6188F6F2F00200010000C318"
323,186644864,186647116,186878777,253.156353,253.470563,262,0.000000,-1682.845489,"Decawave DW-8",0.950918,1,12,0x997C,0x997C,1,"6188F7F2F002000100007C99"
324,187130624,187130436,187453605,253.811898,254.250224,186,0.000000,-2222.202773,"Decawave DW-8",0.026216,1,121,0x67BE,0xA415,0,"DA0753F22D639A72DC3C2E75F112112D0D4223D71B03AB794299B1BB15BCA0439CFEAAF1C1241AD86B79AEBD465D9617463531BA47CD62B330723FC0EC8DB0B47D8380B2F057AF3E93CAB76DA4724B5C64B04266E2DB18A775039FC05CF1C4B691DB8825C3D3CD6687C1481B11EA6C56A2EBF9F8D189EEBE67"
325,188676768,188676580,188971757,255.908990,256.309349,143,-0.000000,-2674.282789,"Decawave DW-8",0.033101,1,84,0x3ACA,0x1954,0,"BF47F24211821176143E43A23B048E20548F4676A9113A8532C4924BD025AAE01902D202475154C38422CB08302849EA15B6120DD2F062DDA75942CAB1B7A377ACE0D4A8D75F003ECEDC78C24475D985B4E5CA3A"
326,189825184,189827436,190059097,257.469938,257.784148,262,0.000000,-1683.898286,"Decawave DW-8",0.950988,1,12,0x46E9,0x46E9,1,"618800F2F00200010000E946"
327,190579840,190579437,190829625,258.489905,258.829244,129,0.000000,-2975.426187,"Decawave DW-8",0.034409,0,35,0x0000,0x0000,0,""
328,190797536,190799788,191031449,258.788775,259.102985,262,0.000000,-1681.782190,"Decawave DW-8",0.950324,1,12,0xD188,0xD188,1,"618805F2F0020001000088D1"
329,191185760,191188012,191419673,259.315337,259.629548,262,0.000000,-1681.782125,"Decawave DW-8",0.950325,1,12,0xD188,0xD188,1,"618805F2F0020001000088D1"
330,191525216,191527468,191759129,259.775754,260.089964,262,0.000000,-1681.782151,"Decawave DW-8",0.950324,1,12,0xD188,0xD188,1,"618805F2F0020001000088D1"
331,191717536,191717099,192047061,260.032958,260.480497,126,0.000000,189.775547,"Decawave DW-8",0.058259,1,124,0x97F1,0x2A20,0,"D90B0FA60C267C9B9ADA39B959E291FB984794467A8FF7CF22B14979FDE6800700712D55311AD4130EF6F873124AC5B0065D48EC42BE02964D89B443AE8FF11D4158E4422462D847629FD138D1EF03230AB1629C13C7CB00448059455D5905E5B126FCA6C165AFEFBF66BACD3EA928B03C74A3ABF373FB351B71F197"
332,192093728,192093319,192399844,260.543239,260.958990,129,0.000000,-2404.147467,"Decawave DW-8",0.024870,1,99,0xAAEE,0x3891,0,"4FCF8A2A30090CA430AB481A9897081446289065802A5E976C9B8BF03FD4D64E01451954A7125DB78D11CCB5058867B7499D146BADDA0202A6DD588465D082C5DBD0879948C694C619860BE469EDA23D886210A77FC30B009E5CD910FA58B8E965EEAA"
333,192689888,192692140,192923801,261.355442,261.669652,262,0.000000,-1681.858426,"Decawave DW-8",0.950544,1,12,0xDAE7,0xDAE7,1,"618807F2F00200010000E7DA"
334,193078112,193080364,193312025,261.882004,262.196214,262,0.000000,-1674.690872,"Decawave DW-8",0.951525,1,12,0x6B55,0x6B55,1,"618808F2F00200010000556B"
335,193896576,193896388,194146576,262.988808,263.328147,248,0.000000,-1860.615980,"Decawave DW-8",0.018457,0,100,0x0000,0x0000,0,""
336,194187264,194189516,194421177,263.386388,263.700598,262,0.000000,-1669.350645,"Decawave DW-8",0.949947,1,12,0xE185,0xE185,1,"61880BF2F0020001000085E1"
337,194575488,194577740,194809401,263.912950,264.227161,262,0.000000,-1700.299111,"Decawave DW-8",0.950647,1,12,0x7D8B,0x7D8B,1,"61880CF2F002000100008B7D"
338,195121504,195123756,195355417,264.653532,264.967742,262,0.000000,-1684.868550,"Decawave DW-8",0.950635,1,12,0xF75B,0xF75B,1,"61880FF2F002000100005BF7"
339,196256896,196256494,196498750,266.189906,266.518487,129,-0.000000,-3446.613346,"Decawave DW-8",0.048059,1,26,0x0C45,0xC5DB,0,"4289D78C82D78D135ACE853478D837FA9DBA3D50673C1102450C"
340,196645568,196647820,196879481,266.720676,267.034886,262,0.000000,-1695.719350,"Decawave DW-8",0.950761,1,12,0x0B4F,0x0B4F,1,"618814F2F002000100004F0B"
341,196891328,196893580,197125241,267.054009,267.368220,262,0.000000,-1695.719341,"Decawave DW-8",0.950761,1,12,0x0B4F,0x0B4F,1,"618814F2F002000100004F0B"
342,197716544,197716356,197951789,268.169971,268.489297,201,-0.000000,-2332.325604,"Decawave DW-8",0.026547,1,17,0x4EA4,0xE173,0,"7E3810409770D71308592F87085807A44E"
343,198007232,198009484,198241145,268.567551,268.881761,262,0.000000,-1682.028381,"Decawave DW-8",0.951031,1,12,0x8AF0,0x8AF0,1,"618815F2F00200010000F08A"
344,198549728,198549075,198799263,269.299418,269.638757,100,0.000000,-5973.287703,"Decawave DW-8",0.025742,0,19,0x0000,0x0000,0,""
345,199303296,199305548,199537209,270.325450,270.639661,262,0.000000,-1678.916997,"Decawave DW-8",0.950937,1,12,0x3B42,0x3B42,1,"61881AF2F00200010000423B"
346,200032384,200034636,200266297,271.314339,271.628550,262,0.000000,-1663.043734,"Decawave DW-8",0.950528,1,12,0xA74C,0xA74C,1,"61881DF2F002000100004CA7"
347,202596896,202599148,202830809,274.792681,275.106892,262,0.000000,-1710.833515,"Decawave DW-8",0.950354,1,12,0x7AC9,0x7AC9,1,"618823F2F00200010000C97A"
348,203275808,203278060,203509721,275.713515,276.027725,262,0.000000,-1710.833468,"Decawave DW-8",0.950355,1,12,0x7AC9,0x7AC9,1,"618823F2F00200010000C97A"
349,204220224,204222476,204454137,276.994461,277.308671,262,0.000000,-1671.944129,"Decawave DW-8",0.950745,1,12,0xDDA5,0xDDA5,1,"618828F2F00200010000A5DD"
350,204583232,204582845,204833033,277.483242,277.822582,129,0.000000,-2935.598795,"Decawave DW-8",0.032341,0,11,0x0000,0x0000,0,""
351,204969600,204971852,205203513,278.010867,278.325077,262,0.000000,-1671.944181,"Decawave DW-8",0.950745,1,12,0xDDA5,0xDDA5,1,"618828F2F00200010000A5DD"
352,205258944,205258756,205491171,278.400005,278.715238,237,-0.000000,-1862.460833,"Decawave DW-8",0.046697,1,13,0x7164,0xD2C9,0,"C3A07E248228204AB758AE6471"
353,205647168,205646980,205897168,278.926568,279.265907,224,-0.000000,-2051.122973,"Decawave DW-8",0.031285,0,98,0x0000,0x0000,0,""
354,206084160,206083972,206334160,279.519276,279.858615,146,0.000000,-2989.061437,"Decawave DW-8",0.027522,0,49,0x0000,0x0000,0,""
355,206465632,206467884,206699545,280.039990,280.354201,262,0.000000,-1684.810018,"Decawave DW-8",0.950949,1,12,0x4AC4,0x4AC4,1,"61882DF2F00200010000C44A"
356,208003424,208005676,208237337,282.125754,282.439964,262,0.000000,-1664.396750,"Decawave DW-8",0.951054,1,12,0x2ADE,0x2ADE,1,"618831F2F00200010000DE2A"
357,208641920,208644172,208875833,282.991770,283.305980,262,0.000000,-1679.584612,"Decawave DW-8",0.951225,1,12,0xA00E,0xA00E,1,"618832F2F002000100000EA0"
358,209124896,209124491,209374679,283.643244,283.982583,129,0.000000,-387.831243,"Decawave DW-8",0.027134,0,114,0x0000,0x0000,0,""
359,210866976,210869228,211100889,286.009695,286.323905,262,0.000000,-1686.271194,"Decawave DW-8",0.950746,1,12,0x376F,0x376F,1,"618837F2F002000100006F37"
360,211255200,211257452,211489113,286.536258,286.850468,262,0.000000,-1671.196741,"Decawave DW-8",0.951361,1,12,0x86DD,0x86DD,1,"618838F2F00200010000DD86"
361,212413120,212415372,212647033,288.106787,288.420997,262,0.000000,-1696.515030,"Decawave DW-8",0.949553,1,12,0x9003,0x9003,1,"61883CF2F002000100000390"
362,212898880,212898692,213148880,288.762332,289.101671,143,-0.000000,-3482.885720,"Decawave DW-8",0.032475,0,47,0x0000,0x0000,0,""
363,214047296,214049548,214281209,290.323280,290.637491,262,0.000000,-1688.219588,"Decawave DW-8",0.950199,1,12,0x2318,0x2318,1,"618840F2F002000100001823"
364,214801952,214801549,215051737,291.343247,291.682586,129,0.000000,-2916.518718,"Decawave DW-8",0.035663,0,3,0x0000,0x0000,0,""
365,215407872,215410124,215641785,292.168679,292.482890,262,0.000000,-1661.218444,"Decawave DW-8",0.951106,1,12,0x3EA9,0x3EA9,1,"618846F2F00200010000A93E"
366,215939648,215939211,216189399,292.886300,293.225639,126,0.000000,-2455.961797,"Decawave DW-8",0.033510,0,47,0x0000,0x0000,0,""
367,216315840,216318092,216549753,293.400190,293.714400,262,0.000000,-1661.218411,"Decawave DW-8",0.951107,1,12,0x3EA9,0x3EA9,1,"618846F2F00200010000A93E"
368,216523776,216526028,216757689,293.682221,293.996431,262,0.000000,-1661.218322,"Decawave DW-8",0.951108,1,12,0x3EA9,0x3EA9,1,"618846F2F00200010000A93E"
369,216912000,216914252,217145913,294.208784,294.522994,262,0.000000,-1683.186211,"Decawave DW-8",0.951017,1,12,0xBF16,0xBF16,1,"618847F2F0020001000016BF"
370,217348992,217351055,217582717,294.801236,295.115447,262,0.000000,-1695.871160,"Decawave DW-8",0.950694,1,12,0x0EA4,0x0EA4,1,"618848F2F00200010000A40E"
371,217639680,217641932,217873593,295.195763,295.509973,262,0.000000,-1702.057368,"Decawave DW-8",0.951062,1,12,0x8F1B,0x8F1B,1,"618849F2F002000100001B8F"
372,218118688,218120940,218352601,295.845459,296.159669,262,0.000000,-1670.909325,"Decawave DW-8",0.951351,1,12,0x8474,0x8474,1,"61884BF2F002000100007484"
373,219343616,219345868,219577529,297.506874,297.821084,262,0.000000,-1652.630825,"Decawave DW-8",0.951278,1,12,0x7860,0x7860,1,"618850F2F002000100006078"
374,220479008,220478606,220790412,299.043248,299.466162,129,-0.000000,-3417.621674,"Decawave DW-8",0.027846,1,106,0xE6BA,0x4C9C,0,"48533377124A047468081899014C21AB98F2B501791ADF0655C4408C5E0F43A44097FCE043370120C88D28F60129C999B9441125F74D6358050A2D3B404189AC9A6C2808216627560E4C56B5F1CA4982398E129A1D6F4B4D9CC644079E6D355958236F6E06893493BAE6"
375,221889888,221892140,222123801,300.960476,301.274687,262,0.000000,-1663.335287,"Decawave DW-8",0.950398,1,12,0x65D1,0x65D1,1,"618856F2F00200010000D165"
376,222180576,222182827,222414488,301.354746,301.668956,262,-0.000000,-1684.746918,"Decawave DW-8",0.950086,1,12,0xEF01,0xEF01,1,"618855F2F0020001000001EF"
377,222666336,222666148,222966633,302.010292,302.417851,240,0.000000,-2092.531460,"Decawave DW-8",0.045651,1,91,0xB754,0xBB31,0,"9584178EA467894BBB9DEB483874345D4619740BA63820609245E2AF28C8B4384EE4C9CA01F8C44BEB6F559E69C6F0D1579365CCBA0608A4594FC7C8310BBF641C6A48A12C6F02035AF1D0A2FF4422A1770AD02840370E324554B7"
378,223503712,223505964,223737625,303.149365,303.463576,262,0.000000,-1689.302953,"Decawave DW-8",0.950756,1,12,0xD463,0xD463,1,"618859F2F0020001000063D4"
379,224212480,224212292,224462480,304.107384,304.446723,197,-0.000000,-1189.473630,"Decawave DW-8",0.035457,0,114,0x0000,0x0000,0,""
380,224454400,224456652,224688313,304.438818,304.753029,262,0.000000,-1684.127224,"Decawave DW-8",0.949947,1,12,0xDF0C,0xDF0C,1,"61885BF2F002000100000CDF"
381,224842624,224844876,225076537,304.965381,305.279591,262,0.000000,-1703.246083,"Decawave DW-8",0.951370,1,12,0x4302,0x4302,1,"61885CF2F002000100000243"
382,226146848,226146660,226396849,306.731038,307.070379,141,0.000000,-1096.956284,"Decawave DW-8",0.025794,0,64,0x0000,0x0000,0,""
383,227455296,227457547,227689208,308.509043,308.823253,262,-0.000000,-1664.727476,"Decawave DW-8",0.950677,1,12,0x8336,0x8336,1,"618864F2F002000100003683"
384,227669952,227672203,227903864,308.800189,309.114399,262,-0.000000,-1664.727491,"Decawave DW-8",0.950677,1,12,0x8336,0x8336,1,"618864F2F002000100003683"
385,227886144,227888396,228120057,309.093419,309.407629,262,0.000000,-1664.727468,"Decawave DW-8",0.950677,1,12,0x8336,0x8336,1,"618864F2F002000100003683"
386,228442336,228444588,228676249,309.847803,310.162013,262,0.000000,-1681.207160,"Decawave DW-8",0.950508,1,12,0xB854,0xB854,1,"618868F2F0020001000054B8"
387,228805344,228804957,229040394,310.336584,310.655916,129,0.000000,-3413.039104,"Decawave DW-8",0.044115,1,17,0x6606,0xC145,0,"68482E5956175AA38B326529406CB40666"
388,229771744,229773995,230005656,311.650926,311.965137,262,-0.000000,-1655.950416,"Decawave DW-8",0.950960,1,12,0xB33B,0xB33B,1,"61886AF2F002000100003BB3"
389,230306272,230306084,230556272,312.372618,312.711957,146,0.000000,-2987.209883,"Decawave DW-8",0.034855,0,75,0x0000,0x0000,0,""
390,233347008,233346603,233596791,316.496586,316.835925,129,0.000000,98.193874,"Decawave DW-8",0.022657,0,50,0x0000,0x0000,0,""
391,234869568,234869488,235119676,318.562131,318.901470,117,0.000000,639.554738,"Decawave DW-8",0.029620,0,114,0x0000,0x0000,0,""
392,235526080,235525892,235839217,319.452436,319.877410,251,0.000000,-1965.662835,"Decawave DW-8",0.036311,1,108,0x97F0,0x49D9,0,"44FD52CDCC4CED5E03F06E0EC13A2ADC46874CCAD1924EB94A0C7F99FB1BFC060529E8E08C4619750859DC1DF622636F4980EE1C37A89F36F6379644551A510FDBD52803C2EE5080926D8447F075233C65555684269DE6AB1AA48C04184D02A004B99C475E496C946AF3F097"
393,235865536,235867788,236099449,319.916162,320.230372,262,0.000000,-1688.430437,"Decawave DW-8",0.950796,1,12,0x6293,0x6293,1,"618879F2F002000100009362"
394,236204992,236207244,236438905,320.376579,320.690789,262,0.000000,-1696.519069,"Decawave DW-8",0.950589,1,12,0xE843,0xE843,1,"61887AF2F0020001000043E8"
395,237120992,237123244,237354905,321.618983,321.933194,262,0.000000,-1683.448427,"Decawave DW-8",0.950664,1,12,0x744D,0x744D,1,"61887DF2F002000100004D74"
396,237411680,237411492,237661680,322.009945,322.349284,260,-0.000000,-1791.865416,"Decawave DW-8",0.334532,0,20,0x0000,0x0000,0,""
397,238269408,238271660,238503321,323.176622,323.490833,262,0.000000,-1677.803987,"Decawave DW-8",0.951012,1,12,0x0CB4,0x0CB4,1,"618881F2F00200010000B40C"
398,239024064,239023661,239247762,324.196589,324.500545,129,0.000000,-938.258725,"Decawave DW-8",0.024004,1,2,0x575F,0x0000,0,"5F57"
399,239777952,239777600,240107554,325.219184,325.666713,133,0.000000,-519.259496,"Decawave DW-8",0.031494,1,124,0xAF53,0x32FA,0,"46E1114CD5639AC86A9430C0545E136842E1851F3BE1A3D61C00A6094A8BE1A8A74003D148628C54BFB7750314426782C2C8E91319216AB8E668DC3B3244A99DC040258650068A908815B61DAB75BDCCA6464504944EFDC3785C4AC00842029DC020EBAAFFEBB27123039A242390A36DA1E8E1BD186ACB89C14953AF"
400,240161760,240161323,240398270,325.739642,326.061022,126,0.000000,-3031.731353,"Decawave DW-8",0.027288,1,19,0x312A,0x7087,0,"A914D1B2D85E8649125224EEC7124C5CA82A31"
401,240357664,240359916,240591577,326.009001,326.323211,262,0.000000,-1662.020741,"Decawave DW-8",0.951302,1,12,0x90BA,0x90BA,1,"618886F2F00200010000BA90"
402,240745888,240748140,240979801,326.535563,326.849773,262,0.000000,-1662.020673,"Decawave DW-8",0.951303,1,12,0x90BA,0x90BA,1,"618886F2F00200010000BA90"
403,241134112,241136364,241368025,327.062126,327.376336,262,0.000000,-1691.181524,"Decawave DW-8",0.950928,1,12,0x1105,0x1105,1,"618887F2F002000100000511"
404,241522336,241524588,241756249,327.588688,327.902898,262,0.000000,-1671.718500,"Decawave DW-8",0.950542,1,12,0xA0B7,0xA0B7,1,"618888F2F00200010000B7A0"
405,241861792,241864044,242095705,328.049105,328.363315,262,0.000000,-1661.206135,"Decawave DW-8",0.951711,1,12,0x2108,0x2108,1,"618889F2F002000100000821"
406,242250016,242252267,242483928,328.575666,328.889876,262,-0.000000,-1694.942903,"Decawave DW-8",0.951260,1,12,0xABD8,0xABD8,1,"61888AF2F00200010000D8AB"
407,243019712,243021964,243253625,329.619634,329.933845,262,0.000000,-1677.873513,"Decawave DW-8",0.950640,1,12,0xB669,0xB669,1,"61888CF2F0020001000069B6"
408,243407936,243410188,243641849,330.146197,330.460407,262,0.000000,-1680.139094,"Decawave DW-8",0.951402,1,12,0x37D6,0x37D6,1,"61888DF2F00200010000D637"
409,244701120,244700718,244950906,331.896590,332.235929,129,-0.000000,107.675950,"Decawave DW-8",0.028037,0,91,0x0000,0x0000,0,""
410,245838784,245841036,246072697,333.443245,333.757456,262,0.000000,-1701.186826,"Decawave DW-8",0.950485,1,12,0xCBC2,0xCBC2,1,"618896F2F00200010000C2CB"
411,246160768,246163020,246394681,333.879964,334.194175,262,0.000000,-1701.186793,"Decawave DW-8",0.950485,1,12,0xCBC2,0xCBC2,1,"618896F2F00200010000C2CB"
412,246451456,246453708,246685369,334.274235,334.588445,262,0.000000,-1701.186914,"Decawave DW-8",0.950484,1,12,0xCBC2,0xCBC2,1,"618896F2F00200010000C2CB"
413,246839680,246841932,247073593,334.800798,335.115008,262,0.000000,-1701.186871,"Decawave DW-8",0.950485,1,12,0xCBC2,0xCBC2,1,"618896F2F00200010000C2CB"
414,247276672,247276484,247517966,335.390196,335.717727,227,-0.000000,-1873.618400,"Decawave DW-8",0.031213,1,25,0xA204,0xAD15,0,"60339634A65DF268F23617200AC4E84438E780A24D1C8504A2"
415,247567360,247569612,247801273,335.787777,336.101987,262,0.000000,-1652.047898,"Decawave DW-8",0.951031,1,12,0xFBCF,0xFBCF,1,"618898F2F00200010000CFFB"
416,248123936,248126188,248357849,336.542681,336.856892,262,0.000000,-1650.256885,"Decawave DW-8",0.951082,1,12,0xF0A0,0xF0A0,1,"61889AF2F00200010000A0F0"
417,248774048,248773860,249024048,337.421143,337.760482,249,-0.000000,-1275.838833,"Decawave DW-8",0.034394,0,113,0x0000,0x0000,0,""
418,249452960,249455212,249686873,338.345285,338.659496,262,0.000000,-1680.441304,"Decawave DW-8",0.951286,1,12,0x6CAE,0x6CAE,1,"61889DF2F00200010000AE6C"
419,251892064,251894316,252125977,341.653532,341.967742,262,0.000000,-1677.240405,"Decawave DW-8",0.950826,1,12,0x2D25,0x2D25,1,"6188A4F2F00200010000252D"
420,252108256,252110508,252342169,341.946761,342.260971,262,0.000000,-1677.240395,"Decawave DW-8",0.950826,1,12,0x2D25,0x2D25,1,"6188A4F2F00200010000252D"
421,253035424,253035322,253285510,343.201120,343.540460,118,0.000000,-3856.536534,"Decawave DW-8",0.017249,0,83,0x0000,0x0000,0,""
422,253414592,253416844,253648505,343.718593,344.032803,262,0.000000,-1675.590273,"Decawave DW-8",0.950760,1,12,0x1D28,0x1D28,1,"6188AAF2F00200010000281D"
423,253784416,253784010,254058025,344.216593,344.588250,129,0.000000,-2992.593203,"Decawave DW-8",0.021033,1,62,0x13E0,0x9C41,0,"183443AE643F007343C76D0F10AA8918EDD6FFF4A4F1149F6D7346D22198B2801EA0549D08F904B066961D381211F07F312A9999598AB34923654722E013"
424,254528384,254528196,254806744,345.225960,345.603765,146,0.000000,-3379.558228,"Decawave DW-8",0.039965,1,68,0xD688,0xC42D,0,"233C7513EC473B9592B92B04980A54DF2E522EB5C82FAE0341609505438A8E2A2AA0EBE41B4277CDBD80F58539A3A3B6CB7C541A30A25E98F12D0C039FEC572969BB88D6"
425,255109760,255112012,255343673,346.017811,346.332022,262,0.000000,-1666.753747,"Decawave DW-8",0.950339,1,12,0x0099,0x0099,1,"6188ACF2F002000100009900"
426,255298304,255297892,255605175,346.269927,346.686707,129,-0.000000,-2410.529238,"Decawave DW-8",0.034299,1,100,0xE4CA,0x24D7,0,"6E9620D8485E4BFE70020500A2EA8C339FA7CA4616140622D47EDCE37311441A1C139BF54916C9CEA99F508110358A8E6BC248B81F62107239E0DA68FA4D6421EA5D34DF452F9A16107A55503C9F711273401EE76A8B5D44E6199901A49915CBC82ECAE4"
427,256802208,256802020,257052208,348.310031,348.649371,142,0.000000,-3062.130525,"Decawave DW-8",0.026672,0,47,0x0000,0x0000,0,""
428,257569120,257571371,257803032,349.353531,349.667741,262,-0.000000,-1688.643546,"Decawave DW-8",0.950411,1,12,0xEA53,0xEA53,1,"6188B3F2F0020001000053EA"
429,258340000,258339911,258590099,350.395930,350.735269,110,-0.000000,-3502.250378,"Decawave DW-8",0.039819,0,119,0x0000,0x0000,0,""
430,259091680,259091600,259341788,351.415473,351.754812,117,0.000000,-3225.059940,"Decawave DW-8",0.031241,0,21,0x0000,0x0000,0,""
431,259461472,259461067,259695762,351.916595,352.234920,129,0.000000,-3406.125790,"Decawave DW-8",0.044072,1,16,0x24C6,0x1AF1,0,"BC1A068A15B05673E4B0C4D7CD0EC624"
432,259796960,259799212,260030873,352.375233,352.689444,262,0.000000,-1656.859883,"Decawave DW-8",0.951105,1,12,0xCC80,0xCC80,1,"6188B9F2F0020001000080CC"
433,260087648,260089900,260321561,352.769504,353.083714,262,0.000000,-1656.859759,"Decawave DW-8",0.951106,1,12,0xCC80,0xCC80,1,"6188B9F2F0020001000080CC"
434,260427104,260429356,260661017,353.229921,353.544131,262,0.000000,-1649.354044,"Decawave DW-8",0.951465,1,12,0x4650,0x4650,1,"6188BAF2F002000100005046"
435,260815328,260817580,261049241,353.756483,354.070694,262,0.000000,-1672.060963,"Decawave DW-8",0.951159,1,12,0xC7EF,0xC7EF,1,"6188BBF2F00200010000EFC7"
436,261343104,261345356,261577017,354.472325,354.786536,262,0.000000,-1671.160225,"Decawave DW-8",0.951273,1,12,0x508E,0x508E,1,"6188BEF2F002000100008E50"
437,263246176,263248428,263480089,357.053532,357.367742,262,0.000000,-1661.784972,"Decawave DW-8",0.950846,1,12,0x622A,0x622A,1,"6188C3F2F002000100002A62"
438,264000064,263999712,264318328,358.072526,358.504677,133,0.000000,-16.735563,"Decawave DW-8",0.049141,1,115,0x8F0E,0x7A6A,0,"DA91B0FE7C4616D8C1D8C2D372D118D0E3B02681FB937BEC02218BE78A71AE36620940399C80850F04E848070716296013F024E63CD272EAF7951006551310261C807063EBBB7CE4A44ED701A52776F0980AD3AB8C4548D61BACBA40291CCD58EE0D8E916667A5DFCF74D04B82296CAE680E8F"
439,264383872,264383435,264704314,358.592984,359.028204,126,0.000000,-2994.233986,"Decawave DW-8",0.024179,1,118,0x7301,0x69B9,0,"66FB69200BB256A702E4C1884BB2837B777A2622234BBF900617BE662564D134E12F27946A9F606726AF924261F93A51F2DC18232686F18EA2E11B443380A962643F2D874E364CA108949C30938B8E9C93D14347F2EE41D1FDFE44A8F06060481099ADEBD0A3E5F135DCCAD90867890C0916E6B50173"
440,264760064,264762316,264993977,359.106874,359.421084,262,0.000000,-1699.206854,"Decawave DW-8",0.951131,1,12,0x74F4,0x74F4,1,"6188C7F2F00200010000F474"
441,264968000,264970252,265201913,359.388905,359.703116,262,0.000000,-1699.206943,"Decawave DW-8",0.951130,1,12,0x74F4,0x74F4,1,"6188C7F2F00200010000F474"
442,265356224,265358476,265590137,359.915468,360.229678,262,0.000000,-1699.206886,"Decawave DW-8",0.951131,1,12,0x74F4,0x74F4,1,"6188C7F2F00200010000F474"
443,265744448,265746700,265978361,360.442030,360.756241,262,0.000000,-1683.605999,"Decawave DW-8",0.951045,1,12,0xC546,0xC546,1,"6188C8F2F0020001000046C5"
444,266083904,266086156,266317817,360.902447,361.216657,262,0.000000,-1676.280046,"Decawave DW-8",0.950825,1,12,0x44F9,0x44F9,1,"6188C9F2F00200010000F944"
445,266472128,266474379,266706040,361.429008,361.743218,262,-0.000000,-1665.404197,"Decawave DW-8",0.951083,1,12,0xCE29,0xCE29,1,"6188CAF2F0020001000029CE"
446,267630048,267632300,267863961,362.999539,363.313749,262,0.000000,-1693.351000,"Decawave DW-8",0.951212,1,12,0x5227,0x5227,1,"6188CDF2F002000100002752"
447,268115808,268115620,268365809,363.655084,363.994424,196,0.000000,-1021.049463,"Decawave DW-8",0.024623,0,32,0x0000,0x0000,0,""
448,268923232,268925484,269157145,364.753532,365.067742,262,0.000000,-1666.240002,"Decawave DW-8",0.950656,1,12,0x323D,0x323D,1,"6188D1F2F002000100003D32"
449,269311168,269311054,269561242,365.276495,365.615834,116,0.000000,-4667.827806,"Decawave DW-8",0.023739,0,89,0x0000,0x0000,0,""
450,269903872,269906124,270137785,366.083610,366.397820,262,0.000000,-1692.835631,"Decawave DW-8",0.950652,1,12,0x3952,0x3952,1,"6188D3F2F002000100005239"
451,270771104,270773356,271005017,367.259869,367.574079,262,0.000000,-1684.001944,"Decawave DW-8",0.950873,1,12,0xAE33,0xAE33,1,"6188D6F2F0020001000033AE"
452,271204256,271204157,271432789,367.844180,368.154282,115,0.000000,-2612.301373,"Decawave DW-8",0.038761,1,8,0x0861,0x22E2,0,"1DC78FCAEC4C6108"
453,271581248,271581127,271831315,368.355478,368.694817,117,0.000000,-2578.444602,"Decawave DW-8",0.024603,0,27,0x0000,0x0000,0,""
454,271838240,271840492,272072153,368.707265,369.021475,262,0.000000,-1674.397525,"Decawave DW-8",0.950964,1,12,0x9E3E,0x9E3E,1,"6188D8F2F002000100003E9E"
455,272177696,272179947,272411608,369.167680,369.481890,262,-0.000000,-1666.094358,"Decawave DW-8",0.950885,1,12,0x1F81,0x1F81,1,"6188D9F2F00200010000811F"
456,273044928,273047180,273278841,370.343940,370.658150,262,0.000000,-1651.808733,"Decawave DW-8",0.951638,1,12,0x88E0,0x88E0,1,"6188DCF2F00200010000E088"
457,273384384,273384196,273702815,370.801047,371.233202,236,0.000000,-2100.062971,"Decawave DW-8",0.028390,1,115,0x4196,0xA0DC,0,"7944FA6BD77E93011E0A47A4127659C1C51F799201896CBC02A1BAD02F6C982FE109120CFA8E19408B5A4961A4D4B94C2294C715BC28FAB92500ED59C0DB718FA149E5B845C7DDDA168AAD0F1B2CE602C140F90D6A64F05921C2C1FB6E6962C8B890E4D29A7FFE58018AB84364FEB720AE9641"
458,273772608,273772420,274022608,371.327610,371.666949,223,0.000000,-2035.090557,"Decawave DW-8",0.027280,0,106,0x0000,0x0000,0,""
459,274209600,274209412,274459601,371.920318,372.259658,145,0.000000,-381.482057,"Decawave DW-8",0.041478,0,84,0x0000,0x0000,0,""
460,274591072,274593324,274824985,372.441032,372.755242,262,0.000000,-1703.613510,"Decawave DW-8",0.950849,1,12,0x5E0A,0x5E0A,1,"6188E0F2F002000100000A5E"
461,274976512,274976107,275226295,372.960215,373.299554,132,0.000000,-16.153091,"Decawave DW-8",0.027744,0,70,0x0000,0x0000,0,""
462,276114176,276116427,276348088,374.506873,374.821083,262,-0.000000,-1677.747721,"Decawave DW-8",0.951327,1,12,0xC96B,0xC96B,1,"6188E5F2F002000100006BC9"
463,276330368,276332619,276564280,374.800102,375.114312,262,-0.000000,-1677.747743,"Decawave DW-8",0.951327,1,12,0xC96B,0xC96B,1,"6188E5F2F002000100006BC9"
464,276718592,276720844,276952505,375.326666,375.640876,262,0.000000,-1677.747657,"Decawave DW-8",0.951328,1,12,0xC96B,0xC96B,1,"6188E5F2F002000100006BC9"
465,277058048,277060300,277291961,375.787082,376.101293,262,0.000000,-1666.694040,"Decawave DW-8",0.951931,1,12,0x43BB,0x43BB,1,"6188E6F2F00200010000BB43"
466,277249568,277249181,277565547,376.043269,376.472367,129,0.000000,-381.128222,"Decawave DW-8",0.037727,1,112,0xAF44,0x7FC9,0,"6ED1F63136D27FB9E41779BCA76086183918CF39F479AA8306AA21304A1C45850306A4250AEE2F49F147F31271736B511D0640AC2E10A0E42A02D108D545052E1259B022BA1529DE21E2F31FFC1BC92974A4CD6E6D4660AD9331D95D4066FA89C3CAA080E721B27B54CEA06C2AED44AF"
467,277636704,277638956,277870617,376.571935,376.886145,262,0.000000,-1683.193309,"Decawave DW-8",0.951217,1,12,0x78D9,0x78D9,1,"6188EAF2F00200010000D978"
468,278006528,278006122,278256310,377.069935,377.409275,129,0.000000,-3420.602561,"Decawave DW-8",0.032919,0,102,0x0000,0x0000,0,""
469,278750496,278750308,279051529,378.079302,378.487859,146,0.000000,-2563.135823,"Decawave DW-8",0.029784,1,92,0x48D8,0xDB59,0,"15215704A2D532E80840C6CB608B3E08D20D3B6F176E0D2B0141832310F5B90092679D69E4B8C4A3409008E09351904C35615786EEBED820E21C125CC27488956795C11AC6CB98316CAF1D174BB13D43298426EADA0F23682600D848"
470,279478176,279477988,279721737,379.066281,379.396887,185,0.000000,-2658.285766,"Decawave DW-8",0.029403,1,28,0x9166,0x24FE,0,"3B6B61AE082D3152AE0B5080A045D0C86AC7B31BF208B86C26086691"
471,279720096,279722348,279954009,379.397716,379.711926,262,0.000000,-1674.700603,"Decawave DW-8",0.951346,1,12,0xE4D7,0xE4D7,1,"6188EDF2F00200010000D7E4"
472,281791232,281793484,282025145,382.206874,382.521084,262,0.000000,-1681.284718,"Decawave DW-8",0.949923,1,12,0x13AC,0x13AC,1,"6188F4F2F00200010000AC13"
473,282035936,282038188,282269849,382.538775,382.852985,262,0.000000,-1681.284738,"Decawave DW-8",0.949922,1,12,0x13AC,0x13AC,1,"6188F4F2F00200010000AC13"
474,282565376,282565024,282795169,383.253342,383.565496,106,0.000000,-4544.426455,"Decawave DW-8",0.031344,1,10,0x6575,0x5FC4,0,"C6BD799AFFE228907565"
475,283313792,283313712,283563900,384.268815,384.608154,117,0.000000,-4576.931538,"Decawave DW-8",0.040480,0,104,0x0000,0x0000,0,""
476,283683584,283683179,283933367,384.769937,385.109276,129,0.000000,-424.804126,"Decawave DW-8",0.032893,0,119,0x0000,0x0000,0,""
477,284069984,284069903,284353743,385.294465,385.679447,118,-0.000000,-2516.874581,"Decawave DW-8",0.030411,1,75,0x8ED6,0xA832,0,"4CEA935FB1E7C8489D4CB54A3A25501BC8CC193BA9134B0583045254B920A2C3DC15FE9DD0E2CE9447070866840859CD24D10F58003AD63CD01E4CFD5989ECC0F90219028686B9B89ED68E"
478,284407296,284409548,284641209,385.755138,386.069348,262,0.000000,-1656.537090,"Decawave DW-8",0.950411,1,12,0x23A1,0x23A1,1,"6188FAF2F00200010000A123"
479,284649216,284651468,284883129,386.083263,386.397473,262,0.000000,-1656.537020,"Decawave DW-8",0.950412,1,12,0x23A1,0x23A1,1,"6188FAF2F00200010000A123"
480,285219424,285221676,285453337,386.856657,387.170867,262,0.000000,-1709.178903,"Decawave DW-8",0.950412,1,12,0x357F,0x357F,1,"6188FEF2F002000100007F35"
481,285565216,285567468,285799129,387.325667,387.639878,262,0.000000,-1709.178851,"Decawave DW-8",0.950413,1,12,0x357F,0x357F,1,"6188FEF2F002000100007F35"
482,287202656,287204908,287436569,389.546587,389.860798,262,0.000000,-1667.001352,"Decawave DW-8",0.951146,1,12,0xCC39,0xCC39,1,"618803F2F0020001000039CC"
483,287576032,287578284,287809945,390.053011,390.367221,262,0.000000,-1686.084366,"Decawave DW-8",0.951081,1,12,0x4D86,0x4D86,1,"618802F2F00200010000864D"
484,288605984,288605547,288855735,391.446326,391.785665,126,0.000000,-330.246834,"Decawave DW-8",0.031090,0,113,0x0000,0x0000,0,""
485,288982176,288984428,289216089,391.960216,392.274426,262,0.000000,-1684.108941,"Decawave DW-8",0.950099,1,12,0x6B55,0x6B55,1,"618808F2F00200010000556B"
486,289190112,289192364,289424025,392.242247,392.556458,262,0.000000,-1684.108926,"Decawave DW-8",0.950099,1,12,0x6B55,0x6B55,1,"618808F2F00200010000556B"
487,289578336,289580588,289812249,392.768810,393.083020,262,0.000000,-1684.108944,"Decawave DW-8",0.950099,1,12,0x6B55,0x6B55,1,"618808F2F00200010000556B"
488,289966560,289968812,290200473,393.295372,393.609583,262,0.000000,-1684.108927,"Decawave DW-8",0.950099,1,12,0x6B55,0x6B55,1,"618808F2F00200010000556B"
489,290306016,290308268,290539929,393.755789,394.069999,262,0.000000,-1669.447545,"Decawave DW-8",0.951276,1,12,0xEAEA,0xEAEA,1,"618809F2F00200010000EAEA"
490,290694240,290696491,290928152,394.282350,394.596560,262,-0.000000,-1677.407334,"Decawave DW-8",0.950134,1,12,0x603A,0x603A,1,"61880AF2F002000100003A60"
491,291082464,291084716,291316377,394.808914,395.123124,262,0.000000,-1674.098641,"Decawave DW-8",0.951347,1,12,0xE185,0xE185,1,"61880BF2F0020001000085E1"
492,292388416,292388001,292638189,396.576607,396.915946,129,0.000000,-3944.650461,"Decawave DW-8",0.034785,0,24,0x0000,0x0000,0,""
493,292775552,292777804,293009465,397.105311,397.419522,262,0.000000,-1658.370302,"Decawave DW-8",0.950910,1,12,0x16FE,0x16FE,1,"618812F2F00200010000FE16"
494,293145344,293147596,293379257,397.606874,397.921084,262,0.000000,-1658.370245,"Decawave DW-8",0.950910,1,12,0x16FE,0x16FE,1,"618812F2F00200010000FE16"
495,293533280,293535531,293767192,398.133044,398.447255,262,-0.000000,-1658.370295,"Decawave DW-8",0.950910,1,12,0x16FE,0x16FE,1,"618812F2F00200010000FE16"
496,294465440,294467692,294699353,399.397369,399.711579,262,0.000000,-1683.737042,"Decawave DW-8",0.949891,1,12,0x0B4F,0x0B4F,1,"618814F2F002000100004F0B"
497,295235136,295237388,295469049,400.441336,400.755546,262,0.000000,-1691.258744,"Decawave DW-8",0.951138,1,12,0x819F,0x819F,1,"618817F2F002000100009F81"
498,295426368,295428620,295660281,400.700711,401.014921,262,0.000000,-1691.258710,"Decawave DW-8",0.951138,1,12,0x819F,0x819F,1,"618817F2F002000100009F81"
499,295672128,295674380,295906041,401.034044,401.348254,262,0.000000,-1691.258724,"Decawave DW-8",0.951138,1,12,0x819F,0x819F,1,"618817F2F002000100009F81"
500,296011584,296013836,296245497,401.494461,401.808671,262,0.000000,-1656.189574,"Decawave DW-8",0.950499,1,12,0x302D,0x302D,1,"618818F2F002000100002D30"
501,296497344,296497156,296761329,402.150005,402.508313,201,-0.000000,-2495.126004,"Decawave DW-8",0.032945,1,49,0x93AC,0x3F69,0,"58F56DB062CE418826476111C10969B10C27820362FAC33491A56A38EB91E402101CCB9E20C1468C8AE8A0E0A203A8AC93"
502,297655264,297657516,297889177,403.723844,404.038055,262,0.000000,-1667.130862,"Decawave DW-8",0.951619,1,12,0xA74C,0xA74C,1,"61881DF2F002000100004CA7"
503,297897184,297899436,298131097,404.051969,404.366180,262,0.000000,-1667.130840,"Decawave DW-8",0.951620,1,12,0xA74C,0xA74C,1,"61881DF2F002000100004CA7"
504,298431712,298431524,298681713,404.773660,405.113000,145,0.000000,-2979.067184,"Decawave DW-8",0.028547,0,21,0x0000,0x0000,0,""
505,300336288,300338540,300570201,407.360216,407.674426,262,0.000000,-1663.367807,"Decawave DW-8",0.950538,1,12,0xEDA8,0xEDA8,1,"618826F2F00200010000A8ED"
506,301262560,301264812,301496473,408.616553,408.930763,262,0.000000,-1679.152264,"Decawave DW-8",0.951347,1,12,0x5C1A,0x5C1A,1,"618829F2F002000100001A5C"
507,301479648,301479546,301724055,408.907804,409.239441,118,0.000000,-2455.860977,"Decawave DW-8",0.043424,1,29,0xEE67,0x332C,0,"A258489A621FD753C041D8974375B09C7D78047B4E053938A7D9DC67EE"
508,302228640,302228234,302478422,409.923277,410.262617,129,0.000000,-2978.554380,"Decawave DW-8",0.031751,0,8,0x0000,0x0000,0,""
509,303004032,303003932,303280208,410.975385,411.350109,104,-0.000000,-5523.642250,"Decawave DW-8",0.026560,1,65,0x5450,0x8F14,0,"CEE6DDD9C47B95134A5031DBA5DE40279BC5E24984B06C8B9ADA7316F738745EAD05D08C812884B905665105F22A7927B18DAA07097984DBE8DB5E5D9119395054"
510,303364032,303363645,303668662,411.463277,411.876983,129,0.000000,-443.909734,"Decawave DW-8",0.020508,1,97,0x634B,0xEE26,0,"5458B089552B91291D3F960DAC22AA10C418369512BD188A9C22F459D6C904A7236665B9FC393CB935DEB908D6B37512E9BD2609AC37448FE4580ABD204A02BA32178CE4094D6C18355E1C23151365A27AEB406D984EB2256D9C19011ADD624B63"
511,303700288,303700100,304005874,411.919623,412.334356,185,0.000000,-2456.438248,"Decawave DW-8",0.025540,1,98,0x948E,0xB9DD,0,"261E3F7F31576D265A088337173E37D0B6F64B2902124AD2EC4CCFC523DF5340D9C14A728DA34B918F2FF0576940EBBA282C33134D02D171C2C98EB920ED42590FF452F32309F0A813D4A0568162A74D6AD9C971C06CE52CD1F5CE2E40E614488E94"
512,303990976,303993228,304224889,412.317204,412.631414,262,0.000000,-1683.168111,"Decawave DW-8",0.951151,1,12,0x4AC4,0x4AC4,1,"61882DF2F00200010000C44A"
513,304864960,304864772,305188680,413.499311,413.938639,146,0.000000,-2626.674403,"Decawave DW-8",0.033036,1,122,0x016A,0xFF51,0,"41F232BBCF6B04BB3B8869C1ADA0CA66632B2EB9E20258B62993E3239C154E7E612D936C066B578FAC4251C26D4B88AD690BC370E44FEE85BC48103A8C163122A871F6ACE463300F74D116297C013BAA71608201E5550C5C51153B51F1385551182985EBFCB315E3805260247C0864458CAD17BEE1F10D1A6A01"
514,306134240,306136492,306368153,415.224192,415.538402,262,0.000000,-1678.051791,"Decawave DW-8",0.951018,1,12,0x21B1,0x21B1,1,"618833F2F00200010000B121"
515,306646272,306648524,306880185,415.918679,416.232890,262,0.000000,-1666.782759,"Decawave DW-8",0.949795,1,12,0x3C00,0x3C00,1,"618835F2F00200010000003C"
516,307535904,307535824,307786012,417.122157,417.461496,117,0.000000,-4625.389013,"Decawave DW-8",0.026592,0,68,0x0000,0x0000,0,""
517,307905696,307905291,308135446,417.623279,417.935447,129,0.000000,-3437.979676,"Decawave DW-8",0.033106,1,10,0x1C1D,0x54EC,0,"BA2EB93582369BCD1D1C"
518,308871328,308873580,309105241,418.936605,419.250815,262,0.000000,-1710.483178,"Decawave DW-8",0.951190,1,12,0x8DB2,0x8DB2,1,"61883AF2F00200010000B28D"
519,309405856,309405668,309655856,419.658295,419.997635,147,0.000000,-2191.053415,"Decawave DW-8",0.028009,0,29,0x0000,0x0000,0,""
520,309647776,309650028,309881689,419.989730,420.303940,262,0.000000,-1692.412052,"Decawave DW-8",0.950396,1,12,0x9003,0x9003,1,"61883CF2F002000100000390"
521,310716736,310718988,310950649,421.439600,421.753810,262,0.000000,-1678.579307,"Decawave DW-8",0.950621,1,12,0x1AD3,0x1AD3,1,"61883FF2F00200010000D31A"
522,311242688,311242500,311543731,422.149658,422.558229,221,0.000000,-2001.476273,"Decawave DW-8",0.027049,1,92,0xA7AD,0x8975,0,"0DA650C4843DDBEC4292153C31E9C0D758A2210B33E2C0747BF461F1C89B9080486C10D3A122F1FA0621E022E31669A5890ED0C2B14A693A92C96590A071C54DD51EB13686ACFCACA524C75513DE73A7622F1564E810CE486462ADA7"
523,311679680,311679492,311958801,422.742367,423.121204,143,-0.000000,-1097.340230,"Decawave DW-8",0.026049,1,69,0x34DD,0x8D22,0,"2C5865AE9C8E07B58F841D618F519C36A5AE401959953C8351AF8703C647F3A9D043B33A8A48E5C492E95082BBC2FF586B2449211AD89B7A12DFC72CA07ED64C27A630DD34"
524,312444288,312446540,312678201,423.782742,424.096952,262,0.000000,-1685.978522,"Decawave DW-8",0.950829,1,12,0x35C6,0x35C6,1,"618844F2F00200010000C635"
525,312828096,312827659,313077847,424.299668,424.639007,126,0.000000,678.631045,"Decawave DW-8",0.033074,0,36,0x0000,0x0000,0,""
526,313582752,313582349,313832537,425.323282,425.662621,129,0.000000,-2985.917025,"Decawave DW-8",0.020644,0,55,0x0000,0x0000,0,""
527,313800448,313802700,314034361,425.622152,425.936362,262,0.000000,-1697.824682,"Decawave DW-8",0.950408,1,12,0x8F1B,0x8F1B,1,"618849F2F002000100001B8F"
528,314237440,314239692,314471353,426.214860,426.529070,262,0.000000,-1697.824722,"Decawave DW-8",0.950408,1,12,0x8F1B,0x8F1B,1,"618849F2F002000100001B8F"
529,314528128,314530380,314762041,426.609131,426.923341,262,0.000000,-1697.824705,"Decawave DW-8",0.950408,1,12,0x8F1B,0x8F1B,1,"618849F2F002000100001B8F"
530,314720448,314720011,314970199,426.866334,427.205674,126,0.000000,-3568.128764,"Decawave DW-8",0.034517,0,74,0x0000,0x0000,0,""
531,315096640,315096231,315394444,427.376615,427.781093,129,0.000000,-3961.808592,"Decawave DW-8",0.029200,1,88,0xF19F,0x0647,0,"C2CCC15D2A1048D504818076C0BABECAA6098F311A28A9D4F10183DFA68DC6E803FA7CCE112D8A4DC01D0A530302A84C1492CB905E67229638E98CCE9A786A21A1643639E658573AED7F8D74A5E83233A0286E7929DF9FF1"
532,315692800,315695052,315926713,428.188818,428.503029,262,0.000000,-1662.200342,"Decawave DW-8",0.951607,1,12,0x187A,0x187A,1,"61884CF2F002000100007A18"
533,316462496,316464748,316696409,429.232785,429.546996,262,0.000000,-1670.593606,"Decawave DW-8",0.950873,1,12,0x1315,0x1315,1,"61884EF2F002000100001513"
534,316801952,316804204,317035865,429.693202,430.007412,262,0.000000,-1681.602990,"Decawave DW-8",0.950938,1,12,0x92AA,0x92AA,1,"61884FF2F00200010000AA92"
535,317190176,317192428,317424089,430.219765,430.533975,262,0.000000,-1676.945520,"Decawave DW-8",0.950954,1,12,0x7860,0x7860,1,"618850F2F002000100006078"
536,318140960,318140501,318390689,431.505671,431.845010,107,0.000000,-5320.071678,"Decawave DW-8",0.029244,0,12,0x0000,0x0000,0,""
537,319648480,319650732,319882393,433.554053,433.868263,262,0.000000,-1690.703603,"Decawave DW-8",0.951470,1,12,0x55DC,0x55DC,1,"618858F2F00200010000DC55"
538,319943008,319945260,320176921,433.953532,434.267742,262,0.000000,-1690.703708,"Decawave DW-8",0.951468,1,12,0x55DC,0x55DC,1,"618858F2F00200010000DC55"
539,320282464,320284716,320516377,434.413949,434.728159,262,0.000000,-1690.703676,"Decawave DW-8",0.951469,1,12,0x55DC,0x55DC,1,"618858F2F00200010000DC55"
540,320621920,320624171,320855832,434.874364,435.188574,262,-0.000000,-1664.485130,"Decawave DW-8",0.950868,1,12,0xD463,0xD463,1,"618859F2F0020001000063D4"
541,320961376,320963627,321195288,435.334781,435.648991,262,-0.000000,-1692.397631,"Decawave DW-8",0.950197,1,12,0x5EB3,0x5EB3,1,"61885AF2F00200010000B35E"
542,322168064,322170316,322401977,436.971457,437.285668,262,0.000000,-1694.846888,"Decawave DW-8",0.950470,1,12,0xC2BD,0xC2BD,1,"61885DF2F00200010000BDC2"
543,322653824,322653636,322903825,437.627002,437.966343,145,0.000000,-2200.882368,"Decawave DW-8",0.030767,0,23,0x0000,0x0000,0,""
544,323035296,323037548,323269209,438.147716,438.461926,262,0.000000,-1684.920295,"Decawave DW-8",0.951172,1,12,0x9E87,0x9E87,1,"618862F2F00200010000879E"
545,323822688,323824940,324056601,439.215685,439.529895,262,0.000000,-1684.920306,"Decawave DW-8",0.951172,1,12,0x9E87,0x9E87,1,"618862F2F00200010000879E"
546,325701760,325704011,325935672,441.764338,442.078548,262,-0.000000,-1653.745231,"Decawave DW-8",0.951220,1,12,0x09E6,0x09E6,1,"618867F2F00200010000E609"
547,325890496,325892748,326124409,442.020329,442.334539,262,0.000000,-1653.745152,"Decawave DW-8",0.951220,1,12,0x09E6,0x09E6,1,"618867F2F00200010000E609"
548,326278720,326280972,326512633,442.546891,442.861102,262,0.000000,-1666.583955,"Decawave DW-8",0.951594,1,12,0xB854,0xB854,1,"618868F2F0020001000054B8"
549,327226144,327226044,327456205,443.828727,444.140903,104,-0.000000,-3765.737744,"Decawave DW-8",0.031079,1,10,0x9C0D,0x366A,0,"AF84A5F3C8C17C940D9C"
550,327586144,327585757,327809846,444.316619,444.620559,129,0.000000,-2437.994641,"Decawave DW-8",0.026222,1,2,0x31FA,0x0000,0,"FA31"
551,327824864,327827116,328058777,444.643983,444.958194,262,0.000000,-1661.697391,"Decawave DW-8",0.950831,1,12,0xAE8A,0xAE8A,1,"61886CF2F002000100008AAE"
552,328601312,328603564,328835225,445.697108,446.011319,262,0.000000,-1683.381188,"Decawave DW-8",0.951122,1,12,0xA5E5,0xA5E5,1,"61886EF2F00200010000E5A5"
553,329087072,329086884,329337072,446.352653,446.691992,146,0.000000,-2262.574168,"Decawave DW-8",0.036567,0,65,0x0000,0x0000,0,""
554,329468544,329470796,329702457,446.873367,447.187577,262,0.000000,-1683.412262,"Decawave DW-8",0.951012,1,12,0x4F2F,0x4F2F,1,"618871F2F002000100002F4F"
555,331008096,331007747,331257936,448.957990,449.297331,108,0.000000,-622.037540,"Decawave DW-8",0.032242,0,81,0x0000,0x0000,0,""
556,331644832,331647083,331878744,449.825145,450.139355,262,-0.000000,-1675.289410,"Decawave DW-8",0.951281,1,12,0xD321,0xD321,1,"618876F2F0020001000021D3"
557,332127808,332127403,332359065,450.476621,450.790833,129,0.000000,-3437.719940,"Decawave DW-8",0.044821,1,12,0x9E41,0x5CF0,0,"C3C36160EB95C264A961419E"
558,333190976,333193228,333424889,451.922238,452.236449,262,0.000000,-1644.914048,"Decawave DW-8",0.951017,1,12,0x69FC,0x69FC,1,"61887BF2F00200010000FC69"
559,333579200,333579012,333883269,452.445492,452.858167,212,0.000000,-2383.583123,"Decawave DW-8",0.031309,1,96,0xE7F0,0x3D4B,0,"B09C6D8A5514A162D3B2C548A192237D25F93AED99BB1E342136C25A4588961291806D4506EC6850101A17037D00086B2A13490647BA2208237FA2BB944E4963B93D6CEF3171829EAC420CB82094A186C8C2EC602BF638923025A2101413F0E7"
560,334306880,334306692,334620017,453.432471,453.857445,251,0.000000,-1844.647467,"Decawave DW-8",0.036842,1,108,0x818F,0x66BE,0,"6052C8324660208279D405274835E2E88FF6918DD09D4E43274362F916448BEBA691074B9B8E04EE6C4E8CAA8BF1BC50CF37185F3B64999A1999DA74A3A27352F91B8DC50D3DD2FA3081C2CA91A81390A72F27C653EF30F544304E6701B3C34CC6BC13B0E3731A2D9A718F81"
561,335901792,335901604,336126472,455.595709,455.900705,143,-0.000000,-998.555474,"Decawave DW-8",0.035381,1,3,0x8337,0xD785,0,"C13783"
562,337050208,337052460,337284121,457.156657,457.470867,262,0.000000,-1675.048280,"Decawave DW-8",0.951664,1,12,0x1A6A,0x1A6A,1,"618885F2F002000100006A1A"
563,337804864,337804461,338054649,458.176624,458.515963,129,0.000000,-2868.881011,"Decawave DW-8",0.033056,0,85,0x0000,0x0000,0,""
564,338459552,338461804,338693465,459.068202,459.382412,262,0.000000,-1689.184974,"Decawave DW-8",0.951214,1,12,0xABD8,0xABD8,1,"61888AF2F00200010000D8AB"
565,338750240,338752492,338984153,459.462473,459.776683,262,0.000000,-1689.185016,"Decawave DW-8",0.951214,1,12,0xABD8,0xABD8,1,"61888AF2F00200010000D8AB"
566,338942560,338942123,339168496,459.719676,460.026714,126,0.000000,-2413.173697,"Decawave DW-8",0.033335,1,5,0x4798,0x67B8,0,"09FB609847"
567,339138464,339140716,339372377,459.989035,460.303246,262,0.000000,-1689.184996,"Decawave DW-8",0.951214,1,12,0xABD8,0xABD8,1,"61888AF2F00200010000D8AB"
568,339526688,339528940,339760601,460.515598,460.829808,262,0.000000,-1647.503864,"Decawave DW-8",0.951443,1,12,0x2A67,0x2A67,1,"61888BF2F00200010000672A"
569,339914912,339917164,340148825,461.042160,461.356371,262,0.000000,-1644.139215,"Decawave DW-8",0.951435,1,12,0xB669,0xB669,1,"61888CF2F0020001000069B6"
570,340303136,340305388,340537049,461.568723,461.882933,262,0.000000,-1666.406483,"Decawave DW-8",0.950978,1,12,0x37D6,0x37D6,1,"61888DF2F00200010000D637"
571,341412288,341414540,341646201,463.073107,463.387317,262,0.000000,-1671.071734,"Decawave DW-8",0.951275,1,12,0xD673,0xD673,1,"618890F2F0020001000073D6"
572,341800512,341802764,342034425,463.599669,463.913879,262,0.000000,-1677.883741,"Decawave DW-8",0.950636,1,12,0x57CC,0x57CC,1,"618891F2F00200010000CC57"
573,343481920,343481518,343767632,465.876625,466.264692,129,-0.000000,-3462.464400,"Decawave DW-8",0.025505,1,78,0xE649,0xF26A,0,"0C95FDC28038F13BA391D8E4C6C8290A48CDA9E8507CFD354D6194C62448AC09BC0847E4C3BC36071598C434C38D48447D4DD19BB0582A190620978CF1E5EA1E048E4C36F9DA90661171164D49E6"
574,343870592,343872844,344104505,466.407395,466.721605,262,0.000000,-1666.599646,"Decawave DW-8",0.950747,1,12,0x7A70,0x7A70,1,"618899F2F00200010000707A"
575,344602112,344604364,344836025,467.399582,467.713793,262,0.000000,-1666.599660,"Decawave DW-8",0.950747,1,12,0x7A70,0x7A70,1,"618899F2F00200010000707A"
576,344844032,344846283,345077944,467.727706,468.041916,262,-0.000000,-1666.599625,"Decawave DW-8",0.950748,1,12,0x7A70,0x7A70,1,"618899F2F00200010000707A"
577,345329792,345329604,345644434,468.383252,468.810267,188,0.000000,-2185.050568,"Decawave DW-8",0.055413,1,110,0x0B5D,0x7983,0,"21A29633E8E6C40B155B0719B42740D823AA17E410CC1A10131C0C21FC8866DED5B9092CD7E33A112B4E0B1385B8B1014818DD5159D88DEB88A58980C255AD5A58CAA762696A566B621650154D405439019A9B8A87298429B2874C803FA4BE00EC333D1076B662F3399712275D0B"
578,345762944,345762845,346068605,468.970873,469.385586,115,0.000000,-4722.733057,"Decawave DW-8",0.026183,1,98,0x1881,0xAD7E,0,"14412805266AC0B6A74240DE389C89648EF88428C36FCB8F6CCC3BD35A4830B206150401015CAE3B247D2008B10CEEE20A576AF0FB11A2CCDCE6677AC6300DC80C73344F606585036C4D19CE9DC8A49E589A93840F45ECD79B0952AD7D41CD588118"
579,346778400,346780652,347012313,470.351362,470.665572,262,0.000000,-1696.195857,"Decawave DW-8",0.951541,1,12,0xE67E,0xE67E,1,"61889EF2F002000100007EE6"
580,347117856,347120108,347351769,470.811778,471.125989,262,0.000000,-1687.030268,"Decawave DW-8",0.951112,1,12,0x67C1,0x67C1,1,"61889FF2F00200010000C167"
581,348531648,348533899,348765560,472.729355,473.043566,262,-0.000000,-1659.675042,"Decawave DW-8",0.951795,1,12,0xB12B,0xB12B,1,"6188A3F2F002000100002BB1"
582,349149760,349149572,349399761,473.564415,473.903756,141,0.000000,-2245.891758,"Decawave DW-8",0.021552,0,95,0x0000,0x0000,0,""
583,350500832,350503084,350734745,475.400233,475.714444,262,0.000000,-1661.093721,"Decawave DW-8",0.951086,1,12,0x1647,0x1647,1,"6188A8F2F002000100004716"
584,350937824,350940076,351171737,475.992942,476.307152,262,0.000000,-1695.684119,"Decawave DW-8",0.950508,1,12,0x97F8,0x97F8,1,"6188A9F2F00200010000F897"
585,351277280,351279532,351511193,476.453358,476.767569,262,0.000000,-1695.369695,"Decawave DW-8",0.950509,1,12,0x1D28,0x1D28,1,"6188AAF2F00200010000281D"
586,352532736,352534988,352766649,478.156179,478.470390,262,0.000000,-1648.976899,"Decawave DW-8",0.951987,1,12,0x8A49,0x8A49,1,"6188AFF2F00200010000498A"
587,352774656,352776908,353008569,478.484304,478.798515,262,0.000000,-1647.128190,"Decawave DW-8",0.950970,1,12,0x0BF6,0x0BF6,1,"6188AEF2F00200010000F60B"
588,353162880,353165132,353396793,479.010867,479.325077,262,0.000000,-1648.976849,"Decawave DW-8",0.951987,1,12,0x8A49,0x8A49,1,"6188AFF2F00200010000498A"
589,353348320,353350572,353582233,479.262386,479.576596,262,0.000000,-1673.917283,"Decawave DW-8",0.950845,1,12,0x6BEC,0x6BEC,1,"6188B2F2F00200010000EC6B"
590,355228448,355230699,355462360,481.812472,482.126682,262,-0.000000,-1655.892900,"Decawave DW-8",0.951233,1,12,0xFC8D,0xFC8D,1,"6188B7F2F002000100008DFC"
591,355866944,355869196,356100857,482.678488,482.992699,262,0.000000,-1655.892933,"Decawave DW-8",0.951233,1,12,0xFC8D,0xFC8D,1,"6188B7F2F002000100008DFC"
592,356349920,356349515,356618993,483.329963,483.695466,129,0.000000,-914.509518,"Decawave DW-8",0.029861,1,56,0x2B65,0x3D71,0,"B799807C41C72D93BA5470929AE521B9D2F3105B9FE0A6F68AE3C8F03112234247543B3E877623D3A7A0ACCA9D36C332B2D01D5E5CF8652B"
593,356643392,356643204,356893392,483.728304,484.067643,242,0.000000,-1958.866870,"Decawave DW-8",0.033584,0,124,0x0000,0x0000,0,""
594,357703776,357706028,357937689,485.169851,485.484062,262,0.000000,-1676.512754,"Decawave DW-8",0.951116,1,12,0x5BE1,0x5BE1,1,"6188BCF2F00200010000E15B"
595,358140768,358142081,358373743,485.761286,486.075498,262,0.000000,-1676.512704,"Decawave DW-8",0.951117,1,12,0x5BE1,0x5BE1,1,"6188BCF2F00200010000E15B"
596,358431456,358433708,358665369,486.156831,486.471041,262,0.000000,-1676.175890,"Decawave DW-8",0.950716,1,12,0xDA5E,0xDA5E,1,"6188BDF2F002000100005EDA"
597,358819680,358821932,359053593,486.683393,486.997603,262,0.000000,-1665.289800,"Decawave DW-8",0.951146,1,12,0x508E,0x508E,1,"6188BEF2F002000100008E50"
598,360123904,360123716,360353102,488.449051,488.760175,143,-0.000000,-3079.605302,"Decawave DW-8",0.031193,1,9,0xB65C,0x607F,0,"9F7C0D6603BB205CB6"
599,360365824,360368076,360599737,488.780485,489.094695,262,0.000000,-1711.669667,"Decawave DW-8",0.950155,1,12,0xE395,0xE395,1,"6188C2F2F0020001000095E3"
600,361272320,361274571,361506232,490.009998,490.324208,262,-0.000000,-1667.866390,"Decawave DW-8",0.951134,1,12,0xF54B,0xF54B,1,"6188C6F2F002000100004BF5"
601,362026976,362026573,362265796,491.029966,491.354433,129,0.000000,-3455.536764,"Decawave DW-8",0.023087,1,22,0x920E,0x5680,0,"079C9DD3186E5598A05EFA8367D5E06E57D83B0C0E92"
602,362681664,362683916,362915577,491.921544,492.235754,262,0.000000,-1668.754057,"Decawave DW-8",0.951016,1,12,0x4F96,0x4F96,1,"6188CBF2F00200010000964F"
603,362972352,362974604,363206265,492.315815,492.630025,262,0.000000,-1668.753980,"Decawave DW-8",0.951017,1,12,0x4F96,0x4F96,1,"6188CBF2F00200010000964F"
604,363164672,363164235,363414423,492.573018,492.912358,126,0.000000,768.792977,"Decawave DW-8",0.028514,0,2,0x0000,0x0000,0,""
605,363540864,363543116,363774777,493.086909,493.401119,262,0.000000,-1668.754070,"Decawave DW-8",0.951016,1,12,0x4F96,0x4F96,1,"6188CBF2F00200010000964F"
606,363748800,363751052,363982713,493.368940,493.683150,262,0.000000,-1668.754011,"Decawave DW-8",0.951017,1,12,0x4F96,0x4F96,1,"6188CBF2F00200010000964F"
607,364137024,364139276,364370937,493.895502,494.209713,262,0.000000,-1686.069818,"Decawave DW-8",0.950483,1,12,0xD398,0xD398,1,"6188CCF2F0020001000098D3"
608,364525248,364527500,364759161,494.422065,494.736275,262,0.000000,-1708.689616,"Decawave DW-8",0.950985,1,12,0x5227,0x5227,1,"6188CDF2F002000100002752"
609,364864704,364866956,365098617,494.882482,495.196692,262,0.000000,-1692.058767,"Decawave DW-8",0.950797,1,12,0xD8F7,0xD8F7,1,"6188CEF2F00200010000F7D8"
610,365433216,365432807,365682995,495.649966,495.989305,129,0.000000,-419.207674,"Decawave DW-8",0.033090,0,50,0x0000,0x0000,0,""
611,366022624,366024876,366256537,496.453011,496.767221,262,0.000000,-1656.560687,"Decawave DW-8",0.950189,1,12,0x323D,0x323D,1,"6188D1F2F002000100003D32"
612,367704032,367703630,367953818,498.729967,499.069306,129,-0.000000,-940.911938,"Decawave DW-8",0.022544,0,24,0x0000,0x0000,0,""
613,369066144,369068396,369300057,500.581049,500.895260,262,0.000000,-1684.745316,"Decawave DW-8",0.950905,1,12,0x9551,0x9551,1,"6188DAF2F002000100005195"
614,369551904,369551716,369805301,501.236594,501.580541,188,0.000000,-2221.222329,"Decawave DW-8",0.033203,1,41,0x3E4F,0xA960,0,"B7E2D0B25050FA058C494AD63C3402F69978B568882F772314913BE18AE1CC64DEC90585CA85024F3E"
615,369891360,369891172,370215855,501.697011,502.137390,240,0.000000,-1991.913785,"Decawave DW-8",0.046631,1,123,0x292A,0x582E,0,"C4C088791D728B869A820687A905316A8942FD19E50EB902F2711E7E86E4CA537EE082EC8414C4DBCC2434790351FC1CA29E62C6D298C90C5953207A580D466406678DB8046CA17813493273A06A401B6D74766AFEC7E1363CCD83B5106C6493C883915121A27EC1B23BDC803B68098C4CB0ADFED028D25C922A29"
616,370728736,370730988,370962649,502.836084,503.150294,262,0.000000,-1675.507347,"Decawave DW-8",0.951413,1,12,0x0230,0x0230,1,"6188DFF2F002000100003002"
617,371388736,371388548,371620210,503.727957,504.042169,262,0.000000,-1675.507352,"Decawave DW-8",0.951365,1,12,0x0230,0x0230,1,"6188DFF2F002000100003002"
618,372067648,372069900,372301561,504.652100,504.966310,262,0.000000,-1651.429135,"Decawave DW-8",0.951354,1,12,0xDFB5,0xDFB5,1,"6188E1F2F00200010000B5DF"
619,373225568,373227820,373459481,506.222629,506.536839,262,0.000000,-1658.670904,"Decawave DW-8",0.951170,1,12,0x48D4,0x48D4,1,"6188E4F2F00200010000D448"
620,374240576,374242828,374474489,507.599322,507.913532,262,0.000000,-1670.384829,"Decawave DW-8",0.950902,1,12,0xC204,0xC204,1,"6188E7F2F0020001000004C2"
621,374894976,374897227,375128888,508.486907,508.801118,262,-0.000000,-1682.969522,"Decawave DW-8",0.951365,1,12,0xF966,0xF966,1,"6188EBF2F0020001000066F9"
622,375111168,375113420,375345081,508.780138,509.094348,262,0.000000,-1682.969468,"Decawave DW-8",0.951366,1,12,0xF966,0xF966,1,"6188EBF2F0020001000066F9"
623,375548160,375550412,375782073,509.372846,509.687056,262,0.000000,-1698.554596,"Decawave DW-8",0.951174,1,12,0x78D9,0x78D9,1,"6188EAF2F00200010000D978"
624,375838848,375841100,376072761,509.767117,510.081327,262,0.000000,-1682.969442,"Decawave DW-8",0.951366,1,12,0xF966,0xF966,1,"6188EBF2F0020001000066F9"
625,376038336,376038234,376288422,510.034497,510.373836,118,0.000000,-3176.305178,"Decawave DW-8",0.037862,0,46,0x0000,0x0000,0,""
626,376416736,376418988,376650649,510.550928,510.865138,262,0.000000,-1682.607061,"Decawave DW-8",0.950981,1,12,0x6E07,0x6E07,1,"6188EEF2F00200010000076E"
627,376787328,376786922,377037110,511.049970,511.389309,129,0.000000,-3433.356062,"Decawave DW-8",0.036062,0,36,0x0000,0x0000,0,""
628,377094304,377094116,377344304,511.466629,511.805968,224,-0.000000,-2180.050778,"Decawave DW-8",0.020929,0,71,0x0000,0x0000,0,""
629,377531296,377531108,377817224,512.059337,512.447407,146,0.000000,-2238.661924,"Decawave DW-8",0.027789,1,78,0x5D00,0x3A31,0,"D83E4346C5CDD16009B4D5380B7875150558A7703CC14F65B49E0F8D81B66C93EE31A00686636FD28214F52DB10A2B6054CC5CCFF54DF222A0D01940F7E1D20A25C143A9841EA031053712A5005D"
630,378301216,378300804,378550992,513.103304,513.442643,129,-0.000000,-2977.707490,"Decawave DW-8",0.041196,0,32,0x0000,0x0000,0,""
631,379805120,379804932,380055120,515.143408,515.482747,142,0.000000,-3044.182181,"Decawave DW-8",0.027974,0,72,0x0000,0x0000,0,""
632,380572032,380574283,380805944,516.186907,516.501118,262,-0.000000,-1681.053959,"Decawave DW-8",0.950793,1,12,0x28CE,0x28CE,1,"6188F8F2F00200010000CE28"
633,381204960,381207212,381438873,517.045372,517.359583,262,0.000000,-1648.688586,"Decawave DW-8",0.951065,1,12,0xA971,0xA971,1,"6188F9F2F0020001000071A9"
634,382653568,382655820,382887481,519.010173,519.324383,262,0.000000,-1695.703899,"Decawave DW-8",0.951178,1,12,0xBFAF,0xBFAF,1,"6188FDF2F00200010000AFBF"
635,383090560,383092812,383324473,519.602881,519.917091,262,0.000000,-1663.758487,"Decawave DW-8",0.951333,1,12,0x357F,0x357F,1,"6188FEF2F002000100007F35"
636,383430016,383432268,383663929,520.063298,520.377508,262,0.000000,-1665.938934,"Decawave DW-8",0.951249,1,12,0xB4C0,0xB4C0,1,"6188FFF2F00200010000C0B4"
637,383964544,383964356,384214544,520.784988,521.124327,147,0.000000,-3369.257438,"Decawave DW-8",0.022717,0,35,0x0000,0x0000,0,""
638,384346016,384348268,384579929,521.305702,521.619912,262,0.000000,-1679.956769,"Decawave DW-8",0.951019,1,12,0x4D86,0x4D86,1,"618802F2F00200010000864D"
639,385494432,385496684,385728345,522.863341,523.177551,262,0.000000,-1657.227765,"Decawave DW-8",0.951185,1,12,0xDAE7,0xDAE7,1,"618807F2F00200010000E7DA"
640,386249088,386251340,386483001,523.886909,524.201119,262,0.000000,-1657.227750,"Decawave DW-8",0.951185,1,12,0xDAE7,0xDAE7,1,"618807F2F00200010000E7DA"
641,387194464,387196716,387428377,525.169157,525.483367,262,0.000000,-1677.688296,"Decawave DW-8",0.951029,1,12,0x7D8B,0x7D8B,1,"61880CF2F002000100008B7D"
642,387386784,387386347,387636535,525.426360,525.765700,126,0.000000,-2386.538601,"Decawave DW-8",0.021499,0,42,0x0000,0x0000,0,""
643,387762976,387765228,387996889,525.940251,526.254461,262,0.000000,-1677.688248,"Decawave DW-8",0.951029,1,12,0x7D8B,0x7D8B,1,"61880CF2F002000100008B7D"
644,387970912,387973164,388204825,526.222282,526.536492,262,0.000000,-1677.688339,"Decawave DW-8",0.951028,1,12,0x7D8B,0x7D8B,1,"61880CF2F002000100008B7D"
645,388359136,388361388,388593049,526.748844,527.063055,262,0.000000,-1677.688315,"Decawave DW-8",0.951028,1,12,0x7D8B,0x7D8B,1,"61880CF2F002000100008B7D"
646,388747360,388749612,388981273,527.275407,527.589617,262,0.000000,-1704.507310,"Decawave DW-8",0.951022,1,12,0xFC34,0xFC34,1,"61880DF2F0020001000034FC"
647,389086816,389089068,389320729,527.735824,528.050034,262,0.000000,-1691.322536,"Decawave DW-8",0.951441,1,12,0x76E4,0x76E4,1,"61880EF2F00200010000E476"
648,389655328,389654919,389938756,528.503308,528.888287,129,0.000000,-3455.743868,"Decawave DW-8",0.042745,1,75,0x1D05,0x3C90,0,"01579409281AEF915363EB1C14DAF6B9DACFB0A90C2291D39EE1CC8661FAB3F70134F406F094311E69DE2343902CEC28C53E4311D43475DC5352523DAE216965FAB0BF8120AEAD1022051D"
649,390244736,390246988,390478649,529.306353,529.620563,262,0.000000,-1685.791776,"Decawave DW-8",0.951444,1,12,0x9C2E,0x9C2E,1,"618811F2F002000100002E9C"
650,390807296,390806837,391057025,530.065697,530.405036,107,0.000000,222.996089,"Decawave DW-8",0.033517,0,45,0x0000,0x0000,0,""
651,391021184,391023436,391255097,530.359478,530.673688,262,0.000000,-1653.238811,"Decawave DW-8",0.950867,1,12,0x9741,0x9741,1,"618813F2F002000100004197"
652,391409408,391411660,391643321,530.886041,531.200251,262,0.000000,-1649.515200,"Decawave DW-8",0.951180,1,12,0x0B4F,0x0B4F,1,"618814F2F002000100004F0B"
653,391926144,391928396,392160057,531.586909,531.901119,262,0.000000,-1667.268602,"Decawave DW-8",0.951806,1,12,0x0020,0x0020,1,"618816F2F002000100002000"
654,392314080,392313966,392564154,532.109871,532.449211,116,0.000000,-3931.203766,"Decawave DW-8",0.033830,0,58,0x0000,0x0000,0,""
655,393774016,393776268,394007929,534.093245,534.407456,262,0.000000,-1700.321423,"Decawave DW-8",0.951325,1,12,0xBAFD,0xBAFD,1,"61881BF2F00200010000FDBA"
656,394207168,394207069,394444025,534.677557,534.998949,115,0.000000,-3395.904045,"Decawave DW-8",0.036445,1,19,0x4282,0xCCEA,0,"60F9A8C44430E7DE00BCB12981FF41B1948242"
657,394404160,394406412,394638073,534.947933,535.262143,262,0.000000,-1668.058471,"Decawave DW-8",0.951172,1,12,0x26F3,0x26F3,1,"61881CF2F00200010000F326"
658,395950304,395952556,396184217,537.045025,537.359235,262,0.000000,-1699.951407,"Decawave DW-8",0.951309,1,12,0xF019,0xF019,1,"618820F2F0020001000019F0"
659,396436064,396435876,396686064,537.700570,538.039909,171,0.000000,-2342.695585,"Decawave DW-8",0.036178,0,125,0x0000,0x0000,0,""
660,397611872,397611803,397852538,539.295523,539.622040,117,0.000000,-4599.690147,"Decawave DW-8",0.039794,1,24,0x40D4,0xB689,0,"20243A0287773C757C50109317D9D2E7279EFC443142D440"
661,397997120,397997025,398247214,539.818014,540.157354,108,-0.000000,-5217.680451,"Decawave DW-8",0.028940,0,68,0x0000,0x0000,0,""
662,399117088,399119340,399351001,541.340251,541.654461,262,0.000000,-1671.754512,"Decawave DW-8",0.951582,1,12,0xD6CA,0xD6CA,1,"61882AF2F00200010000CAD6"
663,399333280,399335532,399567193,541.633480,541.947690,262,0.000000,-1671.754570,"Decawave DW-8",0.951581,1,12,0xD6CA,0xD6CA,1,"61882AF2F00200010000CAD6"
664,399892480,399892380,400142568,542.388753,542.728092,104,-0.000000,-598.699285,"Decawave DW-8",0.029035,0,55,0x0000,0x0000,0,""
665,400109728,400111980,400343641,542.686605,543.000815,262,0.000000,-1649.078973,"Decawave DW-8",0.951884,1,12,0x5775,0x5775,1,"61882BF2F002000100007557"
666,401009440,401009034,401325398,543.903312,544.332408,129,0.000000,97.477730,"Decawave DW-8",0.027773,1,112,0xA47D,0xD017,0,"2390E486A59844569B243223A3B44499ADF1F4375279CB88499A62463358E335471492343A3B7090B8006F818C808CC4578487D74994E4CAFC5E5EAF125A2B8B4BEC0621A80BC745C690D61D10E9C271768462D4C6D455BB99681210473D500B42CBF3CD372B60CB3CA848C0E4287DA4"
667,401753408,401755660,401987321,544.915988,545.230199,262,0.000000,-1703.266833,"Decawave DW-8",0.950362,1,12,0x2ADE,0x2ADE,1,"618831F2F00200010000DE2A"
668,402432320,402432132,402754526,545.833512,546.270787,250,-0.000000,-1978.402100,"Decawave DW-8",0.033903,1,120,0x431A,0x70DF,0,"C9697D6338E0CE9B1981292F1616EA74383E3BA91C661972D60A92837D6EA7DA25C96D82CC44C65CA21424938E8A64A40042B95688B2022501BC19E9B0F899B6643E22CA1DC871BA82DB00F831E96E38149B0C1C7987C83301D0FC140B0F1325ED37A58028DD498D7819D30EADD5CE65014DA0441C931A43"
669,402820544,402820356,403107216,546.360075,546.749154,237,-0.000000,-2006.326456,"Decawave DW-8",0.047716,1,79,0x1883,0xDD7C,0,"48314A51C812E452E46E85CE91E26884B7FCBE8C3C781CD21D006961E41341B568244A1826FC06FEDD55E7048878E7D8DD2F71CD3158AD25E684018C3525B913625A58100DE74171914CFA31728318"
670,404027232,404027044,404277232,547.996750,548.336089,142,0.000000,-3558.271494,"Decawave DW-8",0.024804,0,98,0x0000,0x0000,0,""
671,404794144,404796395,405028056,549.040249,549.354460,262,-0.000000,-1667.975832,"Decawave DW-8",0.950870,1,12,0x0762,0x0762,1,"618839F2F002000100006207"
672,405136384,405138636,405370297,549.504443,549.818654,262,0.000000,-1667.975844,"Decawave DW-8",0.950870,1,12,0x0762,0x0762,1,"618839F2F002000100006207"
673,405427072,405429324,405660985,549.898714,550.212925,262,0.000000,-1667.975730,"Decawave DW-8",0.950871,1,12,0x0762,0x0762,1,"618839F2F002000100006207"
674,406316704,406316624,406566812,551.102192,551.441531,117,0.000000,-3973.579161,"Decawave DW-8",0.020514,0,109,0x0000,0x0000,0,""
675,406686496,406686091,406936279,551.603314,551.942653,129,0.000000,-400.577449,"Decawave DW-8",0.052012,0,10,0x0000,0x0000,0,""
676,407361440,407361252,407611440,552.519059,552.858398,238,-0.000000,-1519.226573,"Decawave DW-8",0.041121,0,43,0x0000,0x0000,0,""
677,407652128,407654380,407886041,552.916640,553.230850,262,0.000000,-1687.055393,"Decawave DW-8",0.951392,1,12,0x1AD3,0x1AD3,1,"61883FF2F00200010000D31A"
678,408089120,408091372,408323033,553.509348,553.823558,262,0.000000,-1697.091591,"Decawave DW-8",0.950972,1,12,0x2318,0x2318,1,"618840F2F002000100001823"
679,408568128,408570380,408802041,554.159044,554.473254,262,0.000000,-1670.137430,"Decawave DW-8",0.950697,1,12,0xA9C8,0xA9C8,1,"618843F2F00200010000C8A9"
680,410471200,410473452,410705113,556.740251,557.054461,262,0.000000,-1662.325955,"Decawave DW-8",0.951443,1,12,0x0EA4,0x0EA4,1,"618848F2F00200010000A40E"
681,411608896,411608459,411929359,558.279702,558.714951,126,0.000000,-4136.444277,"Decawave DW-8",0.036962,1,118,0xC2A3,0x64ED,0,"33CF5DADCE1A82BADCA1256AF900AFB099E027DFBDBEA046663C48C2491BAE37C37B859DF04165EE9B9445FAF0C695A0660A14271B0954A6D88F611FF41195070C8EDCBA5007168F8DF86B1955CAAAA2E41B90CD9AE649605F291A11C8E10A4FD5477EDEA04F5240CCBE29A1F4EE27B511715ABEA3C2"
682,411985088,411987340,412219001,558.793593,559.107803,262,0.000000,-1685.971357,"Decawave DW-8",0.951660,1,12,0x99C5,0x99C5,1,"61884DF2F00200010000C599"
683,412193024,412195276,412426937,559.075624,559.389834,262,0.000000,-1685.971307,"Decawave DW-8",0.951661,1,12,0x99C5,0x99C5,1,"61884DF2F00200010000C599"
684,412581248,412583500,412815161,559.602186,559.916397,262,0.000000,-1685.971312,"Decawave DW-8",0.951661,1,12,0x99C5,0x99C5,1,"61884DF2F00200010000C599"
685,413067008,413066820,413317009,560.257731,560.597072,200,0.000000,-2316.642630,"Decawave DW-8",0.034813,0,117,0x0000,0x0000,0,""
686,413308928,413311180,413542841,560.589166,560.903376,262,0.000000,-1673.940756,"Decawave DW-8",0.951041,1,12,0x1315,0x1315,1,"61884EF2F002000100001513"
687,413697152,413699403,413931064,561.115727,561.429937,262,-0.000000,-1690.929500,"Decawave DW-8",0.950133,1,12,0x92AA,0x92AA,1,"61884FF2F00200010000AA92"
688,414085376,414087628,414319289,561.642291,561.956501,262,0.000000,-1665.056292,"Decawave DW-8",0.951130,1,12,0x7860,0x7860,1,"618850F2F002000100006078"
689,415029408,415028949,415361172,562.919039,563.369645,107,0.000000,-4436.831401,"Decawave DW-8",0.022376,1,127,0x9CDA,0x9FE3,0,"905310B372B50E277E3B586CCA80916BC5DDC0F7AC63CEF866D997B380B8C69408C2289D11034C00AB27ECB13318CDCD60E769B3192610340B999CB5F7306D212160F324606165A46CA54C9E9EFAAB4A89C8A5181744C3F6BE6EC1507B1200518621AEB34CE434E6CECCD06AAA8CCC6BA6F1A5EB5153D057B87B0AE67BDA9C"
690,415582752,415585004,415816665,563.673237,563.987447,262,0.000000,-1672.294891,"Decawave DW-8",0.951329,1,12,0x6EBE,0x6EBE,1,"618854F2F00200010000BE6E"
691,415787104,415789355,416021016,563.950406,564.264616,262,-0.000000,-1674.081793,"Decawave DW-8",0.950208,1,12,0xE46E,0xE46E,1,"618857F2F002000100006EE4"
692,416148256,416150507,416382168,564.440249,564.754460,262,-0.000000,-1674.081787,"Decawave DW-8",0.950208,1,12,0xE46E,0xE46E,1,"618857F2F002000100006EE4"
693,416536192,416538444,416770105,564.966423,565.280633,262,0.000000,-1674.081830,"Decawave DW-8",0.950208,1,12,0xE46E,0xE46E,1,"618857F2F002000100006EE4"
694,418429280,418431532,418663193,567.534087,567.848298,262,0.000000,-1672.263614,"Decawave DW-8",0.951361,1,12,0x4302,0x4302,1,"61885CF2F002000100000243"
695,418723808,418723620,418949995,567.930257,568.237298,227,-0.000000,-1197.653717,"Decawave DW-8",0.026616,1,5,0xE43D,0xE018,0,"0897613DE4"
696,419014496,419016748,419248409,568.327837,568.642048,262,0.000000,-1681.137986,"Decawave DW-8",0.951049,1,12,0xC2BD,0xC2BD,1,"61885DF2F00200010000BDC2"
697,420172416,420174667,420406328,569.898366,570.212576,262,-0.000000,-1685.151592,"Decawave DW-8",0.951270,1,12,0x1457,0x1457,1,"618861F2F002000100005714"
698,420997632,420997444,421310021,571.014328,571.438288,223,0.000000,-2034.960989,"Decawave DW-8",0.028829,1,107,0x5781,0x10E9,0,"A732C539D506EDA75E15930578D6A4B10C1C63490502201078BB108B5B16475FD531707914A1D9E89F56F3C1DDE55199321ED9DAFB98804AC02015131EE171495C293E36CA61B746F93B39513260498F371C50429C92ED4249DEF9CDCEA736C7588DBF508C9182A8848157"
699,421434624,421434436,421684625,571.607037,571.946377,145,0.000000,-2216.709919,"Decawave DW-8",0.040087,0,90,0x0000,0x0000,0,""
700,421816096,421818348,422050009,572.127751,572.441961,262,0.000000,-1654.354509,"Decawave DW-8",0.950630,1,12,0x8859,0x8859,1,"618866F2F002000100005988"
701,423127328,423129579,423361240,573.906222,574.220432,262,-0.000000,-1698.177907,"Decawave DW-8",0.951124,1,12,0x3284,0x3284,1,"61886BF2F002000100008432"
702,423339200,423341452,423573113,574.193593,574.507803,262,0.000000,-1698.177932,"Decawave DW-8",0.951123,1,12,0x3284,0x3284,1,"61886BF2F002000100008432"
703,424114592,424116843,424348504,575.245284,575.559494,262,-0.000000,-1698.177922,"Decawave DW-8",0.951124,1,12,0x3284,0x3284,1,"61886BF2F002000100008432"
704,424482560,424482458,424732646,575.741181,576.080520,118,0.000000,-797.920328,"Decawave DW-8",0.041688,0,41,0x0000,0x0000,0,""
705,425975520,425977772,426209433,577.769331,578.083541,262,0.000000,-1678.640753,"Decawave DW-8",0.949980,1,12,0xCE90,0xCE90,1,"618870F2F0020001000090CE"
706,426745440,426747692,426979353,578.813601,579.127812,262,0.000000,-1667.083224,"Decawave DW-8",0.951859,1,12,0xC5FF,0xC5FF,1,"618872F2F00200010000FFC5"
707,427091424,427091236,427334985,579.279563,579.610168,172,0.000000,-2267.900224,"Decawave DW-8",0.029884,1,28,0x25D4,0x7128,0,"43E650800001A899B69700C0C52C94D8229657B0D570332CCCC9D425"
708,427867872,427867684,428115230,580.332688,580.668443,146,0.000000,-2639.845628,"Decawave DW-8",0.029243,1,33,0x4EA8,0x38E9,0,"0C4E10706B06DC0C240C08927CA42EAC0D24E6016499CCBB5804E4A55653D4A84E"
709,428645728,428645633,428895822,581.387849,581.727189,118,0.000000,-3223.834580,"Decawave DW-8",0.024855,0,34,0x0000,0x0000,0,""
710,429016256,429018508,429250169,581.893593,582.207803,262,0.000000,-1662.780774,"Decawave DW-8",0.951104,1,12,0xE843,0xE843,1,"61887AF2F0020001000043E8"
711,429309728,429311980,429543641,582.291640,582.605850,262,0.000000,-1662.780783,"Decawave DW-8",0.951104,1,12,0xE843,0xE843,1,"61887AF2F0020001000043E8"
712,430908608,430908203,431158391,584.456656,584.795995,129,0.000000,41.149799,"Decawave DW-8",0.032807,0,105,0x0000,0x0000,0,""
713,431534784,431537035,431768696,585.309564,585.623774,262,-0.000000,-1693.052694,"Decawave DW-8",0.951353,1,12,0x7F22,0x7F22,1,"61887FF2F00200010000227F"
714,431874240,431876492,432108153,585.769982,586.084192,262,0.000000,-1693.052633,"Decawave DW-8",0.951354,1,12,0x7F22,0x7F22,1,"61887FF2F00200010000227F"
715,432262464,432264716,432496377,586.296544,586.610754,262,0.000000,-1692.260589,"Decawave DW-8",0.951452,1,12,0x8D0B,0x8D0B,1,"618880F2F002000100000B8D"
716,435460480,435460353,435781256,590.630904,591.066157,115,-0.000000,-2609.812993,"Decawave DW-8",0.019489,1,118,0xC161,0x7326,0,"7ED925F33FEE8D8C0214100A6C202498162E9E76319DF1EA2F440B3547AAFC55DBDBD28CCE2836C50323980D0B30CEFCC1046D9641ED18400614903FD52A16539FDDE5C3A3BB9AD69BDB793A4C2A59516002C6CF469E437712474AE95E7C8A641EB7E524FE67D7F7FE2918829C7963836F8356F961C1"
717,435831008,435830571,436061479,591.133044,591.446233,126,0.000000,-948.126613,"Decawave DW-8",0.036077,1,11,0x8FC9,0xB865,0,"E7EACC7072B6654832C98F"
718,436415136,436417388,436649049,591.928966,592.243176,262,0.000000,-1686.186241,"Decawave DW-8",0.951040,1,12,0xBD06,0xBD06,1,"61888EF2F0020001000006BD"
719,436803360,436805612,437037273,592.455528,592.769739,262,0.000000,-1686.186217,"Decawave DW-8",0.951041,1,12,0xBD06,0xBD06,1,"61888EF2F0020001000006BD"
720,437191584,437193836,437425497,592.982091,593.296301,262,0.000000,-1686.186285,"Decawave DW-8",0.951040,1,12,0xBD06,0xBD06,1,"61888EF2F0020001000006BD"
721,437531040,437533292,437764953,593.442508,593.756718,262,0.000000,-1686.186254,"Decawave DW-8",0.951040,1,12,0xBD06,0xBD06,1,"61888EF2F0020001000006BD"
722,437723360,437722923,437985579,593.699711,594.055961,126,0.000000,-3613.382018,"Decawave DW-8",0.028389,1,47,0xAAB9,0x571C,0,"4CF3BA1EB4D63D7172E281C4A852050E019178B1359E1E71B86401CA6B1903B5368E8A25514512CAD7E14C6F2AB9AA"
723,438099552,438099143,438349331,594.209992,594.549331,129,0.000000,560.459193,"Decawave DW-8",0.030452,0,36,0x0000,0x0000,0,""
724,438307488,438309740,438541401,594.495633,594.809843,262,0.000000,-1688.680115,"Decawave DW-8",0.951327,1,12,0xD673,0xD673,1,"618890F2F0020001000073D6"
725,438870432,438870339,439120527,595.255994,595.595333,110,0.000000,-5168.015970,"Decawave DW-8",0.016685,0,34,0x0000,0x0000,0,""
726,439234976,439237228,439487416,595.753619,596.092958,44,0.000000,4179.246878,"Decawave DW-8",0.035702,0,54,0x0000,0x0000,0,""
727,440370368,440372619,440604280,597.293591,597.607802,262,-0.000000,-1661.410044,"Decawave DW-8",0.951158,1,12,0xFBCF,0xFBCF,1,"618898F2F00200010000CFFB"
728,440758304,440760556,440992217,597.819765,598.133975,262,0.000000,-1661.410009,"Decawave DW-8",0.951159,1,12,0xFBCF,0xFBCF,1,"618898F2F00200010000CFFB"
729,441901568,441901104,442151292,599.366732,599.706071,106,0.000000,-516.965022,"Decawave DW-8",0.045417,0,111,0x0000,0x0000,0,""
730,442651392,442653644,442885305,600.387429,600.701640,262,0.000000,-1675.480393,"Decawave DW-8",0.951098,1,12,0x6CAE,0x6CAE,1,"61889DF2F00200010000AE6C"
731,442994688,442996940,443228601,600.853054,601.167265,262,0.000000,-1675.480429,"Decawave DW-8",0.951098,1,12,0x6CAE,0x6CAE,1,"61889DF2F00200010000AE6C"
732,443236608,443238860,443470521,601.181179,601.495390,262,0.000000,-1675.480389,"Decawave DW-8",0.951098,1,12,0x6CAE,0x6CAE,1,"61889DF2F00200010000AE6C"
733,443624832,443627083,443858744,601.707741,602.021951,262,-0.000000,-1642.437297,"Decawave DW-8",0.951175,1,12,0xE67E,0xE67E,1,"61889EF2F002000100007EE6"
734,443964288,443966539,444198200,602.168157,602.482368,262,-0.000000,-1692.882294,"Decawave DW-8",0.950036,1,12,0x67C1,0x67C1,1,"61889FF2F00200010000C167"
735,444443296,444445548,444677209,602.817855,603.132065,262,0.000000,-1694.625206,"Decawave DW-8",0.951136,1,12,0x3094,0x3094,1,"6188A2F2F002000100009430"
736,444733984,444736236,444967897,603.212126,603.526336,262,0.000000,-1694.625237,"Decawave DW-8",0.951136,1,12,0x3094,0x3094,1,"6188A2F2F002000100009430"
737,446038208,446040460,446272121,604.981093,605.295303,262,0.000000,-1660.591009,"Decawave DW-8",0.951937,1,12,0xA7F5,0xA7F5,1,"6188A7F2F00200010000F5A7"
738,447833024,447835275,448066936,607.415466,607.729677,262,-0.000000,-1686.187366,"Decawave DW-8",0.951261,1,12,0x97F8,0x97F8,1,"6188A9F2F00200010000F897"
739,448165728,448167980,448399641,607.866726,608.180937,262,0.000000,-1686.192759,"Decawave DW-8",0.950900,1,12,0x0099,0x0099,1,"6188ACF2F002000100009900"
740,448651488,448653740,448885401,608.525581,608.839791,262,0.000000,-1686.192783,"Decawave DW-8",0.950900,1,12,0x0099,0x0099,1,"6188ACF2F002000100009900"
741,448893408,448895660,449127321,608.853706,609.167916,262,0.000000,-1686.192788,"Decawave DW-8",0.950900,1,12,0x0099,0x0099,1,"6188ACF2F002000100009900"
742,449453664,449453258,449701551,609.609996,609.946765,129,0.000000,-2987.154732,"Decawave DW-8",0.030232,1,34,0xD997,0x5DC2,0,"57772BE26E3BDD45F04A43032A54B02C9D385C89170626A24081230A175D181897D9"
743,450226048,450228300,450459961,610.661214,610.975425,262,0.000000,-1686.668840,"Decawave DW-8",0.951290,1,12,0xE13C,0xE13C,1,"6188B1F2F002000100003CE1"
744,450586784,450589036,450864554,611.150494,611.524189,44,0.000000,-13284.281449,"Decawave DW-8",0.034596,1,64,0x1BB7,0x53E1,0,"8D3D97B1FEF0349DF0448F2E725A02B16FE16DF9A1DB090F2A9232686DA90C43AD0D54F4E0C0100495117C1207F7F3A23562920604E24CCEEC623FDC392DB71B"
745,451167232,451169484,451401145,611.937777,612.251987,262,0.000000,-1678.400151,"Decawave DW-8",0.951724,1,12,0x6BEC,0x6BEC,1,"6188B2F2F00200010000EC6B"
746,451604224,451606476,451838137,612.530485,612.844695,262,0.000000,-1679.037617,"Decawave DW-8",0.951855,1,12,0xEA53,0xEA53,1,"6188B3F2F0020001000053EA"
747,452089984,452089796,452339984,613.186030,613.525369,146,0.000000,-2600.292172,"Decawave DW-8",0.034524,0,47,0x0000,0x0000,0,""
748,454210752,454213004,454444665,616.065815,616.380025,262,0.000000,-1674.050187,"Decawave DW-8",0.951659,1,12,0xC7EF,0xC7EF,1,"6188BBF2F00200010000EFC7"
749,454598976,454601228,454832889,616.592377,616.906588,262,0.000000,-1674.050122,"Decawave DW-8",0.951659,1,12,0xC7EF,0xC7EF,1,"6188BBF2F00200010000EFC7"
750,455130720,455130315,455428530,617.309998,617.714478,129,0.000000,-2898.545838,"Decawave DW-8",0.021824,1,88,0x8814,0xB013,0,"28914394A2955EC77811F589AB211A4426551A798BF0B0DE9F6147D1C02395FAE263003266D382AEE25669400498E4E7F19A18954196A996595D18310233B270020C25F3FDD5A11557DB03B4D4A838AD2812F11D10CC1488"
751,456096352,456098603,456330264,618.623322,618.937533,262,-0.000000,-1639.557750,"Decawave DW-8",0.950990,1,12,0xE8FA,0xE8FA,1,"6188C0F2F00200010000FAE8"
752,456484576,456486828,456718489,619.149886,619.464096,262,0.000000,-1639.557706,"Decawave DW-8",0.950990,1,12,0xE8FA,0xE8FA,1,"6188C0F2F00200010000FAE8"
753,456872800,456875052,457106713,619.676449,619.990659,262,0.000000,-1640.978739,"Decawave DW-8",0.951404,1,12,0x6945,0x6945,1,"6188C1F2F002000100004569"
754,457358560,457358372,457664899,620.331993,620.747747,186,0.000000,-2454.524268,"Decawave DW-8",0.035702,1,99,0x0F30,0x40DF,0,"BF5DC3662965D8C880BF8B340BC72EC492D20213C4223106503B4762AF2C35017980D833377FDB83FD054824549C155C594320BB3DAE00B6D220D83108CA6423810FB1D456438120DA2401B200CD09A69FD4001F8CB02461D5FADE850C7477C2AD300F"
755,458904704,458904516,459133899,622.429085,622.740206,143,-0.000000,-3044.590107,"Decawave DW-8",0.046676,1,9,0xF4E7,0xD404,0,"2AC8B40BA6C22CE7F4"
756,459486080,459488332,459719993,623.220936,623.535147,262,0.000000,-1662.714900,"Decawave DW-8",0.950892,1,12,0xC546,0xC546,1,"6188C8F2F0020001000046C5"
757,459742016,459741737,459991925,623.564639,623.903978,36,0.000000,-7445.407998,"Decawave DW-8",0.040114,0,114,0x0000,0x0000,0,""
758,460053120,460052683,460302871,623.986386,624.325726,126,0.000000,-2976.786631,"Decawave DW-8",0.034879,0,125,0x0000,0x0000,0,""
759,460807776,460807373,461122971,625.010000,625.438057,129,0.000000,-982.596340,"Decawave DW-8",0.023296,1,111,0x6826,0xD461,0,"770242F3B048C472C77B7EB0846FB5B3783C512FEAC5EE95600D249911C22AD2AE5BC3CC1647863AE64D3405311301EBB6D676001162374307B45CC6864A25B22EF1AE7041EB2EB7F72001298D1AB1FDF0C15BE6FFC3CB9156AC5D74559759C9C52267EED0A7FF0434052CA0082668"
760,461511232,461513483,461745144,625.967723,626.281934,262,-0.000000,-1669.815434,"Decawave DW-8",0.951635,1,12,0x5948,0x5948,1,"6188CFF2F002000100004859"
761,461753152,461755403,461987064,626.295848,626.610059,262,-0.000000,-1669.815486,"Decawave DW-8",0.951634,1,12,0x5948,0x5948,1,"6188CFF2F002000100004859"
762,461945472,461945035,462262142,626.553053,626.983157,126,0.000000,-3538.824951,"Decawave DW-8",0.028610,1,113,0x1730,0x5828,0,"CB0853A77C567D22612A66AA64E8FC6C41347C1415BBEBE5CBBB1E69A4964218C0075AB00FA740A36D19BD7DE5AA4AF6926C9F92F0EA3F048947985938372E09530C1BA9BF273B8D1144A09CF8BE0F39E08A6E87F7DDDD1A45FC8158494D58E08F33A1D121EF54B24A3B7A6C14E9253017"
763,462321664,462321255,462571443,627.063334,627.402673,129,0.000000,-2420.781471,"Decawave DW-8",0.030995,0,104,0x0000,0x0000,0,""
764,462529600,462531852,462763513,627.348975,627.663185,262,0.000000,-1662.519841,"Decawave DW-8",0.951428,1,12,0xB382,0xB382,1,"6188D0F2F0020001000082B3"
765,462917824,462920076,463151737,627.875537,628.189747,262,0.000000,-1699.864288,"Decawave DW-8",0.951528,1,12,0x323D,0x323D,1,"6188D1F2F002000100003D32"
766,463403584,463403396,463653585,628.531082,628.870422,200,0.000000,-2111.716010,"Decawave DW-8",0.016400,0,20,0x0000,0x0000,0,""
767,463687520,463689772,463921433,628.919504,629.233714,262,0.000000,-1675.146171,"Decawave DW-8",0.951729,1,12,0xA55C,0xA55C,1,"6188D4F2F002000100005CA5"
768,464026976,464029228,464260889,629.379921,629.694131,262,0.000000,-1675.146149,"Decawave DW-8",0.951729,1,12,0xA55C,0xA55C,1,"6188D4F2F002000100005CA5"
769,464415200,464417452,464649113,629.906483,630.220694,262,0.000000,-1697.376039,"Decawave DW-8",0.950653,1,12,0x24E3,0x24E3,1,"6188D5F2F00200010000E324"
770,464803424,464805676,465037337,630.433046,630.747256,262,0.000000,-1678.756684,"Decawave DW-8",0.951354,1,12,0xAE33,0xAE33,1,"6188D6F2F0020001000033AE"
771,466873504,466875756,467107417,633.240771,633.554982,262,0.000000,-1690.238475,"Decawave DW-8",0.950704,1,12,0x838F,0x838F,1,"6188DEF2F002000100008F83"
772,467168032,467170284,467401945,633.640251,633.954461,262,0.000000,-1690.238408,"Decawave DW-8",0.950704,1,12,0x838F,0x838F,1,"6188DEF2F002000100008F83"
773,467507488,467509740,467741401,634.100667,634.414878,262,0.000000,-1690.238450,"Decawave DW-8",0.950704,1,12,0x838F,0x838F,1,"6188DEF2F002000100008F83"
774,467944480,467944292,468194480,634.690066,635.029405,201,-0.000000,-1034.289528,"Decawave DW-8",0.027767,0,83,0x0000,0x0000,0,""
775,468768128,468770380,469002041,635.810520,636.124730,262,0.000000,-1678.782573,"Decawave DW-8",0.952066,1,12,0xD4DA,0xD4DA,1,"6188E3F2F00200010000DAD4"
776,469878848,469878660,470137546,637.313721,637.664857,145,0.000000,-340.313085,"Decawave DW-8",0.024120,1,42,0xF44A,0xF27E,0,"95EE4344180BC8B741A60F2CD5A8CB42D404E2F9D72F8D26A2B190FE091577709956A01BB9D281EE4AF4"
777,470672768,470672365,470922553,638.390252,638.729591,96,-0.000000,-5285.265901,"Decawave DW-8",0.024415,0,1,0x0000,0x0000,0,""
778,472824832,472827084,473058745,641.312777,641.626987,262,0.000000,-1658.339137,"Decawave DW-8",0.951395,1,12,0xE4D7,0xE4D7,1,"6188EDF2F00200010000D7E4"
779,473115520,473117772,473349433,641.707048,642.021258,262,0.000000,-1658.339185,"Decawave DW-8",0.951394,1,12,0xE4D7,0xE4D7,1,"6188EDF2F00200010000D7E4"
780,473503744,473505996,473737657,642.233610,642.547820,262,0.000000,-1658.339123,"Decawave DW-8",0.951395,1,12,0xE4D7,0xE4D7,1,"6188EDF2F00200010000D7E4"
781,473891968,473894220,474125881,642.760173,643.074383,262,0.000000,-1696.878272,"Decawave DW-8",0.951559,1,12,0x6E07,0x6E07,1,"6188EEF2F00200010000076E"
782,474448160,474450411,474682072,643.514555,643.828765,262,-0.000000,-1677.220287,"Decawave DW-8",0.951204,1,12,0x0E1D,0x0E1D,1,"6188F2F2F002000100001D0E"
783,474811168,474810781,475081755,644.003338,644.370870,129,0.000000,-909.628908,"Decawave DW-8",0.028467,1,58,0x53DA,0x79DC,0,"0D0F21B660DDED381FE1C56C1623A47C71293CA82A720436229F4D10A78A8F8DD962C57210CA4D7709715DCA7825F1CB85800551AE6B8B95DA53"
784,475197536,475199787,475431448,644.530961,644.845171,262,-0.000000,-1677.220351,"Decawave DW-8",0.951203,1,12,0x0E1D,0x0E1D,1,"6188F2F2F002000100001D0E"
785,475826336,475828588,476060249,645.383827,645.698037,262,0.000000,-1660.483787,"Decawave DW-8",0.951646,1,12,0x8FA2,0x8FA2,1,"6188F3F2F00200010000A28F"
786,476312096,476311908,476562096,646.039372,646.378711,146,0.000000,-2978.158393,"Decawave DW-8",0.034431,0,46,0x0000,0x0000,0,""
787,476554016,476556268,476787929,646.370806,646.685017,262,0.000000,-1684.768972,"Decawave DW-8",0.951689,1,12,0x9213,0x9213,1,"6188F5F2F002000100001392"
788,478821088,478823340,479055001,649.445719,649.759930,262,0.000000,-1667.600955,"Decawave DW-8",0.950902,1,12,0x3E10,0x3E10,1,"6188FCF2F00200010000103E"
789,479160544,479162796,479394457,649.906136,650.220346,262,0.000000,-1667.600899,"Decawave DW-8",0.950903,1,12,0x3E10,0x3E10,1,"6188FCF2F00200010000103E"
790,479352832,479352427,479602615,650.163340,650.502679,129,0.000000,100.642724,"Decawave DW-8",0.027236,0,91,0x0000,0x0000,0,""
791,480367232,480369484,480601145,651.542811,651.857022,262,0.000000,-1665.484306,"Decawave DW-8",0.951852,1,12,0xC756,0xC756,1,"618801F2F0020001000056C7"
792,480804224,480806476,481038137,652.135520,652.449730,262,0.000000,-1665.484338,"Decawave DW-8",0.951851,1,12,0xC756,0xC756,1,"618801F2F0020001000056C7"
793,481094912,481097164,481328825,652.529791,652.844001,262,0.000000,-1665.484273,"Decawave DW-8",0.951852,1,12,0xC756,0xC756,1,"618801F2F0020001000056C7"
794,481531904,481531716,481845041,653.119189,653.544164,251,0.000000,-1856.342800,"Decawave DW-8",0.037663,1,108,0xACE3,0xF1EE,0,"111E1C7B64460A1A5E4D493EE3B0AA8C04CA407C8A01E210BA44789622875442E47DB7E8DA35F7D7CDB4AAA537C7ACDC0812B317008F2333864025141DE704DC43356622922C0730091059E19A8E7A6054F8120CF10C92B70869C72923CA906CDA5D045F751BDCEA4538E3AC"
795,481920128,481919940,482243099,653.645752,654.084064,238,-0.000000,-1991.824640,"Decawave DW-8",0.041071,1,121,0xB081,0x8B9B,0,"66282F2263B4E29F33B96B9AC5D428BEC88A0B6730484C0DB93805976F2C799861A0FA15690C6C245AFB441919D1B194B079AB42DE231670E48346A4D80532C61D8203719900EE1F1992766E30BB82E74A50A12358676C59732AD8080223ECB348029238AB528336EF45E421B3DB225DBE5AA670210BBA81B0"
796,483126816,483126628,483376816,655.282427,655.621766,143,-0.000000,-3072.658665,"Decawave DW-8",0.025956,0,92,0x0000,0x0000,0,""
797,484275232,484277484,484509145,656.843376,657.157586,262,0.000000,-1676.825303,"Decawave DW-8",0.951263,1,12,0x603A,0x603A,1,"61880AF2F002000100003A60"
798,485029888,485029485,485253587,657.863342,658.167300,129,0.000000,82.575441,"Decawave DW-8",0.022603,1,2,0x06B0,0x0000,0,"B006"
799,485635808,485638060,485869721,658.688775,659.002985,262,0.000000,-1670.236530,"Decawave DW-8",0.951058,1,12,0x1D91,0x1D91,1,"618810F2F00200010000911D"
800,485975264,485977516,486209177,659.149192,659.463402,262,0.000000,-1670.236576,"Decawave DW-8",0.951057,1,12,0x1D91,0x1D91,1,"618810F2F00200010000911D"
801,486167584,486167147,486417335,659.406395,659.745734,126,0.000000,-890.706564,"Decawave DW-8",0.028377,0,39,0x0000,0x0000,0,""
802,486543776,486546028,486777689,659.920285,660.234496,262,0.000000,-1670.236683,"Decawave DW-8",0.951056,1,12,0x1D91,0x1D91,1,"618810F2F00200010000911D"
803,486751712,486753964,486985625,660.202317,660.516527,262,0.000000,-1670.236634,"Decawave DW-8",0.951056,1,12,0x1D91,0x1D91,1,"618810F2F00200010000911D"
804,487139936,487142188,487373849,660.728879,661.043089,262,0.000000,-1674.070442,"Decawave DW-8",0.951189,1,12,0x9C2E,0x9C2E,1,"618811F2F002000100002E9C"
805,487528160,487530412,487762073,661.255442,661.569652,262,0.000000,-1676.537019,"Decawave DW-8",0.951315,1,12,0x16FE,0x16FE,1,"618812F2F00200010000FE16"
806,487867616,487869868,488101529,661.715858,662.030069,262,0.000000,-1671.065998,"Decawave DW-8",0.951109,1,12,0x9741,0x9741,1,"618813F2F002000100004197"
807,488249088,488251340,488483001,662.233263,662.547473,262,0.000000,-1669.943224,"Decawave DW-8",0.950988,1,12,0x8AF0,0x8AF0,1,"618815F2F00200010000F08A"
808,488637312,488639564,488871225,662.759825,663.074036,262,0.000000,-1669.943211,"Decawave DW-8",0.950988,1,12,0x8AF0,0x8AF0,1,"618815F2F00200010000F08A"
809,489025536,489027788,489259449,663.286388,663.600598,262,0.000000,-1687.056200,"Decawave DW-8",0.950904,1,12,0x0020,0x0020,1,"618816F2F002000100002000"
810,489413760,489416012,489647673,663.812950,664.127161,262,0.000000,-1677.576516,"Decawave DW-8",0.951581,1,12,0x819F,0x819F,1,"618817F2F002000100009F81"
811,490706944,490706542,490956730,665.563344,665.902683,129,-0.000000,-3979.151594,"Decawave DW-8",0.023044,0,31,0x0000,0x0000,0,""
812,491680832,491683084,491914745,666.887863,667.202074,262,0.000000,-1676.965590,"Decawave DW-8",0.950603,1,12,0xAC23,0xAC23,1,"61881FF2F0020001000023AC"
813,492069056,492071308,492302969,667.414426,667.728636,262,0.000000,-1676.965653,"Decawave DW-8",0.950603,1,12,0xAC23,0xAC23,1,"61881FF2F0020001000023AC"
814,492408512,492410763,492642424,667.874841,668.189052,262,-0.000000,-1676.965614,"Decawave DW-8",0.950603,1,12,0xAC23,0xAC23,1,"61881FF2F0020001000023AC"
815,492796736,492798988,493030649,668.401405,668.715616,262,0.000000,-1676.533317,"Decawave DW-8",0.951451,1,12,0xF019,0xF019,1,"618820F2F0020001000019F0"
816,494100960,494103212,494334873,670.170372,670.484583,262,0.000000,-1688.993102,"Decawave DW-8",0.951006,1,12,0xE6C7,0xE6C7,1,"618824F2F00200010000C7E6"
817,494342880,494345132,494576793,670.498497,670.812708,262,0.000000,-1688.993068,"Decawave DW-8",0.951006,1,12,0xE6C7,0xE6C7,1,"618824F2F00200010000C7E6"
818,494885568,494885473,495114115,671.231382,671.541497,108,-0.000000,-5241.547458,"Decawave DW-8",0.025664,1,8,0x630A,0x0A35,0,"877101F381E00A63"
819,495168096,495167908,495472152,671.614459,672.027116,236,0.000000,-2145.657460,"Decawave DW-8",0.031645,1,96,0x1A8F,0x448A,0,"9DC257F810761DA525418AA8495382CD9C9FF482A07A07938C50F03B1BB0012A9C2027194608DED9D10E4B341C1423609055E6FDBB47F12A5FE11F07DB6DD49D2BCB836AE4BA081384F66DFF98AE08F0AB00B311A24C607CE462C0F6326B8F1A"
820,497161376,497163627,497395288,674.321326,674.635536,262,-0.000000,-1659.255698,"Decawave DW-8",0.951211,1,12,0xC014,0xC014,1,"61882EF2F0020001000014C0"
821,497897888,497900139,498131800,675.320284,675.634494,262,-0.000000,-1659.255737,"Decawave DW-8",0.951210,1,12,0xC014,0xC014,1,"61882EF2F0020001000014C0"
822,498114080,498116332,498347993,675.613515,675.927725,262,0.000000,-1659.255713,"Decawave DW-8",0.951210,1,12,0xC014,0xC014,1,"61882EF2F0020001000014C0"
823,498502304,498504556,498736217,676.140077,676.454287,262,0.000000,-1685.821349,"Decawave DW-8",0.950964,1,12,0x41AB,0x41AB,1,"61882FF2F00200010000AB41"
824,499033280,499032893,499339420,676.856680,677.272434,129,0.000000,-2888.693781,"Decawave DW-8",0.035703,1,99,0x81A5,0xCA29,0,"12F48C7D8E1518036B0969A259006173F426BA3104D3A9982E75B15045DAEFD52A84EAE3BC960DBD48671A4DAA1F68A3C1FCB40560C0D317B7B08F920933BB312539C41D8883B2A8AE967D45CA94C2E6A63453AC073E564420739951500045EA7DA581"
825,499611456,499613708,499845369,677.644461,677.958671,262,0.000000,-1678.047388,"Decawave DW-8",0.951955,1,12,0x21B1,0x21B1,1,"618833F2F00200010000B121"
826,500145984,500145796,500467453,678.366151,678.802426,159,0.000000,-936.930060,"Decawave DW-8",0.044103,1,119,0xFB22,0xEA94,0,"A4F79FC19CBD95DA11E6324B6E8A96B42C616A77469E50002EE0E475833C22A0A751B59B3EDF55FC5915B1519B1E235903E58139CA48D924CE5F5A88C9CFE8916ECE76A0057117D607B557E241DDD8EA23208EB3117D4F30F21DD64F423976203662EA26FF1D3AEE0EE828142436BDA2507C5A90A322FB"
827,500534208,500534020,500815589,678.892714,679.274616,146,0.000000,-768.060463,"Decawave DW-8",0.044548,1,72,0x1F01,0xE2DE,0,"C5F1C59D2622C11FC2322964924D61F060459A141E94838EE982B1F886B5B941A0BFD0C045DC88400E15B1234AB6C5DD001B49D6FCC34629FF1825F74B37402902145DC0F54B011F"
828,501304128,501303716,501553904,679.936681,680.276020,129,-0.000000,-2421.191206,"Decawave DW-8",0.028360,0,68,0x0000,0x0000,0,""
829,503574944,503574539,503885597,683.016682,683.438581,129,0.000000,99.134384,"Decawave DW-8",0.019801,1,105,0x88F7,0xCEE0,0,"E2402080094052954054AA091C0AAA701784DAAA1A8698C17F428669849560443D9BBC91B93CCD8DBBAF4FAF53A709BD37C80DB5B93F100C509B12AC85F514399538A52A000E429A146CF026D50C91583882E1F9C80FE18E6D14C0985B384B2579AA10C1FAB7F7F788"
830,504345824,504345735,504621260,684.062683,684.436388,110,-0.000000,-5009.397132,"Decawave DW-8",0.036308,1,64,0xAAA7,0x269D,0,"999B1161E057CBF51C001C74FC6B06A484C62080508C203B18D217434CCD1B199400E132CBEE053463A3E92D6468A70DC85E4567E66371401DB2A2826119A7AA"
831,505097504,505097424,505347612,685.082227,685.421566,117,0.000000,-3963.104178,"Decawave DW-8",0.036374,0,97,0x0000,0x0000,0,""
832,505414560,505416812,505648473,685.515424,685.829635,262,0.000000,-1670.903270,"Decawave DW-8",0.950988,1,12,0x2877,0x2877,1,"618842F2F002000100007728"
833,505705248,505707500,505939161,685.909695,686.223905,262,0.000000,-1670.903224,"Decawave DW-8",0.950988,1,12,0x2877,0x2877,1,"618842F2F002000100007728"
834,506044704,506046956,506278617,686.370112,686.684322,262,0.000000,-1662.569146,"Decawave DW-8",0.951794,1,12,0xA9C8,0xA9C8,1,"618843F2F00200010000C8A9"
835,506989120,506991372,507223033,687.651058,687.965268,262,0.000000,-1690.782453,"Decawave DW-8",0.951279,1,12,0xBF16,0xBF16,1,"618847F2F0020001000016BF"
836,507348928,507351180,507582841,688.139079,688.453289,262,0.000000,-1690.782542,"Decawave DW-8",0.951278,1,12,0xBF16,0xBF16,1,"618847F2F0020001000016BF"
837,508497344,508499596,508731257,689.696718,690.010928,262,0.000000,-1709.724960,"Decawave DW-8",0.951696,1,12,0x8474,0x8474,1,"61884BF2F002000100007484"
838,509252000,509254252,509485913,690.720285,691.034496,262,0.000000,-1689.683155,"Decawave DW-8",0.951247,1,12,0x187A,0x187A,1,"61884CF2F002000100007A18"
839,510389696,510389259,510639447,692.259737,692.599076,126,0.000000,-321.233221,"Decawave DW-8",0.032160,0,16,0x0000,0x0000,0,""
840,510765888,510768139,510999800,692.773626,693.087836,262,-0.000000,-1683.596768,"Decawave DW-8",0.951289,1,12,0xF9DF,0xF9DF,1,"618851F2F00200010000DFF9"
841,510973824,510976075,511207736,693.055657,693.369868,262,-0.000000,-1683.596824,"Decawave DW-8",0.951289,1,12,0xF9DF,0xF9DF,1,"618851F2F00200010000DFF9"
842,511362048,511364300,511595961,693.582221,693.896431,262,0.000000,-1683.596754,"Decawave DW-8",0.951289,1,12,0xF9DF,0xF9DF,1,"618851F2F00200010000DFF9"
843,511847808,511847620,512097809,694.237766,694.577106,200,0.000000,-1019.315830,"Decawave DW-8",0.039853,0,16,0x0000,0x0000,0,""
844,512089728,512091980,512323641,694.569200,694.883411,262,0.000000,-1678.452030,"Decawave DW-8",0.951645,1,12,0xF2B0,0xF2B0,1,"618853F2F00200010000B0F2"
845,513247648,513249900,513481561,696.139730,696.453940,262,0.000000,-1653.521623,"Decawave DW-8",0.951404,1,12,0x65D1,0x65D1,1,"618856F2F00200010000D165"
846,513810208,513809749,514075431,696.899074,697.259428,107,0.000000,1055.013213,"Decawave DW-8",0.034581,1,51,0x4D70,0x56ED,0,"24906F19212F5E7AD0410E308E587B8BE87C2CF79426A0054BC4CAEA8240F94A3A0C7331DA415440322F5643A579EEAE8E704D"
847,514929056,514928654,515178842,698.416686,698.756025,129,-0.000000,-3447.109235,"Decawave DW-8",0.029295,0,6,0x0000,0x0000,0,""
848,516066720,516068972,516300633,699.963341,700.277551,262,0.000000,-1681.937278,"Decawave DW-8",0.951378,1,12,0xC9D2,0xC9D2,1,"61885FF2F00200010000D2C9"
849,516291168,516293420,516525081,700.267768,700.581978,262,0.000000,-1681.937291,"Decawave DW-8",0.951378,1,12,0xC9D2,0xC9D2,1,"61885FF2F00200010000D2C9"
850,516728160,516727972,516978160,700.857167,701.196506,253,0.000000,-1403.522378,"Decawave DW-8",0.018380,0,31,0x0000,0x0000,0,""
851,517018848,517021100,517252761,701.254747,701.568958,262,0.000000,-1650.879139,"Decawave DW-8",0.951533,1,12,0x95E8,0x95E8,1,"618860F2F00200010000E895"
852,517210080,517209981,517435603,701.510933,701.816953,115,0.000000,-2631.265559,"Decawave DW-8",0.020393,1,4,0xA1CD,0xD92E,0,"0DCACDA1"
853,517553376,517553188,517812821,701.976438,702.328588,162,-0.000000,-2155.396288,"Decawave DW-8",0.033905,1,43,0x1EA6,0x0076,0,"BEC99844BB0CC723D945552B041148A3A3F0C531EE251901258CAFC9F8AAA3C8B089AE0BE49BAC3A2BA61E"
854,518564992,518567244,518798905,703.351839,703.666050,262,0.000000,-1685.389113,"Decawave DW-8",0.951649,1,12,0x0289,0x0289,1,"618865F2F002000100008902"
855,519001984,519001796,519321933,703.941238,704.375452,249,-0.000000,-1289.489792,"Decawave DW-8",0.035271,1,117,0xEB0E,0x3633,0,"21403E2E4A59D92C92B1D361BA88CEE46C5985ABE79B9B8F11B2E123BAFAC30423B3E61045B59C7780E0B0B327D441344A17CCAD99C34CC10C4122DB1D16F079C1405C56D43D2831BE383822E27FBFBFA6A14B096FADF38F81FD5A12AFF82E5500C2F98F05A31BFF5EC15E0B6346246224C35B0EEB"
856,519341440,519343692,519575353,704.404964,704.719175,262,0.000000,-1678.966267,"Decawave DW-8",0.951599,1,12,0x8859,0x8859,1,"618866F2F002000100005988"
857,519619776,519622028,519853689,704.782482,705.096692,262,0.000000,-1656.876634,"Decawave DW-8",0.951218,1,12,0xB33B,0xB33B,1,"61886AF2F002000100003BB3"
858,522120000,522122252,522353913,708.173627,708.487838,262,0.000000,-1664.134465,"Decawave DW-8",0.950810,1,12,0xA5E5,0xA5E5,1,"61886EF2F00200010000E5A5"
859,522724416,522726668,522958329,708.993419,709.307629,262,0.000000,-1710.358729,"Decawave DW-8",0.951343,1,12,0x245A,0x245A,1,"61886FF2F002000100005A24"
860,523255392,523255005,523577421,709.710022,710.147327,129,0.000000,-2922.743442,"Decawave DW-8",0.030492,1,120,0x5D52,0x72E3,0,"8081345632096D00895E22B260F75084FC8954304761FBC0C8D46405E24E5EB25067AE804980193C0741A01E4C3443C2285F9F6D651A6AEF98C743A8069F332006381829800CC15AF20DBE41C0AF3192D6B80D1B46CC6AC210004108C9AE89740EE7E02E72C580F7EB8918A8332C363945D757D181C7525D"
861,523642528,523644780,523876441,710.238688,710.552898,262,0.000000,-1666.374214,"Decawave DW-8",0.950484,1,12,0xD84E,0xD84E,1,"618874F2F002000100004ED8"
862,523833568,523835820,524067481,710.497803,710.812013,262,0.000000,-1666.374166,"Decawave DW-8",0.950484,1,12,0xD84E,0xD84E,1,"618874F2F002000100004ED8"
863,524221792,524224044,524455705,711.024365,711.338576,262,0.000000,-1666.374159,"Decawave DW-8",0.950484,1,12,0xD84E,0xD84E,1,"618874F2F002000100004ED8"
864,524756320,524756132,525053585,711.746056,712.149502,146,0.000000,-716.996187,"Decawave DW-8",0.031602,1,87,0x464C,0x253B,0,"7E73590821C1F88D04E0D4401FAB3C4ED20556D881C44A4EC41651E36D5FD4410A020B9160E4A24DF14CF89B3566391BF4D711A9455D3D36804411AC733CA4300008FD38F0792C5B990CBE056C432C4CD93A98D6864C46"
865,525526240,525525828,525776016,712.790023,713.129362,129,-0.000000,-3456.513752,"Decawave DW-8",0.023623,0,49,0x0000,0x0000,0,""
866,525774688,525776940,526008601,713.130615,713.444826,262,0.000000,-1657.650024,"Decawave DW-8",0.950732,1,12,0x529E,0x529E,1,"618877F2F002000100009E52"
867,527030144,527029956,527254805,714.830127,715.135098,142,0.000000,-3517.734680,"Decawave DW-8",0.027931,1,3,0x651B,0x90A9,0,"D41B65"
868,527436576,527438827,527670488,715.384694,715.698904,262,-0.000000,-1670.260547,"Decawave DW-8",0.951475,1,12,0x744D,0x744D,1,"61887DF2F002000100004D74"
869,527797056,527799308,528030969,715.873627,716.187838,262,0.000000,-1694.552985,"Decawave DW-8",0.950400,1,12,0x7F22,0x7F22,1,"61887FF2F00200010000227F"
870,528090528,528090340,528362824,716.268365,716.637945,242,0.000000,-1851.164089,"Decawave DW-8",0.032148,1,60,0xDB6C,0x2F53,0,"842A896ABB4B28600EB9BDEAD449CC2E243CB3DD1599015807A1090B3938A67F9B819832180352C88517A0F0C3AA669D024702A33F83AD1BB9C66CDB"
871,528527520,528527332,528777521,716.861073,717.200414,164,0.000000,-2972.511867,"Decawave DW-8",0.043813,0,117,0x0000,0x0000,0,""
872,528866976,528866788,529167263,717.321490,717.729035,216,0.000000,-1933.827552,"Decawave DW-8",0.033499,1,91,0x6227,0xF153,0,"093C89690F71D215719610B68C00156778847B1D39E3A5F913A6A437D2866F1E040ADB9B1FA2F4544F030CF45A388466A786BB54484402E87814E466300FEA3086187151685AE0D700A0473D5C4656222606147903794441052762"
873,529689408,529689003,529939191,718.436690,718.776029,129,0.000000,-2414.450597,"Decawave DW-8",0.033558,0,69,0x0000,0x0000,0,""
874,529927360,529929612,530161273,718.763037,719.077247,262,0.000000,-1657.695061,"Decawave DW-8",0.951219,1,12,0x8664,0x8664,1,"618882F2F002000100006486"
875,530364352,530364164,530625316,719.352436,719.706646,238,-0.000000,-1343.901208,"Decawave DW-8",0.042034,1,45,0x37B0,0xAEB2,0,"20D70040D73134CEBB04D0CF0A3650534451AA95CABD223422A70247D9A2A3B666DC940639A98B18EBAD18B037"
876,530655040,530657292,530888953,719.750016,720.064227,262,0.000000,-1696.246951,"Decawave DW-8",0.951245,1,12,0x9BD5,0x9BD5,1,"618884F2F00200010000D59B"
877,531189568,531189380,531439568,720.471707,720.811046,147,0.000000,-2214.356625,"Decawave DW-8",0.041570,0,50,0x0000,0x0000,0,""
878,531571040,531573292,531804953,720.992421,721.306631,262,0.000000,-1684.695384,"Decawave DW-8",0.951112,1,12,0x1105,0x1105,1,"618887F2F002000100000511"
879,531861728,531861540,532111728,721.383382,721.722721,260,-0.000000,-1576.821305,"Decawave DW-8",0.333244,0,20,0x0000,0x0000,0,""
880,532719456,532721708,532953369,722.550060,722.864270,262,0.000000,-1639.374240,"Decawave DW-8",0.951384,1,12,0xB669,0xB669,1,"61888CF2F0020001000069B6"
881,533474112,533476364,533708025,723.573627,723.887838,262,0.000000,-1639.374258,"Decawave DW-8",0.951384,1,12,0xB669,0xB669,1,"61888CF2F0020001000069B6"
882,534611808,534611371,534886890,725.113079,725.486776,126,0.000000,-2945.699828,"Decawave DW-8",0.030792,1,64,0x7F1C,0x8A87,0,"067465D9F8848ADA1D075C36E21FDCD8FC34E0ADDC9132295DC269FB00E84668D53874349981D05C9629740DC339A38E8B60EC24A7761489FC6ECCBA194A1C7F"
883,534988000,534990252,535221913,725.626969,725.941180,262,0.000000,-1660.898736,"Decawave DW-8",0.951989,1,12,0x57CC,0x57CC,1,"618891F2F00200010000CC57"
884,535195936,535198188,535429849,725.909001,726.223211,262,0.000000,-1660.898802,"Decawave DW-8",0.951988,1,12,0x57CC,0x57CC,1,"618891F2F00200010000CC57"
885,535584160,535586412,535818073,726.435563,726.749773,262,0.000000,-1660.898741,"Decawave DW-8",0.951989,1,12,0x57CC,0x57CC,1,"618891F2F00200010000CC57"
886,536069920,536069732,536319921,727.091108,727.430448,200,0.000000,-857.509156,"Decawave DW-8",0.040195,0,88,0x0000,0x0000,0,""
887,536311840,536314092,536545753,727.422542,727.736753,262,0.000000,-1692.936998,"Decawave DW-8",0.951407,1,12,0x5CA3,0x5CA3,1,"618893F2F00200010000A35C"
888,536700064,536702315,536933976,727.949103,728.263314,262,-0.000000,-1667.105592,"Decawave DW-8",0.951528,1,12,0xC0AD,0xC0AD,1,"618894F2F00200010000ADC0"
889,537088288,537090540,537322201,728.475667,728.789878,262,0.000000,-1699.854531,"Decawave DW-8",0.951942,1,12,0x4112,0x4112,1,"618895F2F002000100001241"
890,537469760,537472012,537703673,728.993072,729.307282,262,0.000000,-1686.384302,"Decawave DW-8",0.951892,1,12,0x4A7D,0x4A7D,1,"618897F2F002000100007D4A"
891,538790016,538792268,539023929,730.783784,731.097994,262,0.000000,-1668.219165,"Decawave DW-8",0.951131,1,12,0x711F,0x711F,1,"61889BF2F002000100001F71"
892,539151168,539153420,539385081,731.273627,731.587838,262,0.000000,-1668.219221,"Decawave DW-8",0.951130,1,12,0x711F,0x711F,1,"61889BF2F002000100001F71"
893,540288832,540291084,540522745,732.816683,733.130893,262,0.000000,-1676.315484,"Decawave DW-8",0.951424,1,12,0x3BFB,0x3BFB,1,"6188A0F2F00200010000FB3B"
894,540999040,541001292,541232953,733.779964,734.094175,262,0.000000,-1676.315472,"Decawave DW-8",0.951424,1,12,0x3BFB,0x3BFB,1,"6188A0F2F00200010000FB3B"
895,541240960,541243212,541474873,734.108089,734.422300,262,0.000000,-1676.315371,"Decawave DW-8",0.951425,1,12,0x3BFB,0x3BFB,1,"6188A0F2F00200010000FB3B"
896,541432192,541432093,541666035,734.364275,734.681580,115,0.000000,-3970.030931,"Decawave DW-8",0.025042,1,15,0x2B94,0xF81D,0,"7EAD3429ABF49AF8DC83F28853942B"
897,541629184,541631436,541863097,734.634652,734.948862,262,0.000000,-1676.554379,"Decawave DW-8",0.951161,1,12,0xBA44,0xBA44,1,"6188A1F2F0020001000044BA"
898,544819008,544821260,545052921,738.961127,739.275338,262,0.000000,-1694.332203,"Decawave DW-8",0.950448,1,12,0x9C97,0x9C97,1,"6188ABF2F00200010000979C"
899,546342112,546344364,546576025,741.026969,741.341180,262,0.000000,-1679.295196,"Decawave DW-8",0.951013,1,12,0x8A49,0x8A49,1,"6188AFF2F00200010000498A"
900,547485472,547485370,547735558,742.574558,742.913897,118,0.000000,529.612339,"Decawave DW-8",0.030300,0,16,0x0000,0x0000,0,""
901,548234464,548234058,548503539,743.590031,743.955538,129,0.000000,-485.920425,"Decawave DW-8",0.036101,1,56,0x2BD5,0x041E,0,"89D80B61B34FE3146300CE3787D2DBC77C6ED09A72890575156203C7A9DB240D505AD70E822B6E319DC03FF4081D3FE25B8C1E86D20AD52B"
902,548492672,548494924,548726585,743.943853,744.258063,262,0.000000,-1672.950634,"Decawave DW-8",0.951045,1,12,0x7D32,0x7D32,1,"6188B6F2F00200010000327D"
903,548978432,548980684,549212345,744.602707,744.916918,262,0.000000,-1672.950606,"Decawave DW-8",0.951046,1,12,0x7D32,0x7D32,1,"6188B6F2F00200010000327D"
904,549608576,549610828,549842489,745.457395,745.771605,262,0.000000,-1672.950627,"Decawave DW-8",0.951045,1,12,0x7D32,0x7D32,1,"6188B6F2F00200010000327D"
905,551252256,551252068,551502256,747.683469,748.022808,142,0.000000,-2663.754781,"Decawave DW-8",0.022028,0,19,0x0000,0x0000,0,""
906,552019168,552021420,552253081,748.726969,749.041180,262,0.000000,-1691.812966,"Decawave DW-8",0.951063,1,12,0x508E,0x508E,1,"6188BEF2F002000100008E50"
907,552790048,552789959,553057918,749.769367,750.132810,110,-0.000000,-2743.856762,"Decawave DW-8",0.040947,1,54,0x2FF9,0xB150,0,"527CCC5A30B40C1E25D0C44F8560EBD2C8A179E404241F065E7DDAA11B01901E0542DC84B4700518A809050C99D0BB0A9821AFD3F92F"
908,553911520,553911115,554161303,751.290032,751.629371,129,0.000000,-2431.666085,"Decawave DW-8",0.037782,0,83,0x0000,0x0000,0,""
909,554586464,554586276,554836464,752.205778,752.545117,238,-0.000000,-1095.242586,"Decawave DW-8",0.041272,0,47,0x0000,0x0000,0,""
910,554877152,554879404,555111065,752.603358,752.917569,262,0.000000,-1639.450735,"Decawave DW-8",0.951408,1,12,0xFE24,0xFE24,1,"6188C4F2F0020001000024FE"
911,555265376,555267628,555499289,753.129921,753.444131,262,0.000000,-1707.852437,"Decawave DW-8",0.951888,1,12,0x7F9B,0x7F9B,1,"6188C5F2F002000100009B7F"
912,557696224,557698476,557930137,756.426969,756.741180,262,0.000000,-1678.030266,"Decawave DW-8",0.951609,1,12,0x5227,0x5227,1,"6188CDF2F002000100002752"
913,558833920,558833483,559149084,757.966421,758.394482,126,0.000000,-2999.485430,"Decawave DW-8",0.040946,1,111,0xAC07,0x4827,0,"3519E1FB8288AD354E3A08806984E1C316EA2AC6F6C2EB71A9A3095EB980FCC09F07BB22674C429A8072B75C2282E987E8B48A194C7F7216ED10B06309557181AC8B318CBA7839A6351FB5836DDF2B85A126D887CDCB9280720858D0595AF86C44E1AE966D376382A4EC396FAC07AC"
914,559418048,559420299,559651960,758.762341,759.076552,262,-0.000000,-1661.834517,"Decawave DW-8",0.950713,1,12,0x3952,0x3952,1,"6188D3F2F002000100005239"
915,559806272,559808524,560040185,759.288905,759.603116,262,0.000000,-1681.338920,"Decawave DW-8",0.950982,1,12,0xA55C,0xA55C,1,"6188D4F2F002000100005CA5"
916,560194496,560196748,560428409,759.815468,760.129678,262,0.000000,-1681.338900,"Decawave DW-8",0.950982,1,12,0xA55C,0xA55C,1,"6188D4F2F002000100005CA5"
917,560533952,560536204,560767865,760.275884,760.590095,262,0.000000,-1661.834421,"Decawave DW-8",0.950714,1,12,0x3952,0x3952,1,"6188D3F2F002000100005239"
918,560922176,560924427,561156088,760.802445,761.116656,262,-0.000000,-1681.338901,"Decawave DW-8",0.950982,1,12,0xA55C,0xA55C,1,"6188D4F2F002000100005CA5"
919,561310400,561312652,561544313,761.329009,761.643220,262,0.000000,-1679.037529,"Decawave DW-8",0.950572,1,12,0x24E3,0x24E3,1,"6188D5F2F00200010000E324"
920,561698624,561700876,561932537,761.855572,762.169782,262,0.000000,-1665.505847,"Decawave DW-8",0.951354,1,12,0xAE33,0xAE33,1,"6188D6F2F0020001000033AE"
921,562468320,562470572,562702233,762.899539,763.213749,262,0.000000,-1683.604650,"Decawave DW-8",0.951480,1,12,0x9E3E,0x9E3E,1,"6188D8F2F002000100003E9E"
922,563012128,563014379,563246040,763.637124,763.951335,262,-0.000000,-1675.990861,"Decawave DW-8",0.951052,1,12,0x88E0,0x88E0,1,"6188DCF2F00200010000E088"
923,563373280,563375531,563607192,764.126968,764.441178,262,-0.000000,-1675.990829,"Decawave DW-8",0.951053,1,12,0x88E0,0x88E0,1,"6188DCF2F00200010000E088"
924,563761216,563763468,563995129,764.653141,764.967352,262,0.000000,-1675.990902,"Decawave DW-8",0.951052,1,12,0x88E0,0x88E0,1,"6188DCF2F00200010000E088"
925,565654304,565656555,565888216,767.220805,767.535015,262,-0.000000,-1691.472011,"Decawave DW-8",0.950297,1,12,0xD4DA,0xD4DA,1,"6188E3F2F00200010000DAD4"
926,565900064,565902315,566133976,767.554138,767.868349,262,-0.000000,-1691.471982,"Decawave DW-8",0.950297,1,12,0xD4DA,0xD4DA,1,"6188E3F2F00200010000DAD4"
927,566239520,566241772,566473433,768.014556,768.328767,262,0.000000,-1650.387509,"Decawave DW-8",0.951105,1,12,0x5565,0x5565,1,"6188E2F2F002000100006555"
928,567397440,567399692,567631353,769.585086,769.899296,262,0.000000,-1673.443949,"Decawave DW-8",0.951533,1,12,0x43BB,0x43BB,1,"6188E6F2F00200010000BB43"
929,568610880,568610692,568860880,771.227610,771.566949,210,0.000000,-2261.234275,"Decawave DW-8",0.025623,0,2,0x0000,0x0000,0,""
930,569041120,569043372,569275033,771.814469,772.128680,262,0.000000,-1661.073109,"Decawave DW-8",0.951484,1,12,0xF966,0xF966,1,"6188EBF2F0020001000066F9"
931,570059488,570061740,570293401,773.195719,773.509930,262,0.000000,-1672.516840,"Decawave DW-8",0.950629,1,12,0x6568,0x6568,1,"6188ECF2F002000100006865"
932,570564224,570566476,570798137,773.880311,774.194522,262,0.000000,-1688.982012,"Decawave DW-8",0.950705,1,12,0x0572,0x0572,1,"6188F0F2F002000100007205"
933,570829184,570831436,571063097,774.239686,774.553897,262,0.000000,-1688.981970,"Decawave DW-8",0.950706,1,12,0x0572,0x0572,1,"6188F0F2F002000100007205"
934,571168640,571170892,571402553,774.700103,775.014313,262,0.000000,-1688.982023,"Decawave DW-8",0.950705,1,12,0x0572,0x0572,1,"6188F0F2F002000100007205"
935,571654400,571654212,571904401,775.355648,775.694988,189,0.000000,-2201.377271,"Decawave DW-8",0.021069,0,80,0x0000,0x0000,0,""
936,572456576,572456170,572706358,776.443373,776.782712,129,0.000000,-404.753962,"Decawave DW-8",0.039036,0,47,0x0000,0x0000,0,""
937,573231968,573231868,573482056,777.495481,777.834820,104,-0.000000,-2914.622669,"Decawave DW-8",0.035011,0,2,0x0000,0x0000,0,""
938,573591968,573591581,573880720,777.983373,778.375543,129,0.000000,-3457.185656,"Decawave DW-8",0.029466,1,82,0x2A00,0x809D,0,"45C78C219CE6CCC68877F9B8DD209BAF2C4F14F2379183E7B237AEB841A904101B1AE41B76EF5A3899C1640E3B53C5E8A728CD1D2B80B7529668129A0D2B0779C247E4825CE23F8069DC1592B402696A002A"
939,574267680,574267492,574517680,778.900136,779.239475,237,-0.000000,-1847.750474,"Decawave DW-8",0.046710,0,10,0x0000,0x0000,0,""
940,574558368,574560620,574792281,779.297716,779.611926,262,0.000000,-1682.282316,"Decawave DW-8",0.951177,1,12,0x28CE,0x28CE,1,"6188F8F2F00200010000CE28"
941,575474368,575474180,575754991,780.536811,780.917685,142,0.000000,-284.573057,"Decawave DW-8",0.033899,1,71,0x1815,0x2F6C,0,"A4066D6CAF1A9047929EAA9F2B2B753EF68235148D92AE222D8769CB80FDE54B65222A7A1DBFFEE35337325B5A71B167E2B280192B8500D1BE1B0E4D6174DD8BB6508C458F1518"
942,575884768,575884162,576134351,781.092885,781.432225,100,0.000000,-3015.165559,"Decawave DW-8",0.037600,0,102,0x0000,0x0000,0,""
943,576241280,576243531,576475192,781.580310,781.894520,262,-0.000000,-1677.507333,"Decawave DW-8",0.950357,1,12,0xB4C0,0xB4C0,1,"6188FFF2F00200010000C0B4"
944,576643552,576643354,576893542,782.122605,782.461944,97,-0.000000,-4226.486128,"Decawave DW-8",0.029496,0,20,0x0000,0x0000,0,""
945,577763840,577763760,578013948,783.642253,783.981592,117,0.000000,-3271.149647,"Decawave DW-8",0.032467,0,0,0x0000,0x0000,0,""
946,578133632,578133227,578383415,784.143374,784.482713,129,0.000000,-2939.869537,"Decawave DW-8",0.058618,0,4,0x0000,0x0000,0,""
947,578904512,578904423,579154611,785.189376,785.528715,110,-0.000000,-4250.145180,"Decawave DW-8",0.035685,0,125,0x0000,0x0000,0,""
948,579487488,579489740,579721401,785.983263,786.297473,262,0.000000,-1651.408191,"Decawave DW-8",0.951393,1,12,0xD188,0xD188,1,"618805F2F0020001000088D1"
949,579924480,579925793,580157455,786.574698,786.888909,262,0.000000,-1701.192004,"Decawave DW-8",0.951424,1,12,0x5B58,0x5B58,1,"618806F2F00200010000585B"
950,580215168,580217420,580449081,786.970242,787.284452,262,0.000000,-1692.396063,"Decawave DW-8",0.950598,1,12,0xDAE7,0xDAE7,1,"618807F2F00200010000E7DA"
951,581547808,581547715,581797903,788.774570,789.113909,118,0.000000,-3820.615201,"Decawave DW-8",0.028809,0,48,0x0000,0x0000,0,""
952,581907616,581907428,582174631,789.262462,789.624879,143,-0.000000,-282.595200,"Decawave DW-8",0.053833,1,53,0x1276,0x3438,0,"225970A18D805C7C21F5A63B97ADD8510562B297E332035209C2F219A3D5836722A290F274E0EC60973E1CF390D724F11AFBC27612"
953,583056032,583055595,583305783,790.819763,791.159102,126,0.000000,-2971.104895,"Decawave DW-8",0.037133,0,3,0x0000,0x0000,0,""
954,583810688,583810285,584087317,791.843377,792.219126,129,0.000000,-428.528344,"Decawave DW-8",0.037642,1,66,0x37E8,0x006F,0,"19C4A3E84213C28D2522D87C2C2CE2F30604143116A43481171022C7811AFFB7D57410FD82D1D6AB292EDFDDED17BC8808D15D954A20B37C3EA40C5791D9716DE837"
955,584465376,584467628,584699289,792.734956,793.049166,262,0.000000,-1668.320172,"Decawave DW-8",0.950717,1,12,0x8AF0,0x8AF0,1,"618815F2F00200010000F08A"
956,584756064,584758315,584989976,793.129225,793.443435,262,-0.000000,-1668.320115,"Decawave DW-8",0.950717,1,12,0x8AF0,0x8AF0,1,"618815F2F00200010000F08A"
957,584948384,584947947,585198135,793.386430,793.725769,126,0.000000,-4091.933107,"Decawave DW-8",0.042059,0,66,0x0000,0x0000,0,""
958,585324576,585324167,585626901,793.896711,794.307320,129,0.000000,-3421.564690,"Decawave DW-8",0.049058,1,94,0x0D8B,0x3A91,0,"3A1607A0B68DCD0FD9F724A00080E19212BC41CC9589C44E6C7B0670CD074517CA36B6D3C16C80F29135415DFF80011F90B48DAC84061F3CCF4ABE71BD36AC002CDF7404C0E8BDCC4F37A40E2180CBE83A285B4BC14DDF3C966860B68B0D"
959,585920736,585922988,586154649,794.708914,795.023124,262,0.000000,-1683.316565,"Decawave DW-8",0.950993,1,12,0x0020,0x0020,1,"618816F2F002000100002000"
960,586308960,586311212,586542873,795.235476,795.549687,262,0.000000,-1686.027387,"Decawave DW-8",0.951192,1,12,0x819F,0x819F,1,"618817F2F002000100009F81"
961,587595392,587597644,587829305,796.980311,797.294522,262,0.000000,-1656.184491,"Decawave DW-8",0.951225,1,12,0xA74C,0xA74C,1,"61881DF2F002000100004CA7"
962,587983328,587985580,588217241,797.506483,797.820694,262,0.000000,-1656.184422,"Decawave DW-8",0.951225,1,12,0xA74C,0xA74C,1,"61881DF2F002000100004CA7"
963,588368896,588368437,588617482,798.025766,798.363555,107,0.000000,-3630.475951,"Decawave DW-8",0.069281,1,35,0x01DD,0xFFC7,0,"644C540B47012AB20543134F4AB0FED39CB23ACF216938030DCE85371D19C58278DD01"
964,588752992,588752909,588979288,798.547240,798.854286,99,0.000000,-2968.811229,"Decawave DW-8",0.033936,1,5,0x93F5,0x37A7,0,"1F221FF593"
965,589509216,589511468,589743129,799.576101,799.890312,262,0.000000,-1657.074489,"Decawave DW-8",0.951028,1,12,0xFB76,0xFB76,1,"618822F2F0020001000076FB"
966,589876416,589878668,590110329,800.074148,800.388359,262,0.000000,-1657.074475,"Decawave DW-8",0.951028,1,12,0xFB76,0xFB76,1,"618822F2F0020001000076FB"
967,590607936,590610188,590841849,801.066336,801.380546,262,0.000000,-1672.516068,"Decawave DW-8",0.951119,1,12,0x7AC9,0x7AC9,1,"618823F2F00200010000C97A"
968,591774016,591776268,592007929,802.647933,802.962143,262,0.000000,-1675.235488,"Decawave DW-8",0.951545,1,12,0x6C17,0x6C17,1,"618827F2F00200010000176C"
969,592056544,592058795,592290456,803.031135,803.345345,262,-0.000000,-1675.235516,"Decawave DW-8",0.951545,1,12,0x6C17,0x6C17,1,"618827F2F00200010000176C"
970,592347232,592349484,592581145,803.425407,803.739617,262,0.000000,-1675.235476,"Decawave DW-8",0.951545,1,12,0x6C17,0x6C17,1,"618827F2F00200010000176C"
971,592735456,592737708,592969369,803.951969,804.266180,262,0.000000,-1687.048311,"Decawave DW-8",0.951511,1,12,0xDDA5,0xDDA5,1,"618828F2F00200010000A5DD"
972,593263232,593265484,593497145,804.667811,804.982022,262,0.000000,-1684.351308,"Decawave DW-8",0.950369,1,12,0xCB7B,0xCB7B,1,"61882CF2F002000100007BCB"
973,593463136,593465388,593697049,804.938949,805.253159,262,0.000000,-1657.069588,"Decawave DW-8",0.950874,1,12,0xD6CA,0xD6CA,1,"61882AF2F00200010000CAD6"
974,595827744,595829996,596061657,808.146153,808.460364,262,0.000000,-1661.744179,"Decawave DW-8",0.951472,1,12,0x2ADE,0x2ADE,1,"618831F2F00200010000DE2A"
975,596118432,596120684,596352345,808.540424,808.854635,262,0.000000,-1661.744154,"Decawave DW-8",0.951472,1,12,0x2ADE,0x2ADE,1,"618831F2F00200010000DE2A"
976,596506656,596508908,596740569,809.066987,809.381197,262,0.000000,-1668.477183,"Decawave DW-8",0.951261,1,12,0xA00E,0xA00E,1,"618832F2F002000100000EA0"
977,597451072,597453324,597684985,810.347933,810.662143,262,0.000000,-1655.117441,"Decawave DW-8",0.951299,1,12,0xB6D0,0xB6D0,1,"618836F2F00200010000D0B6"
978,598052800,598055052,598286713,811.164079,811.478289,262,0.000000,-1655.117441,"Decawave DW-8",0.951299,1,12,0xB6D0,0xB6D0,1,"618836F2F00200010000D0B6"
979,598878016,598877828,599128016,812.280040,812.619379,224,-0.000000,-2034.767197,"Decawave DW-8",0.022351,0,33,0x0000,0x0000,0,""
980,599315008,599314820,599565008,812.872748,813.212088,146,0.000000,-3379.095875,"Decawave DW-8",0.025998,0,21,0x0000,0x0000,0,""
981,599696480,599698732,599930393,813.393462,813.707673,262,0.000000,-1656.397663,"Decawave DW-8",0.951674,1,12,0x0C0D,0x0C0D,1,"61883BF2F002000100000D0C"
982,601234272,601236523,601468184,815.479225,815.793435,262,-0.000000,-1702.191803,"Decawave DW-8",0.951286,1,12,0x2318,0x2318,1,"618840F2F002000100001823"
983,601582080,601584332,601815993,815.950971,816.265181,262,0.000000,-1702.191823,"Decawave DW-8",0.951286,1,12,0x2318,0x2318,1,"618840F2F002000100001823"
984,601824000,601826252,602057913,816.279096,816.593306,262,0.000000,-1702.191774,"Decawave DW-8",0.951286,1,12,0x2318,0x2318,1,"618840F2F002000100001823"
985,602355744,602355339,602605527,816.996716,817.336056,129,0.000000,118.020318,"Decawave DW-8",0.017768,0,59,0x0000,0x0000,0,""
986,603121408,603123659,603355320,818.038817,818.353027,262,-0.000000,-1667.844166,"Decawave DW-8",0.949282,1,12,0xB479,0xB479,1,"618845F2F0020001000079B4"
987,603370144,603372396,603604057,818.376188,818.690398,262,0.000000,-1667.844234,"Decawave DW-8",0.949281,1,12,0xB479,0xB479,1,"618845F2F0020001000079B4"
988,603758368,603760620,603992281,818.902751,819.216961,262,0.000000,-1667.844151,"Decawave DW-8",0.949282,1,12,0xB479,0xB479,1,"618845F2F0020001000079B4"
989,604195360,604195172,604445360,819.492150,819.831489,199,0.000000,-1209.642786,"Decawave DW-8",0.018765,0,78,0x0000,0x0000,0,""
990,604437280,604439532,604671193,819.823584,820.137794,262,0.000000,-1647.786633,"Decawave DW-8",0.950751,1,12,0xBF16,0xBF16,1,"618847F2F0020001000016BF"
991,604825504,604827756,605059417,820.350146,820.664357,262,0.000000,-1658.859547,"Decawave DW-8",0.950581,1,12,0x0EA4,0x0EA4,1,"618848F2F00200010000A40E"
992,606129728,606129540,606379728,822.115804,822.455143,143,-0.000000,-2276.481221,"Decawave DW-8",0.043559,0,7,0x0000,0x0000,0,""
993,607278144,607280396,607512057,823.676752,823.990963,262,0.000000,-1669.842193,"Decawave DW-8",0.950979,1,12,0x92AA,0x92AA,1,"61884FF2F00200010000AA92"
994,608032800,608032397,608357076,824.696719,825.137093,129,0.000000,-2951.352254,"Decawave DW-8",0.026074,1,123,0x1516,0xAD05,0,"1DA61102E42C9E9F029A111024776CD5A2347693D538AB0A8E5127E09D8052092169C212B87910013121220F68838A650270813252F09F4C869A641348BC228DDCD2199467F522F0616804E963245FBA001246ED10EC10C46C081A79D9684E4D00EAC4DFA21FE3AD3E0B8A3411A470BD83BDF3FF8253E8AE041615"
995,608736256,608738508,608970169,825.654443,825.968654,262,0.000000,-1658.241847,"Decawave DW-8",0.950577,1,12,0x6EBE,0x6EBE,1,"618854F2F00200010000BE6E"
996,608978176,608980428,609212089,825.982568,826.296779,262,0.000000,-1658.241907,"Decawave DW-8",0.950577,1,12,0x6EBE,0x6EBE,1,"618854F2F00200010000BE6E"
997,609170496,609170059,609420247,826.239772,826.579111,126,0.000000,-3527.745050,"Decawave DW-8",0.033384,0,83,0x0000,0x0000,0,""
998,609546688,609546279,609861124,826.750053,827.177089,129,0.000000,-2452.944409,"Decawave DW-8",0.025335,1,110,0x2DAF,0xA20D,0,"08D8EBDB7E6AEF040B2784871682141F7EA194A41558083C020E605422221668642466D343BB10CEC9E78AF4415E2F61267B37C506CABC81F12CC15E10113F09DC3C61159E21E10A19F53FA470F0AABAA336408C4DC1B052287358D15100ED4685E484C2F8031F86216A3A91AF2D"
999,610142848,610145100,610376761,827.562256,827.876466,262,0.000000,-1642.864743,"Decawave DW-8",0.951464,1,12,0x65D1,0x65D1,1,"618856F2F00200010000D165"
1000,610531072,610533324,610764985,828.088818,828.403029,262,0.000000,-1661.663235,"Decawave DW-8",0.951294,1,12,0xE46E,0xE46E,1,"618857F2F002000100006EE4"
1001,611252000,611254252,611485913,829.066640,829.380850,262,0.000000,-1664.801735,"Decawave DW-8",0.950474,1,12,0xD463,0xD463,1,"618859F2F0020001000063D4"
1002,611640224,611642476,611874137,829.593202,829.907412,262,0.000000,-1678.441192,"Decawave DW-8",0.951209,1,12,0x5EB3,0x5EB3,1,"61885AF2F00200010000B35E"
1003,612205440,612207692,612439353,830.359825,830.674036,262,0.000000,-1683.440012,"Decawave DW-8",0.951636,1,12,0x486D,0x486D,1,"61885EF2F002000100006D48"
1004,613709856,613709454,613959642,832.396720,832.736060,129,-0.000000,-3514.943027,"Decawave DW-8",0.043925,0,84,0x0000,0x0000,0,""
1005,614098528,614100780,614332441,832.927490,833.241701,262,0.000000,-1658.987767,"Decawave DW-8",0.950435,1,12,0x1F38,0x1F38,1,"618863F2F00200010000381F"
1006,614492736,614492655,614742843,833.459005,833.798344,94,0.000000,-5609.649978,"Decawave DW-8",0.038184,0,105,0x0000,0x0000,0,""
1007,614847520,614849772,615081433,833.943376,834.257586,262,0.000000,-1658.987839,"Decawave DW-8",0.950434,1,12,0x1F38,0x1F38,1,"618863F2F00200010000381F"
1008,615071968,615074219,615305880,834.247801,834.562012,262,-0.000000,-1658.987812,"Decawave DW-8",0.950434,1,12,0x1F38,0x1F38,1,"618863F2F00200010000381F"
1009,615411424,615413675,615645336,834.708218,835.022428,262,-0.000000,-1669.201584,"Decawave DW-8",0.951118,1,12,0x8336,0x8336,1,"618864F2F002000100003683"
1010,617103872,617103684,617345928,837.000439,837.329004,145,0.000000,-2981.439688,"Decawave DW-8",0.025059,1,26,0x9DB5,0xABDB,0,"51A5E0C5BBB9EC5D81829E0BC10491A605945188C9C6661AB59D"
1011,617394560,617394372,617626034,837.394710,837.708922,262,0.000000,-1665.106236,"Decawave DW-8",0.951404,1,12,0x39EB,0x39EB,1,"618869F2F00200010000EB39"
1012,617685248,617687500,617919161,837.792291,838.106501,262,0.000000,-1673.996531,"Decawave DW-8",0.951483,1,12,0xB33B,0xB33B,1,"61886AF2F002000100003BB3"
1013,620151808,620154059,620385720,841.137775,841.451986,262,-0.000000,-1677.953587,"Decawave DW-8",0.951164,1,12,0xC5FF,0xC5FF,1,"618872F2F00200010000FFC5"
1014,620340544,620342795,620574456,841.393765,841.707975,262,-0.000000,-1677.953626,"Decawave DW-8",0.951164,1,12,0xC5FF,0xC5FF,1,"618872F2F00200010000FFC5"
1015,620728768,620731020,620962681,841.920329,842.234539,262,0.000000,-1677.953604,"Decawave DW-8",0.951164,1,12,0xC5FF,0xC5FF,1,"618872F2F00200010000FFC5"
1016,621676192,621676092,621926280,843.202165,843.541504,104,-0.000000,-5620.144946,"Decawave DW-8",0.031902,0,64,0x0000,0x0000,0,""
1017,622044160,622044058,622294246,843.701251,844.040590,118,0.000000,-3906.170572,"Decawave DW-8",0.023548,0,115,0x0000,0x0000,0,""
1018,622422560,622424811,622656472,844.217680,844.531890,262,-0.000000,-1684.147439,"Decawave DW-8",0.950380,1,12,0x529E,0x529E,1,"618877F2F002000100009E52"
1019,623051360,623053612,623285273,845.070546,845.384756,262,0.000000,-1689.819297,"Decawave DW-8",0.950323,1,12,0xE32C,0xE32C,1,"618878F2F002000100002CE3"
1020,623537120,623536932,623814721,845.726090,846.102866,146,0.000000,-336.677744,"Decawave DW-8",0.028783,1,67,0x2A49,0x2EF8,0,"30253E7C81484536A7499A34F37A154E65C66761606592E52FCAA70D848F5CC196F1B0C849C0F404A3CDC8DCF2AEE4562C7C21C4372F174E050BC6D2844C97EFD5492A"
1021,624307040,624306628,624544337,846.770058,847.092471,129,-0.000000,-2911.038356,"Decawave DW-8",0.033595,1,20,0x494D,0x331B,0,"B31A46BEF5A83D2F3C6140346237293D0FDA4D49"
1022,626385568,626387820,626619481,849.592855,849.907065,262,0.000000,-1681.268424,"Decawave DW-8",0.950738,1,12,0x0CB4,0x0CB4,1,"618881F2F00200010000B40C"
1023,626577856,626577451,626827639,849.850058,850.189398,129,0.000000,-2867.828004,"Decawave DW-8",0.042098,0,5,0x0000,0x0000,0,""
1024,626978560,626978430,627228618,850.393921,850.733260,99,0.000000,-4950.572807,"Decawave DW-8",0.033182,0,0,0x0000,0x0000,0,""
1025,627357760,627357651,627607839,850.908272,851.247611,98,0.000000,-3029.490946,"Decawave DW-8",0.030531,0,45,0x0000,0x0000,0,""
1026,628417472,628417284,628667472,852.345492,852.684831,199,0.000000,-1327.354732,"Decawave DW-8",0.042362,0,121,0x0000,0x0000,0,""
1027,628659392,628661644,628893305,852.676926,852.991136,262,0.000000,-1702.264091,"Decawave DW-8",0.950320,1,12,0x1105,0x1105,1,"618887F2F002000100000511"
1028,629435840,629438092,629669753,853.730051,854.044261,262,0.000000,-1698.574831,"Decawave DW-8",0.951126,1,12,0x2108,0x2108,1,"618889F2F002000100000821"
1029,630351840,630351652,630601840,854.969146,855.308485,143,-0.000000,-2700.247734,"Decawave DW-8",0.027351,0,1,0x0000,0x0000,0,""
1030,631500256,631502508,631734169,856.530094,856.844305,262,0.000000,-1715.993877,"Decawave DW-8",0.951302,1,12,0xD673,0xD673,1,"618890F2F0020001000073D6"
1031,632254912,632254509,632541364,857.550061,857.939133,129,0.000000,-2966.876440,"Decawave DW-8",0.033536,1,79,0x811E,0xD238,0,"11C452A3221BCE94561369927600D3BC68F38EA0A94A496400A352E83CC5E7774684E42431705DDAC948388F6B08114214EFA006A6DB44562236A546004AD5659754AE5FCC58756C9A4FB414A51E81"
1032,632958368,632960620,633192281,858.507785,858.821996,262,0.000000,-1677.781817,"Decawave DW-8",0.950037,1,12,0x4112,0x4112,1,"618895F2F002000100001241"
1033,633200288,633202540,633434201,858.835910,859.150121,262,0.000000,-1677.781800,"Decawave DW-8",0.950037,1,12,0x4112,0x4112,1,"618895F2F002000100001241"
1034,633392608,633392171,633642359,859.093114,859.432453,126,0.000000,-2939.081335,"Decawave DW-8",0.028841,0,117,0x0000,0x0000,0,""
1035,633768800,633771052,634002713,859.607004,859.921214,262,0.000000,-1677.781825,"Decawave DW-8",0.950037,1,12,0x4112,0x4112,1,"618895F2F002000100001241"
1036,633976736,633978988,634210649,859.889035,860.203246,262,0.000000,-1677.781718,"Decawave DW-8",0.950038,1,12,0x4112,0x4112,1,"618895F2F002000100001241"
1037,634364960,634367212,634598873,860.415598,860.729808,262,0.000000,-1711.272479,"Decawave DW-8",0.950860,1,12,0xCBC2,0xCBC2,1,"618896F2F00200010000C2CB"
1038,634753184,634755436,634987097,860.942160,861.256371,262,0.000000,-1672.768499,"Decawave DW-8",0.951220,1,12,0x4A7D,0x4A7D,1,"618897F2F002000100007D4A"
1039,636250560,636252812,636484473,862.973107,863.287317,262,0.000000,-1705.793637,"Decawave DW-8",0.951316,1,12,0x711F,0x711F,1,"61889BF2F002000100001F71"
1040,636589856,636592108,636823769,863.433306,863.747517,262,0.000000,-1680.929080,"Decawave DW-8",0.950227,1,12,0x67C1,0x67C1,1,"61889FF2F00200010000C167"
1041,636796576,636798828,637030489,863.713688,864.027898,262,0.000000,-1678.562792,"Decawave DW-8",0.950162,1,12,0x67C1,0x67C1,1,"61889FF2F00200010000C167"
1042,637931968,637931566,638236575,865.250062,865.663757,129,-0.000000,-2362.065295,"Decawave DW-8",0.034027,1,97,0xD125,0x3D1B,0,"E4003B1CB1F871D36361DE105373A510AB32C2B8DA5C3CF69F080C71870D62926C72BFCB28CAA07AA7A4D8AC555077EA5F66AD25E172B7088A2FBA053CDE3B0DCDAB66332460315A18D046F79D5B7D652C22A25047B510846519C1CC8B3D4B25D1"
1043,638954624,638956876,639188537,866.640728,866.954938,262,0.000000,-1665.449025,"Decawave DW-8",0.951963,1,12,0x2D25,0x2D25,1,"6188A4F2F00200010000252D"
1044,639462592,639461954,639712142,867.325784,867.665123,107,-0.000000,-609.821582,"Decawave DW-8",0.022352,0,45,0x0000,0x0000,0,""
1045,639682304,639684556,639916217,867.627707,867.941918,262,0.000000,-1665.449006,"Decawave DW-8",0.951964,1,12,0x2D25,0x2D25,1,"6188A4F2F00200010000252D"
1046,640409984,640412236,640643897,868.614686,868.928897,262,0.000000,-1698.657642,"Decawave DW-8",0.950496,1,12,0x264A,0x264A,1,"6188A6F2F002000100004A26"
1047,641119200,641121452,641353113,869.576622,869.890833,262,0.000000,-1677.594019,"Decawave DW-8",0.951557,1,12,0x9C97,0x9C97,1,"6188ABF2F00200010000979C"
1048,641325984,641328235,641559896,869.857090,870.171300,262,-0.000000,-1677.594001,"Decawave DW-8",0.951557,1,12,0x9C97,0x9C97,1,"6188ABF2F00200010000979C"
1049,641907360,641909612,642141273,870.645633,870.959843,262,0.000000,-1690.356845,"Decawave DW-8",0.950249,1,12,0x1D28,0x1D28,1,"6188AAF2F00200010000281D"
1050,642295584,642297836,642529497,871.172195,871.486405,262,0.000000,-1677.593939,"Decawave DW-8",0.951558,1,12,0x9C97,0x9C97,1,"6188ABF2F00200010000979C"
1051,643599808,643599620,643849809,872.937853,873.277193,141,0.000000,109.813090,"Decawave DW-8",0.033773,0,38,0x0000,0x0000,0,""
1052,644950880,644953132,645184793,874.773671,875.087881,262,0.000000,-1666.834187,"Decawave DW-8",0.951254,1,12,0xEA53,0xEA53,1,"6188B3F2F0020001000053EA"
1053,645339104,645341356,645573017,875.300233,875.614444,262,0.000000,-1666.834078,"Decawave DW-8",0.951255,1,12,0xEA53,0xEA53,1,"6188B3F2F0020001000053EA"
1054,645727328,645729580,645961241,875.826796,876.141006,262,0.000000,-1676.616342,"Decawave DW-8",0.950132,1,12,0x765D,0x765D,1,"6188B4F2F002000100005D76"
1055,646266272,646266170,646516358,876.554593,876.893932,118,0.000000,-2613.317330,"Decawave DW-8",0.023099,0,22,0x0000,0x0000,0,""
1056,646497024,646499276,646730937,876.870763,877.184973,262,0.000000,-1687.735046,"Decawave DW-8",0.951080,1,12,0x4D3F,0x4D3F,1,"6188B8F2F002000100003F4D"
1057,647015264,647014858,647265046,877.570066,877.909405,129,0.000000,-2389.323071,"Decawave DW-8",0.043954,0,118,0x0000,0x0000,0,""
1058,647322240,647322052,647587736,877.986724,878.347081,224,-0.000000,-1336.820451,"Decawave DW-8",0.032596,1,51,0xF184,0x03F5,0,"D2450CAC2066DE5D25B312A46792AE7D726EE3D08D70CF1ABB26E85006997AC07B242753AD800E0D1546D80D95BD8441B084F1"
1059,647759232,647759044,648054214,878.579433,878.979782,146,0.000000,-2959.350935,"Decawave DW-8",0.026974,1,84,0x4CD3,0xA0A2,0,"96B01D650343FF8FD648AD1E0739957E8F584C15E67990DF2481C054D759190C1B43C9FCBCB2537EBF92D0D14199E73AA6BAEC4FC3E28BC330230E1D2ADF6CA164EB793031C0D424FD9719823AC30E0CB18DD34C"
1060,648098688,648098500,648376280,879.039849,879.416612,198,0.000000,-1928.663018,"Decawave DW-8",0.036140,1,67,0x99C7,0x49A0,0,"4A8998B157E92BB5068A54D65D80F00E533718891A05921ADA76924BE07A0ECA912C6B86AFE6AF28EFBC91162D4406AA9BDDD037EB12E2D1B819726C1768EABB34C799"
1061,648529152,648528740,648778928,879.623400,879.962739,129,-0.000000,122.520097,"Decawave DW-8",0.038562,0,49,0x0000,0x0000,0,""
1062,650033056,650032868,650266045,881.663504,881.979770,142,0.000000,-3104.230111,"Decawave DW-8",0.048122,1,14,0x488B,0x4895,0,"480B9584E73AA9646E4606428B48"
1063,650430208,650430096,650688977,882.202279,882.553408,117,0.000000,-2637.866003,"Decawave DW-8",0.026858,1,42,0x6014,0x5106,0,"501EFEC1EC881913360E172324571846899469A099881990B6DC103AA35608A3C8C131B099790CA01460"
1064,650799968,650802220,651033881,882.707004,883.021214,262,0.000000,-1676.445160,"Decawave DW-8",0.951308,1,12,0xE395,0xE395,1,"6188C2F2F0020001000095E3"
1065,651044672,651046924,651278585,883.038905,883.353116,262,0.000000,-1676.445146,"Decawave DW-8",0.951309,1,12,0xE395,0xE395,1,"6188C2F2F0020001000095E3"
1066,652701792,652704044,652935705,885.286518,885.600728,262,0.000000,-1690.400860,"Decawave DW-8",0.951553,1,12,0x74F4,0x74F4,1,"6188C7F2F00200010000F474"
1067,653027808,653027620,653277808,885.725396,886.064735,186,0.000000,-929.334483,"Decawave DW-8",0.030318,0,9,0x0000,0x0000,0,""
1068,653318496,653320748,653552409,886.122976,886.437187,262,0.000000,-1698.935209,"Decawave DW-8",0.950791,1,12,0xC546,0xC546,1,"6188C8F2F0020001000046C5"
1069,654248448,654247813,654498001,887.380389,887.719728,73,0.000000,3690.290127,"Decawave DW-8",0.031211,0,25,0x0000,0x0000,0,""
1070,654573952,654576204,654807865,887.825798,888.140008,262,0.000000,-1666.810005,"Decawave DW-8",0.950159,1,12,0xD398,0xD398,1,"6188CCF2F0020001000098D3"
1071,654913408,654913220,655221251,888.282905,888.700699,195,0.000000,-2539.773437,"Decawave DW-8",0.038906,1,101,0x8930,0xC43A,0,"8E2D27071F0CD56DF059005C468B64FA00E83BB9B1764B8DB8191D936014FA63D474D11419F4EEA42197CED6E66AA3F836C96F4787A94504A7F7804A1E14CDCE41CC8ECC9E3A2BDCCE1F606C91E8F0073B199911E163ED66040F6AE8629958625E027A3089"
1072,655722368,655724620,655956281,889.383436,889.697647,262,0.000000,-1662.978005,"Decawave DW-8",0.950789,1,12,0xB382,0xB382,1,"6188D0F2F0020001000082B3"
1073,656116640,656118892,656350553,889.918202,890.232412,262,0.000000,-1683.897297,"Decawave DW-8",0.951555,1,12,0x323D,0x323D,1,"6188D1F2F002000100003D32"
1074,656477024,656479276,656710937,890.407004,890.721214,262,0.000000,-1683.897337,"Decawave DW-8",0.951555,1,12,0x323D,0x323D,1,"6188D1F2F002000100003D32"
1075,657422400,657424652,657656313,891.689252,892.003463,262,0.000000,-1694.390093,"Decawave DW-8",0.950994,1,12,0xAE33,0xAE33,1,"6188D6F2F0020001000033AE"
1076,657614720,657614283,657843682,891.946456,892.257598,126,0.000000,-2971.483504,"Decawave DW-8",0.036803,1,9,0x74DC,0x25BC,0,"90F7CBE5549903DC74"
1077,657810624,657812876,658044537,892.215815,892.530025,262,0.000000,-1694.390049,"Decawave DW-8",0.950995,1,12,0xAE33,0xAE33,1,"6188D6F2F0020001000033AE"
1078,658198848,658201100,658432761,892.742377,893.056588,262,0.000000,-1694.390056,"Decawave DW-8",0.950995,1,12,0xAE33,0xAE33,1,"6188D6F2F0020001000033AE"
1079,658587072,658589324,658820985,893.268940,893.583150,262,0.000000,-1694.390087,"Decawave DW-8",0.950994,1,12,0xAE33,0xAE33,1,"6188D6F2F0020001000033AE"
1080,659072832,659072644,659322833,893.924485,894.263825,200,0.000000,-2321.449296,"Decawave DW-8",0.026915,0,42,0x0000,0x0000,0,""
1081,659314752,659317004,659548665,894.255919,894.570129,262,0.000000,-1664.251586,"Decawave DW-8",0.950886,1,12,0x9E3E,0x9E3E,1,"6188D8F2F002000100003E9E"
1082,660472672,660474924,660706585,895.826449,896.140659,262,0.000000,-1689.702425,"Decawave DW-8",0.951308,1,12,0x14EE,0x14EE,1,"6188DBF2F00200010000EE14"
1083,660860896,660863148,661094809,896.353011,896.667221,262,0.000000,-1657.847497,"Decawave DW-8",0.951263,1,12,0x88E0,0x88E0,1,"6188DCF2F00200010000E088"
1084,661297888,661296950,661528612,896.941393,897.255604,261,-0.000000,-1728.214507,"Decawave DW-8",0.950854,1,12,0x095F,0x095F,1,"6188DDF2F002000100005F09"
1085,661784288,661786540,662018201,897.605442,897.919652,262,0.000000,-1696.834812,"Decawave DW-8",0.949813,1,12,0x5E0A,0x5E0A,1,"6188E0F2F002000100000A5E"
1086,662154080,662156332,662387993,898.107004,898.421214,262,0.000000,-1696.834893,"Decawave DW-8",0.949812,1,12,0x5E0A,0x5E0A,1,"6188E0F2F002000100000A5E"
1087,663291744,663293996,663525657,899.650060,899.964270,262,0.000000,-1677.454532,"Decawave DW-8",0.951317,1,12,0xC96B,0xC96B,1,"6188E5F2F002000100006BC9"
1088,663516192,663518444,663750105,899.954487,900.268697,262,0.000000,-1677.454497,"Decawave DW-8",0.951317,1,12,0xC96B,0xC96B,1,"6188E5F2F002000100006BC9"
1089,663953184,663955436,664187097,900.547195,900.861405,262,0.000000,-1677.454498,"Decawave DW-8",0.951317,1,12,0xC96B,0xC96B,1,"6188E5F2F002000100006BC9"
1090,664243872,664246124,664477785,900.941466,901.255676,262,0.000000,-1677.454397,"Decawave DW-8",0.951318,1,12,0xC96B,0xC96B,1,"6188E5F2F002000100006BC9"
1091,664435104,664435005,664685193,901.197652,901.536991,115,0.000000,1441.569615,"Decawave DW-8",0.033008,0,120,0x0000,0x0000,0,""
1092,664778400,664778212,665091554,901.663156,902.088154,162,-0.000000,-1230.656354,"Decawave DW-8",0.046600,1,108,0xE92E,0xC8A9,0,"74AD82ACCC3ACA9B0A004371C95873DFA82A8DA037437D3FE4E1ABD59218C9640BF216F7D061236918850F2D491D1A21ED2C00B88E4E7349087266A8AC287005B1795A3DFC2FD4361FEB19697FE070F66AC52F294B4CA0D889836A3478EF7B0E24BF0C8DA71B07B264912EE9"
1093,665359776,665362028,665593689,902.455008,902.769218,262,0.000000,-1693.392015,"Decawave DW-8",0.951542,1,12,0x73B6,0x73B6,1,"6188E8F2F00200010000B673"
1094,666275776,666275588,666525777,903.694103,904.033443,184,0.000000,-1158.039997,"Decawave DW-8",0.030719,0,78,0x0000,0x0000,0,""
1095,666615232,666615044,666877714,904.154519,904.510788,236,0.000000,-1216.068467,"Decawave DW-8",0.039552,1,47,0x2001,0x1B79,0,"2586CE0F78803783372E26C37E1D69A6F255AAB08A439FE4234E6A6D8F8271D59982836BB3E4013ECB34220CCA0120"
1096,667476416,667478667,667710328,905.325883,905.640093,262,-0.000000,-1683.773803,"Decawave DW-8",0.950768,1,12,0xEFB8,0xEFB8,1,"6188EFF2F00200010000B8EF"
1097,667821920,667824172,668055833,905.794504,906.108714,262,0.000000,-1683.773882,"Decawave DW-8",0.950767,1,12,0xEFB8,0xEFB8,1,"6188EFF2F00200010000B8EF"
1098,669345024,669347275,669578936,907.860345,908.174555,262,-0.000000,-1672.281893,"Decawave DW-8",0.950814,1,12,0x13AC,0x13AC,1,"6188F4F2F00200010000AC13"
1099,669714272,669714084,669964273,908.357861,908.697202,141,0.000000,-2250.659276,"Decawave DW-8",0.019373,0,64,0x0000,0x0000,0,""
1100,669949440,669951692,670183353,908.680138,908.994348,262,0.000000,-1672.281956,"Decawave DW-8",0.950814,1,12,0x13AC,0x13AC,1,"6188F4F2F00200010000AC13"
1101,670288896,670291148,670522809,909.140554,909.454765,262,0.000000,-1656.883670,"Decawave DW-8",0.951100,1,12,0x9213,0x9213,1,"6188F5F2F002000100001392"
1102,670480416,670480029,670730217,909.396741,909.736080,129,0.000000,-2884.827731,"Decawave DW-8",0.047069,0,82,0x0000,0x0000,0,""
1103,670867552,670869804,671101465,909.925407,910.239617,262,0.000000,-1694.143614,"Decawave DW-8",0.950740,1,12,0xA971,0xA971,1,"6188F9F2F0020001000071A9"
1104,671237376,671236970,671535183,910.423408,910.827885,129,0.000000,-2984.456841,"Decawave DW-8",0.036049,1,88,0x6D54,0x2A1F,0,"A11766915579FB482D66B74767C6AC991FCA4FBA4FCF264973480CFD25A54A6B4667361AF63053102095A1A19B0987EA3008CC4C9853CC01A45666F1F51390F7AD46D80166F06F24C4624CD7EA31F220663482055C21546D"
1105,671981344,671981156,672231344,911.432775,911.772114,146,0.000000,-2693.352895,"Decawave DW-8",0.031945,0,81,0x0000,0x0000,0,""
1106,672562720,672564972,672796633,912.224626,912.538836,262,0.000000,-1695.036293,"Decawave DW-8",0.951113,1,12,0xA21E,0xA21E,1,"6188FBF2F002000100001EA2"
1107,672751264,672750852,673001040,912.476742,912.816081,129,-0.000000,-2907.270658,"Decawave DW-8",0.034392,0,56,0x0000,0x0000,0,""
1108,674255168,674254980,674505168,914.516846,914.856185,142,0.000000,-234.681793,"Decawave DW-8",0.037259,0,32,0x0000,0x0000,0,""
1109,674651552,674651457,674882355,915.054602,915.367778,118,0.000000,-2592.507898,"Decawave DW-8",0.018733,1,11,0xB0AE,0x253E,0,"31757A1B5F408C0C86AEB0"
1110,675022080,675024331,675255992,915.560345,915.874555,262,-0.000000,-1668.830423,"Decawave DW-8",0.951194,1,12,0xCC39,0xCC39,1,"618803F2F0020001000039CC"
1111,675364320,675366572,675598233,916.024539,916.338749,262,0.000000,-1668.830441,"Decawave DW-8",0.951194,1,12,0xCC39,0xCC39,1,"618803F2F0020001000039CC"
1112,675606240,675608492,675840153,916.352664,916.666874,262,0.000000,-1668.830387,"Decawave DW-8",0.951195,1,12,0xCC39,0xCC39,1,"618803F2F0020001000039CC"
1113,675792960,675792871,676043059,916.602744,916.942083,110,-0.000000,-4197.576777,"Decawave DW-8",0.032564,0,24,0x0000,0x0000,0,""
1114,676544640,676544560,676805714,917.622287,917.976500,117,0.000000,-2582.442892,"Decawave DW-8",0.030134,1,45,0x7042,0x2A2D,0,"DC0C0376E020B084AD12C5978F0694606B194562602AD52478DC408E72B00E86FD0276EC407B014DA458614270"
1115,676914432,676914027,677164215,918.123409,918.462748,129,0.000000,62.420650,"Decawave DW-8",0.035170,0,96,0x0000,0x0000,0,""
1116,677638144,677637956,677888145,919.105301,919.444641,173,0.000000,-2302.427286,"Decawave DW-8",0.029262,0,46,0x0000,0x0000,0,""
1117,677880064,677882316,678113977,919.436735,919.750945,262,0.000000,-1684.456153,"Decawave DW-8",0.950657,1,12,0xEAEA,0xEAEA,1,"618809F2F00200010000EAEA"
1118,678365824,678365636,678612429,920.092280,920.427014,212,0.000000,-2088.213341,"Decawave DW-8",0.045762,1,32,0x5EDA,0xD2EE,0,"2B0026A57412F3148B433E25642F4CF78A746652303856982A6DFA87E73CDA5E"
1119,678796064,678798316,679029977,920.679140,920.993350,262,0.000000,-1670.172535,"Decawave DW-8",0.950434,1,12,0xFC34,0xFC34,1,"61880DF2F0020001000034FC"
1120,679474976,679474788,679753335,921.596663,921.974467,247,0.000000,-1835.205658,"Decawave DW-8",0.021469,1,68,0xBA55,0xE17D,0,"2EAAC8540E145FF5FC809C75E282D3E00D3A281A4E5322CE8F360DAA6478B08C9D0BFEB1285EBB51F384E070A07748FD303681CC2ED1169C61124A6BEE43C615A0E355BA"
1121,679944480,679946731,680178392,922.236777,922.550987,262,-0.000000,-1655.188039,"Decawave DW-8",0.951328,1,12,0x9C2E,0x9C2E,1,"618811F2F002000100002E9C"
1122,680699136,680701388,680933049,923.260346,923.574556,262,0.000000,-1662.022097,"Decawave DW-8",0.950440,1,12,0x16FE,0x16FE,1,"618812F2F00200010000FE16"
1123,681836832,681836395,682086583,924.799798,925.139137,126,0.000000,-3060.691301,"Decawave DW-8",0.041101,0,33,0x0000,0x0000,0,""
1124,682213024,682215276,682446937,925.313688,925.627898,262,0.000000,-1692.802969,"Decawave DW-8",0.951099,1,12,0x819F,0x819F,1,"618817F2F002000100009F81"
1125,682420960,682423212,682654873,925.595719,925.909930,262,0.000000,-1692.802910,"Decawave DW-8",0.951100,1,12,0x819F,0x819F,1,"618817F2F002000100009F81"
1126,682809184,682811436,683043097,926.122282,926.436492,262,0.000000,-1692.802978,"Decawave DW-8",0.951099,1,12,0x819F,0x819F,1,"618817F2F002000100009F81"
1127,683246176,683248239,683479901,926.714734,927.028946,262,0.000000,-1692.802983,"Decawave DW-8",0.951099,1,12,0x819F,0x819F,1,"618817F2F002000100009F81"
1128,683536864,683539116,683770777,927.109261,927.423471,262,0.000000,-1679.622652,"Decawave DW-8",0.951539,1,12,0x302D,0x302D,1,"618818F2F002000100002D30"
1129,683925088,683927339,684159000,927.635822,927.950033,262,-0.000000,-1692.987718,"Decawave DW-8",0.950323,1,12,0xB192,0xB192,1,"618819F2F0020001000092B1"
1130,684313312,684315564,684547225,928.162386,928.476596,262,0.000000,-1656.084780,"Decawave DW-8",0.951429,1,12,0x3B42,0x3B42,1,"61881AF2F00200010000423B"
1131,685083008,685085260,685316921,929.206353,929.520563,262,0.000000,-1668.109404,"Decawave DW-8",0.950722,1,12,0x26F3,0x26F3,1,"61881CF2F00200010000F326"
1132,685422464,685424716,685656377,929.666770,929.980980,262,0.000000,-1656.749990,"Decawave DW-8",0.951686,1,12,0xA74C,0xA74C,1,"61881DF2F002000100004CA7"
1133,685810688,685812940,686044601,930.193332,930.507543,262,0.000000,-1664.728741,"Decawave DW-8",0.950894,1,12,0x2D9C,0x2D9C,1,"61881EF2F002000100009C2D"
1134,686376192,686378444,686610105,930.960346,931.274556,262,0.000000,-1661.348718,"Decawave DW-8",0.951491,1,12,0x71A6,0x71A6,1,"618821F2F00200010000A671"
1135,686968608,686970860,687202521,931.763862,932.078072,262,0.000000,-1661.348680,"Decawave DW-8",0.951491,1,12,0x71A6,0x71A6,1,"618821F2F00200010000A671"
1136,687356832,687359084,687590745,932.290424,932.604635,262,0.000000,-1697.107796,"Decawave DW-8",0.951008,1,12,0xFB76,0xFB76,1,"618822F2F0020001000076FB"
1137,688657216,688659468,688891129,934.054183,934.368393,262,0.000000,-1688.305245,"Decawave DW-8",0.951048,1,12,0xEDA8,0xEDA8,1,"618826F2F00200010000A8ED"
1138,688951744,688951556,689201744,934.450353,934.789692,227,-0.000000,-1898.510536,"Decawave DW-8",0.025762,0,68,0x0000,0x0000,0,""
1139,689426368,689426062,689724272,935.093943,935.498416,99,-0.000000,-298.540465,"Decawave DW-8",0.043131,1,88,0x458C,0xED39,0,"2900FBACC22DE0C430113D1EC6F95CFD85359548DAA3119A6D54DC0791256FF0E9338ABAF98CD46811A40813CF49887C139CE8CD0047176C7B14456B57C26BA605627801C985A4A1E5CE2759C5E46500A52C162C85838C45"
1140,689799008,689801260,690032921,935.602837,935.917048,262,0.000000,-1644.486082,"Decawave DW-8",0.951825,1,12,0xD6CA,0xD6CA,1,"61882AF2F00200010000CAD6"
1141,690739808,690742060,690973721,936.878879,937.193089,262,0.000000,-1669.413545,"Decawave DW-8",0.951442,1,12,0x5775,0x5775,1,"61882BF2F002000100007557"
1142,691662560,691662372,691945459,938.127132,938.511093,145,0.000000,-2240.571681,"Decawave DW-8",0.032639,1,74,0x04DC,0x918C,0,"25C5C78886B5093CCA12CBC62A0398D14D2D95C818634DFB4D15916C389967569AA30F587D2AD98604A4D2CE31A667704CB396E754D60480A435ECFA049B645023507D82AB971810DC04"
1143,692044032,692046284,692277945,938.647846,938.962056,262,0.000000,-1679.187153,"Decawave DW-8",0.951464,1,12,0x41AB,0x41AB,1,"61882FF2F00200010000AB41"
1144,692447168,692447073,692764944,939.191451,939.622591,108,-0.000000,1043.116489,"Decawave DW-8",0.030440,1,114,0x41D1,0x82D4,0,"446A65209D20A67B152E3615C4C76A23120501B9A0E2179090A8632B5BD1378192B14B16CA08CE93602DD0A85D2F469191DDB16C91D9B2E9C675337A57BA8B2BE71531002925BFA1B18E925B11C96100B026022D85D68D4466C9107169DABC6A0F25CE9F15A411BBD3CEB8AC2E44C06CD141"
1145,693567136,693569388,693801049,940.713688,941.027898,262,0.000000,-1689.588753,"Decawave DW-8",0.950961,1,12,0x3C00,0x3C00,1,"618835F2F00200010000003C"
1146,693832096,693834348,694066009,941.073063,941.387273,262,0.000000,-1689.588710,"Decawave DW-8",0.950961,1,12,0x3C00,0x3C00,1,"618835F2F00200010000003C"
1147,694171552,694173804,694405465,941.533480,941.847690,262,0.000000,-1689.588794,"Decawave DW-8",0.950960,1,12,0x3C00,0x3C00,1,"618835F2F00200010000003C"
1148,694511008,694513260,694744921,941.993896,942.308107,262,0.000000,-1689.588739,"Decawave DW-8",0.950961,1,12,0x3C00,0x3C00,1,"618835F2F00200010000003C"
1149,695459488,695459082,695741411,943.276750,943.659683,129,0.000000,137.292400,"Decawave DW-8",0.026646,1,73,0x9E57,0x8582,0,"724133D6C000C0180291CCBE193931F923A1597999331174C74F047577BF4490172E4D7890DC458402172489C5ADDD381CE8BB64B49B60F40B2F2224930548824478054199B65D579E"
1150,696203456,696205708,696437369,944.289426,944.603636,262,0.000000,-1659.534242,"Decawave DW-8",0.950840,1,12,0x8DB2,0x8DB2,1,"61883AF2F00200010000B28D"
1151,696396608,696398860,696630521,944.551405,944.865616,262,0.000000,-1659.534211,"Decawave DW-8",0.950840,1,12,0x8DB2,0x8DB2,1,"61883AF2F00200010000B28D"
1152,696594880,696594493,696892693,944.816749,945.221209,129,8.721150,-3953.762242,"Decawave DW-8",0.017156,1,88,0xD643,0x8171,0,"53B5107ED3CF7D1037911E15831273D823425490B95093687B22B001B284053C848A1B08F7920044EE31A19BD3247869899C531C865D6AD27C485488B05E1D57145310E36252BD815EE1B09A376AEE3352A057294F0443D6"
1153,697270592,697270404,697500551,945.733512,946.045669,237,-0.000000,-1856.210752,"Decawave DW-8",0.047726,1,10,0xF867,0x8ABF,0,"5F6CB1E040699D0D67F8"
1154,698477280,698477092,698776062,947.370188,947.775692,142,0.000000,-2658.668524,"Decawave DW-8",0.030526,1,89,0xB8C4,0xB078,0,"00A9A179BAAAE9280F0AEC16FA4664DDA75DCC631A88CC14693848081FC3B5384218F5982847C80968F36228270EDCDB80E38C30A79EE578C565EE63FA63D754668BC4C4199A888DF533C8B4B5B3794181CCE664B3AC63C4B8"
1155,699244192,699246444,699478105,948.413688,948.727898,262,0.000000,-1704.649392,"Decawave DW-8",0.950880,1,12,0xA9C8,0xA9C8,1,"618843F2F00200010000C8A9"
1156,699828352,699830604,700062265,949.206006,949.520216,262,0.000000,-1668.371336,"Decawave DW-8",0.951013,1,12,0x35C6,0x35C6,1,"618844F2F00200010000C635"
1157,700362880,700362692,700612881,949.927696,950.267037,151,0.000000,-431.319915,"Decawave DW-8",0.040958,0,21,0x0000,0x0000,0,""
1158,700766752,700766672,701033130,950.475629,950.837036,117,0.000000,-3928.455837,"Decawave DW-8",0.036227,1,52,0x1863,0xEB12,0,"8931CEAA451AB39C65E20447357E2294C817A8AB48C2E22C300AD4648962BE0485A70FF04C0E6132CF2865F7898B1E55CC296318"
1159,701146016,701148268,701379929,950.993202,951.307412,262,0.000000,-1663.500048,"Decawave DW-8",0.951016,1,12,0x8F1B,0x8F1B,1,"618849F2F002000100001B8F"
1160,701860256,701862508,702094169,951.961952,952.276162,262,0.000000,-1663.500009,"Decawave DW-8",0.951016,1,12,0x8F1B,0x8F1B,1,"618849F2F002000100001B8F"
1161,702102176,702104428,702336089,952.290077,952.604287,262,0.000000,-1663.499989,"Decawave DW-8",0.951016,1,12,0x8F1B,0x8F1B,1,"618849F2F002000100001B8F"
1162,702490400,702492652,702724313,952.816640,953.130850,262,0.000000,-1663.430250,"Decawave DW-8",0.951117,1,12,0x05CB,0x05CB,1,"61884AF2F00200010000CB05"
1163,702976160,702975972,703227293,953.472184,953.813060,199,0.000000,-1397.803988,"Decawave DW-8",0.021118,1,38,0x2901,0x3067,0,"68ACFD687FAA3DE9166E166520922CB778C342BB041E025DCDA91C03321A71CE45C13AA40129"
1164,704921248,704923500,705155161,956.113688,956.427898,262,0.000000,-1685.069787,"Decawave DW-8",0.950330,1,12,0x730F,0x730F,1,"618852F2F002000100000F73"
1165,706813600,706813197,707076624,958.676754,959.034049,129,0.000000,-2419.088367,"Decawave DW-8",0.025505,1,48,0xBDD1,0x90B1,0,"83DC286894760AE95712867A9ECFEBD83CE702CFA8042946614514075758E95CA5E242B31D950E5D564DE7030776D1BD"
1166,707031296,707033548,707265209,958.975624,959.289834,262,0.000000,-1663.239282,"Decawave DW-8",0.950913,1,12,0x55DC,0x55DC,1,"618858F2F00200010000DC55"
1167,707517056,707519308,707750969,959.634478,959.948688,262,0.000000,-1663.239368,"Decawave DW-8",0.950912,1,12,0x55DC,0x55DC,1,"618858F2F00200010000DC55"
1168,707758976,707761228,707992889,959.962603,960.276813,262,0.000000,-1663.239275,"Decawave DW-8",0.950913,1,12,0x55DC,0x55DC,1,"618858F2F00200010000DC55"
1169,707951296,707950859,708271748,960.219807,960.655040,126,10.755545,-3401.222373,"Decawave DW-8",0.042341,1,118,0xC1BF,0x78A6,0,"CB5CC2B6339691182632D6747744421534D5A177DC3D0094F455DCE35E08186BD6D940CACA24071EFD0E12B1AA9D6D0B0E3F8C54D1C33144B4AA40BF4BF1DBA748343A2E257D5A6D6A3806F1D707260A2A5372DCC547CDE9E36D11C058546AA9490A328A63BFCAD77CA2A18A088A0C6C66C493DABFC1"
1170,708327488,708327079,708567804,960.730088,961.056592,129,0.000000,-2375.865645,"Decawave DW-8",0.032367,1,24,0x18BD,0x87F7,0,"83A777D1120DFD4AE3A2D7EDE42FBB20EA5B9E259DC4BD18"
1171,708535424,708537676,708769337,961.015728,961.329938,262,0.000000,-1692.824401,"Decawave DW-8",0.950568,1,12,0x5EB3,0x5EB3,1,"61885AF2F00200010000B35E"
1172,708923648,708925900,709157561,961.542291,961.856501,262,0.000000,-1679.772498,"Decawave DW-8",0.951542,1,12,0xDF0C,0xDF0C,1,"61885BF2F002000100000CDF"
1173,709693344,709695596,709927257,962.586258,962.900468,262,0.000000,-1674.624012,"Decawave DW-8",0.951238,1,12,0xC2BD,0xC2BD,1,"61885DF2F00200010000BDC2"
1174,710032800,710035052,710266713,963.046674,963.360885,262,0.000000,-1665.948946,"Decawave DW-8",0.950958,1,12,0x486D,0x486D,1,"61885EF2F002000100006D48"
1175,710240736,710240439,710522761,963.325248,963.708172,101,-0.000000,-379.328300,"Decawave DW-8",0.026466,1,73,0xB4AF,0xA8B5,0,"778749C38B8142B4D082F2B7E32054E990B1E9A6805A03151EAD9615367B691E88873A938122C5176D4A0E6900222EC0A5C957571512DBCE2F407465A5A99BC7162105A87C9125AFB4"
1176,710598304,710600556,710832217,963.813688,964.127898,262,0.000000,-1670.224631,"Decawave DW-8",0.951066,1,12,0x1457,0x1457,1,"618861F2F002000100005714"
1177,710986240,710988492,711220153,964.339860,964.654070,262,0.000000,-1671.645903,"Decawave DW-8",0.950900,1,12,0x9E87,0x9E87,1,"618862F2F00200010000879E"
1178,712879328,712881580,713113241,966.907525,967.221735,262,0.000000,-1674.630912,"Decawave DW-8",0.951187,1,12,0x8859,0x8859,1,"618866F2F002000100005988"
1179,713076320,713078572,713310233,967.174712,967.488923,262,0.000000,-1674.630847,"Decawave DW-8",0.951188,1,12,0x8859,0x8859,1,"618866F2F002000100005988"
1180,715398912,715401164,715632825,970.324929,970.639140,262,0.000000,-1680.009326,"Decawave DW-8",0.950627,1,12,0xAE8A,0xAE8A,1,"61886CF2F002000100008AAE"
1181,715884672,715884484,716127484,970.980474,971.310064,145,0.000000,-3035.519090,"Decawave DW-8",0.035830,1,27,0xB204,0x4372,0,"B4B956B67DCECDA15F4EFADC507524C977FC9558B7C5D69EEC04B2"
1182,717382048,717381860,717610509,973.011420,973.321545,167,0.000000,-2309.347902,"Decawave DW-8",0.041773,1,8,0x0999,0x727E,0,"DFA110810CC19909"
1183,718158496,718158308,718460305,974.064545,974.474155,141,0.000000,-2269.244654,"Decawave DW-8",0.034488,1,93,0x124F,0x9272,0,"983D2D4122408EFB8E3C347C69C6CE1F96A5F415541FA15E95282D212ECD2491730401E68CB0130801D084F201F7C307EF9FC6E921C8326B418025004BC975D8493D3324C53685D17266AA481042F40EB5735FC856C77FB15A54514F12"
1184,718564640,718566892,718798553,974.618723,974.932933,262,0.000000,-1686.033142,"Decawave DW-8",0.950769,1,12,0x529E,0x529E,1,"618877F2F002000100009E52"
1185,719509568,719511820,719743481,975.900363,976.214574,262,0.000000,-1686.033147,"Decawave DW-8",0.950769,1,12,0x529E,0x529E,1,"618877F2F002000100009E52"
1186,720425568,720427820,720659481,977.142768,977.456978,262,0.000000,-1681.172681,"Decawave DW-8",0.950698,1,12,0x69FC,0x69FC,1,"61887BF2F00200010000FC69"
1187,721006944,721009196,721240857,977.931310,978.245520,262,0.000000,-1681.172705,"Decawave DW-8",0.950698,1,12,0x69FC,0x69FC,1,"61887BF2F00200010000FC69"
1188,721203360,721203329,721453517,978.194619,978.533959,118,0.000000,-2637.071647,"Decawave DW-8",0.041794,0,45,0x0000,0x0000,0,""
1189,721832160,721834412,722066073,979.050581,979.364791,262,0.000000,-1675.332279,"Decawave DW-8",0.950764,1,12,0x744D,0x744D,1,"61887DF2F002000100004D74"
1190,722171616,722173868,722405529,979.510997,979.825208,262,0.000000,-1678.525494,"Decawave DW-8",0.950528,1,12,0xFE9D,0xFE9D,1,"61887EF2F002000100009DFE"
1191,722699392,722701644,722933305,980.226839,980.541050,262,0.000000,-1673.543267,"Decawave DW-8",0.950477,1,12,0x8D0B,0x8D0B,1,"618880F2F002000100000B8D"
1192,723466304,723468556,723700217,981.267030,981.581241,262,0.000000,-1665.434320,"Decawave DW-8",0.951181,1,12,0x9BD5,0x9BD5,1,"618884F2F00200010000D59B"
1193,724246208,724248460,724480121,982.324843,982.639053,262,0.000000,-1665.434354,"Decawave DW-8",0.951181,1,12,0x9BD5,0x9BD5,1,"618884F2F00200010000D59B"
1194,724988864,724988784,725274893,983.328971,983.717032,117,0.000000,-3257.783264,"Decawave DW-8",0.022733,1,78,0xD68B,0xF1AB,0,"9ECF48191A7360632D01F06BAE1C78E15A201EC9BED12A722FF6F236D30D74AF50D2946805725484A18A078402A90723E39D2375F08AC527C11776A3393338A4A7C0855E33AF601406C5BD5B8BD6"
1195,725358656,725358251,725608439,983.830093,984.169432,129,0.000000,-3967.038626,"Decawave DW-8",0.034590,0,112,0x0000,0x0000,0,""
1196,726082368,726084620,726316281,984.815294,985.129504,262,0.000000,-1683.214406,"Decawave DW-8",0.951519,1,12,0xABD8,0xABD8,1,"61888AF2F00200010000D8AB"
1197,726324288,726326540,726558201,985.143419,985.457629,262,0.000000,-1683.214463,"Decawave DW-8",0.951519,1,12,0xABD8,0xABD8,1,"61888AF2F00200010000D8AB"
1198,726810048,726809860,727095220,985.798964,986.186008,212,0.000000,-2084.754188,"Decawave DW-8",0.032481,1,77,0xDB80,0x8759,0,"4C74A59059035A6EFD8163E2AB43F03C0C82CCB4215CC7475220D0E7A8A80D6B8D9BC72929DE1C18E8058C74011B9018F1ADE944200260C6554629AC82BB37378958D459D0C5B15B11239080DB"
1199,727051968,727054219,727285880,986.130397,986.444607,262,-0.000000,-1686.676628,"Decawave DW-8",0.950322,1,12,0x2A67,0x2A67,1,"61888BF2F00200010000672A"
1200,727488960,727491212,727722873,986.723107,987.037317,262,0.000000,-1674.379376,"Decawave DW-8",0.951111,1,12,0xB669,0xB669,1,"61888CF2F0020001000069B6"
1201,729132640,729132452,729385284,988.949181,989.292106,143,-0.000000,-649.285922,"Decawave DW-8",0.029276,1,40,0x6410,0x6B4D,0,"1A116C1F70D80850D266CC13980D0F813731C8C7FF2C3C83FE836F19CA98B3827405535793EB1064"
1202,730281056,730280619,730530807,990.506482,990.845821,126,0.000000,-2362.062080,"Decawave DW-8",0.044074,0,12,0x0000,0x0000,0,""
1203,731253408,731255660,731487321,991.828966,992.143176,262,0.000000,-1656.680591,"Decawave DW-8",0.950903,1,12,0x7A70,0x7A70,1,"618899F2F00200010000707A"
1204,731641632,731643884,731875545,992.355528,992.669739,262,0.000000,-1661.548007,"Decawave DW-8",0.950764,1,12,0xF0A0,0xF0A0,1,"61889AF2F00200010000A0F0"
1205,731981088,731983339,732215000,992.815944,993.130154,262,-0.000000,-1661.547978,"Decawave DW-8",0.950764,1,12,0xF0A0,0xF0A0,1,"61889AF2F00200010000A0F0"
1206,732173408,732172971,732423159,993.073149,993.412488,126,0.000000,-2382.322370,"Decawave DW-8",0.028694,0,40,0x0000,0x0000,0,""
1207,732757536,732759788,732991449,993.869070,994.183280,262,0.000000,-1661.548022,"Decawave DW-8",0.950764,1,12,0xF0A0,0xF0A0,1,"61889AF2F00200010000A0F0"
1208,733145760,733148012,733379673,994.395633,994.709843,262,0.000000,-1685.343524,"Decawave DW-8",0.950413,1,12,0x711F,0x711F,1,"61889BF2F002000100001F71"
1209,734254912,734257164,734488825,995.900016,996.214227,262,0.000000,-1660.196438,"Decawave DW-8",0.951278,1,12,0xE67E,0xE67E,1,"61889EF2F002000100007EE6"
1210,734820416,734822668,735054329,996.667030,996.981241,262,0.000000,-1664.651813,"Decawave DW-8",0.951160,1,12,0x3094,0x3094,1,"6188A2F2F002000100009430"
1211,735208352,735210603,735442264,997.193201,997.507411,262,-0.000000,-1664.651714,"Decawave DW-8",0.951161,1,12,0x3094,0x3094,1,"6188A2F2F002000100009430"
1212,735958080,735960332,736191993,998.210086,998.524296,262,0.000000,-1701.503002,"Decawave DW-8",0.950943,1,12,0x2D25,0x2D25,1,"6188A4F2F00200010000252D"
1213,736528736,736530988,736762649,998.984087,999.298298,262,0.000000,-1700.076400,"Decawave DW-8",0.950868,1,12,0x2D25,0x2D25,1,"6188A4F2F00200010000252D"
