index,window_offset,abs_start_sample,abs_end_sample,abs_phr_start_sample,abs_phr_end_sample,abs_payload_start_sample,abs_payload_end_sample,localization_start_sample,localization_end_sample,end_sample_source,has_precise_end_sample,time_start_ms,time_end_ms,detected_repetitions,sample_clock_error_ppm,cfo_hz,sfd_name,sfd_correlation,phr_secded_pass,psdu_length_bytes,fcs_received,fcs_calculated,fcs_pass,payload_hex
1,0,83874,222228,185933,201811,201813,222228,81826,226324,"decoded_payload_last_chip",1,0.113761,0.301416,144,-0.000000,-1628.781561,"Decawave DW-8",0.102990,1,21,0xDD0A,0x4E82,0,"5C48E0080A6B3A000A6FCE9EFB54298C0E42E10ADD"
2,343300,462344,580282,564404,580282,NaN,NaN,460296,584378,"decoded_phr_last_chip",0,0.627094,0.787058,144,-0.000000,-1636.674754,"Decawave DW-8",0.102606,0,17,0x0000,0x0000,0,""
3,721700,840815,1055544,942874,958753,958754,1055544,838767,1059640,"decoded_payload_last_chip",1,1.140428,1.431673,144,-0.000000,-1655.223663,"Decawave DW-8",0.102003,1,110,0x9C33,0xA07F,0,"5C48E008A261E20A0A27CB9EFB54298C0E428C854794070590D3122647AB5275EC98C01F6937B27CAE418183666C04694C4DC445B65EF5D63285DCCAC80BC7A9743701063EA900FE8BC38B749016F4D237A4C5A0EDC90C2353A5CAE780CD6A74C3B7549A42422C5EA4BCA165339C"
4,1100300,1219285,1337223,1321344,1337223,NaN,NaN,1217237,1341319,"decoded_phr_last_chip",0,1.653761,1.813725,144,-0.000000,-1694.074063,"Decawave DW-8",0.102795,0,1,0x0000,0x0000,0,""
5,1478700,1597756,1730817,1699815,1715694,1715695,1730817,1595708,1734913,"decoded_payload_last_chip",1,2.167095,2.347571,144,-0.000000,-1610.413674,"Decawave DW-8",0.102662,1,14,0xD4E4,0xA99C,0,"5C48E0000A6BBA0A0A32CFDEE4D4"
6,1857200,1976227,2094164,2078286,2094164,NaN,NaN,1974179,2098260,"decoded_phr_last_chip",0,2.680429,2.840392,144,-0.000000,-1588.313190,"Decawave DW-8",0.102182,0,17,0x0000,0x0000,0,""
7,2235700,2354697,2472635,2456756,2472635,NaN,NaN,2352649,2476731,"decoded_phr_last_chip",0,3.193762,3.353726,144,-0.000000,-1688.566874,"Decawave DW-8",0.102372,0,17,0x0000,0x0000,0,""
8,2614300,2733167,2871522,2835226,2851105,2851106,2871522,2731119,2875618,"decoded_payload_last_chip",1,3.707095,3.894751,144,-0.000000,-1628.483164,"Decawave DW-8",0.102942,1,21,0x0132,0x2FE3,0,"5C58E0080A6B3A000A32CF9EFBF4298C0E421C3201"
9,2992600,3111632,3229570,3213691,3229570,NaN,NaN,3109584,3233666,"decoded_phr_last_chip",0,4.220421,4.380385,144,2.262648,-1673.301373,"Decawave DW-8",0.124688,0,44,0x0000,0x0000,0,""
10,3371100,3490102,3651899,3592162,3608040,3608042,3651899,3488054,3655995,"decoded_payload_last_chip",1,4.733754,4.953205,144,2.262648,-1645.985834,"Decawave DW-8",0.125047,1,46,0x8B10,0x52F2,0,"58CBA88FA8CB16000B3B9BA7EBBDE9515D577322481946C41166192C678ABEF0562CBE1A779FB8D276404024108B"
11,4128000,4181776,4320130,4283835,4299713,4299714,4320130,4179728,4324226,"decoded_payload_last_chip",1,5.671897,5.859551,144,0.000000,-1623.000494,"Decawave DW-8",0.103428,1,21,0x9904,0x4D2B,0,"5C48E0084A60EA0A1F2FCF7E724CF0C00D664E0499"
12,4506500,4560246,4698600,4662305,4678183,4678185,4698600,4558198,4702696,"decoded_payload_last_chip",1,6.185229,6.372884,144,0.000000,-1599.377956,"Decawave DW-8",0.103841,1,21,0x9964,0xCA31,0,"5C48E000CA6A6A200A3ACF7E724CF0C0054E4E6499"
13,4885000,4936457,5096742,5038517,5054395,5054397,5096742,4934409,5100838,"decoded_payload_last_chip",1,6.695498,6.912899,144,8.103208,-1678.700801,"Decawave DW-8",0.127350,1,44,0x7F35,0xACB3,0,"A8B0BD23B49B360A5F9B8983CD75D95F20644EEC8C550845C10D8DF4BD182E3EA22847A8CC02401AC017357F"
14,5263500,5382455,5500393,5484514,5500393,NaN,NaN,5380407,5504489,"decoded_phr_last_chip",0,7.300422,7.460385,144,2.262648,-1608.278439,"Decawave DW-8",0.124693,0,44,0x0000,0x0000,0,""
15,5641900,5760925,5921209,5862985,5878863,5878864,5921209,5758877,5925305,"decoded_payload_last_chip",1,7.813755,8.031154,144,2.262648,-1637.623067,"Decawave DW-8",0.124747,1,44,0x8440,0x1262,0,"58CBE888A8CB16000B3B9B274BD7E9515D5709025D9986DA31F31A226730BA00633636B267336B4763404084"
16,6020400,6139396,6257333,6241455,6257333,NaN,NaN,6137348,6261429,"decoded_phr_last_chip",0,8.327089,8.487051,144,2.262648,-1673.608056,"Decawave DW-8",0.125259,0,46,0x0000,0x0000,0,""
17,6394052,6517873,6635811,6619933,6635811,NaN,NaN,6515825,6639907,"decoded_phr_last_chip",0,8.840431,9.000395,144,6.659385,-1908.041746,"Decawave DW-8",0.099828,0,99,0x0000,0x0000,0,""
18,6777300,6896337,7056621,6998396,7014275,7014276,7056621,6894289,7060717,"decoded_payload_last_chip",1,9.353756,9.571155,144,2.262648,-1727.651200,"Decawave DW-8",0.124509,1,44,0x2440,0x794B,0,"F8E1A83FAA9B160A0B9BDD26EBFDE9515D57CCA46636468491732B77460A14603666391A6633B26C71404024"
19,7155800,7274808,7392745,7376867,7392745,NaN,NaN,7272760,7396841,"decoded_phr_last_chip",0,9.867090,10.027052,144,2.262648,-1691.576706,"Decawave DW-8",0.123785,0,44,0x0000,0x0000,0,""
20,7534400,7586510,7765698,7688569,7704447,7704448,7765698,7584462,7769794,"decoded_payload_last_chip",1,10.289863,10.532902,144,-0.278875,-1652.322715,"Decawave DW-8",0.103734,1,69,0xF6C5,0x381B,0,"5C5DE0001E6B3A000A3A679F224DF0C0A5644E0499150D610186DFA9E9E95864A2600491CC8ECA00AC3E9DA803D34429441DBB3382E2505E9F6C5ED06EC221AFA330B8C5F6"
21,7912700,8031749,8149687,8133808,8149687,NaN,NaN,8029701,8153783,"decoded_phr_last_chip",0,10.893757,11.053720,144,2.992471,-1661.808758,"Decawave DW-8",0.123699,0,44,0x0000,0x0000,0,""
22,8291200,8410219,8570504,8512279,8528157,8528159,8570504,8408171,8574600,"decoded_payload_last_chip",1,11.407090,11.624490,144,2.262648,-1704.235298,"Decawave DW-8",0.124491,1,44,0x2440,0x91E4,0,"FCF5B83FAACB16000B9B7724EBD5E9510D56702C18C2E6EF3173B623D2BA10B096333C186033033103414024"
23,8669700,8788690,8948974,8890749,8906628,8906629,8948974,8786642,8953070,"decoded_payload_last_chip",1,11.920424,12.137823,144,2.262648,-1683.759675,"Decawave DW-8",0.124423,1,44,0x2440,0x1995,0,"FCDDE825009B160A0B9B77245B57E9D157575CA1F33606E71113BB7BA68A1760663C36B6303451F207014024"
24,9048200,9167160,9368277,9269218,9285097,9285098,9368277,9165112,9372373,"decoded_payload_last_chip",1,12.433757,12.706539,144,2.310116,12369.482681,"Decawave DW-8",0.084257,1,92,0x7389,0x2BD5,0,"29E018AA644232287E2FFEC54A5CCF90F07801A3A012D20B6952955BF484FEE0263300980028391C790840844442D29697D585620C9A3E538201CFA12313A181B2FA43229E279E88615D775443B62DF3E978DFBB9BB683C9001E8973"
25,9426600,9545636,9663574,9647695,9663574,NaN,NaN,9543588,9667670,"decoded_phr_last_chip",0,12.947097,13.107061,144,-0.000000,-1652.634579,"Decawave DW-8",0.102336,0,17,0x0000,0x0000,0,""
26,10183600,10302577,10435638,10404636,10420515,10420516,10435638,10300529,10439734,"decoded_payload_last_chip",1,13.973764,14.154240,144,-0.000000,-1612.062319,"Decawave DW-8",0.102958,1,14,0xF4E4,0x82D6,0,"5C48E0080A6B3A000A2FCBDEE4F4"
27,10562000,10681048,10819403,10783107,10798986,10798987,10819403,10679000,10823499,"decoded_payload_last_chip",1,14.487099,14.674755,144,-0.000000,-1660.551152,"Decawave DW-8",0.102365,1,21,0xD536,0x263E,0,"5C48E0000A6BBA0A0A6FCEDEE4A0298C0E428936D5"
28,10940500,11059519,11197873,11161578,11177456,11177458,11197873,11057471,11201969,"decoded_payload_last_chip",1,15.000433,15.188087,144,-0.000000,-1627.019779,"Decawave DW-8",0.101981,1,21,0xC86D,0x518D,0,"5C5DE0080A6B3A000A3ACBDEE4F4298C0E42A96DC8"
29,12075900,12194930,12333284,12296989,12312867,12312869,12333284,12192882,12337380,"decoded_payload_last_chip",1,16.540432,16.728087,144,-0.000000,-1740.927062,"Decawave DW-8",0.103221,1,21,0x2DA8,0x1B2E,0,"5C5DE008A261BA0A0A32CB9EFB40298C0E4278A82D"
30,12454500,12573400,12716292,12675460,12691338,12691339,12716292,12571352,12720388,"decoded_payload_last_chip",1,17.053765,17.247575,144,-0.000000,-1668.073238,"Decawave DW-8",0.102528,1,27,0x1286,0xA4BB,0,"5C48E0000A6BBA0A0A6FCE9EFB54298C0E42D9F4A73AA385458612"
31,12832900,12886596,13024951,12988656,13004534,13004535,13024951,12884548,13029047,"decoded_payload_last_chip",1,17.478564,17.666220,144,0.000000,-1609.421092,"Decawave DW-8",0.104367,1,21,0x9904,0xAF21,0,"5C48E000CA6A6A001A3ACB7E724CF0C0054E4E0499"
32,13211300,13330341,13463403,13432401,13448279,13448280,13463403,13328293,13467499,"decoded_payload_last_chip",1,18.080432,18.260909,144,-0.000000,-1664.489365,"Decawave DW-8",0.103147,1,14,0x54FB,0x5357,0,"5C5DE008A261E20A0A6FCE9EFB54"
33,13589800,13708812,13826749,13810871,13826749,NaN,NaN,13706764,13830845,"decoded_phr_last_chip",0,18.593766,18.753729,144,-0.000000,-1616.849763,"Decawave DW-8",0.101974,0,17,0x0000,0x0000,0,""
34,13968400,14021258,14139196,14123318,14139196,NaN,NaN,14019210,14143292,"decoded_phr_last_chip",0,19.017548,19.177512,144,0.878161,-1667.772915,"Decawave DW-8",0.102820,0,43,0x0000,0x0000,0,""
35,14346700,14465747,14626031,14567806,14583684,14583686,14626031,14463699,14630127,"decoded_payload_last_chip",1,19.620425,19.837824,144,2.262648,-1598.964984,"Decawave DW-8",0.125075,1,44,0x2440,0x5217,0,"58CBE83FAA9B16000B9B33254BB7E9515D57662CED3006AF41A7B675E620B8B0233212B2C0B2440620414024"
36,15103700,15222693,15373903,15324753,15340631,15340633,15373903,15220645,15377999,"decoded_payload_last_chip",1,20.647099,20.852190,144,1.724676,-1727.832412,"Decawave DW-8",0.103993,1,38,0x1B64,0x710B,0,"5C58E0009661BA0A0A2F9B6BEED4298C0E42934BEC9CB39A45B2B63646DFD255C69E96B4641B"
37,15482300,15601164,15719102,15703223,15719102,NaN,NaN,15599116,15723198,"decoded_phr_last_chip",0,21.160433,21.320397,144,-0.000000,-1654.443587,"Decawave DW-8",0.102125,0,17,0x0000,0x0000,0,""
38,15860700,15979629,16097567,16081689,16097567,NaN,NaN,15977581,16101663,"decoded_phr_last_chip",0,21.673759,21.833723,144,2.262648,-1653.348928,"Decawave DW-8",0.124901,0,44,0x0000,0x0000,0,""
39,16239300,16358105,16496460,16460164,16476043,16476044,16496460,16356057,16500556,"decoded_payload_last_chip",1,22.187100,22.374756,144,-0.000000,-1637.617544,"Decawave DW-8",0.103472,1,21,0xB013,0x6AD6,0,"5C48E008A261BA0A0A32CFDEE454298C0E424913B0"
40,16617600,16736570,16854508,16838629,16854508,NaN,NaN,16734522,16858604,"decoded_phr_last_chip",0,22.700426,22.860390,144,2.262648,-1690.194250,"Decawave DW-8",0.124266,0,46,0x0000,0x0000,0,""
41,16996000,17115041,17232979,17217100,17232979,NaN,NaN,17112993,17237075,"decoded_phr_last_chip",0,23.213760,23.373724,144,3.544288,2159.908192,"Decawave DW-8",0.117708,0,68,0x0000,0x0000,0,""
42,17374500,17493511,17611449,17595571,17611449,NaN,NaN,17491463,17615545,"decoded_phr_last_chip",0,23.727093,23.887056,144,2.262648,-1650.466400,"Decawave DW-8",0.124980,0,44,0x0000,0x0000,0,""
43,17753000,17871982,18032266,17974041,17989919,17989921,18032266,17869934,18036362,"decoded_payload_last_chip",1,24.240427,24.457826,144,2.262648,-1693.584219,"Decawave DW-8",0.124801,1,44,0x2440,0xA09A,0,"FCF5E83F2A99160A0B1B9B33EBBDE9515D57C6CA87CE868F61263628278A1F9063253C196533B5EC66404024"
44,18131700,18250458,18388812,18352517,18368395,18368397,18388812,18248410,18392908,"decoded_payload_last_chip",1,24.753768,24.941423,144,-0.000000,-1623.774835,"Decawave DW-8",0.102482,1,21,0xFD26,0xFE98,0,"5C58E0081E6BBA0A0A32CFDEE454298C0E426626FD"
45,18509900,18628922,18789206,18730982,18746860,18746861,18789206,18626874,18793302,"decoded_payload_last_chip",1,25.267093,25.484492,144,2.262648,-1643.458598,"Decawave DW-8",0.123748,1,44,0x2440,0xF52B,0,"F8E1E822AACB160A0B9B9927EBBDE9515D57F33BA91A26C701931D23278A1620263B6DB5383664C57C404024"
46,18888500,19007393,19167677,19109452,19125331,19125332,19167677,19005345,19171773,"decoded_payload_last_chip",1,25.780427,25.997826,144,2.262648,-1708.530089,"Decawave DW-8",0.124427,1,44,0x2440,0xE1AD,0,"F8E1A88FA89A160A0B9B7724EBFDE9515D57E40C303407E431421621A720104AD6363B35669F494773404024"
47,19267200,19385869,19524224,19487928,19503807,19503808,19524224,19383821,19528320,"decoded_payload_last_chip",1,26.293768,26.481424,144,-0.000000,-1690.913966,"Decawave DW-8",0.103323,1,21,0x007B,0x4B87,0,"5C48E0000A6BBA0A0A2FCB9EFBA029CC0E424C7B00"
48,19645500,19764334,19882272,19866393,19882272,NaN,NaN,19762286,19886368,"decoded_phr_last_chip",0,26.807094,26.967057,144,2.262648,-1710.823390,"Decawave DW-8",0.123774,0,44,0x0000,0x0000,0,""
49,20023800,20142805,20260742,20244864,20260742,NaN,NaN,20140757,20264838,"decoded_phr_last_chip",0,27.320428,27.480390,144,2.262648,-1592.862443,"Decawave DW-8",0.124546,0,45,0x0000,0x0000,0,""
50,20402400,20521280,20655098,20623340,20639218,20639219,20655098,20519232,20659194,"decoded_payload_last_chip",1,27.833767,28.015270,144,0.000000,-1628.892602,"Decawave DW-8",0.103176,1,15,0x29F4,0xE989,0,"5C5DE0081E6B3A000A2FCB9EFBF429"
51,20780700,20899745,21017683,21001804,21017683,NaN,NaN,20897697,21021779,"decoded_phr_last_chip",0,28.347093,28.507057,144,2.262648,-1629.829512,"Decawave DW-8",0.125577,0,44,0x0000,0x0000,0,""
52,21537700,21656686,21816970,21758745,21774624,21774625,21816970,21654638,21821066,"decoded_payload_last_chip",1,29.373760,29.591159,144,2.262648,-1637.224849,"Decawave DW-8",0.124300,1,44,0x2440,0x5A9D,0,"58CBA88FA8CB16000B9B99334BB7E9515D57C80CE592466531F21F71C668B600263938346731E93771484024"
53,21916200,22035157,22195441,22137216,22153094,22153096,22195441,22033109,22199537,"decoded_payload_last_chip",1,29.887094,30.104494,144,3.868654,-1617.657225,"Decawave DW-8",0.124073,1,44,0x2440,0xE4B1,0,"F8E1A822AACB160A0B7BDE264BB7E9D1575786C0923387C511370929C7EAB835B63E16313C3043C708414024"
54,22673100,22792104,22930458,22894163,22910041,22910043,22930458,22790056,22934554,"decoded_payload_last_chip",1,30.913770,31.101424,144,-0.000000,-1642.828101,"Decawave DW-8",0.102636,1,21,0xF00B,0xC35A,0,"5C48E0000A6BBA0A0A6FCE9EFBD479C70E42510BF0"
55,23051600,23170574,23288512,23272633,23288512,NaN,NaN,23168526,23292608,"decoded_phr_last_chip",0,31.427102,31.587066,144,-0.000000,-1617.994383,"Decawave DW-8",0.102305,0,17,0x0000,0x0000,0,""
56,23430000,23483770,23634980,23585830,23601708,23601710,23634980,23481722,23639076,"decoded_payload_last_chip",1,31.851902,32.056993,144,2.321983,-1636.494544,"Decawave DW-8",0.105271,1,38,0x0B9C,0x0513,0,"5C484000E22A33000A3ACBDEDA67F19F0C664A0C99150535B4868FBCFDE9F0E7226204A99C0B"
57,23808500,23862242,23980179,23964301,23980179,NaN,NaN,23860194,23984275,"decoded_phr_last_chip",0,32.365237,32.525199,144,0.947385,-1617.186996,"Decawave DW-8",0.103753,0,14,0x0000,0x0000,0,""
58,24186900,24305986,24423923,24408045,24423923,NaN,NaN,24303938,24428019,"decoded_phr_last_chip",0,32.967103,33.127066,144,-0.000000,-1665.908602,"Decawave DW-8",0.102373,0,17,0x0000,0x0000,0,""
59,24565700,24684451,24844735,24786510,24802388,24802390,24844735,24682403,24848831,"decoded_payload_last_chip",1,33.480429,33.697829,144,2.262648,-1691.809232,"Decawave DW-8",0.124946,1,44,0x2440,0x43DB,0,"58CB2025AA9B160A0B1B9B33EBFDE9510D5639AAC23446454133B531670BB890E63830B43D3EE20724414024"
60,24943900,25062927,25205818,25164986,25180864,25180866,25205818,25060879,25209914,"decoded_payload_last_chip",1,33.993770,34.187579,144,-0.000000,-1718.601083,"Decawave DW-8",0.103143,1,27,0xBC66,0x8FA9,0,"5C48E0201E6BBA0A0A3ACF9EFBD455270E42D1812793F3104A66BC"
61,25701000,25810865,25928802,25912924,25928802,NaN,NaN,25808817,25932898,"decoded_phr_last_chip",0,35.008226,35.168188,144,0.458859,-1672.004197,"Decawave DW-8",0.103783,0,17,0x0000,0x0000,0,""
62,26079000,26198332,26358617,26300392,26316270,26316272,26358617,26196284,26362713,"decoded_payload_last_chip",1,35.533762,35.751162,144,2.262648,-1607.411685,"Decawave DW-8",0.124820,1,44,0x2440,0xADA3,0,"FCDDE825AACB16000B7BDB365B57E9515D57A640089AA6C67187BA29277A16D2433CBE9C603D366C09494024"
63,26457800,26576803,26694741,26678862,26694741,NaN,NaN,26574755,26698837,"decoded_phr_last_chip",0,36.047096,36.207060,144,2.262648,-1735.131436,"Decawave DW-8",0.124774,0,46,0x0000,0x0000,0,""
64,26836300,26955274,27073211,27057333,27073211,NaN,NaN,26953226,27077307,"decoded_phr_last_chip",0,36.560430,36.720393,144,2.262648,-1717.063337,"Decawave DW-8",0.124941,0,46,0x0000,0x0000,0,""
65,27214700,27333750,27472104,27435809,27451687,27451689,27472104,27331702,27476200,"decoded_payload_last_chip",1,37.073771,37.261426,144,-0.000000,-1663.383751,"Decawave DW-8",0.102592,1,21,0x278E,0x384B,0,"5C5DE0081E6BBA0A0A37679FFBD4298C0E429C8E27"
66,27593200,27712214,27830152,27814273,27830152,NaN,NaN,27710166,27834248,"decoded_phr_last_chip",0,37.587096,37.747059,144,2.262648,-1645.312939,"Decawave DW-8",0.124698,0,44,0x0000,0x0000,0,""
67,27971700,28090685,28208622,28192744,28208622,NaN,NaN,28088637,28212718,"decoded_phr_last_chip",0,38.100430,38.260392,144,2.262648,-1717.139215,"Decawave DW-8",0.124581,0,46,0x0000,0x0000,0,""
68,28350200,28469155,28587093,28571214,28587093,NaN,NaN,28467107,28591189,"decoded_phr_last_chip",0,38.613763,38.773726,144,2.262648,-1721.110836,"Decawave DW-8",0.124866,0,46,0x0000,0x0000,0,""
69,28728600,28780114,28898050,28882172,28898050,NaN,NaN,28778066,28902146,"decoded_phr_last_chip",0,39.035528,39.195489,144,-6.426000,-1550.960861,"Decawave DW-8",0.103538,0,67,0x0000,0x0000,0,""
70,29106200,29226097,29344035,29328156,29344035,NaN,NaN,29224049,29348131,"decoded_phr_last_chip",0,39.640431,39.800395,144,3.955679,-1659.470630,"Decawave DW-8",0.123782,0,46,0x0000,0x0000,0,""
71,29864000,29983037,30100975,30085096,30100975,NaN,NaN,29980989,30105071,"decoded_phr_last_chip",0,40.667097,40.827060,144,2.262648,-1679.393203,"Decawave DW-8",0.124822,0,44,0x0000,0x0000,0,""
72,30242500,30361508,30521792,30463567,30479445,30479447,30521792,30359460,30525888,"decoded_payload_last_chip",1,41.180431,41.397830,144,2.262648,-1658.174617,"Decawave DW-8",0.125174,1,44,0x2440,0x8F7A,0,"58CBA825AACB16000B3B3331EBFDE9515D572C53A91CC7CE411219780640BC4826369619C63133F206494024"
73,30621100,30739978,30900262,30842038,30857916,30857917,30900262,30737930,30904358,"decoded_payload_last_chip",1,41.693764,41.911163,144,2.262648,-1619.235899,"Decawave DW-8",0.124645,1,44,0x2440,0x9345,0,"F8E1E822AA9B16000B9B77244BB7E9515D57CC0F199C87C5A1B3B723476ABD152334123662B1698602414024"
74,30999400,31118449,31236387,31220508,31236387,NaN,NaN,31116401,31240483,"decoded_phr_last_chip",0,42.207098,42.367061,144,2.262648,-1637.564598,"Decawave DW-8",0.123736,0,44,0x0000,0x0000,0,""
75,31377900,31496919,31614857,31598979,31614857,NaN,NaN,31494871,31618953,"decoded_phr_last_chip",0,42.720431,42.880394,144,2.262648,-1658.446032,"Decawave DW-8",0.125487,0,45,0x0000,0x0000,0,""
76,31756400,31875390,31993328,31977449,31993328,NaN,NaN,31873342,31997424,"decoded_phr_last_chip",0,43.233765,43.393728,144,2.262648,-1594.281520,"Decawave DW-8",0.124856,0,44,0x0000,0x0000,0,""
77,32135000,32185602,32303538,32287659,32303538,NaN,NaN,32183554,32307634,"decoded_phr_last_chip",0,43.654517,43.814478,144,-12.764975,-1677.544124,"Decawave DW-8",0.075193,0,57,0x0000,0x0000,0,""
78,32513300,32632331,32750269,32734391,32750269,NaN,NaN,32630283,32754365,"decoded_phr_last_chip",0,44.260432,44.420395,144,3.718338,-1762.650437,"Decawave DW-8",0.123581,0,47,0x0000,0x0000,0,""
79,32891800,33010802,33128738,33112859,33128738,NaN,NaN,33008754,33132834,"decoded_phr_last_chip",0,44.773766,44.933727,144,2.452521,12166.697826,"Decawave DW-8",0.085307,0,84,0x0000,0x0000,0,""
80,33270300,33389272,33590389,33491330,33507208,33507210,33590389,33387224,33594485,"decoded_payload_last_chip",1,45.287099,45.559881,144,1.898726,12177.866141,"Decawave DW-8",0.084683,1,92,0x65BA,0x24A0,0,"2BE039FB64283A82752F849D1F8D9095A4784119A195AF72838438EE5AE102720766D5171A883886670840441112A2A238A9D8025D58E6085356F0427C31290A669473C80096AD1080FA5DB3ECC4219E222A0848DC8E646E68E5BA65"
81,33648700,33767742,33928026,33869802,33885680,33885681,33928026,33765694,33932122,"decoded_payload_last_chip",1,45.800431,46.017830,144,2.262648,-1680.375670,"Decawave DW-8",0.125444,1,44,0x2440,0x164F,0,"F8E1A825AACB160A0B9B27314BB7E9515D576C654D9986C501D3B2712605B960A636BEB532B4380678414024"
82,34027200,34146213,34308009,34248272,34264150,34264152,34308009,34144165,34312105,"decoded_payload_last_chip",1,46.313765,46.533215,144,2.262648,-1688.268931,"Decawave DW-8",0.124632,1,46,0x0392,0xB245,0,"58CBA825AA9B16000B1BDB265BB7E9515D57247BE09AC6C551A3B427535A110A232B3C186033B3475B4040C49203"
83,34405700,34524683,34686480,34626742,34642621,34642622,34686480,34522635,34690576,"decoded_payload_last_chip",1,46.827098,47.046549,144,2.262648,-1655.075615,"Decawave DW-8",0.124096,1,46,0x1300,0x14E4,0,"58CBE822AACB16000B7B7624EBBDE9515D57244BB83726871133182C271AB920B62276B26835B386754040240013"
84,34784200,34903154,35063438,35005213,35021091,35021093,35063438,34901106,35067534,"decoded_payload_last_chip",1,47.340432,47.557831,144,2.262648,-1668.254690,"Decawave DW-8",0.124417,1,44,0x2440,0x1547,0,"58CBA825AA9B160A0B9B33314BB7E9515D570C008D1C47653102B025E7D01240663DB8326831EA0726414024"
85,35162600,35281630,35414692,35383689,35399568,35399569,35414692,35279582,35418788,"decoded_payload_last_chip",1,47.853773,48.034250,144,-0.000000,-1631.933118,"Decawave DW-8",0.102117,1,14,0x54EE,0xE5DD,0,"5C5DE0080A6B3A000A32CFDEEE54"
86,35541300,35660095,35821891,35762154,35778033,35778034,35821891,35658047,35825987,"decoded_payload_last_chip",1,48.367099,48.586549,144,2.262648,-1567.894518,"Decawave DW-8",0.124165,1,46,0x1880,0x9C17,0,"FCF5A825AACB16000B9B77244BB7E9510D567853889E06E5C172B2230762164066393132603AE607544040248018"
87,35919500,36038571,36156509,36140630,36156509,NaN,NaN,36036523,36160605,"decoded_phr_last_chip",0,48.880440,49.040404,144,0.901895,-1745.543723,"Decawave DW-8",0.103147,0,17,0x0000,0x0000,0,""
88,36298000,36417792,36535729,36519851,36535729,NaN,NaN,36415744,36539825,"decoded_phr_last_chip",0,49.394792,49.554754,144,-0.000000,-1670.488398,"Decawave DW-8",0.103957,0,17,0x0000,0x0000,0,""
89,37055100,37173983,37291920,37276042,37291920,NaN,NaN,37171935,37296016,"decoded_phr_last_chip",0,50.420441,50.580404,144,-0.000000,-1691.217358,"Decawave DW-8",0.102686,0,17,0x0000,0x0000,0,""
90,37433400,37552453,37670391,37654512,37670391,NaN,NaN,37550405,37674487,"decoded_phr_last_chip",0,50.933774,51.093738,144,-0.000000,-1641.186766,"Decawave DW-8",0.102351,0,17,0x0000,0x0000,0,""
91,37812000,37865650,38044838,37967709,37983587,37983589,38044838,37863602,38048934,"decoded_payload_last_chip",1,51.358575,51.601614,144,0.217562,-1629.731132,"Decawave DW-8",0.103754,1,69,0x16C5,0x5A5D,0,"5C48E000CA6A6A000B3ACF7E724CF0C0054E4E0C99150D21A486DFB9E9E9F02708620491CC0EE000EC3DDDA003534669441D133321C8505F9F6C5ED46EC225078B30B8C516"
92,38190400,38309394,38442455,38411453,38427332,38427333,38442455,38307346,38446551,"decoded_payload_last_chip",1,51.960441,52.140917,144,-0.000000,-1686.533084,"Decawave DW-8",0.102232,1,14,0x54FB,0x7525,0,"5C5DE0A0A061BA0A0A6FCE9EFB54"
93,38569000,38622591,38773800,38724650,38740528,38740530,38773800,38620543,38777896,"decoded_payload_last_chip",1,52.385242,52.590332,144,-2.120244,-1870.885018,"Decawave DW-8",0.105130,1,38,0x8A9C,0xABEA,0,"FC5EE00A82654000022FCB7E2AC45AC60D0E5B8819150D21A4A6DFBDF5E9F0E72260AC869C8A"
94,38947300,39066329,39184267,39168388,39184267,NaN,NaN,39064281,39188363,"decoded_phr_last_chip",0,52.987100,53.147064,144,3.057740,-1644.376183,"Decawave DW-8",0.123813,0,46,0x0000,0x0000,0,""
95,39325800,39444805,39603577,39546865,39562743,39562745,39603577,39442757,39607673,"decoded_payload_last_chip",1,53.500441,53.715789,144,3.482975,-1751.978539,"Decawave DW-8",0.103166,1,42,0x090B,0x286E,0,"5C58C00A126B6E000A3A6B35FBD479D10F16BC06C0306FA585F2B3206F5A976D0CB97CB4CD9D37060B09"
96,39704300,39823276,40005490,39925336,39941214,39941216,40005490,39821228,40009586,"decoded_payload_last_chip",1,54.013775,54.260919,144,1.281640,2140.419418,"Decawave DW-8",0.098995,1,73,0x00F0,0x8D4E,0,"AC8A28A714B4998A00398D4E7ED476EDBF523D07D30D1A41613532A74E1313F77F05B9CD8877BCFAEB8D0DC078A8002221585009152A7E4088AE4405201E36C2163E2425BCC2ECF000"
97,40082700,40201741,40319678,40303800,40319678,NaN,NaN,40199693,40323774,"decoded_phr_last_chip",0,54.527101,54.687063,144,2.262648,-1669.777167,"Decawave DW-8",0.124580,0,44,0x0000,0x0000,0,""
98,40461200,40580217,40698155,40682276,40698155,NaN,NaN,40578169,40702251,"decoded_phr_last_chip",0,55.040442,55.200406,144,-0.000000,-1690.777946,"Decawave DW-8",0.102964,0,17,0x0000,0x0000,0,""
99,40839800,40958682,41076620,41060741,41076620,NaN,NaN,40956634,41080716,"decoded_phr_last_chip",0,55.553768,55.713732,144,2.262648,-1660.405611,"Decawave DW-8",0.124089,0,44,0x0000,0x0000,0,""
100,41218400,41271884,41451072,41373943,41389821,41389823,41451072,41269836,41455168,"decoded_payload_last_chip",1,55.978575,56.221615,144,-0.000000,-1669.281378,"Decawave DW-8",0.103359,1,69,0xB6C5,0x4E09,0,"5C48E0004A6AE20A0A3A6763724CF0C0054E4E6499150D21A486DFBD6DE3F02722620C919C0BE000EC3D9D28B951467D513713332AC8505F9F6C0AD46E822407A330A8C5B6"
101,41596600,41715623,41833561,41817682,41833561,NaN,NaN,41713575,41837657,"decoded_phr_last_chip",0,56.580435,56.740398,144,2.262648,-1672.052109,"Decawave DW-8",0.125192,0,44,0x0000,0x0000,0,""
102,41975100,42040079,42158017,42142139,42158017,NaN,NaN,42038031,42162113,"decoded_phr_last_chip",0,57.020506,57.180470,144,-0.000000,-1652.605396,"Decawave DW-8",0.101995,0,65,0x0000,0x0000,0,""
103,42353900,42407295,42525233,42509354,42525233,NaN,NaN,42405247,42529329,"decoded_phr_last_chip",0,57.518575,57.678539,144,0.725867,-1616.696739,"Decawave DW-8",0.105282,0,43,0x0000,0x0000,0,""
104,43110500,43229505,43347442,43331564,43347442,NaN,NaN,43227457,43351538,"decoded_phr_last_chip",0,58.633769,58.793731,144,2.262648,-1662.109357,"Decawave DW-8",0.124449,0,44,0x0000,0x0000,0,""
105,43489100,43607975,43725913,43710035,43725913,NaN,NaN,43605927,43730009,"decoded_phr_last_chip",0,59.147102,59.307065,144,2.262648,-1700.322989,"Decawave DW-8",0.124182,0,46,0x0000,0x0000,0,""
106,43867400,43986446,44104384,44088505,44104384,NaN,NaN,43984398,44108480,"decoded_phr_last_chip",0,59.660436,59.820399,144,3.544288,-1525.770540,"Decawave DW-8",0.124109,0,46,0x0000,0x0000,0,""
107,44246200,44364917,44525200,44466976,44482854,44482856,44525200,44362869,44529296,"decoded_payload_last_chip",1,60.173770,60.391168,144,0.174050,-1986.926875,"Decawave DW-8",0.124041,1,44,0x8640,0x9DED,0,"FCDDE88000CB160A0B1BD9B4EB5DE951CD54A9163890A632EB13AC73C61FD561C6213EB66535226661004086"
108,44624400,44743387,44861325,44845446,44861325,NaN,NaN,44741339,44865421,"decoded_phr_last_chip",0,60.687103,60.847066,144,2.262648,-1702.544307,"Decawave DW-8",0.124037,0,45,0x0000,0x0000,0,""
109,45003000,45121857,45239795,45223916,45239795,NaN,NaN,45119809,45243891,"decoded_phr_last_chip",0,61.200435,61.360399,144,4.628144,-1976.991222,"Decawave DW-8",0.124092,0,44,0x0000,0x0000,0,""
110,45377700,45435059,45614248,45537118,45552997,45552998,45614248,45433011,45618344,"decoded_payload_last_chip",1,61.625243,61.868283,144,0.000000,-1620.040887,"Decawave DW-8",0.104755,1,69,0xB6C5,0x28F1,0,"5C48E000A26AEA0A0A3ACB7E724CF0C0054E4E0499150D21A486ABB8E9E9F027226004859C0B0000AC3EDD20B9D1417C513713332AC8505F75991FD46E82A001A330B8C5B6"
111,45760100,45878798,46039082,45980857,45996736,45996737,46039082,45876750,46043178,"decoded_payload_last_chip",1,62.227102,62.444501,144,2.262648,-1723.194277,"Decawave DW-8",0.124066,1,44,0x2440,0xCFEA,0,"58CBA8282A9916002B7B73344B57E9515D570254089C47C769E3B224272BB920962430B43834EBC72C414024"
112,46138300,46257268,46375206,46359328,46375206,NaN,NaN,46255220,46379302,"decoded_phr_last_chip",0,62.740435,62.900399,144,3.049828,-1736.589988,"Decawave DW-8",0.124509,0,46,0x0000,0x0000,0,""
113,46516700,46635745,46753683,46737804,46753683,NaN,NaN,46633697,46757779,"decoded_phr_last_chip",0,63.253777,63.413741,144,-0.000000,-1685.138839,"Decawave DW-8",0.102471,0,20,0x0000,0x0000,0,""
114,46895200,47014216,47157107,47116275,47132153,47132155,47157107,47012168,47161203,"decoded_payload_last_chip",1,63.767112,63.960920,144,-0.000000,-1713.966199,"Decawave DW-8",0.101813,1,27,0xB8C6,0xEF43,0,"5C5DE008A261BA0A0A6FCEDEE454298C0E4219464D46069A48C6B8"
115,47272856,47392680,47552964,47494740,47510618,47510619,47552964,47390632,47557060,"decoded_payload_last_chip",1,64.280436,64.497835,144,2.262648,-1649.943832,"Decawave DW-8",0.123355,1,44,0x2440,0x1943,0,"F8E1E888A8CB1600009B7724EBFDE9515D572609F0C7E6AE9153B22ED21F150A8321BC37C935FA476D404024"
116,47652300,47771151,47889088,47873210,47889088,NaN,NaN,47769103,47893184,"decoded_phr_last_chip",0,64.793770,64.953733,144,0.253163,-1618.818772,"Decawave DW-8",0.124382,0,46,0x0000,0x0000,0,""
117,48030600,48084353,48202291,48186413,48202291,NaN,NaN,48082305,48206387,"decoded_phr_last_chip",0,65.218578,65.378541,144,4.819994,-1695.217873,"Decawave DW-8",0.101685,0,123,0x0000,0x0000,0,""
118,48404000,48522846,48640783,48624905,48640783,NaN,NaN,48520798,48644879,"decoded_phr_last_chip",0,65.813322,65.973284,144,-0.000000,-1681.837788,"Decawave DW-8",0.101899,0,1,0x0000,0x0000,0,""
119,48787700,48906562,49024500,49008621,49024500,NaN,NaN,48904514,49028596,"decoded_phr_last_chip",0,66.333770,66.493734,144,2.262648,-1599.475614,"Decawave DW-8",0.124394,0,46,0x0000,0x0000,0,""
120,49166000,49285039,49423393,49387098,49402976,49402977,49423393,49282991,49427489,"decoded_payload_last_chip",1,66.847112,67.034767,144,-0.000000,-1591.077443,"Decawave DW-8",0.102521,1,21,0x6502,0xCCB7,0,"5C48E0000A0BEF0A0A3ACFDEEED4298C0E42630265"
121,49544500,49663509,49801863,49765568,49781446,49781448,49801863,49661461,49805959,"decoded_payload_last_chip",1,67.360445,67.548100,144,-0.000000,-1650.960517,"Decawave DW-8",0.102513,1,21,0x9DE7,0x8FD0,0,"5C5DE0000A6BBA0A0A32679FFBD429CC0E427CE79D"
122,50301400,50420444,50582241,50522504,50538382,50538383,50582241,50418396,50586337,"decoded_payload_last_chip",1,68.387104,68.606555,144,0.348100,-1675.727340,"Decawave DW-8",0.123766,1,46,0x5B06,0x6B5A,0,"08FFA83F00C916000B1BDBB4EB55E951DDFC33512838C6673126AF2A479D1020C323321E303461E627154086065B"
123,50679900,50798915,50957687,50900974,50916853,50916854,50957687,50796867,50961783,"decoded_payload_last_chip",1,68.900438,69.115786,144,3.544288,-1449.319698,"Decawave DW-8",0.122865,1,42,0x410C,0x6CBA,0,"FCF5B822AACB16000B9BDD265BB7E9D177572C53491D26254163802107DA96C1CC23C03544B356260C41"
124,51058400,51177391,51295329,51279450,51295329,NaN,NaN,51175343,51299425,"decoded_phr_last_chip",0,69.413779,69.573743,144,-0.000000,-1592.631884,"Decawave DW-8",0.102691,0,17,0x0000,0x0000,0,""
125,51436900,51555862,51717658,51657921,51673799,51673800,51717658,51553814,51721754,"decoded_payload_last_chip",1,69.927113,70.146563,144,-2.009485,-1657.770878,"Decawave DW-8",0.103548,1,46,0x2C93,0x78D5,0,"FC5EE0084A6AE20A0A3ACB9EFB407BC70E42AC3A453B43901506BA74D7A0846B2C3C96B0A134328E6D4481D3932C"
126,51815300,51934332,52072686,52036391,52052269,52052271,52072686,51932284,52076782,"decoded_payload_last_chip",1,70.440446,70.628101,144,-0.000000,-1594.168910,"Decawave DW-8",0.102312,1,21,0x9501,0x4F48,0,"5C5DE0081E6BBA0A0A67CE9EFBD479270E42FC0195"
127,52193800,52312796,52430734,52414856,52430734,NaN,NaN,52310748,52434830,"decoded_phr_last_chip",0,70.953771,71.113734,144,2.262648,-1606.839634,"Decawave DW-8",0.124601,0,46,0x0000,0x0000,0,""
128,52572300,52691267,52851551,52793326,52809205,52809206,52851551,52689219,52855647,"decoded_payload_last_chip",1,71.467105,71.684504,144,2.262648,-1666.139186,"Decawave DW-8",0.124183,1,44,0x2440,0x1216,0,"58CBA825AA9B160A0B9B8D334B57E9515D570606F09906C44103182247CAB8C0963AEAB164316E7271404024"
129,52950700,53069738,53187676,53171797,53187676,NaN,NaN,53067690,53191772,"decoded_phr_last_chip",0,71.980439,72.140403,144,2.183535,-1576.788649,"Decawave DW-8",0.124072,0,44,0x0000,0x0000,0,""
130,53329200,53382187,53500124,53484246,53500124,NaN,NaN,53380139,53504220,"decoded_phr_last_chip",0,72.404225,72.564187,144,-1.495247,-1548.986654,"Decawave DW-8",0.109564,0,45,0x0000,0x0000,0,""
131,53707800,53826678,53988476,53928738,53944617,53944618,53988476,53824630,53992572,"decoded_payload_last_chip",1,73.007104,73.226557,144,9.426382,-2123.972995,"Decawave DW-8",0.122576,1,46,0xF512,0xD967,0,"A8E1B8235ECEB60A0B9B8923FBBCE9D12256D0C3079F0B502197DE6CC67A3C30A6371218CA33E4870241402412F5"
132,54086100,54205149,54366945,54307208,54323087,54323088,54366945,54203101,54371041,"decoded_payload_last_chip",1,73.520439,73.739889,144,2.262648,-1593.874727,"Decawave DW-8",0.123201,1,46,0x1880,0xE8AB,0,"58CBE825AACB160A0B7B7624EBFDE9515D572677CD32E7A591F21A29278A1075463736353A30EA87234140248018"
133,54464600,54583619,54743904,54685679,54701557,54701559,54743904,54581571,54748000,"decoded_payload_last_chip",1,74.033771,74.251172,144,2.262648,-1697.231357,"Decawave DW-8",0.124962,1,44,0x2440,0x3BAA,0,"58CBE828AA9B160A0B7B7624EBFDE9515D57697FB83CC64EE1F26D78464A11B036303898C73F2D0779494024"
134,54843000,54962090,55123887,55064150,55080028,55080030,55123887,54960042,55127983,"decoded_payload_last_chip",1,74.547106,74.766557,144,3.164543,-1463.123329,"Decawave DW-8",0.123666,1,46,0x0840,0x17B4,0,"F8E1E827AA9B16000B7BDE264BB7E9510D568C2ACD1E06C5D1B70C2187CA3A4A0F373EB230304352734840244008"
135,55221700,55340561,55500845,55442620,55458498,55458500,55500845,55338513,55504941,"decoded_payload_last_chip",1,75.060440,75.277839,144,2.262648,-1659.750411,"Decawave DW-8",0.123794,1,44,0x2440,0xCD12,0,"F8E1E825AACB160A009B77244B57E9515D57B32AE83EE6C5B158B12C723F91202638BC9C6F31686D04414024"
136,55600000,55719031,55836969,55821090,55836969,NaN,NaN,55716983,55841065,"decoded_phr_last_chip",0,75.573773,75.733736,144,2.262648,-1697.878806,"Decawave DW-8",0.124203,0,44,0x0000,0x0000,0,""
137,55978500,56097502,56215439,56199561,56215439,NaN,NaN,56095454,56219535,"decoded_phr_last_chip",0,76.087107,76.247069,144,1.772144,-1693.525236,"Decawave DW-8",0.124444,0,46,0x0000,0x0000,0,""
138,56357000,56475972,56593910,56578031,56593910,NaN,NaN,56473924,56598006,"decoded_phr_last_chip",0,76.600439,76.760403,144,2.262648,-1673.471004,"Decawave DW-8",0.124264,0,44,0x0000,0x0000,0,""
139,56735400,56854443,56972381,56956502,56972381,NaN,NaN,56852395,56976477,"decoded_phr_last_chip",0,77.113774,77.273737,144,1.613917,-6265.155979,"Decawave DW-8",0.121639,0,38,0x0000,0x0000,0,""
140,57113900,57232913,57350851,57334973,57350851,NaN,NaN,57230865,57354947,"decoded_phr_last_chip",0,77.627106,77.787070,144,1.487335,-1755.732705,"Decawave DW-8",0.124628,0,44,0x0000,0x0000,0,""
141,57492400,57611384,57773181,57713443,57729322,57729323,57773181,57609336,57777277,"decoded_payload_last_chip",1,78.140441,78.359892,144,2.721507,-1703.305245,"Decawave DW-8",0.123094,1,46,0x0A00,0x6479,0,"F8E1E88FA89B16002B9B77244BB7E9D157578CF0E79DC6C5D133DF3667301030F738BB1AB734F2E702494024000A"
142,57870900,57989854,58107792,58091913,58107792,NaN,NaN,57987806,58111888,"decoded_phr_last_chip",0,78.653773,78.813737,144,0.253163,-1708.491200,"Decawave DW-8",0.123919,0,46,0x0000,0x0000,0,""
143,58249300,58368324,58486262,58470384,58486262,NaN,NaN,58366276,58490358,"decoded_phr_last_chip",0,79.167106,79.327070,144,2.262648,-1634.634842,"Decawave DW-8",0.124652,0,46,0x0000,0x0000,0,""
144,58627900,58746795,58864733,58848854,58864733,NaN,NaN,58744747,58868829,"decoded_phr_last_chip",0,79.680440,79.840404,144,0.664554,1193.717135,"Decawave DW-8",0.122132,0,44,0x0000,0x0000,0,""
145,59006300,59125265,59285550,59227325,59243203,59243205,59285550,59123217,59289646,"decoded_payload_last_chip",1,80.193773,80.411174,144,4.335424,-1718.903114,"Decawave DW-8",0.123085,1,44,0x2440,0xFE42,0,"FCF5E822AA9B16000B7BDE264BB7E9D177574826AD9FA6456122257DA65AB9C0CC3E3DB33032E92D29404024"
146,59384700,59479733,59694462,59581792,59597671,59597672,59694462,59477685,59698558,"decoded_payload_last_chip",1,80.674551,80.965796,144,-0.000000,-1671.136874,"Decawave DW-8",0.102506,1,110,0x5F61,0x751A,0,"5C48E008CA6A6A001A32CBDE8A675AC0054E4E1899150D61A186ABB8E9E95864A2600C919C0EE000AC265D39A101C8AD6348CDF1EE919B752D56598E24D68DBEBC383C1961B8689DACD3C030218668CF32A3D840890AA9F3DCF94BC8C70E5C3EE360D370B741385FD5E0043D615F"
147,59763200,59882213,60033423,59984272,60000150,60000152,60033423,59880165,60037519,"decoded_payload_last_chip",1,81.220449,81.425541,144,1.566449,-1747.312463,"Decawave DW-8",0.103466,1,38,0x33C9,0xC235,0,"5C48C00A4A6ABB0A0A3A6B61EED4298C0E42916E6D104350FFCC1323D29F56CF342190B6C933"
148,60141800,60260677,60410374,60362736,60378615,60378616,60410374,60258629,60414470,"decoded_payload_last_chip",1,81.733774,81.936814,144,2.262648,-1688.333550,"Decawave DW-8",0.124337,1,36,0xB436,0xBF45,0,"58CBA825AA9B16000B3B9B334BB7E9515D57EC20851D07841973B275529FBC00E32A36B4"
149,60520100,60639153,60757091,60741212,60757091,NaN,NaN,60637105,60761187,"decoded_phr_last_chip",0,82.247115,82.407079,144,-0.000000,-1638.302216,"Decawave DW-8",0.103415,0,17,0x0000,0x0000,0,""
150,60898600,60952350,61070287,61054409,61070287,NaN,NaN,60950302,61074383,"decoded_phr_last_chip",0,82.671916,82.831878,144,0.000000,-1614.943268,"Decawave DW-8",0.104342,0,17,0x0000,0x0000,0,""
151,61277100,61330820,61510009,61432879,61448758,61448759,61510009,61328772,61514105,"decoded_payload_last_chip",1,83.185248,83.428289,144,-0.000000,-1608.992131,"Decawave DW-8",0.105301,1,69,0xF6C7,0xA7BF,0,"5C48E000CA6AEA0A527FCE7E724CF0C00D664E0499150D21A486DFBCEDE9F0E722605C849C0B4000AC3E9DA0B951467C51B711332AC8505E956C5ED46EC225078B30B8C7F6"
152,61655700,61774565,61925775,61876624,61892502,61892504,61925775,61772517,61929871,"decoded_payload_last_chip",1,83.787116,83.992208,144,-0.000000,-1718.853157,"Decawave DW-8",0.102125,1,38,0x343C,0xB34C,0,"5C5DE0000A6BE20A0A3ACF9EFBA0298C0E424C317894C3FAAD66102C470A7D554E9994B03C34"
153,62034000,62153030,62313314,62255089,62270967,62270969,62313314,62150982,62317410,"decoded_payload_last_chip",1,84.300442,84.517841,144,2.262648,-1662.768301,"Decawave DW-8",0.123894,1,44,0x2440,0xC793,0,"F8E1E888A8CB160A0B7B26314BB7E9515D57D3698899C78431321D24078A10DAF63236B46A9DE1536D404024"
154,62412500,62531506,62649444,62633565,62649444,NaN,NaN,62529458,62653540,"decoded_phr_last_chip",0,84.813783,84.973747,144,-0.000000,-1700.974939,"Decawave DW-8",0.103471,0,17,0x0000,0x0000,0,""
155,62791000,62909976,63027914,63012036,63027914,NaN,NaN,62907928,63032010,"decoded_phr_last_chip",0,85.327116,85.487080,144,-0.284809,-1753.795362,"Decawave DW-8",0.102759,0,43,0x0000,0x0000,0,""
156,63169400,63288441,63406378,63390500,63406378,NaN,NaN,63286393,63410474,"decoded_phr_last_chip",0,85.840442,86.000404,144,2.327917,-1734.248007,"Decawave DW-8",0.124838,0,46,0x0000,0x0000,0,""
157,63547400,63600146,63718083,63702205,63718083,NaN,NaN,63598098,63722179,"decoded_phr_last_chip",0,86.263219,86.423181,144,-2.535590,-1566.609461,"Decawave DW-8",0.098994,0,67,0x0000,0x0000,0,""
158,63926500,64045388,64163325,64147447,64163325,NaN,NaN,64043340,64167421,"decoded_phr_last_chip",0,86.867117,87.027079,144,-0.000000,-1700.297087,"Decawave DW-8",0.103189,0,17,0x0000,0x0000,0,""
159,64305100,64423859,64575068,64525918,64541796,64541798,64575068,64421811,64579164,"decoded_payload_last_chip",1,87.380451,87.585541,144,-0.348100,-1693.418323,"Decawave DW-8",0.103062,1,38,0x31C0,0x03D7,0,"5C5DE008A26140000A6F669FFBF4298C0E42E45B45D686BA45E6172A474A2A9B2E9B961AC031"
160,64683300,64802323,64962607,64904382,64920261,64920262,64962607,64800275,64966703,"decoded_payload_last_chip",1,87.893776,88.111175,144,2.262648,-1672.204643,"Decawave DW-8",0.124558,1,44,0x2440,0x5199,0,"F8E1A83FAACB16000B9B33254BB7E9515D578CFCD71886E761F3B37506CAB860A63F38186433C54777404024"
161,65061800,65180793,65342590,65282853,65298731,65298733,65342590,65178745,65346686,"decoded_payload_last_chip",1,88.407109,88.626560,144,4.398715,-1602.283454,"Decawave DW-8",0.123074,1,46,0x02B8,0x782E,0,"A8F5002DAACB160A5F9BDD26ABBDE9D157578649A01966652B031F74060AB9A08633C2B23A32E4ED02404024B802"
162,65440600,65559270,65677208,65661329,65677208,NaN,NaN,65557222,65681304,"decoded_phr_last_chip",0,88.920451,89.080414,144,-0.000000,-1678.356031,"Decawave DW-8",0.103171,0,17,0x0000,0x0000,0,""
163,66197200,66250937,66368874,66352996,66368874,NaN,NaN,66248889,66372970,"decoded_phr_last_chip",0,89.858584,90.018547,144,-1.012654,-1430.151312,"Decawave DW-8",0.104467,0,43,0x0000,0x0000,0,""
164,66575700,66694676,66812612,66796734,66812612,NaN,NaN,66692628,66816708,"decoded_phr_last_chip",0,90.460444,90.620405,144,1.819612,12225.025604,"Decawave DW-8",0.085154,0,68,0x0000,0x0000,0,""
165,66954100,67073146,67233430,67175205,67191084,67191085,67233430,67071098,67237526,"decoded_payload_last_chip",1,90.973777,91.191176,144,2.262648,-1681.111879,"Decawave DW-8",0.123644,1,44,0x2440,0xB764,0,"F8E1A825AACB16000B9B27314B57E9515D575653180426641BA3B63187DABF402639B9346033EEC767404024"
166,67332900,67451617,67613413,67553676,67569555,67569556,67613413,67449569,67617509,"decoded_payload_last_chip",1,91.487111,91.706561,144,4.367069,-1667.738151,"Decawave DW-8",0.122841,1,46,0xE8B8,0xD63F,0,"FCF5B888A8CB160A2B9B73245BB7E9D177575883873387CF31235D20C7EAB800C7233EB66432664D14414024B8E8"
167,67711100,67830087,67979785,67932146,67948025,67948026,67979785,67828039,67983881,"decoded_payload_last_chip",1,92.000444,92.203484,144,4.113906,-1688.484808,"Decawave DW-8",0.123796,1,36,0x1C3A,0x3BE8,0,"08DFB888A89B160A0B9BDD264BB7E9D1575726C6929BC72EEB660D3A478ABB2006233A1C"
168,68089700,68208558,68326495,68310617,68326495,NaN,NaN,68206510,68330591,"decoded_phr_last_chip",0,92.513778,92.673740,144,2.262648,-1713.097083,"Decawave DW-8",0.124093,0,44,0x0000,0x0000,0,""
169,68468000,68587028,68704966,68689087,68704966,NaN,NaN,68584980,68709062,"decoded_phr_last_chip",0,93.027110,93.187074,144,0.981008,-1484.555808,"Decawave DW-8",0.124539,0,46,0x0000,0x0000,0,""
170,68846600,68965498,69115196,69067558,69083436,69083437,69115196,68963450,69119292,"decoded_payload_last_chip",1,93.540443,93.743484,144,2.262648,-1650.108742,"Decawave DW-8",0.123759,1,36,0x1E3D,0x27BD,0,"58CBE825AACB16000B9BDD264B57E9515D578304583726056BC0BA220760BB40A36F3D1E"
171,69225000,69343969,69504253,69446028,69461907,69461908,69504253,69341921,69508349,"decoded_payload_last_chip",1,94.053777,94.271176,144,1.772144,-1696.699498,"Decawave DW-8",0.124020,1,44,0x2440,0xBBD8,0,"58CBA825AACB16000B9B27314B57E9515D5733114D8686863153BA7C268A1560A63235B0653B35465A404024"
172,69603400,69722439,69840377,69824499,69840377,NaN,NaN,69720391,69844473,"decoded_phr_last_chip",0,94.567110,94.727074,144,2.262648,-1710.670213,"Decawave DW-8",0.124536,0,44,0x0000,0x0000,0,""
173,69981900,70100910,70261194,70202969,70218848,70218849,70261194,70098862,70265290,"decoded_payload_last_chip",1,95.080444,95.297843,144,3.924033,-1611.700043,"Decawave DW-8",0.123567,1,44,0x2440,0xEC53,0,"F8E1E822AA9B16000B7B76244BB7E9515D57E68B291C66455302B733078ABE10663531186099EDEC0D494024"
174,70360500,70479380,70597318,70581440,70597318,NaN,NaN,70477332,70601414,"decoded_phr_last_chip",0,95.593777,95.753741,144,4.272133,-1668.132180,"Decawave DW-8",0.123257,0,44,0x0000,0x0000,0,""
175,70739100,70857851,71018135,70959911,70975789,70975790,71018135,70855803,71022231,"decoded_payload_last_chip",1,96.107111,96.324510,144,2.262648,-1648.060195,"Decawave DW-8",0.123484,1,44,0x2440,0xFF4C,0,"FCF5E825AACB16000B9B73245BB7F9515D570CF4529DC7CF71C61874A64B156036303A36323240C672404024"
176,71117300,71227324,71345262,71329383,71345262,NaN,NaN,71225276,71349358,"decoded_phr_last_chip",0,96.608241,96.768205,144,-0.458859,-1700.058057,"Decawave DW-8",0.103987,0,17,0x0000,0x0000,0,""
177,71495900,71614792,71732730,71716851,71732730,NaN,NaN,71612744,71736826,"decoded_phr_last_chip",0,97.133778,97.293742,144,0.348100,-1618.517510,"Decawave DW-8",0.123916,0,46,0x0000,0x0000,0,""
178,71874700,71993268,72167919,72095327,72111205,72111207,72167919,71991220,72172015,"decoded_payload_last_chip",1,97.647119,97.884005,144,-1.724676,-1939.754746,"Decawave DW-8",0.104998,1,63,0x2517,0x25EC,0,"FC5EE0080A6F40000A32CB96BB8D79270E42D166429303E06D0612324685D401263693E9ABB239567A4181A38BBFBE6D8C101368AE994B240A8A85A48D1725"
179,72252700,72305716,72423654,72407775,72423654,NaN,NaN,72303668,72427750,"decoded_phr_last_chip",0,98.070904,98.230868,144,5.284787,-1765.558580,"Decawave DW-8",0.094704,0,67,0x0000,0x0000,0,""
180,72631200,72684936,72836145,72786995,72802873,72802875,72836145,72682888,72840241,"decoded_payload_last_chip",1,98.585254,98.790344,144,1.566449,-1931.296021,"Decawave DW-8",0.104861,1,38,0x0B9C,0x8C57,0,"5C4840000A6FEA0A522FCBDEDA66F0C00D4E4E0C9915056101868BBCE9E9F067A26004859C0B"
181,73009700,73062654,73287213,73164712,73180591,73180592,73287213,73060606,73291309,"decoded_payload_last_chip",1,99.097567,99.402144,144,-2.126177,2495.328257,"Decawave DW-8",0.099709,1,123,0x0400,0xB2FA,0,"F9CD40DE34999B9A2899D9EBB5DCB8CD4898021E1D5144B24F8CD4DCC4206C6BBB9960C8AACB0EC04E66169311A522E5602C4000B3C5B31BFB8B1E1C0BE42226AA96B1A1800AFA1CCF4D16861794505719193DA32165248A898C8CC83044CF4E8F1211CC925444915F239827B1A0C0B921BEC3C0F99D0F1C280004"
182,73388100,73507901,73625838,73609960,73625838,NaN,NaN,73505853,73629934,"decoded_phr_last_chip",0,99.701472,99.861434,144,-0.000000,-1607.201407,"Decawave DW-8",0.103979,0,17,0x0000,0x0000,0,""
183,73766700,73820347,73958701,73922406,73938284,73938286,73958701,73818299,73962797,"decoded_payload_last_chip",1,100.125254,100.312908,144,-0.363922,-1638.978194,"Decawave DW-8",0.104798,1,21,0x9964,0x313D,0,"5C48E000A2614000122F6B63724CF0C00D4E4E6499"
184,74127260,74264086,74389586,74366146,74382024,74382025,74389586,74262038,74393682,"decoded_payload_last_chip",1,100.727113,100.897333,144,5.824737,2081.290386,"Decawave DW-8",0.112020,1,4,0xF841,0x69FA,0,"398841F8"
185,74523600,74642562,74780916,74744621,74760499,74760501,74780916,74640514,74785012,"decoded_payload_last_chip",1,101.240454,101.428109,144,-0.000000,-1624.220671,"Decawave DW-8",0.103259,1,21,0xC86D,0x409C,0,"5C5DE008A261E20A0A32CFDEE454298C0E42546DC8"
186,74902000,75021033,75163924,75123092,75138970,75138972,75163924,75018985,75168020,"decoded_payload_last_chip",1,101.753788,101.947597,144,-0.000000,-1598.526161,"Decawave DW-8",0.103413,1,27,0xB906,0x7765,0,"5C48E0001E6B3A000A6FCEDEE45429CC0E42366A6494C63A9F06B9"
187,75280500,75399497,75517435,75501556,75517435,NaN,NaN,75397449,75521531,"decoded_phr_last_chip",0,102.267113,102.427077,144,1.645562,-1767.701974,"Decawave DW-8",0.123458,0,46,0x0000,0x0000,0,""
188,75657800,75749463,75867400,75851522,75867400,NaN,NaN,75747415,75871496,"decoded_phr_last_chip",0,102.741785,102.901747,144,-0.000000,-1662.927021,"Decawave DW-8",0.103733,0,17,0x0000,0x0000,0,""
189,76037400,76156438,76274376,76258497,76274376,NaN,NaN,76154390,76278472,"decoded_phr_last_chip",0,103.293780,103.453743,144,2.262648,-1702.146639,"Decawave DW-8",0.124549,0,46,0x0000,0x0000,0,""
190,76415900,76534908,76696705,76636968,76652846,76652847,76696705,76532860,76700801,"decoded_payload_last_chip",1,103.807113,104.026564,144,2.262648,-1639.077760,"Decawave DW-8",0.124748,1,46,0xA890,0xDBC4,0,"F8E1E83FAACB16000B9B77244BB7E9515D5729210D1C26E51123B72327AABAC8A7313C326F37EBC67940402490A8"
191,76794500,76913379,77075176,77015438,77031317,77031318,77075176,76911331,77079272,"decoded_payload_last_chip",1,104.320447,104.539898,144,2.262648,-1692.542465,"Decawave DW-8",0.123346,1,46,0x7910,0x8736,0,"F8E1A83FAACB16000B7B76244BB7E9515D570CFEB7334785D1A6BA2F270AB96023393A1D62315592734040301079"
192,77172800,77225830,77343766,77327888,77343766,NaN,NaN,77223782,77347862,"decoded_phr_last_chip",0,104.744236,104.904197,144,0.820803,12565.604162,"Decawave DW-8",0.066788,0,125,0x0000,0x0000,0,""
193,77551300,77670320,77788258,77772379,77788258,NaN,NaN,77668272,77792354,"decoded_phr_last_chip",0,105.347114,105.507077,144,2.737330,-1566.596333,"Decawave DW-8",0.123667,0,44,0x0000,0x0000,0,""
194,77929800,78048791,78209074,78150850,78166728,78166730,78209074,78046743,78213170,"decoded_payload_last_chip",1,105.860448,106.077846,144,0.949363,-2207.594504,"Decawave DW-8",0.124239,1,44,0x8440,0x7C99,0,"0CCBA880A86A16000B7326B1EB5DE9510D76193F6D3A079291230228A7601540462532B46D33246678004084"
195,78686700,78805731,78966015,78907790,78923669,78923670,78966015,78803683,78970111,"decoded_payload_last_chip",1,106.887113,107.104513,144,2.262648,-1709.697476,"Decawave DW-8",0.123920,1,44,0xC440,0x24C0,0,"58CBE828AACB16000B1BDB26EBBDE9515D571C42F0C5464F51D31A23872ABA613632381AFA3BE5272C4140C4"
196,79065000,79184202,79344486,79286261,79302139,79302141,79344486,79182154,79348582,"decoded_payload_last_chip",1,107.400448,107.617847,144,2.262648,-1634.666784,"Decawave DW-8",0.123878,1,44,0x2440,0xFE72,0,"F8E1E822AACB16000B7B76244B57E9515D57590C453046C43153B074A6DFB8E07665151C6F3163E666404024"
197,79443700,79562673,79722957,79664732,79680611,79680612,79722957,79560625,79727053,"decoded_payload_last_chip",1,107.913782,108.131181,144,2.820399,-1992.350587,"Decawave DW-8",0.124220,1,44,0x2440,0xF08C,0,"F8A1AD28AACB16002B7B26315B57E9515D57E476AD18E692E1D3B522076B15C08C3F36326835BDEC73004024"
198,79822100,79941143,80059081,80043202,80059081,NaN,NaN,79939095,80063177,"decoded_phr_last_chip",0,108.427115,108.587078,144,2.262648,-1745.134016,"Decawave DW-8",0.123622,0,44,0x0000,0x0000,0,""
199,80200600,80319613,80479897,80421672,80437551,80437552,80479897,80317565,80483993,"decoded_payload_last_chip",1,108.940447,109.157846,144,0.063291,-1633.832174,"Decawave DW-8",0.123335,1,44,0x8440,0xFB68,0,"F8E1E88800CBB60A0B1B9BB3EB5DE9515D578356481387475173F475669FBA606335BAB130B295EC25014084"
200,80579100,80698084,80859880,80800143,80816022,80816023,80859880,80696036,80863976,"decoded_payload_last_chip",1,109.453781,109.673231,144,2.183535,-1660.320781,"Decawave DW-8",0.123993,1,46,0x8890,0xDC44,0,"F8E1A83FAA9B16000B1BDB26EBFDE9515D57735A9D3807E52903B2798650BA2007393E306E33E1F7724040249088"
201,80957600,81076554,81236839,81178614,81194492,81194494,81236839,81074506,81240935,"decoded_payload_last_chip",1,109.967114,110.184515,144,2.262648,-1603.899136,"Decawave DW-8",0.124002,1,44,0x2440,0x1142,0,"58CBA88F00C916000B3BDB264B57E9515D57CC14159C27C741A61C2707F2B581E632BB323B34EAC779404024"
202,81336000,81455025,81662193,81557084,81572963,81572964,81662193,81452977,81666289,"decoded_payload_last_chip",1,110.480448,110.761438,144,0.395568,7554.166424,"Decawave DW-8",0.085804,1,100,0xB780,0xDE1E,0,"2AEDA34624AA24429957BDA04A71D940C66541C509AFCF010D2E1A781F4354A9167531FFB2B876E670004008082BFEF29125FB4D3EF94C2539D93B6A7A51AC33774F0C6308588041D7C853BE0DAE066BC14006C6445B088883E0EB84ECCC2488B5C280B7"
203,81714500,81833496,82034612,81935553,81951432,81951433,82034612,81831448,82038708,"decoded_payload_last_chip",1,110.993783,111.266564,144,1.487335,10346.855341,"Decawave DW-8",0.087538,1,92,0x7E26,0x987A,0,"29B058EFA4AE25699B3B7D31649977C0C0F2C19E215122A3F34B554EE3D45269B6A0889414BC22A32301610810D1785845608CC9DE391BAA0BF06280B843215EB2E37166885422290A12FF58A6F222387E560F9813C474CB7707267E"
204,82093000,82211966,82372250,82314025,82329904,82329905,82372250,82209918,82376346,"decoded_payload_last_chip",1,111.507115,111.724514,144,1.582271,-1544.713145,"Decawave DW-8",0.123878,1,44,0x2440,0x9C37,0,"58CBA88FA8CB16000B1B9B335B57E9515D57FC641520A6E575531970862A14F0A63B3AB06031357173014024"
205,82471400,82590436,82708374,82692496,82708374,NaN,NaN,82588388,82712470,"decoded_phr_last_chip",0,112.020448,112.180412,144,2.262648,-1687.101098,"Decawave DW-8",0.123862,0,44,0x0000,0x0000,0,""
206,82849900,82968907,83086845,83070966,83086845,NaN,NaN,82966859,83090941,"decoded_phr_last_chip",0,112.533782,112.693746,144,2.262648,-1599.156195,"Decawave DW-8",0.124343,0,44,0x0000,0x0000,0,""
207,83228500,83347378,83507662,83449437,83465315,83465317,83507662,83345330,83511758,"decoded_payload_last_chip",1,113.047116,113.264516,144,2.262648,-1645.880028,"Decawave DW-8",0.122964,1,44,0x2440,0x9B05,0,"58CBA822AACB160A0B1B9B334B57E9515D570603AD9AE6C511F3B225268A152A2339BEB3609B3E4722414024"
208,83606800,83725854,83843792,83827913,83843792,NaN,NaN,83723806,83847888,"decoded_phr_last_chip",0,113.560457,113.720421,144,-0.000000,-1611.965642,"Decawave DW-8",0.102021,0,17,0x0000,0x0000,0,""
209,84363800,84454284,84588102,84556343,84572222,84572223,84588102,84452236,84592198,"decoded_payload_last_chip",1,114.548454,114.729956,144,-1.693030,-1877.311526,"Decawave DW-8",0.103835,1,15,0x1AC4,0x86F7,0,"FC5EE0084A6A40000A2F6B3D77C41A"
210,84742400,84861259,85010957,84963318,84979197,84979198,85010957,84859211,85015053,"decoded_payload_last_chip",1,115.100449,115.303490,144,2.450543,-1652.998392,"Decawave DW-8",0.124461,1,36,0xB634,0x054D,0,"58CBA822AACB16000B3BDB264BB7E9515D5779561998070FA1A6B727270ABE20632134B6"
211,85120700,85239736,85390945,85341795,85357673,85357675,85390945,85237688,85395041,"decoded_payload_last_chip",1,115.613791,115.818882,144,1.566449,-1671.965410,"Decawave DW-8",0.103171,1,38,0x31CE,0x51A9,0,"5C48C00A82613A000A2F9B6BEED479270E021C724596C3CF10471722AFAA7F0FEC359019CE31"
212,85499300,85618206,85756561,85720265,85736144,85736145,85756561,85616158,85760657,"decoded_payload_last_chip",1,116.127124,116.314780,144,-0.000000,-1659.408266,"Decawave DW-8",0.101599,1,21,0x4543,0x9CED,0,"5C48E0080A6BBA0A0A3ACFDEEE54298C0E425C4345"
213,85877700,85931402,86069757,86033461,86049340,86049341,86069757,85929354,86073853,"decoded_payload_last_chip",1,116.551923,116.739579,144,0.000000,-1625.996834,"Decawave DW-8",0.104362,1,21,0x9964,0xCC48,0,"5C48E0004A6010000A2F6749724C18C50D4E4E6499"
214,86634600,86753618,86887435,86855677,86871555,86871557,86887435,86751570,86891531,"decoded_payload_last_chip",1,117.667125,117.848626,144,-1.313285,-1796.795393,"Decawave DW-8",0.103382,1,15,0x2B48,0x72A5,0,"FC5EE0084A6A40000A376B9FFB482B"
215,87013200,87066815,87291375,87168874,87184752,87184754,87291375,87064767,87295471,"decoded_payload_last_chip",1,118.091926,118.396505,144,3.560111,-1298.038962,"Decawave DW-8",0.102111,1,123,0xBF7C,0x704B,0,"5C48E00EE22A33000B3ADBCBDA67F1400E724A0C9955003554868FDC3DECD83F22627092C800C001403D3505B5540610514BB3B829FD855E9D8C19503A02228B0B9AB3ACCFEE8C8F96CE8209253C6194C858F1AA35BF2800E8A88888B518CBC80840D39EF5110198C86A118A4589E381641D5BF1B654647CE47CBF"
216,87391700,87444541,87662294,87546599,87562478,87562479,87662294,87442493,87666390,"decoded_payload_last_chip",1,118.604249,118.899596,144,-2.262648,-1584.902719,"Decawave DW-8",0.104472,1,114,0x28AD,0x781B,0,"5457ED34A6C1B02A6F3E7735799D7A850C5D8B139549C080B4B138E84AEE4A4E0C608293211100D21935E3F1B91ED1C5894A4B645B85873F8593E1D2C1E8A2582426D41749CE85DFDFC43BBD2C503550D07181624C77BC185AB8A95DC905EC4751108D4845FBD448CAB44C200DA46CFCAD28"
217,87770000,87889023,88006962,87991083,88006962,NaN,NaN,87886975,88011058,"decoded_phr_last_chip",0,119.207117,119.367082,144,8.890388,-24274.194879,"Decawave DW-8",0.108361,0,45,0x0000,0x0000,0,""
218,88146884,88267500,88405854,88369559,88385437,88385439,88405854,88265452,88409950,"decoded_payload_last_chip",1,119.720459,119.908114,144,-0.000000,-1659.882857,"Decawave DW-8",0.102513,1,21,0x680A,0xADA9,0,"5C48E0080A4BBA0A0A3267C9E45429CC0E42010A68"
219,88527400,88645964,88763902,88748024,88763902,NaN,NaN,88643916,88767998,"decoded_phr_last_chip",0,120.233784,120.393747,144,2.310116,-1687.782816,"Decawave DW-8",0.123883,0,44,0x0000,0x0000,0,""
220,88905400,89024435,89186231,89126494,89142373,89142374,89186231,89022387,89190327,"decoded_payload_last_chip",1,120.747118,120.966568,144,2.262648,-1569.330979,"Decawave DW-8",0.123513,1,46,0x8910,0xD0B8,0,"58CBA822AACB16000B7B76244B57E9515D57593B3019864611331D23478ABE20673074B56D3160D2564040241089"
221,89283900,89402905,89520843,89504965,89520843,NaN,NaN,89400857,89524939,"decoded_phr_last_chip",0,121.260451,121.420414,144,2.262648,-1679.966646,"Decawave DW-8",0.124708,0,44,0x0000,0x0000,0,""
222,89660308,89781382,89919736,89883441,89899319,89899321,89919736,89779334,89923832,"decoded_payload_last_chip",1,121.773793,121.961447,144,-0.000000,-1669.783719,"Decawave DW-8",0.102100,1,21,0x07E1,0x4D71,0,"5C48E0080A6BBA0A0A6FCEDEE4F4298C0E4261E107"
223,90040208,90159852,90298207,90261911,90277790,90277791,90298207,90157804,90302303,"decoded_payload_last_chip",1,122.287126,122.474782,144,-0.000000,-1660.469527,"Decawave DW-8",0.101859,1,21,0xCD3D,0xC7F1,0,"5C50E0084A6ABA0A0A67CEDEEED4298C0E42013DCD"
224,90419600,90473048,90611403,90575107,90590986,90590987,90611403,90471000,90615499,"decoded_payload_last_chip",1,122.711925,122.899581,144,0.000000,-1672.597700,"Decawave DW-8",0.103646,1,21,0x9904,0xA326,0,"5C48E000CA6EEA0A1A6FCE6B2265F0C0054E0E0499"
225,90797800,90851519,90989874,90953578,90969457,90969458,90989874,90849471,90993970,"decoded_payload_last_chip",1,123.225259,123.412915,144,-0.237341,-1663.155403,"Decawave DW-8",0.103380,1,21,0x9904,0x7AEB,0,"5C48E000A26B6A00122FCFCBDA66F0C00D0E5B0499"
226,91176400,91295258,91413195,91397317,91413195,NaN,NaN,91293210,91417291,"decoded_phr_last_chip",0,123.827119,123.987081,144,2.262648,-1674.464725,"Decawave DW-8",0.125246,0,46,0x0000,0x0000,0,""
227,91554800,91673728,91835526,91775788,91791667,91791668,91835526,91671680,91839622,"decoded_payload_last_chip",1,124.340451,124.559904,144,5.522127,-1457.805760,"Decawave DW-8",0.121957,1,46,0x1112,0xC8AE,0,"A8F4B8235ECE160A2B9BDD26FBBCE9D1775758635D33E7CF01928B7BF280BA20A73EBEB26F346706234140241211"
228,91933400,92052204,92190559,92154264,92170142,92170143,92190559,92050156,92194655,"decoded_payload_last_chip",1,124.853792,125.041448,144,-0.000000,-1721.359477,"Decawave DW-8",0.102455,1,21,0xB028,0x2098,0,"5C5DE0080A6BBA0A0A32CF9EFB54298C0E425C28B0"
229,92311700,92430669,92592466,92532728,92548607,92548608,92592466,92428621,92596562,"decoded_payload_last_chip",1,125.367118,125.586570,144,2.262648,-1617.235251,"Decawave DW-8",0.124695,1,46,0x5090,0x8952,0,"58CBA822AACB16000B7B26314B57E9515D5733A43218A6E509735476A60AB820062BE136A03C6427694240249050"
230,92690100,92809140,92969424,92911199,92927078,92927079,92969424,92807092,92973520,"decoded_payload_last_chip",1,125.880452,126.097852,144,2.262648,-1706.152553,"Decawave DW-8",0.124316,1,44,0x2440,0x06FC,0,"58CBA888A89B160A0B9B27315BD7E9D157578C06F81CC685C1421C26A720BE75A62D961B6A336F450C414024"
231,93068600,93187610,93305548,93289670,93305548,NaN,NaN,93185562,93309644,"decoded_phr_last_chip",0,126.393785,126.553749,144,2.262648,-1681.937041,"Decawave DW-8",0.124025,0,60,0x0000,0x0000,0,""
232,93825800,93944551,94104835,94046611,94062489,94062490,94104835,93942503,94108931,"decoded_payload_last_chip",1,127.420452,127.637851,144,2.262648,-1638.574017,"Decawave DW-8",0.124499,1,44,0x2440,0xF21B,0,"F8E1E828AACA16000B7B26B1EBD5E9515D57E35D5819E7877123B52627CABDE02634961D629BE95270404024"
233,94204000,94323022,94483306,94425081,94440959,94440961,94483306,94320974,94487402,"decoded_payload_last_chip",1,127.933786,128.151185,144,2.262648,-1682.098266,"Decawave DW-8",0.124295,1,44,0x2440,0x0223,0,"58CBE825AACB16000B9B77244BB7E9515D5799FEE79106C581331972061ABE40A637BEB03F346BE762404024"
234,94582700,94701493,94819430,94803552,94819430,NaN,NaN,94699445,94823526,"decoded_phr_last_chip",0,128.447120,128.607083,144,2.262648,-1658.560182,"Decawave DW-8",0.123619,0,44,0x0000,0x0000,0,""
235,94961300,95079963,95229660,95182022,95197900,95197902,95229660,95077915,95233756,"decoded_payload_last_chip",1,128.960453,129.163493,144,2.262648,-1642.263076,"Decawave DW-8",0.124246,1,36,0x193A,0x1E6D,0,"58CBA825AACB16000B7B76244B57E9515D570924583E868F11739D72D6603F60A72E3A19"
236,95717900,95836910,95975264,95938969,95954847,95954849,95975264,95834862,95979360,"decoded_payload_last_chip",1,129.987128,130.174783,144,-0.000000,-1636.847851,"Decawave DW-8",0.102675,1,21,0xE572,0x724E,0,"5C48E0080A0BEF0A0A6FCE9EFBD4298C0E427B72E5"
237,96096400,96215374,96333312,96317434,96333312,NaN,NaN,96213326,96337408,"decoded_phr_last_chip",0,130.500453,130.660417,144,4.240488,-1661.188679,"Decawave DW-8",0.123636,0,44,0x0000,0x0000,0,""
238,96474800,96528577,96646515,96630637,96646515,NaN,NaN,96526529,96650611,"decoded_phr_last_chip",0,130.925262,131.085225,144,6.168881,-2015.388857,"Decawave DW-8",0.101755,0,43,0x0000,0x0000,0,""
239,96853400,96972315,97090253,97074375,97090253,NaN,NaN,96970267,97094349,"decoded_phr_last_chip",0,131.527120,131.687084,144,2.262648,-1625.759524,"Decawave DW-8",0.124845,0,44,0x0000,0x0000,0,""
240,97230504,97350792,97489146,97452851,97468729,97468731,97489146,97348744,97493242,"decoded_payload_last_chip",1,132.040462,132.228117,144,-0.000000,-1695.574553,"Decawave DW-8",0.103226,1,21,0x1D6E,0x723E,0,"5C48E008A24BE20A0A2FCFDEE454298C0E42516E1D"
241,97988700,98107733,98225670,98209792,98225670,NaN,NaN,98105685,98229766,"decoded_phr_last_chip",0,133.067129,133.227091,144,-0.870249,-1506.968801,"Decawave DW-8",0.103510,0,43,0x0000,0x0000,0,""
242,98367200,98486203,98629095,98588262,98604141,98604142,98629095,98484155,98633191,"decoded_payload_last_chip",1,133.580462,133.774272,144,-0.000000,-1687.976512,"Decawave DW-8",0.102893,1,27,0xBC86,0xCBB2,0,"5C48E000A261BA0A0A6F669FFB4079270E423969001293A05886BC"
243,98745000,98864674,98982611,98966733,98982611,NaN,NaN,98862626,98986707,"decoded_phr_last_chip",0,134.093796,134.253758,144,-0.000000,-1629.462993,"Decawave DW-8",0.102088,0,1,0x0000,0x0000,0,""
244,99124100,99243139,99361076,99345198,99361076,NaN,NaN,99241091,99365172,"decoded_phr_last_chip",0,134.607122,134.767084,144,2.262648,-1602.994235,"Decawave DW-8",0.123875,0,46,0x0000,0x0000,0,""
245,99502600,99621609,99781893,99723668,99739547,99739548,99781893,99619561,99785989,"decoded_payload_last_chip",1,135.120455,135.337854,144,2.262648,-1634.876766,"Decawave DW-8",0.124099,1,44,0x2440,0x9D6C,0,"F8E1A828AA9B16000B9B27315B57F9515D57990E8A4286CF51A31D26075FBD90CC303E1EC43B45E671484024"
246,99881100,100000085,100138440,100102144,100118023,100118024,100138440,99998037,100142536,"decoded_payload_last_chip",1,135.633796,135.821452,144,-0.000000,-1658.892533,"Decawave DW-8",0.102530,1,21,0x53CC,0x1F14,0,"5C48E0081E6BE20A0A2FCFDEE454298C0E4213CC53"
247,100259500,100378550,100496487,100480609,100496487,NaN,NaN,100376502,100500583,"decoded_phr_last_chip",0,136.147122,136.307084,144,2.262648,-1685.103937,"Decawave DW-8",0.124356,0,44,0x0000,0x0000,0,""
248,100637728,100757026,100874964,100859086,100874964,NaN,NaN,100754978,100879060,"decoded_phr_last_chip",0,136.660463,136.820426,144,-0.000000,-1765.496783,"Decawave DW-8",0.101123,0,97,0x0000,0x0000,0,""
249,101016500,101135491,101253428,101237550,101253428,NaN,NaN,101133443,101257524,"decoded_phr_last_chip",0,137.173789,137.333751,144,2.262648,-1670.169910,"Decawave DW-8",0.124122,0,46,0x0000,0x0000,0,""
250,101395100,101513967,101652322,101616026,101631905,101631906,101652322,101511919,101656418,"decoded_payload_last_chip",1,137.687130,137.874786,144,-0.000000,-1734.749182,"Decawave DW-8",0.102156,1,21,0x881F,0xA268,0,"5C5DE0084A6ABA0A0A6FCEDEEED4298C0E42861F88"
251,101773400,101848171,101991063,101950231,101966109,101966110,101991063,101846123,101995159,"decoded_payload_last_chip",1,138.140423,138.334233,144,-0.000000,-1693.477111,"Decawave DW-8",0.101808,1,27,0xDF86,0x1249,0,"5C50E0209E4A6A001A2FCFDE724CF0C00D4E4E1899150D21A486DF"
252,102151900,102270902,102431187,102372962,102388840,102388842,102431187,102268854,102435283,"decoded_payload_last_chip",1,138.713789,138.931189,144,2.262648,-1677.891243,"Decawave DW-8",0.124090,1,44,0x2440,0x8461,0,"F8E1A828AA9B16000B9B77244BB7E9515D5736E9079946051186B77C468A1210263894B4683F40AF06414024"
253,102530400,102649373,102809657,102751432,102767311,102767312,102809657,102647325,102813753,"decoded_payload_last_chip",1,139.227123,139.444522,144,2.183535,-1716.119515,"Decawave DW-8",0.123281,1,44,0x2440,0x20E2,0,"F8E1A828AACB16000B7B2631EBBDE9515D57A37A981406C43123357E32EABD48262E36B3669FA8B277414024"
254,102908800,103027843,103177541,103129902,103145781,103145782,103177541,103025795,103181637,"decoded_payload_last_chip",1,139.740455,139.943496,144,2.262648,-1674.781607,"Decawave DW-8",0.123934,1,36,0xB530,0xB76E,0,"58CBE83FAACB16000B9B27314BB7E9515D572C0AF09D0687A9931D26C770BE00563430B5"
255,103665800,103784785,103902724,103886846,103902724,NaN,NaN,103782737,103906820,"decoded_phr_last_chip",0,140.767124,140.927089,144,7.064842,11113.000319,"Decawave DW-8",0.063881,0,20,0x0000,0x0000,0,""
256,104044300,104163255,104281193,104265314,104281193,NaN,NaN,104161207,104285289,"decoded_phr_last_chip",0,141.280457,141.440420,144,2.262648,-1654.133946,"Decawave DW-8",0.124426,0,44,0x0000,0x0000,0,""
257,104422700,104541725,104659663,104643785,104659663,NaN,NaN,104539677,104663759,"decoded_phr_last_chip",0,141.793789,141.953753,144,2.262648,-1643.114921,"Decawave DW-8",0.124138,0,44,0x0000,0x0000,0,""
258,104801200,104920196,105038133,105022255,105038133,NaN,NaN,104918148,105042229,"decoded_phr_last_chip",0,142.307123,142.467086,144,2.262648,-1668.994820,"Decawave DW-8",0.123723,0,44,0x0000,0x0000,0,""
259,105179700,105298666,105416604,105400725,105416604,NaN,NaN,105296618,105420700,"decoded_phr_last_chip",0,142.820456,142.980420,144,2.262648,-1650.933458,"Decawave DW-8",0.124068,0,44,0x0000,0x0000,0,""
260,105558100,105677137,105837421,105779196,105795075,105795076,105837421,105675089,105841517,"decoded_payload_last_chip",1,143.333790,143.551190,144,2.262648,-1644.020188,"Decawave DW-8",0.123929,1,44,0x2440,0x964B,0,"F8A1AD3FAACB16000B9B7724ABFDE9515D576621391E86CE11A31B24075A92994E3936B764BB588626014024"
261,105936600,106055608,106173543,106157665,106173543,NaN,NaN,106053560,106177639,"decoded_phr_last_chip",0,143.847125,144.007084,144,-1.740499,10705.025770,"Decawave DW-8",0.082793,0,94,0x0000,0x0000,0,""
262,106315200,106434078,106552015,106536137,106552015,NaN,NaN,106432030,106556111,"decoded_phr_last_chip",0,144.360457,144.520420,144,2.262648,-1687.953892,"Decawave DW-8",0.124211,0,6,0x0000,0x0000,0,""
263,106693500,106812548,106930486,106914607,106930486,NaN,NaN,106810500,106934582,"decoded_phr_last_chip",0,144.873790,145.033754,144,2.262648,-1685.299977,"Decawave DW-8",0.123786,0,46,0x0000,0x0000,0,""
264,107072000,107191019,107352815,107293078,107308956,107308958,107352815,107188971,107356911,"decoded_payload_last_chip",1,145.387124,145.606574,144,2.262648,-1605.310340,"Decawave DW-8",0.124209,1,46,0x9890,0xB399,0,"58CBA825AACB16000B7B76244B57E9515D57370BB09B06CF11221D26870BBA408D36169C30346D46074140249098"
265,107450500,107569489,107687427,107671548,107687427,NaN,NaN,107567441,107691523,"decoded_phr_last_chip",0,145.900457,146.060421,144,3.512643,-1960.486515,"Decawave DW-8",0.124240,0,44,0x0000,0x0000,0,""
266,107829100,107947960,108065898,108050019,108065898,NaN,NaN,107945912,108069994,"decoded_phr_last_chip",0,146.413791,146.573755,144,2.262648,-1683.024222,"Decawave DW-8",0.124469,0,44,0x0000,0x0000,0,""
267,108206552,108326430,108444368,108428489,108444368,NaN,NaN,108324382,108448464,"decoded_phr_last_chip",0,146.927124,147.087088,144,2.262648,-1660.132453,"Decawave DW-8",0.123485,0,44,0x0000,0x0000,0,""
268,108586000,108704900,108822838,108806960,108822838,NaN,NaN,108702852,108826934,"decoded_phr_last_chip",0,147.440457,147.600420,144,2.262648,-1657.513108,"Decawave DW-8",0.124564,0,46,0x0000,0x0000,0,""
269,108964400,109083377,109201315,109185436,109201315,NaN,NaN,109081329,109205411,"decoded_phr_last_chip",0,147.953799,148.113763,144,-0.000000,-1684.998241,"Decawave DW-8",0.102547,0,43,0x0000,0x0000,0,""
270,109342800,109461847,109600202,109563906,109579785,109579786,109600202,109459799,109604298,"decoded_payload_last_chip",1,148.467132,148.654788,144,-0.000000,-1676.275630,"Decawave DW-8",0.102447,1,21,0x8D19,0xDA64,0,"5C48E000A261BA0A0A37CF9EFBD4298C0E42AC198D"
271,109719332,109840312,110000596,109942371,109958250,109958251,110000596,109838264,110004692,"decoded_payload_last_chip",1,148.980458,149.197857,144,2.262648,-1618.269686,"Decawave DW-8",0.124246,1,44,0x2440,0x0BFB,0,"58CBE822AACB16000B1B3B31EBD5E9515D57B952189346A59173B523C7CA17B0673C94B061311D8672404024"
272,110099800,110153514,110332703,110255573,110271452,110271453,110332703,110151466,110336799,"decoded_payload_last_chip",1,149.405265,149.648306,144,-0.000000,-1689.844655,"Decawave DW-8",0.103836,1,69,0xB6C5,0xFAB5,0,"5C48E000CA6AEA0A0A32CF7E724CF0C0054E4E6499150D61A186DFB9E9B9F0E722602C91CC0EE000AC3E9D20B9D4447C513713332AC8504A75995F806E8220AFA330B8C5B6"
273,110478300,110531985,110670339,110634044,110649922,110649924,110670339,110529937,110674435,"decoded_payload_last_chip",1,149.918599,150.106254,144,0.000000,-1570.750626,"Decawave DW-8",0.103714,1,21,0x9904,0xDEB0,0,"5C48E000A26B6A000A3ACF7E724CF0C00D4E4E0499"
274,110856700,110975730,111108791,111077789,111093667,111093669,111108791,110973682,111112887,"decoded_payload_last_chip",1,150.520467,150.700943,144,-0.000000,-1677.036135,"Decawave DW-8",0.102072,1,14,0x54EE,0xB312,0,"5C48E0080A6BBA0A0A6FCEDEEE54"
275,111235300,111288926,111427281,111390985,111406864,111406865,111427281,111286878,111431377,"decoded_payload_last_chip",1,150.945266,151.132922,144,0.203717,-1618.395078,"Decawave DW-8",0.103536,1,21,0xD964,0xE4FB,0,"5C48E0004A606A005F6FCE6B724CF0C0050E5B64D9"
276,111613700,111732671,111850608,111834730,111850608,NaN,NaN,111730623,111854704,"decoded_phr_last_chip",0,151.547134,151.707096,144,-0.000000,-1711.172367,"Decawave DW-8",0.101915,0,43,0x0000,0x0000,0,""
277,111992100,112111135,112271420,112213195,112229073,112229075,112271420,112109087,112275516,"decoded_payload_last_chip",1,152.060459,152.277859,144,7.143956,-2048.011185,"Decawave DW-8",0.122849,1,44,0x2440,0x8E92,0,"A8F4B8235ECE16005F9BDD26FBBCE9D177578C68F8C906E401730B7CE68A1240A3643D1ABE30B0087C404024"
278,112370600,112489606,112607544,112591665,112607544,NaN,NaN,112487558,112611640,"decoded_phr_last_chip",0,152.573793,152.733757,144,2.501967,-1624.162740,"Decawave DW-8",0.123264,0,44,0x0000,0x0000,0,""
279,112749200,112868082,112986019,112970141,112986019,NaN,NaN,112866034,112990115,"decoded_phr_last_chip",0,153.087134,153.247096,144,-0.000000,-1634.879026,"Decawave DW-8",0.102137,0,17,0x0000,0x0000,0,""
280,113127500,113246547,113406831,113348606,113364484,113364486,113406831,113244499,113410927,"decoded_payload_last_chip",1,153.600460,153.817859,144,2.262648,-1742.635427,"Decawave DW-8",0.124038,1,44,0x2440,0xCFED,0,"58CBA83FAACB16000B3B9B334B57E9515D5701390D9946C451A61922A73FBA61F66A35336E37348626494024"
281,113506200,113625023,113763377,113727082,113742960,113742962,113763377,113622975,113767473,"decoded_payload_last_chip",1,154.113801,154.301455,144,-0.000000,-1647.335888,"Decawave DW-8",0.102778,1,21,0x205A,0x028B,0,"5C58E0080A6BBA0A0A3A6BCBEE40298C0E42715A20"
282,113884500,114003488,114163772,114105547,114121425,114121427,114163772,114001440,114167868,"decoded_payload_last_chip",1,154.627127,154.844526,144,2.262648,-1585.800161,"Decawave DW-8",0.124346,1,44,0x2440,0xF80C,0,"F8E1A83FAACB16000B9BDD264BB7E9515D5726E70736C6A421A21720A7ABBF607630B0B46331EFA712494024"
283,114263100,114381964,114499902,114484023,114499902,NaN,NaN,114379916,114503998,"decoded_phr_last_chip",0,155.140468,155.300431,144,-0.000000,-1683.047473,"Decawave DW-8",0.102052,0,17,0x0000,0x0000,0,""
284,114641500,114760428,114878366,114862488,114878366,NaN,NaN,114758380,114882462,"decoded_phr_last_chip",0,155.653792,155.813756,144,2.262648,-1728.904841,"Decawave DW-8",0.124069,0,44,0x0000,0x0000,0,""
285,115020100,115138905,115277260,115240964,115256843,115256844,115277260,115136857,115281356,"decoded_payload_last_chip",1,156.167135,156.354791,144,-0.000000,-1713.495455,"Decawave DW-8",0.102038,1,21,0x2513,0xCF69,0,"5C5DE0080A6BBA0A0A2FCFCBEE40298C0E42791325"
286,115776800,115895840,116056124,115997899,116013778,116013779,116056124,115893792,116060220,"decoded_payload_last_chip",1,157.193793,157.411192,144,2.262648,-1684.361980,"Decawave DW-8",0.123896,1,44,0x87F0,0xE5E1,0,"58CBA828AACB160A0B9B33254B57E9515D57B3481D30C6C741B2B072121ABB20273E38B46D9B67466C40F087"
287,116155300,116274310,116487528,116376370,116392248,116392250,116487528,116272262,116491624,"decoded_payload_last_chip",1,157.707126,157.996322,144,2.262648,-1705.154863,"Decawave DW-8",0.124483,1,108,0x955C,0x5630,0,"58CBA83FAACB16000B9B27915157E91188FC8AD04241C6CE11E31A73D221102043373C1D6031697275404024105BB18B01880CE5ED1A6C4C82B238114202E19E83CCCB512A4810151C402198E543980BB0AFA83A0B5E256488F29D5AEF47CFBAD44BA12EEC4CC326E7155C95"
288,116533900,116587513,116725868,116689572,116705451,116705452,116725868,116585465,116729964,"decoded_payload_last_chip",1,158.131935,158.319591,144,0.000000,-1612.635675,"Decawave DW-8",0.103568,1,21,0x9904,0x2A4D,0,"5C48E000CA6A4000526FCE6B724CF0C00D4E4E0499"
289,117290700,117409722,117570006,117511782,117527660,117527661,117570006,117407674,117574102,"decoded_payload_last_chip",1,159.247127,159.464526,144,2.262648,-1652.934777,"Decawave DW-8",0.124198,1,44,0x2440,0x63FE,0,"F8E1A882A8CB16000B9B27314BB7E9515D57864DF89126E7C126B524523FBF7567233C1A7233E1A707414024"
290,117669400,117788193,117948477,117890252,117906130,117906132,117948477,117786145,117952573,"decoded_payload_last_chip",1,159.760461,159.977861,144,2.262648,-1643.566876,"Decawave DW-8",0.123534,1,44,0x2440,0xFE4A,0,"F8E1E88FA8CB16000B7B7324EBFDE9515D57995CB832A76611D3B02D2770BDC8E3363AB66239EB6772414024"
291,118048000,118166669,118284607,118268728,118284607,NaN,NaN,118164621,118288703,"decoded_phr_last_chip",0,160.273802,160.433766,144,-0.000000,-1663.209936,"Decawave DW-8",0.102722,0,17,0x0000,0x0000,0,""
292,118426100,118545133,118706930,118647193,118663071,118663073,118706930,118543085,118711026,"decoded_payload_last_chip",1,160.787127,161.006578,144,2.262648,-1655.940176,"Decawave DW-8",0.124180,1,46,0x2892,0x899C,0,"F8E1A822AACB16000B3B3325EBFDE9515D570B528846A6CE8183B671522AB0212339A81A6A317406784040849228"
293,118804600,118923604,119073301,119025663,119041542,119041543,119073301,118921556,119077397,"decoded_payload_last_chip",1,161.300461,161.503501,144,2.262648,-1697.940682,"Decawave DW-8",0.124438,1,36,0xB83E,0x774F,0,"F8E1E83FAACB16000B9BDD264B57E9515D57065BF91826AF910DE139478FBE20F62B3EB8"
294,119183100,119302074,119462359,119404134,119420012,119420014,119462359,119300026,119466455,"decoded_payload_last_chip",1,161.813794,162.031194,144,4.691435,-1660.488106,"Decawave DW-8",0.123374,1,44,0x2440,0x7CE0,0,"A8F5E888A8CB16000B3BDB26EBBCE9D1575732CBA71C07A451075025C7EABA2027346233653DE50F02404024"
295,119561500,119680551,119818906,119782610,119798489,119798490,119818906,119678503,119823002,"decoded_payload_last_chip",1,162.327136,162.514792,144,-0.000000,-1704.522956,"Decawave DW-8",0.101818,1,21,0xEBC6,0x07B2,0,"5C5DE0000A4BE20A0A6FCEDEE440298C0E4269C6EB"
296,119940100,120059016,120219300,120161075,120176954,120176955,120219300,120056968,120223396,"decoded_payload_last_chip",1,162.840462,163.057861,144,2.262648,-1628.572513,"Decawave DW-8",0.123788,1,44,0x2440,0x3A47,0,"F8A1ED22AACB16000B9B73245B57E9515D57B846651806E4A1D31F25C72A94304733FEB6663710866B404024"
297,120318500,120437486,120555424,120539545,120555424,NaN,NaN,120435438,120559520,"decoded_phr_last_chip",0,163.353795,163.513759,144,2.262648,-1625.943699,"Decawave DW-8",0.124846,0,44,0x0000,0x0000,0,""
298,120697000,120815957,120933894,120918016,120933894,NaN,NaN,120813909,120937990,"decoded_phr_last_chip",0,163.867129,164.027091,144,2.262648,-1641.899227,"Decawave DW-8",0.124981,0,44,0x0000,0x0000,0,""
299,121075400,121129159,121344645,121231218,121247097,121247098,121344645,121127111,121348741,"decoded_payload_last_chip",1,164.291937,164.584208,144,0.049446,-1665.669491,"Decawave DW-8",0.102049,1,111,0x3EEB,0xCF74,0,"5C48E000CA6AEA0A5F2F6763724CF0C0054E4E9899150D21A486ABA849B9F0E722622491C80EE000AC3E9DA0BBD1416D443713332AC8504A954C4AD46EC22507A330B8C5B61B8B2F7DC5220B058C61D19058F1C7AF7D231A58A888C8D014814B529EAE5ABA4009DC93BB0DB3E0EB3E"
300,121453900,121507630,121645984,121609689,121625567,121625569,121645984,121505582,121650080,"decoded_payload_last_chip",1,164.805271,164.992925,144,0.000000,-1610.712322,"Decawave DW-8",0.102109,1,21,0x9964,0x1E46,0,"5C48E000CA4E6A000A2FCF6B724CF0C00D664E6499"
301,121832400,121934118,122148847,122036177,122052055,122052057,122148847,121932070,122152943,"decoded_payload_last_chip",1,165.383732,165.674977,144,-0.000000,-1617.476805,"Decawave DW-8",0.102124,1,110,0x8169,0xD39D,0,"5C48E0000A6B3A005F37CF7E72CD4FEA0D664E6499150D21A486ABBCE9E9F0E722602C2500C284004A9588411C19120DA8D4D9C628512BD4009498FF859603A62019BB7F84F5490415D81514E24090F69FC8EC12E9EFD46AEC48D45EE19902C81E1AD9BD39A21431E307C6FE6981"
302,122210800,122329844,122468199,122431904,122447782,122447783,122468199,122327796,122472295,"decoded_payload_last_chip",1,165.920470,166.108126,144,-0.000000,-1701.812195,"Decawave DW-8",0.102035,1,21,0x4788,0x3039,0,"5C48E0080A6BE20A0A6F669FFB4079270E421C8847"
303,122589300,122708315,122846669,122810374,122826252,122826254,122846669,122706267,122850765,"decoded_payload_last_chip",1,166.433804,166.621459,144,-0.000000,-1624.801876,"Decawave DW-8",0.102901,1,21,0x052B,0x33EC,0,"5C48E0080A0BEF0A0A6FCEDEE4D429CC0E42412B05"
304,122967800,123086785,123225140,123188844,123204723,123204724,123225140,123084737,123229236,"decoded_payload_last_chip",1,166.947137,167.134793,144,-0.000000,-1672.141841,"Decawave DW-8",0.102621,1,21,0x4D64,0x9AE6,0,"5C48E0000A0BEF0A0A2FCFCBE44029CC0E42EC644D"
305,123346200,123465256,123583194,123567315,123583194,NaN,NaN,123463208,123587290,"decoded_phr_last_chip",0,167.460471,167.620435,144,-0.000000,-1687.846920,"Decawave DW-8",0.101489,0,107,0x0000,0x0000,0,""
306,123724700,123843727,124058456,123945786,123961664,123961666,124058456,123841679,124062552,"decoded_payload_last_chip",1,167.973805,168.265050,144,-0.000000,-1657.794327,"Decawave DW-8",0.102478,1,110,0x4B16,0x5E5A,0,"5C5DE0A0A04BE20A0A22CFDEE4402B8C0E4201415893238A30261428C7138155CE383EB7EF3F9C160C4181939206C0D0691C9819626F636139111E6E57DC2520F3A12B8BB7C8D8414477680E57EBF8010B34C39FB7D5C78409FA69396C31E3958064023E56EA730CD4409D75164B"
307,124481800,124535393,124673748,124637452,124653331,124653332,124673748,124533345,124677844,"decoded_payload_last_chip",1,168.911937,169.099593,144,-0.000000,-1667.282295,"Decawave DW-8",0.103314,1,21,0x9904,0x2F97,0,"5C48E008CA6AEA0A0A2ADB7E724CF0C0054E0E0499"
308,124860100,124979132,125097070,125081191,125097070,NaN,NaN,124977084,125101166,"decoded_phr_last_chip",0,169.513797,169.673760,144,2.262648,-1629.374125,"Decawave DW-8",0.124072,0,44,0x0000,0x0000,0,""
309,125238600,125357608,125495963,125459667,125475546,125475547,125495963,125355560,125500059,"decoded_payload_last_chip",1,170.027138,170.214794,144,-0.000000,-1665.334017,"Decawave DW-8",0.102377,1,21,0x4836,0x69A8,0,"5C5DE0080A4BE20A0A3767C9E4D479270E42393648"
310,125617100,125736073,125897869,125838132,125854011,125854012,125897869,125734025,125901965,"decoded_payload_last_chip",1,170.540464,170.759913,144,2.262648,-1671.541782,"Decawave DW-8",0.124588,1,46,0x3110,0xC29C,0,"F8E1A83FAACB16000B3BDB26EBBDE9515D57CC749033072511063274520ABA4026353A337A3B3212784040241031"
311,125995500,126114544,126232481,126216603,126232481,NaN,NaN,126112496,126236577,"decoded_phr_last_chip",0,171.053798,171.213760,144,2.262648,-1663.304276,"Decawave DW-8",0.124067,0,44,0x0000,0x0000,0,""
312,126374000,126493014,126610952,126595073,126610952,NaN,NaN,126490966,126615048,"decoded_phr_last_chip",0,171.567131,171.727094,144,2.262648,-1724.928819,"Decawave DW-8",0.123996,0,44,0x0000,0x0000,0,""
313,126752500,126871485,126989422,126973544,126989422,NaN,NaN,126869437,126993518,"decoded_phr_last_chip",0,172.080465,172.240427,144,2.262648,-1687.126276,"Decawave DW-8",0.123347,0,44,0x0000,0x0000,0,""
314,127129600,127183935,127335144,127285994,127301872,127301874,127335144,127181887,127339240,"decoded_payload_last_chip",1,172.504252,172.709342,144,0.848493,-1608.449197,"Decawave DW-8",0.107927,1,38,0xA2CC,0x0D97,0,"FC4DE000946510000A7A66CB70E51B550E660E04D9150D21A4A683BCE9E9F02722602C86CCA2"
315,127509400,127628425,127778123,127730485,127746363,127746364,127778123,127626377,127782219,"decoded_payload_last_chip",1,173.107130,173.310171,144,2.262648,-1667.915877,"Decawave DW-8",0.124975,1,36,0xB0BD,0xA1B0,0,"F8E1E822AACB16000B7BDB264BB7E9515D57F17178320685E1E6B620478A1030F739BDB0"
316,127887900,128006896,128168693,128108956,128124834,128124836,128168693,128004848,128172789,"decoded_payload_last_chip",1,173.620464,173.839916,144,9.056526,-2059.685180,"Decawave DW-8",0.122949,1,46,0x12B8,0xF474,0,"A9F5B8235ECE360A0B9BDD26FBBCE9D1765762EC121846C5F1A2057CC6EA17004E2BBEB062304EC603424024B812"
317,128266400,128385367,128547163,128487426,128503305,128503306,128547163,128383319,128551259,"decoded_payload_last_chip",1,174.133799,174.353248,144,2.262648,-1660.947814,"Decawave DW-8",0.124387,1,46,0x0B00,0x3C87,0,"FCF52025AACB16000B1BDB265B57E9510D5622588D9A078551F3B12047CA188006361430603F13672D414024000B"
318,128644800,128763837,128881775,128865896,128881775,NaN,NaN,128761789,128885871,"decoded_phr_last_chip",0,174.647131,174.807095,144,2.262648,-1698.296721,"Decawave DW-8",0.123992,0,44,0x0000,0x0000,0,""
319,129023200,129142307,129292005,129244367,129260245,129260247,129292005,129140259,129296101,"decoded_payload_last_chip",1,175.160464,175.363505,144,3.409795,-1737.484505,"Decawave DW-8",0.123699,1,36,0x1B3A,0xD03E,0,"A8F5E888A8CB16000B3BDB264B57E9515D579940F032E6A511F31B75C66A1350E62B3A1B"
320,129401900,129453267,129633211,129555325,129571204,129571205,129633211,129451219,129637307,"decoded_payload_last_chip",1,175.582231,175.826295,144,-4.226643,-1662.031731,"Decawave DW-8",0.100129,1,70,0xDE49,0x9B6F,0,"0B13C204E30030CA103F7735F4DD2D855C882519814940C2B1D130431E444A0EA7C8846320B902CF191749AFBC60F18101C81E44FB8F8F2B1819B507C0E8A6E821A6D64F49DE"
321,129780200,129899249,130017186,130001308,130017186,NaN,NaN,129897201,130021282,"decoded_phr_last_chip",0,176.187132,176.347095,144,0.537972,-1905.279632,"Decawave DW-8",0.123385,0,46,0x0000,0x0000,0,""
322,130158700,130277719,130395657,130379779,130395657,NaN,NaN,130275671,130399753,"decoded_phr_last_chip",0,176.700465,176.860429,144,2.262648,-1653.941388,"Decawave DW-8",0.123014,0,44,0x0000,0x0000,0,""
323,130537200,130656190,130817986,130758249,130774128,130774129,130817986,130654142,130822082,"decoded_payload_last_chip",1,177.213799,177.433249,144,2.262648,-1638.270602,"Decawave DW-8",0.124377,1,46,0x0880,0xA6F2,0,"F8A1AD25AACB160A0B9B77245B57E9D15757F25269350730D126B329521FBE20633416326A39E045014140248008"
324,130915700,131034660,131152598,131136720,131152598,NaN,NaN,131032612,131156694,"decoded_phr_last_chip",0,177.727132,177.887096,144,2.262648,-1685.373455,"Decawave DW-8",0.124326,0,44,0x0000,0x0000,0,""
325,131294100,131413130,131574927,131515190,131531068,131531070,131574927,131411082,131579023,"decoded_payload_last_chip",1,178.240465,178.459916,144,2.262648,-1634.546690,"Decawave DW-8",0.124268,1,46,0x1310,0x89DB,0,"F8E1A828AACB16000B9B8D33CBB0E9F25A57CC5DB89BC6CF7152B726B74ABF8063347D1D97347CC60C4140241013"
326,131672600,131791601,131909539,131893660,131909539,NaN,NaN,131789553,131913635,"decoded_phr_last_chip",0,178.753799,178.913763,144,2.262648,-1664.252335,"Decawave DW-8",0.124630,0,44,0x0000,0x0000,0,""
327,132051100,132170071,132288009,132272131,132288009,NaN,NaN,132168023,132292105,"decoded_phr_last_chip",0,179.267132,179.427096,144,2.262648,-1642.409570,"Decawave DW-8",0.124147,0,46,0x0000,0x0000,0,""
328,132429500,132548548,132686903,132650607,132666486,132666487,132686903,132546500,132690999,"decoded_payload_last_chip",1,179.780474,179.968130,144,-0.000000,-1685.323074,"Decawave DW-8",0.102065,1,21,0x3863,0xDC3D,0,"5C5DE0000A0B6F000A6FCEDEEED4298C0E42B96338"
329,132808000,132927019,133044956,133029078,133044956,NaN,NaN,132924971,133049052,"decoded_phr_last_chip",0,180.293808,180.453771,144,-0.000000,-1634.148096,"Decawave DW-8",0.101861,0,17,0x0000,0x0000,0,""
330,133186500,133305489,133448381,133407548,133423427,133423428,133448381,133303441,133452477,"decoded_payload_last_chip",1,180.807141,181.000951,144,-0.000000,-1663.275866,"Decawave DW-8",0.101965,1,27,0x1173,0xC03B,0,"5C48E0080A6BBA0A0A6FCEDEE4D4298C0E4281185D912687B87311"
331,133943400,134062430,134205321,134164489,134180367,134180369,134205321,134060382,134209417,"decoded_payload_last_chip",1,181.833808,182.027616,144,-0.000000,-1640.154282,"Decawave DW-8",0.102446,1,27,0x1466,0x3C65,0,"5C48E0080A6BE20A0A6FCEDEE454298C0E421409C03C4340006614"
332,134322100,134440895,134558833,134542954,134558833,NaN,NaN,134438847,134562929,"decoded_phr_last_chip",0,182.347134,182.507098,144,2.262648,-1706.073487,"Decawave DW-8",0.122971,0,44,0x0000,0x0000,0,""
333,134700500,134819365,134979649,134921424,134937303,134937304,134979649,134817317,134983745,"decoded_payload_last_chip",1,182.860467,183.077866,144,2.262648,-1677.107702,"Decawave DW-8",0.124076,1,44,0x2440,0xB00D,0,"F8E1A828AACB16005F3B3325EBFDE9515D574106259D46052983B329279A3D107639301E6A3549C723414024"
334,135078800,135197841,135336196,135299901,135315779,135315780,135336196,135195793,135340292,"decoded_payload_last_chip",1,183.373808,183.561464,144,-0.000000,-1640.515184,"Decawave DW-8",0.101621,1,21,0x72C6,0x9555,0,"5C5DE0080A0BEF0A0A67CEDEE454298C0E42E9C672"
335,135457300,135576312,135714666,135678371,135694249,135694251,135714666,135574264,135718762,"decoded_payload_last_chip",1,183.887142,184.074797,144,-0.000000,-1701.490676,"Decawave DW-8",0.102095,1,21,0xD2C2,0xD524,0,"5C4DE0080A6BBA0A0A6FCEDEE45429CC0E42BCC2D2"
336,135835900,135889509,136114069,135991568,136007446,136007448,136114069,135887461,136118165,"decoded_payload_last_chip",1,184.311943,184.616522,144,2.104421,-1581.448511,"Decawave DW-8",0.103705,1,123,0xEFD7,0x457A,0,"5C48E00E4A603B004B25DBCBDA67F1C00D664A189915013514868FBCFDE9B03A22622891C8A2A080463F3DF0BB51461C514BB36881F7505E9F8CB5FE3A0227E18E30B8F9F684D98FD68E820C078835909058F127477F221AE82820C810816A1A567C46D8E01101B7D14A961025EC82819C0C197CECA0647C64D7EF"
337,136214200,136333253,136451190,136435312,136451190,NaN,NaN,136331205,136455286,"decoded_phr_last_chip",0,184.913809,185.073771,144,1.342953,-1689.759215,"Decawave DW-8",0.103319,0,43,0x0000,0x0000,0,""
338,136592700,136711723,136870495,136813782,136829661,136829662,136870495,136709675,136874591,"decoded_payload_last_chip",1,185.427142,185.642490,144,3.995235,-1796.256831,"Decawave DW-8",0.101385,1,42,0x49A9,0x1DFA,0,"5C48C00A426A6E000A3A6B61EED479D10F429C607959D3252B92B42052CA8021533E3D18681B3387A949"
339,136967800,137090194,137228549,137192253,137208132,137208133,137228549,137088146,137232645,"decoded_payload_last_chip",1,185.940476,186.128132,144,-0.000000,-1635.960609,"Decawave DW-8",0.102388,1,21,0x38C5,0xF2B1,0,"5C48E008A20BEF0A0A6FCEDEEE54298C0E42D9C538"
340,137349800,137468664,137607019,137570723,137586602,137586603,137607019,137466616,137611115,"decoded_payload_last_chip",1,186.453809,186.641465,144,-0.000000,-1694.348445,"Decawave DW-8",0.102024,1,21,0x25F6,0x2DFC,0,"5C5DE0080A6BBA0A0A6FCE9EFB40298C0E424BF625"
341,137728200,137847135,137985490,137949194,137965073,137965074,137985490,137845087,137989586,"decoded_payload_last_chip",1,186.967143,187.154799,144,-0.000000,-1672.625113,"Decawave DW-8",0.101414,1,21,0x1D21,0x661A,0,"5C48E0000A4BE20A0A67CEDEE454298C0E4263211D"
342,138106600,138225599,138375297,138327659,138343537,138343539,138375297,138223551,138379393,"decoded_payload_last_chip",1,187.480467,187.683508,144,2.262648,-1628.208465,"Decawave DW-8",0.124148,1,36,0x192A,0x460B,0,"58CBA83FAACB16000B9B7724EBFDE9515D5723034599C6C76986B12B876A14A006302A19"
343,138863500,138917273,139132758,139019332,139035210,139035212,139132758,138915225,139136854,"decoded_payload_last_chip",1,188.418610,188.710881,144,-0.000000,-1608.890622,"Decawave DW-8",0.103265,1,111,0x66A1,0xE3B3,0,"5C48E000A26AEA0A0A2FCF7E724CF8C4254E4E6499150D21A486ABB8E9B9F02722602C849C0BE000AC3E9DA80353447C51E111332AC8504A956C5ED46EC225A78B30A8C5F60E8B2F7DC5220B254860D19070F9C70776231A58A888C8B0C0CA65D22CADDB9018092082EB0B5E71A166"
344,139242000,139295743,139474931,139397802,139413680,139413682,139474931,139293695,139479027,"decoded_payload_last_chip",1,188.931943,189.174982,144,0.000000,-1637.132429,"Decawave DW-8",0.103360,1,69,0xF6C7,0x1FE6,0,"5C48E000CA6A1000533F6763724CF0C00D664E6499150D21A486ABA849E9F067A2602C859C0BE000AC3E9DA0BBD1447C513713336AC8504A956C5ED46E822007A330B8C7F6"
345,139620600,139739481,139899765,139841541,139857419,139857420,139899765,139737433,139903861,"decoded_payload_last_chip",1,189.533801,189.751200,144,2.262648,-1609.651404,"Decawave DW-8",0.123947,1,44,0x2440,0xFADB,0,"58CBE888A8CB16000B9B7724EBFDE9515D57D3485838076451461C27878AB230662A38B245B35BC672414024"
346,139999200,140117958,140256312,140220017,140235895,140235897,140256312,140115910,140260408,"decoded_payload_last_chip",1,190.047144,190.234798,144,-0.000000,-1637.014592,"Decawave DW-8",0.101684,1,21,0x47A0,0x3654,0,"5C48E0080A6BBA0A0A6FCE9EF140298C0E423CA047"
347,140377400,140496422,140614360,140598482,140614360,NaN,NaN,140494374,140618456,"decoded_phr_last_chip",0,190.560468,190.720432,144,2.262648,-1685.435449,"Decawave DW-8",0.124291,0,44,0x0000,0x0000,0,""
348,141134700,141253369,141391724,141355428,141371307,141371308,141391724,141251321,141395820,"decoded_payload_last_chip",1,191.587143,191.774799,144,-0.000000,-1676.452649,"Decawave DW-8",0.102247,1,21,0x6179,0x200D,0,"5C48E008A261BA0A0A6FCE9EFBA0298C0E42927961"
349,141513000,141631834,141792118,141733893,141749772,141749773,141792118,141629786,141796214,"decoded_payload_last_chip",1,192.100469,192.317868,144,2.262648,-1688.034407,"Decawave DW-8",0.124654,1,44,0x2440,0x722A,0,"F8E1E888A8CB16000B1B9B334B57E9515D575C0685CCE6C7B126B020A7CA10800632B9B06F3161C772404024"
350,141891300,142010305,142128242,142112364,142128242,NaN,NaN,142008257,142132338,"decoded_phr_last_chip",0,192.613803,192.773766,144,2.262648,-1670.637695,"Decawave DW-8",0.124603,0,44,0x0000,0x0000,0,""
351,142269800,142388775,142506713,142490834,142506713,NaN,NaN,142386727,142510809,"decoded_phr_last_chip",0,193.127136,193.287100,144,2.262648,-1672.815276,"Decawave DW-8",0.124512,0,44,0x0000,0x0000,0,""
352,142648200,142767245,142885183,142869304,142885183,NaN,NaN,142765197,142889279,"decoded_phr_last_chip",0,193.640469,193.800433,144,2.262648,-1695.063520,"Decawave DW-8",0.123965,0,44,0x0000,0x0000,0,""
353,143027000,143145722,143263659,143247781,143263659,NaN,NaN,143143674,143267755,"decoded_phr_last_chip",0,194.153811,194.313774,144,-0.000000,-1668.193956,"Decawave DW-8",0.102737,0,17,0x0000,0x0000,0,""
354,143405200,143524186,143684470,143626245,143642124,143642125,143684470,143522138,143688566,"decoded_payload_last_chip",1,194.667136,194.884535,144,3.132898,-1624.425797,"Decawave DW-8",0.123691,1,44,0x2115,0xE9F7,0,"A8F5A822AACB160A0B7BDE264BB7E9D17757A12C889807A539B3B226272ABAA06624BE1B6233B52C67001521"
355,143783800,143902657,144062941,144004716,144020595,144020596,144062941,143900609,144067037,"decoded_payload_last_chip",1,195.180470,195.397869,144,2.262648,-1658.818032,"Decawave DW-8",0.124707,1,44,0x2440,0x1ADF,0,"F8E1A88FA8CB16000B3B9B33EBFDE9D15757AC17189C272411633370260ABD70F62512196D39B0267D404024"
356,144162100,144281133,144419488,144383192,144399071,144399072,144419488,144279085,144423584,"decoded_payload_last_chip",1,195.693811,195.881467,144,-0.000000,-1656.750808,"Decawave DW-8",0.102048,1,21,0x4D10,0xD1F0,0,"5C48E0080A6BE20A526FCEDEE454298C0E42E9104D"
357,144540600,144660354,144778292,144762413,144778292,NaN,NaN,144658306,144782388,"decoded_phr_last_chip",0,196.208162,196.368126,144,-0.000000,-1681.703584,"Decawave DW-8",0.103462,0,17,0x0000,0x0000,0,""
358,144919100,145038074,145176429,145140133,145156012,145156013,145176429,145036026,145180525,"decoded_payload_last_chip",1,196.720478,196.908134,144,-0.000000,-1625.676035,"Decawave DW-8",0.101018,1,21,0xB00E,0xA4A0,0,"5C48E0000A0BEF0A0A6FCEDEE454298C0E42B30EB0"
359,145297500,145351271,145575832,145453331,145469209,145469211,145575832,145349223,145579928,"decoded_payload_last_chip",1,197.145279,197.449859,144,4.329490,-1893.369972,"Decawave DW-8",0.102241,1,123,0xE3D7,0x1ECC,0,"5C48E00EE22A33004B25DBCBDA67F1C005724A0CD9040D3554868FF43DECD8EF37622C91C8A2A080EE3D3DAFB9540644514BB338D7F2505ECD99B5FE3A02228B0B30B8F8B684D98F76C6A21C05883590655AA1E7457F2210E8A820C8945D9D9BD4D17855822409999BD7133998C432CB891D9359AC0B657C64D7E3"
360,145676000,145729742,145908930,145831801,145847679,145847680,145908930,145727694,145913026,"decoded_payload_last_chip",1,197.658613,197.901652,144,-0.000000,-1632.746140,"Decawave DW-8",0.102260,1,69,0xE3C4,0xFC96,0,"5C48E000CA6A6A000A2FCF7E724CF0C00D664E6499150D810E86ABBCE9E958E422602C91C80E4000AC3EDD88B9D1447C5137B3312AC8504A95CCB0FE6E8220AFA330F8C4E3"
361,146054500,146108212,146246566,146210271,146226149,146226151,146246566,146106164,146250662,"decoded_payload_last_chip",1,198.171946,198.359600,144,-0.000000,-1636.989622,"Decawave DW-8",0.102541,1,21,0x9964,0x06BF,0,"5C48E000CA4A6A000A2FDB6B724CF0C0054E4E6499"
362,146433000,146551957,146691823,146654016,146669894,146669896,146691823,146549909,146695919,"decoded_payload_last_chip",1,198.773813,198.963519,144,-0.000000,-1689.801901,"Decawave DW-8",0.101558,1,23,0xA313,0x2987,0,"5C48E0081E4BE20A0A6FCEDEE4F4298C0E4291063D13A3"
363,146811400,146930427,147048364,147032486,147048364,NaN,NaN,146928379,147052460,"decoded_phr_last_chip",0,199.287146,199.447108,144,-0.000000,-1619.173851,"Decawave DW-8",0.102446,0,17,0x0000,0x0000,0,""
364,147189900,147308897,147447252,147410956,147426835,147426836,147447252,147306849,147451348,"decoded_payload_last_chip",1,199.800479,199.988135,144,-0.000000,-1645.781778,"Decawave DW-8",0.102210,1,21,0xD556,0xD6FF,0,"5C5DE0001E6B3A000A6FCEDEE454298C0E424C56D5"
365,147568800,147687362,147847646,147789422,147805300,147805301,147847646,147685314,147851742,"decoded_payload_last_chip",1,200.313805,200.531204,144,2.262648,-1725.441490,"Decawave DW-8",0.123975,1,44,0x2440,0xC969,0,"F8E1E888A89B160A5F9B7334AB55E9515D572262459A069221A3302B27DFBB60563C3EB23034EBC700014024"
366,147946800,148065839,148183776,148167898,148183776,NaN,NaN,148063791,148187872,"decoded_phr_last_chip",0,200.827147,200.987109,144,-0.000000,-1651.991524,"Decawave DW-8",0.101964,0,17,0x0000,0x0000,0,""
367,148325300,148444303,148604587,148546362,148562241,148562242,148604587,148442255,148608683,"decoded_payload_last_chip",1,201.340472,201.557871,144,2.262648,-1689.176784,"Decawave DW-8",0.123369,1,44,0x2440,0x9BB5,0,"F8E1E888A8CB16002B3BDB26ABBDE9515D578CCBE71E07C51153727386DFBF15033C38B57CB1458777404024"
368,148703800,148822779,149038265,148924839,148940717,148940718,149038265,148820731,149042361,"decoded_payload_last_chip",1,201.853813,202.146084,144,-0.000000,-1663.589785,"Decawave DW-8",0.101922,1,111,0x492A,0x3B56,0,"5C5DE0001E0BEF0A0A32CFDEE454298C0E426C41989DB3A0D066BE24476A85285B3A96B0873A88162C1D81D3933324AC6C09972406706759603344FB0F9741C3F509A3A1C5FC66951CAB1D829E1C71E1D0F24A1538C5223A02BF1EE04CCDA760B31D75960CE9A666C8EA0C39122A49"
369,149082200,149201250,149319187,149303309,149319187,NaN,NaN,149199202,149323283,"decoded_phr_last_chip",0,202.367147,202.527109,144,-0.000000,-1679.922003,"Decawave DW-8",0.102106,0,1,0x0000,0x0000,0,""
370,149460700,149579714,149697652,149681773,149697652,NaN,NaN,149577666,149701748,"decoded_phr_last_chip",0,202.880471,203.040435,144,2.262648,-1720.022138,"Decawave DW-8",0.124597,0,46,0x0000,0x0000,0,""
371,149839200,149958191,150096545,150060250,150076128,150076129,150096545,149956143,150100641,"decoded_payload_last_chip",1,203.393814,203.581468,144,-0.000000,-1668.192416,"Decawave DW-8",0.103239,1,21,0x1284,0xA1C5,0,"5C48E0081E6BBA0A0A67CE9EFBF4298C0E42A18412"
372,150216084,150336661,150515850,150438721,150454599,150454600,150515850,150334613,150519946,"decoded_payload_last_chip",1,203.907147,204.150187,144,-0.000000,-1690.093619,"Decawave DW-8",0.101680,1,69,0x26E0,0x9F1F,0,"5C48E008A24BE20A526FCEDEE45429CC0E42AC66453A43208F46B434066005B0A669C71DC435B17CA81D81C3931C35F65B98DDC417827FA712C80E62C1DC881A78A62EE026"
373,150596100,150715126,150833064,150817185,150833064,NaN,NaN,150713078,150837160,"decoded_phr_last_chip",0,204.420473,204.580436,144,2.262648,-1724.059003,"Decawave DW-8",0.123704,0,44,0x0000,0x0000,0,""
374,150974600,151093596,151253881,151195656,151211534,151211536,151253881,151091548,151257977,"decoded_payload_last_chip",1,204.933805,205.151206,144,2.262648,-1683.378768,"Decawave DW-8",0.124501,1,44,0x2440,0x003C,0,"58CBE888A8CBB60A0B9B2731ABBDE9515D5752564D9F46CF1123B12127CAB18023366A357033666729494024"
375,151353100,151472067,151590005,151574126,151590005,NaN,NaN,151470019,151594101,"decoded_phr_last_chip",0,205.447139,205.607103,144,2.262648,-1633.641021,"Decawave DW-8",0.124443,0,46,0x0000,0x0000,0,""
376,151731500,151850537,152010821,151952596,151968475,151968476,152010821,151848489,152014917,"decoded_payload_last_chip",1,205.960472,206.177871,144,2.262648,-1683.395894,"Decawave DW-8",0.124581,1,44,0x2440,0x870C,0,"58CBA83FAACB16000B9B33314BB7E9515D57F35C3199C7C551A66324674ABFC0663D92306A9FE3E75A404024"
377,152110000,152229008,152389292,152331067,152346946,152346947,152389292,152226960,152393388,"decoded_payload_last_chip",1,206.473806,206.691206,144,6.386443,-1914.694033,"Decawave DW-8",0.123285,1,44,0x2440,0xC764,0,"A8F4B823AACB16005F1BDB265BB7E9D17757A6F0A71B0724B1220C21074ABAE0663D36326E3F420624414024"
378,152488600,152607478,152767762,152709538,152725416,152725417,152767762,152605430,152771858,"decoded_payload_last_chip",1,206.987139,207.204538,144,2.262648,-1615.919521,"Decawave DW-8",0.123614,1,44,0x2440,0x09EA,0,"58CBA83FAACB160A0B7376244BB7E9D157572CAEF293E6EF91529E24071F3ABAA32112B1D09D61261C414024"
379,152866900,152985949,153103887,153088008,153103887,NaN,NaN,152983901,153107983,"decoded_phr_last_chip",0,207.500473,207.660437,144,2.262648,-1686.780203,"Decawave DW-8",0.124537,0,44,0x0000,0x0000,0,""
380,153245400,153364419,153524704,153466479,153482357,153482359,153524704,153362371,153528800,"decoded_payload_last_chip",1,208.013806,208.231207,144,2.262648,-1688.505125,"Decawave DW-8",0.124397,1,44,0x2440,0x3E06,0,"58CBA83FAACB160A0B1BDBA6EBFDE9515D57E345A89167A73153B623270A1520E323361C3334E12727494024"
381,153623900,153742890,153903174,153844949,153860828,153860829,153903174,153740842,153907270,"decoded_payload_last_chip",1,208.527140,208.744539,144,2.262648,-1604.872383,"Decawave DW-8",0.123893,1,44,0x2440,0xA789,0,"F8E1A828AACB16000B1BDB36EBBDE9D157578859459A27CF31931D25A7E01A0263203CB67233BF0770484024"
382,154000724,154121366,154239304,154223426,154239304,NaN,NaN,154119318,154243400,"decoded_phr_last_chip",0,209.040481,209.200445,144,-0.000000,-1630.329309,"Decawave DW-8",0.101695,0,107,0x0000,0x0000,0,""
383,154380800,154499831,154660115,154601890,154617769,154617770,154660115,154497783,154664211,"decoded_payload_last_chip",1,209.553807,209.771206,144,2.262648,-1688.927278,"Decawave DW-8",0.123950,1,44,0x2440,0x3380,0,"F8E1E888A8CB16000B1BDB265BB7E9510D56F40A0DC8C6CF71B3B225478A17E066643718609BBB8673014024"
384,154759300,154878302,155040098,154980361,154996239,154996241,155040098,154876254,155044194,"decoded_payload_last_chip",1,210.067141,210.286591,144,2.262648,-1657.806854,"Decawave DW-8",0.124165,1,46,0xB100,0x4186,0,"F8E1A825AACB16005F9B77245B57E9D15757724A589946A55123B622A78ABE10E630BDB0663347277800402400B1"
385,155137800,155256772,155374710,155358831,155374710,NaN,NaN,155254724,155378806,"decoded_phr_last_chip",0,210.580474,210.740438,144,2.262648,-1642.877863,"Decawave DW-8",0.124255,0,44,0x0000,0x0000,0,""
386,155516200,155635242,155753180,155737302,155753180,NaN,NaN,155633194,155757276,"decoded_phr_last_chip",0,211.093807,211.253771,144,2.262648,-1613.649432,"Decawave DW-8",0.124460,0,44,0x0000,0x0000,0,""
387,155894700,156013713,156173997,156115772,156131650,156131652,156173997,156011665,156178093,"decoded_payload_last_chip",1,211.607141,211.824540,144,2.262648,-1686.240659,"Decawave DW-8",0.123802,1,44,0x2440,0x33AB,0,"F8E1E822AACB160A0B1BDB26EBFDE9515D5799A7729EA7EF915334268730BA61263839B6353674067D404024"
388,156273200,156392183,156552467,156494242,156510121,156510122,156552467,156390135,156556563,"decoded_payload_last_chip",1,212.120474,212.337873,144,2.262648,-1660.923872,"Decawave DW-8",0.123885,1,44,0x2441,0x55DB,0,"58CBE83FAACB16000B9B27314B57E9515D5719BA4298A72E91323624B29AB420863092B5643B76A66B144124"
389,156651700,156770654,156888591,156872713,156888591,NaN,NaN,156768606,156892687,"decoded_phr_last_chip",0,212.633808,212.793770,144,2.262648,-1644.932352,"Decawave DW-8",0.124581,0,44,0x0000,0x0000,0,""
390,157030100,157149130,157292022,157251189,157267068,157267069,157292022,157147082,157296118,"decoded_payload_last_chip",1,213.147149,213.340959,144,-0.000000,-1653.996352,"Decawave DW-8",0.101684,1,27,0xBC07,0xD796,0,"5C5DE0080A4BE20A0A6FCEDEE454298C0E42840FDD1423A75007BC"
391,157787100,157906071,158024009,158008130,158024009,NaN,NaN,157904023,158028105,"decoded_phr_last_chip",0,214.173816,214.333780,144,-0.000000,-1641.637251,"Decawave DW-8",0.101802,0,17,0x0000,0x0000,0,""
392,158165500,158219267,158357622,158321326,158337205,158337206,158357622,158217219,158361718,"decoded_payload_last_chip",1,214.598615,214.786271,144,-0.000000,-1597.567638,"Decawave DW-8",0.103213,1,21,0xD904,0x60E1,0,"5C48E000A26AEAAA103ACF7E724CF0C00D664E04D9"
393,158544000,158663012,158805904,158765071,158780949,158780951,158805904,158660964,158810000,"decoded_payload_last_chip",1,215.200483,215.394293,144,-0.000000,-1651.187431,"Decawave DW-8",0.102145,1,27,0xBDC3,0x763B,0,"5C48E0000A6BE20A0A6FCEDEE454298C0E4229982292538A10C3BD"
394,158922600,159041483,159159420,159143542,159159420,NaN,NaN,159039435,159163516,"decoded_phr_last_chip",0,215.713817,215.873779,144,-0.000000,-1555.813544,"Decawave DW-8",0.103097,0,20,0x0000,0x0000,0,""
395,159300900,159419953,159558308,159522012,159537891,159537892,159558308,159417905,159562404,"decoded_payload_last_chip",1,216.227150,216.414806,144,-0.000000,-1646.809966,"Decawave DW-8",0.101513,1,21,0x4795,0x2637,0,"5C48E0080A6BBA0A0A6FCEDEE4F4298C0E42899547"
396,159679400,159798424,159936778,159900483,159916361,159916363,159936778,159796376,159940874,"decoded_payload_last_chip",1,216.740484,216.928139,144,-0.000000,-1642.994735,"Decawave DW-8",0.100825,1,21,0x4834,0x302E,0,"5C48E008A261BA0A0A6F66C9E4D4298C0E42213448"
397,160057900,160176894,160309955,160278953,160294832,160294833,160309955,160174846,160314051,"decoded_payload_last_chip",1,217.253817,217.434292,144,-0.000000,-1604.379214,"Decawave DW-8",0.101906,1,14,0x54E4,0x3234,0,"5C58E0080A0BEF0A0A6FCEDEE454"
398,160814900,160933835,161072190,161035894,161051773,161051774,161072190,160931787,161076286,"decoded_payload_last_chip",1,218.280484,218.468140,144,-0.000000,-1742.102798,"Decawave DW-8",0.102644,1,21,0xC033,0x9F10,0,"5C48E0080A0BEF0A0A6FCE9EFBD4298C0E423133C0"
399,161193300,161312306,161430244,161414365,161430244,NaN,NaN,161310258,161434340,"decoded_phr_last_chip",0,218.793818,218.953781,144,-0.000000,-1646.660267,"Decawave DW-8",0.101255,0,107,0x0000,0x0000,0,""
400,161950200,162069241,162231037,162171300,162187178,162187180,162231037,162067193,162235133,"decoded_payload_last_chip",1,219.820477,220.039926,144,2.262648,-1701.159316,"Decawave DW-8",0.124535,1,46,0x0290,0x1670,0,"F8E1A83FAACB16000B9B77244B57E9515D77C6294D9706A511031C2C078ABBD0863D1230E03D3506654840249002"
401,162328700,162447711,162565649,162549771,162565649,NaN,NaN,162445663,162569745,"decoded_phr_last_chip",0,220.333809,220.493773,144,2.262648,-1744.883772,"Decawave DW-8",0.124139,0,44,0x0000,0x0000,0,""
402,162707300,162826188,162960005,162928247,162944125,162944127,162960005,162824140,162964101,"decoded_payload_last_chip",1,220.847152,221.028653,144,-0.000000,-1697.431163,"Decawave DW-8",0.101498,1,15,0x29D4,0xB393,0,"5C58E0081E6BBA0A026FCE9EFBD429"
403,163085900,163204658,163343012,163306717,163322595,163322597,163343012,163202610,163347108,"decoded_payload_last_chip",1,221.360484,221.548139,144,-0.000000,-1638.327583,"Decawave DW-8",0.101942,1,21,0xF806,0xB398,0,"5C48E008A261BA0A0A6FCEDEEEC42B8C0E429106F8"
404,163464100,163517855,163697043,163619914,163635792,163635794,163697043,163515807,163701139,"decoded_payload_last_chip",1,221.785285,222.028324,144,0.000000,-1677.008339,"Decawave DW-8",0.103662,1,69,0xF6C5,0xF20C,0,"5C48E000CA4AEA0A0A2F6B63724CF0C0054E4E6499150D21A486DFBDEDB9F0E722622C859C0B8800AC3E9D080363467C513713338242744A956C0A806EC22101A330A8C5F6"
405,163842700,163961599,164099953,164063658,164079536,164079538,164099953,163959551,164104049,"decoded_payload_last_chip",1,222.387151,222.574806,144,-0.000000,-1625.432000,"Decawave DW-8",0.101647,1,21,0x187C,0x7D44,0,"5C48E0080A6BBA0A0A276B9FFB54298C0E42B47C18"
406,164221500,164340064,164501860,164442123,164458001,164458003,164501860,164338016,164505956,"decoded_payload_last_chip",1,222.900477,223.119927,144,2.262648,-1687.979946,"Decawave DW-8",0.124819,1,46,0xB880,0x9E7E,0,"58CBE88800C916000B7B2631EBBDE9515D5713600C3746CF41061D235208BA3066333EB73036C1AD7248402480B8"
407,164599700,164718540,164897728,164820599,164836477,164836479,164897728,164716492,164901824,"decoded_payload_last_chip",1,223.413818,223.656858,144,-0.000000,-1685.297257,"Decawave DW-8",0.102230,1,69,0x9ACA,0x2BEA,0,"5C48E008A261BA0A0A2FCF9EFBD4298C0E429838A99103201506112386E012E0CE6D95B6CC312806A64D8143910264609FFD985906A3D32014C889123CD88E34AE2261CA9A"
408,164978000,165097005,165246702,165199064,165214942,165214944,165246702,165094957,165250798,"decoded_payload_last_chip",1,223.927144,224.130184,144,2.262648,-1614.975099,"Decawave DW-8",0.124179,1,36,0x323C,0x8A18,0,"F8E1E822AACB16000B1B9B274B57E9515D5723EC079947656BA31F2327B0BE154E343C32"
409,165356600,165407965,165621937,165510024,165525902,165525903,165621937,165405917,165626033,"decoded_payload_last_chip",1,224.348911,224.639129,144,-7.278449,-1656.520170,"Decawave DW-8",0.085178,1,109,0x0EED,0xB7CA,0,"0B0342064E543860C45566E5F30224205CD030A36F9402C299319AFC766EEA8EC2C8AC42801458D7996045F54C6164A301C81A5CFB8F7E1798A257BA82B8F905CEA76E4911D525F69D2118B1047E255D102404C8A620BE682A14530C4FB98AE8ACC242E500A18D2CD8905DED0E"
410,165734900,165853946,165971884,165956005,165971884,NaN,NaN,165851898,165975980,"decoded_phr_last_chip",0,224.953811,225.113775,144,2.262648,-1657.035985,"Decawave DW-8",0.123740,0,44,0x0000,0x0000,0,""
411,166113700,166232422,166375314,166334482,166350360,166350361,166375314,166230374,166379410,"decoded_payload_last_chip",1,225.467152,225.660962,144,-0.000000,-1682.145806,"Decawave DW-8",0.102146,1,27,0x1247,0xFF56,0,"5C48E0080A6BBA0A0A6FCEDEE45429CC0E4239400D4583CF054712"
412,166491900,166610887,166771171,166712946,166728825,166728826,166771171,166608839,166775267,"decoded_payload_last_chip",1,225.980478,226.197877,144,2.262648,-1645.175418,"Decawave DW-8",0.123859,1,44,0x2440,0xF8BF,0,"58CBA88FA8CB16000B1B9B334BB7E9515D57263509C2068491F3B72A27EA1182CE31BEB76239BCE708494024"
413,166870500,166989358,167151155,167091417,167107296,167107297,167151155,166987310,167155251,"decoded_payload_last_chip",1,226.493812,226.713264,144,5.717934,-1830.979072,"Decawave DW-8",0.121958,1,46,0x9AB8,0x5279,0,"A8E0B80DAACBB60A2B9BDD26FB1CF9D157570C8167910704D1C25228077016A0CF3B131EE031410757404024B89A"
414,167248800,167367827,167528112,167469887,167485765,167485767,167528112,167365779,167532208,"decoded_payload_last_chip",1,227.007144,227.224544,144,2.262648,-1617.530992,"Decawave DW-8",0.123808,1,44,0x2440,0x3AF2,0,"F8E1E828AACB16000B9B27314B57E9515D574652319C47C561733724E76AB0B5863A16B0B83E67072D414024"
415,167627600,167746304,167961033,167848363,167864241,167864243,167961033,167744256,167965129,"decoded_payload_last_chip",1,227.520486,227.811731,144,-0.000000,-1640.245794,"Decawave DW-8",0.101963,1,110,0xF159,0x0726,0,"5C48E088A061E20A0A2F9B9FFBD4298C0E42FCF3774603DAC006172892C0D681463C801B923C9E26001D81D39311453F1C31421D99804F7A6887B02F5929AFFFDE22712C8C04BAAD3784C6662122FB1890340FCB117778ACB9C8D201294BD26E44F957064383675C712A016C59F1"
416,168002400,168124769,168242707,168226828,168242707,NaN,NaN,168122721,168246803,"decoded_phr_last_chip",0,228.033812,228.193776,144,2.262648,-1636.841990,"Decawave DW-8",0.124622,0,44,0x0000,0x0000,0,""
417,169519900,169638651,169798935,169740710,169756588,169756590,169798935,169636603,169803031,"decoded_payload_last_chip",1,230.087146,230.304545,144,2.262648,-1648.591506,"Decawave DW-8",0.124091,1,44,0x2440,0x5EE7,0,"F8E1A828AA9B160A0B3C3325EBFD49515D57F9A6E29A66A63183B72A07CAB460C63B38186E3743527A404024"
418,169898100,169951105,170069042,170053164,170069042,NaN,NaN,169949057,170073138,"decoded_phr_last_chip",0,230.510939,230.670901,144,-0.565662,-1657.329972,"Decawave DW-8",0.095317,0,67,0x0000,0x0000,0,""
419,170276600,170330324,170509512,170432383,170448261,170448263,170509512,170328276,170513608,"decoded_payload_last_chip",1,231.025288,231.268327,144,-0.000000,-1663.687028,"Decawave DW-8",0.103085,1,69,0xB6C5,0xF399,0,"5C48E000CA6E6AA0502FCB7E724CF0C00D664E6499150D21A486ABB8E9B9F0E722602C91CC0EE000AC3E9D20B951467C51B7B9396AC8504A956C0AD56E822001A330A8C5B6"
420,171033500,171152539,171295430,171254598,171270476,171270477,171295430,171150491,171299526,"decoded_payload_last_chip",1,232.140488,232.334296,144,-0.000000,-1676.752186,"Decawave DW-8",0.102086,1,27,0xB666,0x549F,0,"5C48E0080A6BBA0A0A6FCE9EFBA0298C0E42FC059D91439AF066B6"
421,171412000,171531009,171648946,171633068,171648946,NaN,NaN,171528961,171653042,"decoded_phr_last_chip",0,232.653821,232.813783,144,-0.000000,-1679.953231,"Decawave DW-8",0.102723,0,17,0x0000,0x0000,0,""
422,171790500,171909479,172027417,172011539,172027417,NaN,NaN,171907431,172031513,"decoded_phr_last_chip",0,233.167154,233.327117,144,-0.000000,-1665.016240,"Decawave DW-8",0.102550,0,1,0x0000,0x0000,0,""
423,172168900,172287950,172426305,172390009,172405888,172405889,172426305,172285902,172430401,"decoded_payload_last_chip",1,233.680488,233.868144,144,-0.000000,-1666.932290,"Decawave DW-8",0.102236,1,21,0x9D58,0xA029,0,"5C48E0080A6BBA0A526FCEDEE45429CC0E4299589D"
424,172547400,172666421,172784358,172768480,172784358,NaN,NaN,172664373,172788454,"decoded_phr_last_chip",0,234.193822,234.353784,144,-0.000000,-1607.232984,"Decawave DW-8",0.101274,0,17,0x0000,0x0000,0,""
425,173304400,173423356,173583640,173525415,173541294,173541295,173583640,173421308,173587736,"decoded_payload_last_chip",1,235.220481,235.437880,144,2.262648,-1654.125525,"Decawave DW-8",0.123990,1,44,0x2440,0x8D52,0,"58CBA828AACB160A0B3BDBA65157E9515D570658053307A411F3B173866ABA702636BA1C6D3763A658404024"
426,173682800,173801826,173919764,173903885,173919764,NaN,NaN,173799778,173923860,"decoded_phr_last_chip",0,235.733813,235.893777,144,2.262648,-1683.412016,"Decawave DW-8",0.124293,0,44,0x0000,0x0000,0,""
427,174061300,174180302,174318657,174282361,174298240,174298241,174318657,174178254,174322753,"decoded_payload_last_chip",1,236.247154,236.434810,144,-0.000000,-1677.841315,"Decawave DW-8",0.102812,1,21,0xF7F3,0xDF10,0,"5C48E0080A6BBA0A0A6FCE9EFBD4298C0E4239F3F7"
428,174439800,174558773,174697127,174660832,174676710,174676712,174697127,174556725,174701223,"decoded_payload_last_chip",1,236.760489,236.948143,144,-0.000000,-1635.925391,"Decawave DW-8",0.103421,1,21,0x5533,0x8351,0,"5C5DE0080A6BBA0A023ACB9EFB5479270E42C03355"
429,174818200,174937238,175055176,175039297,175055176,NaN,NaN,174935190,175059272,"decoded_phr_last_chip",0,237.273815,237.433778,144,2.262648,-1721.550232,"Decawave DW-8",0.124314,0,44,0x0000,0x0000,0,""
430,175196700,175315708,175433646,175417768,175433646,NaN,NaN,175313660,175437742,"decoded_phr_last_chip",0,237.787147,237.947111,144,2.262648,-1660.917329,"Decawave DW-8",0.123668,0,44,0x0000,0x0000,0,""
431,175575300,175694185,175812122,175796244,175812122,NaN,NaN,175692137,175816218,"decoded_phr_last_chip",0,238.300490,238.460452,144,0.577529,-1718.750899,"Decawave DW-8",0.102287,0,17,0x0000,0x0000,0,""
432,175953600,176072649,176232933,176174708,176190587,176190588,176232933,176070601,176237029,"decoded_payload_last_chip",1,238.813814,239.031213,144,2.262648,-1673.456236,"Decawave DW-8",0.124777,1,44,0x8440,0xA514,0,"58CBA88FA8CB16000B3B9B334BB7E9515D57897C8D9326E51162B02D076ABE402634BCB26134684773404084"
433,176332100,176451119,176569057,176553179,176569057,NaN,NaN,176449071,176573153,"decoded_phr_last_chip",0,239.327147,239.487111,144,2.262648,-1623.066603,"Decawave DW-8",0.124415,0,46,0x0000,0x0000,0,""
434,176710600,176829591,176991388,176931650,176947529,176947530,176991388,176827543,176995484,"decoded_payload_last_chip",1,239.840483,240.059934,144,6.479402,-1808.568899,"Decawave DW-8",0.121341,1,46,0x2112,0x505B,0,"08A0ED22F4CE160A0B9B8923FB1CE9D15757A678A933C68EF1F28A2A47CABFA066053A1A6631F8C40F4140241221"
435,177089200,177208066,177341128,177310126,177326004,177326005,177341128,177206018,177345224,"decoded_payload_last_chip",1,240.353822,240.534299,144,-0.000000,-1637.148178,"Decawave DW-8",0.101786,1,14,0x54E4,0x0AEB,0,"5C48E008A261BA0A0A6FCEDEE454"
436,177467500,177586531,177748328,177688590,177704469,177704470,177748328,177584483,177752424,"decoded_payload_last_chip",1,240.867148,241.086599,144,2.262648,-1682.034631,"Decawave DW-8",0.124972,1,46,0x8880,0x40B3,0,"58CBE888A8CB16000B1BDB26ABD5F9515D5723E0A79C2746D146162327BAB060A63C3EB168374026734240248088"
437,177846000,177965002,178082939,178067061,178082939,NaN,NaN,177962954,178087035,"decoded_phr_last_chip",0,241.380482,241.540445,144,2.262648,-1663.213124,"Decawave DW-8",0.124015,0,46,0x0000,0x0000,0,""
438,178224500,178343472,178505269,178445531,178461410,178461411,178505269,178341424,178509365,"decoded_payload_last_chip",1,241.893815,242.113266,144,2.262648,-1653.812789,"Decawave DW-8",0.124069,1,46,0x2B00,0xF2FE,0,"F8E1408800C916000B9BDD26ABBDE9515D57F360A59627124133B02047EA1010E731B8B2393644E662484024002B"
439,178602900,178721943,178882227,178824002,178839881,178839882,178882227,178719895,178886323,"decoded_payload_last_chip",1,242.407149,242.624548,144,2.262648,-1689.230847,"Decawave DW-8",0.124177,1,44,0x2440,0x9E13,0,"588BAD8FA8CB160A0B9B27315B57E9D1575709F3223067C511B31C2AA78B12102629BAB7C839694603014024"
440,178981400,179100413,179262210,179202473,179218351,179218353,179262210,179098365,179266306,"decoded_payload_last_chip",1,242.920482,243.139933,144,2.262648,-1603.822563,"Decawave DW-8",0.123996,1,46,0x42B8,0x5BA1,0,"F8E1A83FAACB16000B9B77245BB7E9D157571C19B099864F51131C76668ABE800330BC30C89B60470E414024B842"
441,179738400,179857354,180017639,179959414,179975292,179975294,180017639,179855306,180021735,"decoded_payload_last_chip",1,243.947149,244.164549,144,2.262648,-1736.575385,"Decawave DW-8",0.124159,1,44,0x2440,0xA00E,0,"F8E1803F00CB16000B9B7724EBFDE9515D577582739B67240133B52627CABF600736BAB06CB7E5EC2C414024"
442,180495300,180614295,180732233,180716354,180732233,NaN,NaN,180612247,180736329,"decoded_phr_last_chip",0,244.973816,245.133780,144,2.262648,-1723.164455,"Decawave DW-8",0.124682,0,46,0x0000,0x0000,0,""
443,180873800,180992765,181153050,181094825,181110703,181110705,181153050,180990717,181157146,"decoded_payload_last_chip",1,245.487149,245.704549,144,2.262648,-1598.609620,"Decawave DW-8",0.124332,1,44,0x2440,0xE7A8,0,"58CBE888A8CB16000B3BDB26EBFDE9515D57892AB836868F51E6B62DC7DFB82126343CB23136418767404024"
444,181252200,181360738,181478676,181462797,181478676,NaN,NaN,181358690,181482772,"decoded_phr_last_chip",0,245.986244,246.146208,144,-0.000000,-1705.858349,"Decawave DW-8",0.103345,0,43,0x0000,0x0000,0,""
445,181630700,181749713,181888067,181851772,181867650,181867652,181888067,181747665,181892163,"decoded_payload_last_chip",1,246.513825,246.701480,144,-0.000000,-1624.114060,"Decawave DW-8",0.102643,1,21,0x8780,0xC75B,0,"5C48E0080A6BBA0A0A6FCE9EFB54298C0E42F48087"
446,182009300,182128177,182288461,182230236,182246115,182246116,182288461,182126129,182292557,"decoded_payload_last_chip",1,247.027150,247.244549,144,2.262648,-1707.767278,"Decawave DW-8",0.124802,1,44,0x2440,0x0193,0,"F8E1A83FAACB160A0B9B7724EBFDE9515D57A521183807A411861D2447DFBA35463538B2C534BB0673414024"
447,182387600,182507404,182645758,182609463,182625341,182625343,182645758,182505356,182649854,"decoded_payload_last_chip",1,247.541509,247.729164,144,-0.000000,-1696.376503,"Decawave DW-8",0.104080,1,21,0x71E2,0xD354,0,"5C48E0001E0BEF0A0A6766FDF1547B444370E0E271"
448,182766100,182885124,183003061,182987183,183003061,NaN,NaN,182883076,183007157,"decoded_phr_last_chip",0,248.053825,248.213787,144,-0.000000,-1683.571311,"Decawave DW-8",0.102639,0,20,0x0000,0x0000,0,""
449,183144600,183263594,183397412,183365653,183381532,183381533,183397412,183261546,183401508,"decoded_payload_last_chip",1,248.567158,248.748660,144,-0.000000,-1707.910605,"Decawave DW-8",0.102705,1,15,0x2940,0x8933,0,"5C5DE0000A6BE20A0A67CE9EFB4029"
450,183523200,183642059,183791757,183744118,183759997,183759998,183791757,183640011,183795853,"decoded_payload_last_chip",1,249.080484,249.283525,144,2.262648,-1710.746728,"Decawave DW-8",0.123960,1,36,0x1A32,0x19AC,0,"F8E1A88FA8CB16000B9B77244B57E9515D575366F199A6C41103B02D07CA1130C639321A"
451,183901500,184020536,184158890,184122595,184138473,184138475,184158890,184018488,184162986,"decoded_payload_last_chip",1,249.593826,249.781481,144,-0.000000,-1630.759538,"Decawave DW-8",0.101627,1,21,0x7D13,0xD7AE,0,"5C5DE0000A6BBA0A0A6F669FFBA0298C0E4289137D"
452,184280100,184332988,184450925,184435047,184450925,NaN,NaN,184330940,184455021,"decoded_phr_last_chip",0,250.017616,250.177578,144,-1.607983,-1687.784715,"Decawave DW-8",0.106239,0,115,0x0000,0x0000,0,""
453,185036900,185155941,185317738,185258000,185273879,185273880,185317738,185153893,185321834,"decoded_payload_last_chip",1,251.133818,251.353269,144,5.379723,-1765.136939,"Decawave DW-8",0.122485,1,46,0x92B8,0xA633,0,"A8DCE022AACB160A0B7BDE265B17E9D157573246CD98C6CF11E22221A7D0BE40263B34B3313042077D404024B892"
454,185415400,185534418,185749147,185636477,185652355,185652357,185749147,185532370,185753243,"decoded_payload_last_chip",1,251.647160,251.938405,144,0.690266,-1634.693949,"Decawave DW-8",0.101740,1,110,0xD92F,0x4C83,0,"5C48E0000A6B6A000A32CBDEE454298C0E422461D04026656FC6BB25E64A54554622421B349C64FEAB1481C39374447FDEA752E805F0492ECB20E2636A4A778D3F55582A0BA2FC1634EC5095E1281233ACD72A58A0FB69F19478121D353ECE159A81157656A61080BCE04CB12FD9"
455,185794000,185912888,186030825,186014947,186030825,NaN,NaN,185910840,186034921,"decoded_phr_last_chip",0,252.160493,252.320455,144,-0.000000,-1660.316417,"Decawave DW-8",0.101652,0,17,0x0000,0x0000,0,""
456,186172600,186291359,186416102,186393418,186409296,186409298,186416102,186289311,186420198,"decoded_payload_last_chip",1,252.673827,252.843020,144,-0.000000,-1694.915581,"Decawave DW-8",0.101794,1,3,0xE048,0x98E9,0,"5C48E0"
457,186550800,186669829,186884558,186771888,186787766,186787768,186884558,186667781,186888654,"decoded_payload_last_chip",1,253.187160,253.478404,144,-0.000000,-1691.680578,"Decawave DW-8",0.100826,1,110,0x5F60,0x90AB,0,"5C48E008A261BA0A0A6F32CBEE88298C0E42A98447564690E586BD20673A0460263ABC1AC6313906291D8193A6486D5554B4870322F9F59575D94EAD25668FDA82AF1CD2D4D69E0A94805B4413C6530BFF4984E5EEFCAB3DC948AF79473F05B0831602FC71293DD4C8A76AB3605F"
458,188443300,188562181,188680119,188664240,188680119,NaN,NaN,188560133,188684215,"decoded_phr_last_chip",0,255.753826,255.913790,144,-0.000000,-1638.765786,"Decawave DW-8",0.102372,0,17,0x0000,0x0000,0,""
459,188821600,188940646,189100930,189042705,189058584,189058585,189100930,188938598,189105026,"decoded_payload_last_chip",1,256.267152,256.484551,144,2.262648,-1676.105728,"Decawave DW-8",0.123513,1,44,0x8440,0xB0A3,0,"58CBE888A8CB16000B3BDB264BB7E9515D577350001086E551C61923A7601130E6393C336733E09072484084"
460,189200200,189253848,189387666,189355908,189371786,189371787,189387666,189251800,189391762,"decoded_payload_last_chip",1,256.691960,256.873462,144,0.000000,-1572.975584,"Decawave DW-8",0.103211,1,15,0xF04C,0x7FC6,0,"5C48E000CA6AB20A0A2FCF6B724CF0"
461,189957184,190010790,190149144,190112849,190128727,190128729,190149144,190008742,190153240,"decoded_payload_last_chip",1,257.718628,257.906283,144,-0.000000,-1647.723651,"Decawave DW-8",0.103172,1,21,0x9918,0x7ED1,0,"5C48E000CA4AE20A022FCF7E724CF0C00D664E1899"
462,190335600,190454528,190614812,190556587,190572465,190572467,190614812,190452480,190618908,"decoded_payload_last_chip",1,258.320486,258.537885,144,2.262648,-1602.799587,"Decawave DW-8",0.124498,1,44,0x2440,0x058D,0,"F8E1A825AACB16000B3B33254B57E9515D576C5D109A861B8B77B025A7B01060A6287633323C412706494024"
463,190714200,190833004,190971359,190935064,190950942,190950943,190971359,190830956,190975455,"decoded_payload_last_chip",1,258.833827,259.021483,144,-0.000000,-1667.022332,"Decawave DW-8",0.102449,1,21,0x978B,0xF1B4,0,"5C48E0080A6BBA0A0A32CFDEE4D479270E42248B97"
464,191092500,191211469,191373266,191313528,191329407,191329408,191373266,191209421,191377362,"decoded_payload_last_chip",1,259.347153,259.566604,144,2.262648,-1695.593734,"Decawave DW-8",0.123846,1,46,0xA300,0x224F,0,"FCF5A88FA8CB16000B1BDB26EBFDE9515D57DCA8331926453193BD26070ABB2063333C36683B46047840402400A3"
465,191470900,191589939,191707877,191691999,191707877,NaN,NaN,191587891,191711973,"decoded_phr_last_chip",0,259.860486,260.020449,144,2.262648,-1613.121217,"Decawave DW-8",0.124102,0,44,0x0000,0x0000,0,""
466,191849400,191968410,192086347,192070469,192086347,NaN,NaN,191966362,192090443,"decoded_phr_last_chip",0,260.373820,260.533782,144,2.262648,-1663.340835,"Decawave DW-8",0.123597,0,44,0x0000,0x0000,0,""
467,192228000,192346886,192464824,192448945,192464824,NaN,NaN,192344838,192468920,"decoded_phr_last_chip",0,260.887161,261.047125,144,0.000000,-1680.399718,"Decawave DW-8",0.102362,0,25,0x0000,0x0000,0,""
468,192606600,192660083,192874812,192762142,192778021,192778022,192874812,192658035,192878908,"decoded_payload_last_chip",1,261.311962,261.603206,144,0.000000,-1571.681550,"Decawave DW-8",0.102621,1,110,0xE143,0xD482,0,"5C48E000CA6E6A005F6FCE7E724CF0C00D664E0499150D210486DFBCEDE958E422602C859C0B0000AC3EDDA8B9510628443713336AC8504A95CCB4FE6EA22001A330B8C5F61EAB2F7DC5220B254860D19058F1C70776221A58A888C8A4886B03D7D08174D3799CDCD1FE8ADC43E1"
469,192983408,193103822,193221759,193205881,193221759,NaN,NaN,193101774,193225855,"decoded_phr_last_chip",0,261.913821,262.073783,144,2.262648,-1680.783490,"Decawave DW-8",0.123680,0,44,0x0000,0x0000,0,""
470,193363300,193482292,193600230,193584351,193600230,NaN,NaN,193480244,193604326,"decoded_phr_last_chip",0,262.427154,262.587118,144,2.262648,-1661.129169,"Decawave DW-8",0.123591,0,46,0x0000,0x0000,0,""
471,193742200,193860768,193978706,193962827,193978706,NaN,NaN,193858720,193982802,"decoded_phr_last_chip",0,262.940495,263.100458,144,-0.000000,-1706.096880,"Decawave DW-8",0.102357,0,17,0x0000,0x0000,0,""
472,194120200,194173965,194388694,194276024,194291903,194291904,194388694,194171917,194392790,"decoded_payload_last_chip",1,263.365295,263.656540,144,0.828715,-1697.648475,"Decawave DW-8",0.103499,1,110,0x4EB5,0x22F9,0,"5C48E000CA6A3A005B27CFCBDA66F0C00D664ECCD9000D210486ABBCEDE9F0E722602C919C0BA000EC3EDD80B9514668044A136381B7555E9F6C0AD46EE22501A130F8C5161BAB0F7D91620E078861D19058F1C77777221AF80288C8F0448F90D1D6F923FB590958C91657C9B54E"
473,194498700,194550931,194710459,194652990,194668868,194668870,194710459,194548883,194714555,"decoded_payload_last_chip",1,263.876588,264.092962,144,2.812488,-1655.688950,"Decawave DW-8",0.117375,1,43,0x37BC,0x2DA5,0,"A8CEA000F46E16001A1B9BC3C870B1550E648E07D915093514A68F88E9E90C2422602C87CCA260AA46BC37"
474,194877200,194978924,195158112,195080983,195096861,195096863,195158112,194976876,195162208,"decoded_payload_last_chip",1,264.457091,264.700130,144,-0.000000,-1610.979150,"Decawave DW-8",0.102786,1,69,0xE17F,0x63D8,0,"5C5DE0000A4B30000A6FCE7E724CF0C0054E4E0499150D21A486DFBDE9E9F0E72260AC2500C284004A6B420744F9F98EF009576C0CD189DA27BA9A3AD19403E65F19BB7FE1"
475,196012600,196131591,196269946,196233650,196249529,196249530,196269946,196129543,196274042,"decoded_payload_last_chip",1,266.020496,266.208152,144,-0.000000,-1699.592135,"Decawave DW-8",0.102368,1,21,0x806D,0x98C5,0,"5C48E008A261BA0A0A6FCE9EFB40298C0E42196D80"
476,196391100,196510062,196648416,196612121,196627999,196628001,196648416,196508014,196652512,"decoded_payload_last_chip",1,266.533830,266.721484,144,-0.000000,-1699.853352,"Decawave DW-8",0.102437,1,21,0x00AC,0x5E2D,0,"5C48E008A261BA0A5A2FDBCBEE54298C0E4281AC00"
477,196769500,196888533,197021594,196990592,197006470,197006472,197021594,196886485,197025690,"decoded_payload_last_chip",1,267.047164,267.227639,144,-0.000000,-1654.184162,"Decawave DW-8",0.101068,1,14,0x54E4,0xDC55,0,"5C58E008A261E20A0A67CEDEE454"
478,197148000,197267003,197481732,197369062,197384941,197384942,197481732,197264955,197485828,"decoded_payload_last_chip",1,267.560497,267.851742,144,-0.000000,-1637.205357,"Decawave DW-8",0.101636,1,110,0xD36C,0xBA55,0,"5C48E0080A6BBA0A0A6FCE9EFBD4298C0E42797E0894D3D065A6B829866AD00079393EB4EA3132C6241D81C37B84424508150189A499F954C40C5A7CB8F409CCC250C7B9531A08FA078EF53AA8C36C4C6123449780C4B924948F7BD241F7900CA44F447925863487B521E2E76CD3"
479,197526500,197645474,197783828,197747533,197763411,197763412,197783828,197643426,197787924,"decoded_payload_last_chip",1,268.073831,268.261485,144,-0.000000,-1645.287204,"Decawave DW-8",0.101738,1,21,0x184A,0x6452,0,"5C5DE0080A6BBA0A0A37CF9EFBD429CC0E42414A18"
480,197904900,198023944,198141881,198126003,198141881,NaN,NaN,198021896,198145977,"decoded_phr_last_chip",0,268.587164,268.747126,144,-0.000000,-1708.051249,"Decawave DW-8",0.102801,0,17,0x0000,0x0000,0,""
481,198283400,198402408,198562692,198504468,198520346,198520347,198562692,198400360,198566788,"decoded_payload_last_chip",1,269.100488,269.317887,144,2.262648,-1693.003737,"Decawave DW-8",0.124305,1,44,0x2440,0x6F47,0,"F8E1A83FAACB16000B3B9B33EBFDE9515D579377881746A591831C2407E0BAB0C6266835C43B40A671404024"
482,198662000,198780885,198898822,198882944,198898822,NaN,NaN,198778837,198902918,"decoded_phr_last_chip",0,269.613831,269.773793,144,-0.000000,-1652.738900,"Decawave DW-8",0.102337,0,25,0x0000,0x0000,0,""
483,199040300,199094081,199212019,199196140,199212019,NaN,NaN,199092033,199216115,"decoded_phr_last_chip",0,270.038630,270.198593,144,0.000000,-1587.510794,"Decawave DW-8",0.102918,0,97,0x0000,0x0000,0,""
484,199418800,199472552,199590489,199574611,199590489,NaN,NaN,199470504,199594585,"decoded_phr_last_chip",0,270.551964,270.711926,144,0.000000,-1503.459046,"Decawave DW-8",0.103303,0,43,0x0000,0x0000,0,""
485,199797300,199916291,200034228,200018350,200034228,NaN,NaN,199914243,200038324,"decoded_phr_last_chip",0,271.153824,271.313786,144,2.262648,-1691.856149,"Decawave DW-8",0.124238,0,44,0x0000,0x0000,0,""
486,200175852,200229493,200347431,200331552,200347431,NaN,NaN,200227445,200351527,"decoded_phr_last_chip",0,271.578631,271.738595,144,-0.363922,-1624.563414,"Decawave DW-8",0.103310,0,107,0x0000,0x0000,0,""
487,200554200,200673237,200791175,200775296,200791175,NaN,NaN,200671189,200795271,"decoded_phr_last_chip",0,272.180497,272.340461,144,0.000000,-1646.541140,"Decawave DW-8",0.102611,0,27,0x0000,0x0000,0,""
488,200932700,201051702,201169641,201153762,201169641,NaN,NaN,201049654,201173737,"decoded_phr_last_chip",0,272.693823,272.853788,144,8.751939,-2052.390374,"Decawave DW-8",0.121702,0,47,0x0000,0x0000,0,""
489,201311200,201430173,201590457,201532232,201548111,201548112,201590457,201428125,201594553,"decoded_payload_last_chip",1,273.207157,273.424556,144,2.705684,-1640.357585,"Decawave DW-8",0.124533,1,44,0x2440,0x8085,0,"F8A1ED22AACB16000B9BDD265B57E9D157577CC6479847C549A3BF20878A1CA0263D3AB2EC31590678404024"
490,201689600,201808643,201926581,201910702,201926581,NaN,NaN,201806595,201930677,"decoded_phr_last_chip",0,273.720490,273.880454,144,2.262648,-1644.441696,"Decawave DW-8",0.124597,0,44,0x0000,0x0000,0,""
491,202068100,202187113,202305051,202289173,202305051,NaN,NaN,202185065,202309147,"decoded_phr_last_chip",0,274.233823,274.393787,144,2.262648,-1613.878765,"Decawave DW-8",0.124104,0,44,0x0000,0x0000,0,""
492,202446600,202565584,202725868,202667643,202683522,202683523,202725868,202563536,202729964,"decoded_payload_last_chip",1,274.747157,274.964556,144,2.262648,-1564.519738,"Decawave DW-8",0.123673,1,44,0x2440,0xB0A8,0,"58CBA828AACB16000B7BDE26EBBDE9515D57D6864795C62F31F3CA20A78ABE30E736BCB26735EEAD01414024"
493,202825100,202944054,203105851,203046114,203061992,203061994,203105851,202942006,203109947,"decoded_payload_last_chip",1,275.260490,275.479941,144,2.262648,-1685.922807,"Decawave DW-8",0.124418,1,46,0xC2C0,0x8A5A,0,"FCF5E888009916000B7B7624EBBDE9515D573B7BF09347653B33B02EC79ABCC0A62F9630E634B3C872404024C0C2"
494,203203500,203322525,203440463,203424585,203440463,NaN,NaN,203320477,203444559,"decoded_phr_last_chip",0,275.773824,275.933788,144,2.262648,-1627.244090,"Decawave DW-8",0.123705,0,44,0x0000,0x0000,0,""
495,203582000,203700996,203861280,203803055,203818933,203818935,203861280,203698948,203865376,"decoded_payload_last_chip",1,276.287158,276.504557,144,2.262648,-1642.629765,"Decawave DW-8",0.124038,1,44,0x8440,0x3273,0,"FCF5A828AACA16000B1BDB265BD7E9D157572C54259806CE11631F7BC64ABDA0863A12B26BB7BCA772404084"
496,203960500,204079466,204197404,204181525,204197404,NaN,NaN,204077418,204201500,"decoded_phr_last_chip",0,276.800491,276.960455,144,2.262648,-1666.471139,"Decawave DW-8",0.124328,0,44,0x0000,0x0000,0,""
497,204338900,204457942,204596297,204560001,204575880,204575881,204596297,204455894,204600393,"decoded_payload_last_chip",1,277.313832,277.501488,144,-0.000000,-1569.301177,"Decawave DW-8",0.102384,1,21,0x0876,0x5946,0,"5C58E0001E6BBA0A0A6FCEDEE454298C0E420C7608"
498,204717400,204836407,204954345,204938466,204954345,NaN,NaN,204834359,204958441,"decoded_phr_last_chip",0,277.827158,277.987122,144,2.262648,-1658.136848,"Decawave DW-8",0.124692,0,46,0x0000,0x0000,0,""
499,205095900,205214883,205429612,205316942,205332821,205332822,205429612,205212835,205433708,"decoded_payload_last_chip",1,278.340499,278.631744,144,-0.000000,-1640.998064,"Decawave DW-8",0.103223,1,110,0x7300,0xA328,0,"5C58E0080A6BE20A0A67CEDEEE54298C0E422393879403A010C6B82806D2D6205C35C635CC312E76001C81C3134766275D485F149E923FB310738C32FAAA736849F9E412851062D104246835CB174512130C0AE57E6170662921D70ACAA8807DF40DA65A655F2E3300869F380073"
500,205474300,205593354,205711292,205695413,205711292,NaN,NaN,205591306,205715388,"decoded_phr_last_chip",0,278.853833,279.013797,144,-0.000000,-1572.744498,"Decawave DW-8",0.101438,0,17,0x0000,0x0000,0,""
501,206231300,206350295,206468232,206452354,206468232,NaN,NaN,206348247,206472328,"decoded_phr_last_chip",0,279.880500,280.040462,144,-0.000000,-1625.156049,"Decawave DW-8",0.101772,0,17,0x0000,0x0000,0,""
502,206988200,207107236,207245590,207209295,207225173,207225175,207245590,207105188,207249686,"decoded_payload_last_chip",1,280.907167,281.094822,144,-0.000000,-1664.154252,"Decawave DW-8",0.101507,1,21,0xA7D1,0x11A1,0,"5C48E0081E6BBA0A0A3ACFDEE454298C0E4225D1A7"
503,207366700,207486456,207604394,207588515,207604394,NaN,NaN,207484408,207608490,"decoded_phr_last_chip",0,281.421517,281.581481,144,-0.000000,-1625.261470,"Decawave DW-8",0.104037,0,17,0x0000,0x0000,0,""
504,208123600,208242647,208360585,208344706,208360585,NaN,NaN,208240599,208364681,"decoded_phr_last_chip",0,282.447167,282.607130,144,-0.000000,-1593.361495,"Decawave DW-8",0.102016,0,17,0x0000,0x0000,0,""
505,208502100,208621118,208739055,208723177,208739055,NaN,NaN,208619070,208743151,"decoded_phr_last_chip",0,282.960501,283.120463,144,-0.000000,-1613.835717,"Decawave DW-8",0.102141,0,17,0x0000,0x0000,0,""
506,208880600,208999588,209117526,209101647,209117526,NaN,NaN,208997540,209121622,"decoded_phr_last_chip",0,283.473834,283.633797,144,-0.000000,-1579.697171,"Decawave DW-8",0.102049,0,17,0x0000,0x0000,0,""
507,209259300,209378053,209538337,209480112,209495990,209495992,209538337,209376005,209542433,"decoded_payload_last_chip",1,283.987160,284.204559,144,2.262648,-1615.029189,"Decawave DW-8",0.123919,1,44,0x2440,0xEA06,0,"F8E1A828AACB16000B7B76244BD7E9515D574912F1368664BB43B020076ABA30F63B3CB665316FC66F404024"
508,210016000,210135000,210349729,210237059,210252938,210252939,210349729,210132952,210353825,"decoded_payload_last_chip",1,285.013835,285.305079,144,-0.000000,-1657.515649,"Decawave DW-8",0.101744,1,110,0x08C8,0x0AFB,0,"5C48E000A20BEF0A0A6FCEDEE45429CC0E42B10FE5D546DA6573B97987007D014633C11AC69B331EA21581939224DE83579F20241AF2119A3B3ACB1FA8318A21002894C338C1D427DA1331C3D1938BF1D8AA8E22079A898A8645BC8B1C16B7B046050BC0F63238538A095A44C808"
509,210394600,210514220,210632158,210616280,210632158,NaN,NaN,210512172,210636254,"decoded_phr_last_chip",0,285.528185,285.688148,144,-0.000000,-1592.603939,"Decawave DW-8",0.103979,0,17,0x0000,0x0000,0,""
510,210773100,210891941,211071129,210994000,211009878,211009880,211071129,210889893,211075225,"decoded_payload_last_chip",1,286.040502,286.283541,144,-0.000000,-1689.886245,"Decawave DW-8",0.101619,1,69,0x82EB,0xE443,0,"5C48E0080A6BBA0A0A6FCEDEEE54298C0E42893A78C0B3A57546152686D207708430C6B3B8363C6B00458143910B140AB7139A0004559DE7BB677A024B49227F4008E3EB82"
511,211151400,211270411,211408766,211372470,211388349,211388350,211408766,211268363,211412862,"decoded_payload_last_chip",1,286.553834,286.741490,144,-0.000000,-1719.170131,"Decawave DW-8",0.103187,1,21,0x57CF,0x221A,0,"5C48E0080A0BEF0A0A6FCEDEE45479270E4204CF57"
512,211530200,211648882,211828070,211750941,211766819,211766821,211828070,211646834,211832166,"decoded_payload_last_chip",1,287.067169,287.310208,144,-0.000000,-1634.353415,"Decawave DW-8",0.101946,1,69,0x2600,0x4BC8,0,"5C5DE000A261E30A0A6F66C9E454298C0E428906D59503222BC61026476BD2F5CC2912B3CC316F06A57C81C3138127520C0904491CD7E7CB2B3604FEDDE2876589DEB70026"
513,211908300,212027347,212145284,212129406,212145284,NaN,NaN,212025299,212149380,"decoded_phr_last_chip",0,287.580495,287.740457,144,2.262648,-1669.462573,"Decawave DW-8",0.123961,0,44,0x0000,0x0000,0,""
514,212287000,212405823,212523760,212507882,212523760,NaN,NaN,212403775,212527856,"decoded_phr_last_chip",0,288.093835,288.253798,144,-0.000000,-1678.914156,"Decawave DW-8",0.102297,0,17,0x0000,0x0000,0,""
515,212665300,212784288,212946084,212886347,212902225,212902227,212946084,212782240,212950180,"decoded_payload_last_chip",1,288.607161,288.826611,144,2.262648,-1642.840518,"Decawave DW-8",0.124926,1,46,0xCAC0,0x2890,0,"FCF5E888A8CB16000B1BDB265B57E9515D57D9E1C798C7CFF1F2B624A7A3B84046313E1B9030EB0D0C014024C0CA"
516,213043900,213162764,213377493,213264823,213280701,213280702,213377493,213160716,213381589,"decoded_payload_last_chip",1,289.120502,289.411747,144,-0.000000,-1677.532264,"Decawave DW-8",0.101953,1,110,0xCAD2,0x3A3E,0,"5C5DE0084A6ABA0A0A6F669FFBD4298C0E42AC10DD9333E011263E22E720D4D5269D4433679F97960D1D81D3130B488955880EF9A0757E5E13E4B18ABE88077C3B3231FAA3087B2F5C22250BE0C0EB29C10AF7046751146EC15461456A0B19A15BADD4C2BA7C7FD9049A43E3D2CA"
517,213422300,213475960,213614315,213578019,213593898,213593899,213614315,213473912,213618411,"decoded_payload_last_chip",1,289.545302,289.732958,144,-0.000000,-1637.184900,"Decawave DW-8",0.102749,1,21,0x9904,0x3D8A,0,"5C48E000CA4A6A00526FCE7E724CF0C00D664E0499"
518,214179200,214298169,214459966,214400228,214416107,214416108,214459966,214296121,214464062,"decoded_payload_last_chip",1,290.660494,290.879945,144,2.262648,-1690.862818,"Decawave DW-8",0.125390,1,46,0x2080,0xB4A2,0,"F8E1A825AACB16000B3BDB264BD7E9515D5703A65298A66FE146B420073FBB602626E81F6E37C6877E4840248020"
519,214557600,214676640,214794578,214778699,214794578,NaN,NaN,214674592,214798674,"decoded_phr_last_chip",0,291.173828,291.333792,144,2.262648,-1683.945477,"Decawave DW-8",0.124167,0,44,0x0000,0x0000,0,""
520,214936100,215055110,215215395,215157170,215173048,215173050,215215395,215053062,215219491,"decoded_payload_last_chip",1,291.687161,291.904561,144,2.262648,-1657.706869,"Decawave DW-8",0.123390,1,44,0x2440,0x0E8A,0,"F8E1E822AACB16000B9B2731EBFDE9515D57C6E8879DA7E71133B025A78AB0C0A3203CB0C333B88673414024"
521,215314700,215433586,215584797,215535646,215551524,215551526,215584797,215431538,215588893,"decoded_payload_last_chip",1,292.200502,292.405595,144,3.728227,-1862.753508,"Decawave DW-8",0.103647,1,38,0x3610,0xCB2E,0,"5C48C00A92613B000A3A6B61EED4F98D0E420102ED1B078A1152B0202C0AD1D533A47A181036"
522,215693300,215812057,215950412,215914116,215929995,215929996,215950412,215810009,215954508,"decoded_payload_last_chip",1,292.713836,292.901492,144,-0.000000,-1650.468596,"Decawave DW-8",0.102021,1,21,0xAD51,0xE220,0,"5C48E0001E6BBA0A0A32CFDEE454298C0E422951AD"
523,216071500,216190527,216328882,216292587,216308465,216308466,216328882,216188479,216332978,"decoded_payload_last_chip",1,293.227169,293.414825,144,-0.000000,-1725.480573,"Decawave DW-8",0.102713,1,21,0x0522,0x590A,0,"5C5DE0080A4BE20A0A32CFDEE454298C0E424D2205"
524,216450200,216503724,216719210,216605784,216621662,216621663,216719210,216501676,216723306,"decoded_payload_last_chip",1,293.651969,293.944241,144,0.000000,-1599.785954,"Decawave DW-8",0.103514,1,111,0x66D1,0x5D9A,0,"5C48E0004A606A005F6F6663724CF0C00D4E4E0499150D210486ABB8E9B9F0E722602C919C0B0000EE3D9D20B951462D441D13332AC8504A956C5A956EC225AFA330B8C5B61BAB2F7DC5220B058CC1D39070B1C54777221AF8A888C8848262C950040DDC9C148199C26A5ED291D166"
525,216828900,216947469,217065406,217049528,217065406,NaN,NaN,216945421,217069502,"decoded_phr_last_chip",0,294.253837,294.413799,144,-0.000000,-1607.812754,"Decawave DW-8",0.101443,0,17,0x0000,0x0000,0,""
526,217206500,217325934,217443871,217427993,217443871,NaN,NaN,217323886,217447967,"decoded_phr_last_chip",0,294.767163,294.927125,144,2.262648,-1673.544494,"Decawave DW-8",0.124594,0,46,0x0000,0x0000,0,""
527,217585400,217704410,217822347,217806469,217822347,NaN,NaN,217702362,217826443,"decoded_phr_last_chip",0,295.280504,295.440466,144,-0.000000,-1564.628095,"Decawave DW-8",0.102754,0,17,0x0000,0x0000,0,""
528,217963900,218082874,218200812,218184934,218200812,NaN,NaN,218080826,218204908,"decoded_phr_last_chip",0,295.793829,295.953792,144,2.262648,-1626.840252,"Decawave DW-8",0.123860,0,44,0x0000,0x0000,0,""
529,218342300,218396077,218620637,218498136,218514015,218514016,218620637,218394029,218624733,"decoded_payload_last_chip",1,296.218637,296.523216,144,3.641202,-1699.645399,"Decawave DW-8",0.102781,1,123,0xEB7C,0xF4A1,0,"5C48E00EE26A6E004B25DBCBDA67F1C005664A0CD950003554868FB43DE8D8EF37620091C8A2A084EE3F3D2FB9514645514BB338D7F2505ECD8DB5FE3A02278F0B30B944DC84D98F76C4A21C05883490C558A1E7C57D2200E8A888C8203BC838D6902E08BB8C0198DA409135C0D41AC1D11D3C59EC02757CE47CEB"
530,218719600,218839816,218957753,218941875,218957753,NaN,NaN,218837768,218961849,"decoded_phr_last_chip",0,296.820497,296.980459,144,2.262648,-1570.744901,"Decawave DW-8",0.123523,0,44,0x0000,0x0000,0,""
531,219099300,219218292,219336229,219320351,219336229,NaN,NaN,219216244,219340325,"decoded_phr_last_chip",0,297.333838,297.493800,144,-0.000000,-1591.654507,"Decawave DW-8",0.101413,0,27,0x0000,0x0000,0,""
532,219477800,219590010,219805495,219692069,219707947,219707949,219805495,219587962,219809591,"decoded_payload_last_chip",1,297.838013,298.130283,144,-0.000000,-1645.003360,"Decawave DW-8",0.103335,1,111,0x2ED5,0xC500,0,"5C48E000CA6EE20A0A72CE7E724CF0C0054E4E98598C44859587C98AC11DC9C3C66543312D518B7B5D0FC83523443B8162A1D07E1791E10B8F3207FBB3012BDBC600717DF708AA3872DED0F41F42013C20D95A3300BEB8C8119F182CA2E5338388EE92264E18B8F98014089CE6D52E"
533,219856200,219975233,220093170,220077292,220093170,NaN,NaN,219973185,220097266,"decoded_phr_last_chip",0,298.360505,298.520467,144,-0.000000,-1678.583920,"Decawave DW-8",0.102060,0,17,0x0000,0x0000,0,""
534,220234700,220353703,220492058,220455762,220471641,220471642,220492058,220351655,220496154,"decoded_payload_last_chip",1,298.873838,299.061494,144,-0.000000,-1595.006266,"Decawave DW-8",0.102195,1,21,0x886A,0xFA03,0,"5C48E0081E0BEF0A0A6FCE9EFBD4298C0E42596A88"
535,220613200,220732174,220870528,220834233,220850111,220850112,220870528,220730126,220874624,"decoded_payload_last_chip",1,299.387172,299.574826,144,-0.000000,-1626.132995,"Decawave DW-8",0.101766,1,21,0x07B0,0x9058,0,"5C4830080A6BBA0A0A6FCEB6FB54298C0E4201B007"
536,220991136,221110644,221228582,221212703,221228582,NaN,NaN,221108596,221232678,"decoded_phr_last_chip",0,299.900505,300.060468,144,-0.000000,-1647.109291,"Decawave DW-8",0.102169,0,17,0x0000,0x0000,0,""
537,221370100,221489115,221627469,221591174,221607052,221607054,221627469,221487067,221631565,"decoded_payload_last_chip",1,300.413839,300.601493,144,-0.000000,-1641.373790,"Decawave DW-8",0.101938,1,21,0xA546,0xF492,0,"5C5DE0080A6BBA0A5267CEDEEE5429CC0E42B946A5"
538,221748600,221867585,221985523,221969644,221985523,NaN,NaN,221865537,221989619,"decoded_phr_last_chip",0,300.927171,301.087135,144,-0.000000,-1668.937802,"Decawave DW-8",0.101584,0,17,0x0000,0x0000,0,""
539,222127000,222246050,222406334,222348109,222363987,222363989,222406334,222244002,222410430,"decoded_payload_last_chip",1,301.440498,301.657897,144,2.262648,-1685.296898,"Decawave DW-8",0.124086,1,44,0x2440,0x36BD,0,"F8E1A828AACB160A0B7B2631EBFDE9515D570309B86306650903B878664ABA65E63636B73C36410669404024"
540,222505500,222624520,222742458,222726579,222742458,NaN,NaN,222622472,222746554,"decoded_phr_last_chip",0,301.953830,302.113794,144,2.262648,-1663.566881,"Decawave DW-8",0.124176,0,60,0x0000,0x0000,0,""
541,222884000,223002991,223120928,223105050,223120928,NaN,NaN,223000943,223125024,"decoded_phr_last_chip",0,302.467164,302.627127,144,2.262648,-1636.465422,"Decawave DW-8",0.123439,0,44,0x0000,0x0000,0,""
542,223262600,223381467,223519822,223483526,223499405,223499406,223519822,223379419,223523918,"decoded_payload_last_chip",1,302.980505,303.168161,144,-0.000000,-1646.305808,"Decawave DW-8",0.102222,1,21,0x39C1,0xEF8A,0,"5C48E0001E0BEF0A0A6766CBEE54298C0E4204C139"
543,223640900,223759938,223898292,223861997,223877875,223877877,223898292,223757890,223902388,"decoded_payload_last_chip",1,303.493840,303.681494,144,-0.000000,-1600.492877,"Decawave DW-8",0.102372,1,21,0xC56D,0xBDF8,0,"5C48E0081F0BEF0A0A6FCEDEEEA0298C0E42746DC5"
544,224397900,224516873,224677913,224618932,224634811,224634812,224677913,224514825,224682009,"decoded_payload_last_chip",1,304.520498,304.738923,144,2.262648,-1676.473141,"Decawave DW-8",0.124138,1,45,0x0284,0x7CBF,0,"F8E1A88FA8CB16000B3B9B334BB7E9D15757DCB4521F07920183B77072301840673C323268B140867C40408402"
545,225154800,225273813,225434098,225375873,225391752,225391753,225434098,225271765,225438194,"decoded_payload_last_chip",1,305.547164,305.764564,144,5.211607,-1763.658772,"Decawave DW-8",0.123692,1,44,0x2440,0xE84F,0,"A8F4B823AACB160A0B7BDE260BB6E9D17757F67D0899878E21A21C28E7A01500263132B66533387D0C404024"
546,225533300,225652285,225814081,225754344,225770222,225770224,225814081,225650237,225818177,"decoded_payload_last_chip",1,306.060499,306.279949,144,2.391208,-1517.849568,"Decawave DW-8",0.124063,1,46,0x7B00,0xAE7E,0,"F8A1AD28AACB16000B9B77245B57E9D1575758FCB2CFE7C571E2BC2F271A1562E432C236623563AC58004024007B"
547,225911800,226030755,226191039,226132814,226148693,226148694,226191039,226028707,226195135,"decoded_payload_last_chip",1,306.573832,306.791231,144,2.262648,-1726.406056,"Decawave DW-8",0.124191,1,44,0x2440,0x66FE,0,"58CBE88800CB16000B9B27315BB7E9515D574C59C89347C551621D2DF73AB848E62C3ABCD835B9060D014024"
548,226290200,226409225,226527163,226511285,226527163,NaN,NaN,226407177,226531259,"decoded_phr_last_chip",0,307.087165,307.247129,144,2.262648,-1694.756197,"Decawave DW-8",0.124289,0,44,0x0000,0x0000,0,""
549,226668700,226787696,226905633,226889755,226905633,NaN,NaN,226785648,226909729,"decoded_phr_last_chip",0,307.600499,307.760461,144,2.262648,-1625.972684,"Decawave DW-8",0.124125,0,44,0x0000,0x0000,0,""
550,227047200,227166166,227326450,227268225,227284104,227284105,227326450,227164118,227330546,"decoded_payload_last_chip",1,308.113832,308.331231,144,2.262648,-1704.013827,"Decawave DW-8",0.124121,1,44,0x2440,0x4722,0,"58CBE822AACB16000B7B76245BD7E9D15757F4A5A290E6CF9173B02D078A11B0A6683D387731602C09414024"
551,227425600,227544637,227662575,227646696,227662575,NaN,NaN,227542589,227666671,"decoded_phr_last_chip",0,308.627166,308.787130,144,2.262648,-1666.847232,"Decawave DW-8",0.123683,0,44,0x0000,0x0000,0,""
552,227804100,227923108,228083392,228025167,228041045,228041047,228083392,227921060,228087488,"decoded_payload_last_chip",1,309.140500,309.357899,144,2.262648,-1582.343491,"Decawave DW-8",0.123862,1,44,0x2440,0xFEA7,0,"FCF5B823AACB160A0B9BDD265BB7E9515D5738065833866591531920D7BABE6126343CB36FB744C60A414024"
553,228182700,228301578,228419515,228403637,228419515,NaN,NaN,228299530,228423611,"decoded_phr_last_chip",0,309.653833,309.813795,144,2.262648,-1634.051562,"Decawave DW-8",0.123842,0,45,0x0000,0x0000,0,""
554,228561000,228680048,228797986,228782107,228797986,NaN,NaN,228678000,228802082,"decoded_phr_last_chip",0,310.167166,310.327129,144,2.262648,-1628.842614,"Decawave DW-8",0.123485,0,44,0x0000,0x0000,0,""
555,228939500,229058519,229176456,229160578,229176456,NaN,NaN,229056471,229180552,"decoded_phr_last_chip",0,310.680500,310.840462,144,2.262648,-1732.945922,"Decawave DW-8",0.123940,0,46,0x0000,0x0000,0,""
556,229318000,229436989,229554927,229539048,229554927,NaN,NaN,229434941,229559023,"decoded_phr_last_chip",0,311.193833,311.353796,144,2.262648,-1646.505774,"Decawave DW-8",0.124224,0,46,0x0000,0x0000,0,""
557,229696584,229815466,229953820,229917525,229933403,229933405,229953820,229813418,229957916,"decoded_payload_last_chip",1,311.707175,311.894830,144,-0.000000,-1642.111941,"Decawave DW-8",0.101458,1,21,0x0501,0x2195,0,"5C48E0080A4BBA0A0A6FCEDEEEF429CC0E42260105"
558,230074900,230193936,230311874,230295995,230311874,NaN,NaN,230191888,230315970,"decoded_phr_last_chip",0,312.220508,312.380471,144,-0.000000,-1598.702622,"Decawave DW-8",0.102507,0,17,0x0000,0x0000,0,""
559,230453500,230572406,230690344,230674465,230690344,NaN,NaN,230570358,230694440,"decoded_phr_last_chip",0,312.733841,312.893804,144,-0.000000,-1582.623337,"Decawave DW-8",0.102452,0,1,0x0000,0x0000,0,""
560,230831900,230950877,231089232,231052936,231068815,231068816,231089232,230948829,231093328,"decoded_payload_last_chip",1,313.247175,313.434831,144,-0.000000,-1675.450733,"Decawave DW-8",0.101714,1,21,0x45B1,0xB18A,0,"5C5DE0080A6BBA0A0A6F32CBEED4298C0E42F4B145"
561,231210300,231264073,231443262,231366132,231382011,231382012,231443262,231262025,231447358,"decoded_payload_last_chip",1,313.671974,313.915015,144,-0.000000,-1712.435868,"Decawave DW-8",0.103557,1,69,0xB6C7,0x56F9,0,"5C48E0000A6F6A000A3ACFDE724CF8C40D4E4E6499150D21F48BDF49EDE9F0E722602C91CC0EC001AC3E9D28B951447C513713332AC8504A75991FD46E822407A330B9C7B6"
562,231588800,231707818,231850709,231809877,231825755,231825757,231850709,231705770,231854805,"decoded_payload_last_chip",1,314.273842,314.467650,144,-0.000000,-1730.366070,"Decawave DW-8",0.102265,1,27,0xB213,0x39BC,0,"5C48E0200A6BBA0A0A27CBDEEE40298C0E422974ED9086F06013B2"
563,232345800,232399485,232537839,232501544,232517422,232517424,232537839,232397437,232541935,"decoded_payload_last_chip",1,315.211975,315.399630,144,0.000000,-1514.586981,"Decawave DW-8",0.103777,1,21,0x9964,0xF2F4,0,"5C48E000A26AB20A0A32DB6B724CF0C00D664E6499"
564,233102800,233156426,233299318,233258485,233274364,233274365,233299318,233154378,233303414,"decoded_payload_last_chip",1,316.238642,316.432452,144,-0.000000,-1559.183072,"Decawave DW-8",0.103725,1,27,0x8386,0x9E19,0,"5C48E000CA6AEA0A5F2FCF6B724CF0C00D664E9899150D21A48683"
565,233481300,233534897,233668714,233636956,233652834,233652836,233668714,233532849,233672810,"decoded_payload_last_chip",1,316.751976,316.933477,144,-0.000000,-1620.075858,"Decawave DW-8",0.104131,1,15,0xF04C,0x6B73,0,"5C48E000CA4E40205F2FCF7E724CF0"
566,233859600,233978635,234140433,234080695,234096573,234096575,234140433,233976587,234144529,"decoded_payload_last_chip",1,317.353834,317.573287,144,9.194975,-2097.410096,"Decawave DW-8",0.122054,1,46,0xFEB8,0x4CB0,0,"A8F5B823EACEB60A5F7B8A23FBBCE9D17757267CD199036413220B6C127D3660E636141C6337E78722414024B8FE"
567,234207588,234357106,234475044,234459165,234475044,NaN,NaN,234355058,234479140,"decoded_phr_last_chip",0,317.867169,318.027132,144,2.262648,-1597.972434,"Decawave DW-8",0.124090,0,44,0x0000,0x0000,0,""
568,234995000,235114047,235274331,235216106,235231984,235231986,235274331,235111999,235278427,"decoded_payload_last_chip",1,318.893835,319.111235,144,2.262648,-1627.047937,"Decawave DW-8",0.123811,1,44,0x2440,0x3034,0,"F8E1A828AA9B16000B7BDE264BB7E9515D5732840730A6CF31D31721078AB860262E34326F33E34472404024"
569,235373500,235492523,235635415,235594582,235610460,235610462,235635415,235490475,235639511,"decoded_payload_last_chip",1,319.407176,319.600986,144,-0.000000,-1624.412781,"Decawave DW-8",0.103363,1,27,0x3B26,0xEE1A,0,"5C48E008A261BA0A0A32CFDEE454298C0E4259EB129006F2C5263B"
570,235750600,235870994,235988931,235973053,235988931,NaN,NaN,235868946,235993027,"decoded_phr_last_chip",0,319.920511,320.080473,144,-0.000000,-1621.964823,"Decawave DW-8",0.102410,0,17,0x0000,0x0000,0,""
571,236130600,236249464,236387819,236351523,236367402,236367403,236387819,236247416,236391915,"decoded_payload_last_chip",1,320.433843,320.621499,144,-0.000000,-1645.938192,"Decawave DW-8",0.101397,1,21,0x9789,0xDAE7,0,"5C48E0080A6BBA0A0A6FCEDEEE5429BE0EB2918997"
572,236509000,236627934,236745872,236729993,236745872,NaN,NaN,236625886,236749968,"decoded_phr_last_chip",0,320.947176,321.107140,144,-0.000000,-1641.909343,"Decawave DW-8",0.102548,0,17,0x0000,0x0000,0,""
573,237265900,237319602,237535087,237421661,237437539,237437541,237535087,237317554,237539183,"decoded_payload_last_chip",1,321.885311,322.177581,144,-0.000000,-1617.660164,"Decawave DW-8",0.103081,1,111,0x26EC,0xDE1E,0,"5C48E0008AE1B20A4777CE7E724CF0C00D664E0499150D21A486ABBCEDE9F0E72260AC869C0BE000AC3E9D88B951447D513713332AC8505E954C1ED56E8220AFA330B8C5161BAB2FDDCF220B2588617F9258F1C70777221A58A888C81098625656D6C7D6AD4C11191C885C5751EC26"
574,237644300,237763340,237923624,237865399,237881278,237881279,237923624,237761292,237927720,"decoded_payload_last_chip",1,322.487169,322.704568,144,2.262648,-1699.097206,"Decawave DW-8",0.124755,1,44,0x2440,0x1B7B,0,"F8E1A828AA9A16000B7B76244B57E9515D5709E1F29D46A451331D2D07E2BE58C73A11B0DB35480768404024"
575,238022800,238141810,238302851,238243870,238259748,238259750,238302851,238139762,238306947,"decoded_payload_last_chip",1,323.000502,323.218928,144,2.262648,-1651.283325,"Decawave DW-8",0.124410,1,45,0x0024,0x4BF4,0,"F8E1E888A8CB16000B9B7724EBFDE9515D575907F882C6C70973322567621420B62B3C1CE430ECED6C40402400"
576,238401400,238520281,238680565,238622341,238638219,238638220,238680565,238518233,238684661,"decoded_payload_last_chip",1,323.513836,323.731235,144,2.262648,-1692.742484,"Decawave DW-8",0.124031,1,44,0x2440,0x7461,0,"58CBA825AA9B160A0B3B9B335BB7E9510D56C3D3B292C664B1A61F2F076ABB40063612196E33E14778404024"
577,238780000,238898758,239037112,239000817,239016695,239016697,239037112,238896710,239041208,"decoded_payload_last_chip",1,324.027178,324.214833,144,-0.000000,-1710.749765,"Decawave DW-8",0.102030,1,21,0x92E2,0x429A,0,"5C48E000A261E20A0A6FCEDEE4D4298C0E4219E292"
578,239158200,239277222,239395160,239379282,239395160,NaN,NaN,239275174,239399256,"decoded_phr_last_chip",0,324.540503,324.700467,144,2.262648,-1638.742323,"Decawave DW-8",0.124186,0,44,0x0000,0x0000,0,""
579,239536900,239655693,239773630,239757752,239773630,NaN,NaN,239653645,239777726,"decoded_phr_last_chip",0,325.053837,325.213799,144,2.262648,-1748.555675,"Decawave DW-8",0.124972,0,44,0x0000,0x0000,0,""
580,239915500,240034169,240152107,240136228,240152107,NaN,NaN,240032121,240156203,"decoded_phr_last_chip",0,325.567178,325.727142,144,-0.000000,-1614.796446,"Decawave DW-8",0.102164,0,25,0x0000,0x0000,0,""
581,240293600,240487667,240605612,240589733,240605612,NaN,NaN,240485619,240609708,"decoded_phr_last_chip",0,326.182274,326.342247,65,0.000000,-1832.802103,"IEEE 802.15.4z SFD #2",0.022525,0,1,0x0000,0x0000,0,""
582,240672000,240791110,240929465,240893169,240909048,240909049,240929465,240789062,240933561,"decoded_payload_last_chip",1,326.593845,326.781501,144,-0.000000,-1645.816038,"Decawave DW-8",0.102123,1,21,0xF9B0,0xFA77,0,"5C48E0080A6BBA0A0A6F669FFB54298C0E4273B0F9"
583,241050800,241169575,241331371,241271634,241287513,241287514,241331371,241167527,241335467,"decoded_payload_last_chip",1,327.107171,327.326621,144,2.262648,-1664.420213,"Decawave DW-8",0.123731,1,46,0xDB00,0xB5C4,0,"58CBA8282AC916000B9B7724EBD5E9510D56E64058C366A71173B07A26DF1ECA86263EBA6E3B11067840402400DB"
584,241807600,241926516,242086800,242028575,242044454,242044455,242086800,241924468,242090896,"decoded_payload_last_chip",1,328.133838,328.351237,144,2.262648,-1638.509769,"Decawave DW-8",0.124392,1,44,0x2440,0xB5C8,0,"FCF5E888A8CB16000B1BDB265B57E9D157579CF133992744D106B72067AAB8DD2626B4336A3141C778404024"
585,242186000,242304986,242465270,242407045,242422924,242422925,242465270,242302938,242469366,"decoded_payload_last_chip",1,328.647171,328.864570,144,2.262648,-1642.919794,"Decawave DW-8",0.123783,1,44,0x2440,0x900A,0,"58CBE822AACB16000B3BDB26EBFDE9515D577C278D990635D1063524C78A104A26301632643FFF0770404024"
586,242564500,242683462,242821817,242785522,242801400,242801401,242821817,242681414,242825913,"decoded_payload_last_chip",1,329.160512,329.348168,144,-0.000000,-1701.394781,"Decawave DW-8",0.102500,1,21,0xAD4B,0x35B9,0,"5C48E0000A0BEF0A0A6FCE9EFB54298C0E42494BAD"
587,243321400,243375130,243526339,243477189,243493067,243493069,243526339,243373082,243530435,"decoded_payload_last_chip",1,330.098646,330.303737,144,-1.218349,-1731.491889,"Decawave DW-8",0.103806,1,38,0x0B9C,0xC78A,0,"5C48E0084A6A6AA0102FCBDE726458EE0D4E4E9899150D21F481DFBDEDE9A4E62260AC869C0B"
588,243699900,243811372,243949726,243913431,243929309,243929310,243949726,243809324,243953822,"decoded_payload_last_chip",1,330.690337,330.877992,144,-0.000000,-1629.286106,"Decawave DW-8",0.103284,1,21,0x9904,0x6564,0,"5C48E0200A6B60000A2FCFDE724CF0C0054E4E0499"
589,244078300,244197344,244315282,244299404,244315282,NaN,NaN,244195296,244319378,"decoded_phr_last_chip",0,331.213845,331.373809,144,-0.000000,-1699.798184,"Decawave DW-8",0.102474,0,1,0x0000,0x0000,0,""
590,244456800,244575815,244693752,244677874,244693752,NaN,NaN,244573767,244697848,"decoded_phr_last_chip",0,331.727180,331.887142,144,-0.000000,-1606.347871,"Decawave DW-8",0.102103,0,27,0x0000,0x0000,0,""
591,244835400,244954286,245092640,245056345,245072223,245072225,245092640,244952238,245096736,"decoded_payload_last_chip",1,332.240514,332.428168,144,-0.000000,-1633.159466,"Decawave DW-8",0.102353,1,21,0x8551,0xAD7B,0,"5C48E0080A6BBA0A0A6F66CBEEF4298C0E423C5185"
592,245213700,245332756,245450694,245434815,245450694,NaN,NaN,245330708,245454790,"decoded_phr_last_chip",0,332.753847,332.913810,144,-0.000000,-1657.191281,"Decawave DW-8",0.102154,0,25,0x0000,0x0000,0,""
593,245970700,246089697,246240907,246191756,246207635,246207636,246240907,246087649,246245003,"decoded_payload_last_chip",1,333.780514,333.985605,144,-1.186704,-1495.013555,"Decawave DW-8",0.104172,1,38,0x3368,0x0DF0,0,"FC4BE0080A6BBA0A0A3ACB7EEEA0298C0E147C8AD295D3D135761626529A5F9BB3920E186833"
594,246349300,246402893,246582082,246504952,246520831,246520832,246582082,246400845,246586178,"decoded_payload_last_chip",1,334.205313,334.448353,144,-0.000000,-1602.760652,"Decawave DW-8",0.103525,1,69,0x56C7,0xC76E,0,"5C48E0004A606A000A2F67CB724CF0C0254E4E6499150121A486ABBC5DE9582422602C919C0B4000AC3E9D20B9D1417C51B711336A9D554A9F6C5ED46E822001A130B8C756"
595,246726016,246846638,246964575,246948697,246964575,NaN,NaN,246844590,246968671,"decoded_phr_last_chip",0,334.807180,334.967143,144,-0.000000,-1598.240759,"Decawave DW-8",0.103217,0,17,0x0000,0x0000,0,""
596,247106100,247225108,247343046,247327167,247343046,NaN,NaN,247223060,247347142,"decoded_phr_last_chip",0,335.320513,335.480477,144,-0.000000,-1649.847525,"Decawave DW-8",0.102971,0,17,0x0000,0x0000,0,""
597,247484600,247603573,247721511,247705632,247721511,NaN,NaN,247601525,247725607,"decoded_phr_last_chip",0,335.833839,335.993803,144,2.262648,-1619.811324,"Decawave DW-8",0.124658,0,60,0x0000,0x0000,0,""
598,247863000,247982044,248142328,248084103,248099981,248099983,248142328,247979996,248146424,"decoded_payload_last_chip",1,336.347173,336.564572,144,2.262648,-1627.771946,"Decawave DW-8",0.124188,1,44,0x2440,0x70FF,0,"58CBE822AA9B160A5F9B77245BB7E9515D57648C0796C6E71153B020870ABAD00D243EB064314C6D0E414024"
599,248241500,248360514,248478452,248462573,248478452,NaN,NaN,248358466,248482548,"decoded_phr_last_chip",0,336.860506,337.020470,144,2.262648,-1648.734314,"Decawave DW-8",0.123917,0,44,0x0000,0x0000,0,""
600,248620000,248738985,248856922,248841044,248856922,NaN,NaN,248736937,248861018,"decoded_phr_last_chip",0,337.373840,337.533803,144,2.262648,-1660.006388,"Decawave DW-8",0.123768,0,44,0x0000,0x0000,0,""
601,248998500,249117455,249235393,249219514,249235393,NaN,NaN,249115407,249239489,"decoded_phr_last_chip",0,337.887173,338.047137,144,2.262648,-1610.739596,"Decawave DW-8",0.124179,0,45,0x0000,0x0000,0,""
602,249376900,249495931,249647141,249597990,249613869,249613870,249647141,249493883,249651237,"decoded_payload_last_chip",1,338.400514,338.605606,144,0.581485,-1674.564908,"Decawave DW-8",0.103287,1,38,0xB497,0x99BA,0,"5C5DE0080A6BBA0A0A2FCBDEEE54298C0E42C3B30D3C139A88A6B42012E0AE503330D5BF97B4"
603,249755400,249874396,249992335,249976456,249992335,NaN,NaN,249872348,249996431,"decoded_phr_last_chip",0,338.913840,339.073805,144,6.424022,-1968.443404,"Decawave DW-8",0.121996,0,47,0x0000,0x0000,0,""
604,250128200,250252866,250370804,250354926,250370804,NaN,NaN,250250818,250374900,"decoded_phr_last_chip",0,339.427173,339.587137,144,2.262648,-1698.063664,"Decawave DW-8",0.124536,0,46,0x0000,0x0000,0,""
605,250512300,250631337,250791621,250733396,250749275,250749276,250791621,250629289,250795717,"decoded_payload_last_chip",1,339.940507,340.157906,144,2.262648,-1646.351245,"Decawave DW-8",0.124241,1,44,0x2440,0x16CE,0,"F8E1E888A8CB16000B3B9B33ABBDE9515D5774FD079C06A4B1F3B338A760131046213C1B64316F0678404024"
606,250890800,251009808,251170092,251111867,251127745,251127747,251170092,251007760,251174188,"decoded_payload_last_chip",1,340.453841,340.671240,144,2.262648,-1667.937615,"Decawave DW-8",0.123831,1,44,0x2440,0xD5CC,0,"F8E1A825AA9B160A0B3B9B334B57E9515D579B5F181DC6CEA193B022525FBFC066613B363E36E90472404024"
607,251269400,251388278,251550075,251490338,251506216,251506217,251550075,251386230,251554171,"decoded_payload_last_chip",1,340.967174,341.186625,144,2.262648,-1665.548958,"Decawave DW-8",0.124271,1,46,0x0A00,0xC34C,0,"F8E1A828AACB16000B9B27315B57E9515D5798CEB21887C45126B121C71FBDC036363EB59A34B80706414024000A"
608,251647700,251766749,251927033,251868808,251884687,251884688,251927033,251764701,251931129,"decoded_payload_last_chip",1,341.480508,341.697907,144,2.262648,-1633.368192,"Decawave DW-8",0.124289,1,44,0x2440,0xCEE6,0,"F8A1ED88A89A16000B1BDB265BB7E9510D56EC492D30C7AF1173B47426E010DAA76831B83136420763404024"
609,252026200,252145219,252305504,252247279,252263157,252263159,252305504,252143171,252309600,"decoded_payload_last_chip",1,341.993841,342.211241,144,2.262648,-1648.985901,"Decawave DW-8",0.124116,1,44,0x2440,0x3C3A,0,"FCF5E822AACB16005F1B9B335B57E9D15757FC30509C26251122B02E873AB975062CBAB3CC31430623014024"
610,252404500,252458422,252670884,252560481,252576360,252576361,252670884,252456374,252674980,"decoded_payload_last_chip",1,342.418650,342.706820,144,5.886050,-1928.589983,"Decawave DW-8",0.102036,1,107,0x1568,0xAC1B,0,"0948E00E4A6066001F3A8BCBDA33F0C009724A0C29150D3554868FB43C4CDAEF37722091C8A2A00440BD3F2FB1415615514BB338D7F2505ECD8DB5FE3A02278F2BB2B311CD448FFAD7CEA21C059461C0655AF1BA37AAA8C028A888C83591A20B52C2B858A880839C656815"
611,252783284,252902166,253035227,253004225,253020103,253020105,253035227,252900118,253039323,"decoded_payload_last_chip",1,343.020516,343.200991,144,-0.000000,-1666.876431,"Decawave DW-8",0.102081,1,14,0x54FB,0xEBF3,0,"5C5DE0000A6BBA0A0A2FCF9EFB54"
612,253161600,253280630,253440915,253382690,253398568,253398570,253440915,253278582,253445011,"decoded_payload_last_chip",1,343.533841,343.751241,144,2.262648,-1657.133440,"Decawave DW-8",0.123956,1,44,0x2440,0x6434,0,"F8E1E828AACB16000B3B9B33EBBDE9515D57292B181A86E7E12619206730B161A33238347833664778404024"
613,253540100,253659101,253820897,253761160,253777039,253777040,253820897,253657053,253824993,"decoded_payload_last_chip",1,344.047175,344.266625,144,2.262648,-1644.618375,"Decawave DW-8",0.123622,1,46,0xA040,0xEE60,0,"58CBA825AACB16000B3BDB26EBFDE9515D57131FF89386A411833522278ABD00E722361C683343466140402440A0"
614,253918600,254037571,254187269,254139631,254155509,254155511,254187269,254035523,254191365,"decoded_payload_last_chip",1,344.560508,344.763548,144,2.262648,-1578.679889,"Decawave DW-8",0.125036,1,36,0x1D94,0x2B22,0,"58CBA8282AC916000B7B26314BB7E9515D57C6EF479CC7EED1531C2987A5B0206333941D"
615,254297000,254416048,254533986,254518107,254533986,NaN,NaN,254414000,254538082,"decoded_phr_last_chip",0,345.073850,345.233813,144,-0.000000,-1724.383143,"Decawave DW-8",0.102317,0,17,0x0000,0x0000,0,""
616,254675500,254794519,255009248,254896578,254912456,254912458,255009248,254792471,255013344,"decoded_payload_last_chip",1,345.587184,345.878429,144,-0.000000,-1669.710939,"Decawave DW-8",0.101929,1,110,0xE12E,0x147B,0,"5C48E0080A6BBA0A0A67669FFB54298C0E42A924409103D08586BF2F665E7C2173362A1A379E3406A54C8193928E26E415159C1154C0DF182A53011419344A6E06050200C493A202E0F10CA81B05D45524F6F648750A2435900C946070098CC54636F168E5E3B551E80FE54A2EE1"
617,255054000,255172989,255311344,255275048,255290927,255290928,255311344,255170941,255315440,"decoded_payload_last_chip",1,346.100517,346.288173,144,-0.000000,-1685.605064,"Decawave DW-8",0.102736,1,21,0x405E,0x9D92,0,"5C5DE0001E6BE20A0A32CFCBE454298C0E42795E40"
618,255810900,255929930,256068284,256031989,256047867,256047869,256068284,255927882,256072380,"decoded_payload_last_chip",1,347.127184,347.314838,144,-0.000000,-1700.721445,"Decawave DW-8",0.102870,1,21,0x93AA,0xDB7C,0,"5C48E0000A6BBA0A0A2FCFDEEEE42BCC0E4233AA93"
619,256189600,256308395,256468679,256410454,256426333,256426334,256468679,256306347,256472775,"decoded_payload_last_chip",1,347.640510,347.857909,144,2.262648,-1710.953221,"Decawave DW-8",0.124289,1,44,0x2440,0xF92F,0,"58CBE822AACB16000B9B77245B57E9D15757202EE53606A5F183B02607AA15C063233EB66C31BE077F004024"
620,257324800,257443812,257659297,257545871,257561749,257561751,257659297,257441764,257663393,"decoded_payload_last_chip",1,349.180518,349.472788,144,-0.000000,-1748.290912,"Decawave DW-8",0.102416,1,111,0x77C2,0xDC31,0,"5C5DE0001E6BE20A0A2FCB9EFB5429CC0E4263316D498681ED461526A7900880A7283CB46CB72EB6AF44819392244E323429810935420C4A7CAD83E8C50555A643399285E3B196C161D00B3E0674366A707705F9C7722A50FAE617DC0800B6174CF13BD787D14DC7D65708CAC1C277"
621,257702800,257822276,257940214,257924336,257940214,NaN,NaN,257820228,257944310,"decoded_phr_last_chip",0,349.693842,349.853806,144,2.262648,-1671.649809,"Decawave DW-8",0.124932,0,46,0x0000,0x0000,0,""
622,258081700,258200747,258318685,258302806,258318685,NaN,NaN,258198699,258322781,"decoded_phr_last_chip",0,350.207176,350.367140,144,5.826715,-1956.999642,"Decawave DW-8",0.122587,0,46,0x0000,0x0000,0,""
623,258460400,258579224,258697161,258681283,258697161,NaN,NaN,258577176,258701257,"decoded_phr_last_chip",0,350.720519,350.880481,144,-0.000000,-1732.552381,"Decawave DW-8",0.102002,0,17,0x0000,0x0000,0,""
624,258838700,258957694,259172423,259059753,259075632,259075633,259172423,258955646,259176519,"decoded_payload_last_chip",1,351.233851,351.525096,144,-0.000000,-1626.579089,"Decawave DW-8",0.101885,1,110,0x3C01,0x7862,0,"5C48E008A24BBA0A0A32CFDEE4F4298C0E42B1BB833806CF10C6BB2E9A5A8635D9279E1DB5343166AB1781D393E254C3950DCB0C83528C5A4ED62E030DE91EB03A2C4A9E978189A9F926AD470B5511194B9869665C03EC9CEED3995B39D29DB3D7C2781160A9034AD08502AD013C"
625,259595600,259714629,259832567,259816688,259832567,NaN,NaN,259712581,259836663,"decoded_phr_last_chip",0,352.260510,352.420474,144,2.262648,-1732.246216,"Decawave DW-8",0.124147,0,46,0x0000,0x0000,0,""
626,259974300,260093105,260211043,260195164,260211043,NaN,NaN,260091057,260215139,"decoded_phr_last_chip",0,352.773851,352.933815,144,-0.000000,-1672.282036,"Decawave DW-8",0.102533,0,17,0x0000,0x0000,0,""
627,260352600,260471570,260589508,260573629,260589508,NaN,NaN,260469522,260593604,"decoded_phr_last_chip",0,353.287177,353.447141,144,2.262648,-1648.151041,"Decawave DW-8",0.123856,0,44,0x0000,0x0000,0,""
628,260731000,260850041,261010325,260952100,260967978,260967980,261010325,260847993,261014421,"decoded_payload_last_chip",1,353.800511,354.017910,144,2.262648,-1661.066357,"Decawave DW-8",0.124133,1,44,0x2440,0xAC5B,0,"F8E1E822AACB16000B9B7724EBBDE9515D57A674A537A6A72183B12127E0BB60E63E36B03036F10720414024"
629,261109500,261163243,261281180,261265302,261281180,NaN,NaN,261161195,261285276,"decoded_phr_last_chip",0,354.225319,354.385281,144,0.000000,-1560.980416,"Decawave DW-8",0.102538,0,1,0x0000,0x0000,0,""
630,261488100,261606987,261821716,261709046,261724925,261724926,261821716,261604939,261825812,"decoded_payload_last_chip",1,354.827185,355.118430,144,-0.000000,-1617.956411,"Decawave DW-8",0.102555,1,110,0xB10E,0x6B53,0,"5C5DE0080A6BBA0A0A6FCEDEE454298C0E42A9538D9129B005A6BD2B06CA79BAFB3F91B06337931EAD1D81C3931270609FFF9844520880BF750EF2C93A9BB076A88DA7420384432F63840F33A638540BECD25225DFC396D18E22BA2A2D6757F3BE8B264022BBA0E00F7102550EB1"
631,261866700,261985458,262164646,262087517,262103395,262103397,262164646,261983410,262168742,"decoded_payload_last_chip",1,355.340519,355.583558,144,-0.000000,-1764.938496,"Decawave DW-8",0.102850,1,69,0x40DF,0x36C4,0,"5C5DE000A261BA0A526F669FFB5429CC0E42B976C59707D045663020C660D0A1EE2C92B0CE39AE46034C81D313187CC817B94DE1353EC008CCFC8693F56E8AD6D03E6CDF40"
632,262244900,262363922,262524206,262465982,262481860,262481861,262524206,262361874,262528302,"decoded_payload_last_chip",1,355.853844,356.071243,144,2.262648,-1560.020191,"Decawave DW-8",0.123713,1,44,0x2440,0x4592,0,"58CBE888A8CB16000B9B7724EBFDE9515D570B06DD982745C1C3B225A78ABE20863E39366F9FE9322D414024"
633,262623500,262742393,262860331,262844452,262860331,NaN,NaN,262740345,262864427,"decoded_phr_last_chip",0,356.367178,356.527142,144,2.262648,-1553.742814,"Decawave DW-8",0.123855,0,44,0x0000,0x0000,0,""
634,263002000,263120864,263238801,263222923,263238801,NaN,NaN,263118816,263242897,"decoded_phr_last_chip",0,356.880512,357.040474,144,2.262648,-1672.510154,"Decawave DW-8",0.124226,0,44,0x0000,0x0000,0,""
635,263380300,263499334,263617272,263601393,263617272,NaN,NaN,263497286,263621368,"decoded_phr_last_chip",0,357.393845,357.553809,144,2.262648,-1552.952491,"Decawave DW-8",0.123307,0,44,0x0000,0x0000,0,""
636,263758800,263877805,263995742,263979864,263995742,NaN,NaN,263875757,263999838,"decoded_phr_last_chip",0,357.907179,358.067141,144,2.262648,-1653.629564,"Decawave DW-8",0.124215,0,44,0x0000,0x0000,0,""
637,264137500,264256275,264374213,264358334,264374213,NaN,NaN,264254227,264378309,"decoded_phr_last_chip",0,358.420512,358.580476,144,2.262648,-1690.762072,"Decawave DW-8",0.123566,0,44,0x0000,0x0000,0,""
638,264894500,265013216,265175012,265115275,265131154,265131155,265175012,265011168,265179108,"decoded_payload_last_chip",1,359.447179,359.666629,144,2.262648,-1622.998607,"Decawave DW-8",0.123986,1,46,0x8100,0x975E,0,"F8E1A825AACB16000B3B33254BB7E9D15757E654589987E6E1621E37F75FBA6026283C1E6734EA277C4040240081"
639,265272700,265391686,265551971,265493746,265509624,265509626,265551971,265389638,265556067,"decoded_payload_last_chip",1,359.960512,360.177912,144,4.812083,-1862.604335,"Decawave DW-8",0.122778,1,44,0x2440,0x662A,0,"A8F4B823AACB16000B7BDE26ABFDE9D157572826F898464F11A3B636273A1500CD3E3CB4C231E0470B414024"
640,265651200,265770157,265930442,265872217,265888095,265888097,265930442,265768109,265934538,"decoded_payload_last_chip",1,360.473846,360.691246,144,2.857978,-1803.920675,"Decawave DW-8",0.123503,1,44,0x2440,0xB2C6,0,"F8E1E888A8CB16000B9B7724ABBDE9D15757F8B4329DE68FD133B527A78A188024213A1AC431F02755004024"
641,266408100,266527104,266645041,266629163,266645041,NaN,NaN,266525056,266649137,"decoded_phr_last_chip",0,361.500521,361.660483,144,-0.000000,-1651.779159,"Decawave DW-8",0.102307,0,17,0x0000,0x0000,0,""
642,266786600,266905568,267065853,267007628,267023506,267023508,267065853,266903520,267069949,"decoded_payload_last_chip",1,362.013845,362.231246,144,2.262648,-1691.946537,"Decawave DW-8",0.123901,1,44,0x2440,0x26EB,0,"F8E1A83FAA9B16000B3BDB26EBFDE9515D57837B59938647F1631120A73A17E036283C323834E5827D404024"
643,267165000,267218771,267433500,267320830,267336709,267336710,267433500,267216723,267437596,"decoded_payload_last_chip",1,362.438654,362.729899,144,0.000000,-1650.428110,"Decawave DW-8",0.103204,1,110,0xE299,0xDF23,0,"5C48E000CA6A6A005F3FCF7E724CF0C0254E4E1899150D61A186ABA849B9F067A260AC939C0BA000AC3EDDA80353447D511D13332AC8504A956C0A806E822407A330B8C5B61B8B2F7DC5220B054C347E9270F1C70777231AF80288C8445E48C2D2856D248864598EBCC2DE6499E2"
644,267543500,267596495,267773415,267698554,267714432,267714434,267773415,267594447,267777511,"decoded_payload_last_chip",1,362.950975,363.190938,144,-1.414155,-1629.028325,"Decawave DW-8",0.106869,1,66,0x2622,0x922B,0,"0A86E9EF1CD4304A6A3E37E0329F7A858CC888134142C0C001D08016EB6E4A9EA7E028B9A3AE0452C435E1F113F4C42C884ACBEF0595856BF593E156C1E8A0482226"
645,267922100,268040980,268158917,268143039,268158917,NaN,NaN,268038932,268163013,"decoded_phr_last_chip",0,363.553847,363.713809,144,2.262648,-1606.821635,"Decawave DW-8",0.125168,0,45,0x0000,0x0000,0,""
646,268300700,268419451,268537388,268521510,268537388,NaN,NaN,268417403,268541484,"decoded_phr_last_chip",0,364.067181,364.227143,144,2.262648,-1585.436923,"Decawave DW-8",0.124003,0,44,0x0000,0x0000,0,""
647,268678900,268797927,268915864,268899986,268915864,NaN,NaN,268795879,268919960,"decoded_phr_last_chip",0,364.580522,364.740484,144,-0.000000,-1710.263777,"Decawave DW-8",0.103225,0,17,0x0000,0x0000,0,""
648,269057400,269176397,269294335,269278456,269294335,NaN,NaN,269174349,269298431,"decoded_phr_last_chip",0,365.093854,365.253818,144,-0.000000,-1629.553159,"Decawave DW-8",0.102893,0,27,0x0000,0x0000,0,""
649,269436000,269554868,269687929,269656927,269672805,269672807,269687929,269552820,269692025,"decoded_payload_last_chip",1,365.607189,365.787664,144,-0.000000,-1698.502904,"Decawave DW-8",0.101101,1,14,0x54FB,0xF116,0,"5C48E0080A6BBA0A0A6FCE9EFB54"
650,269814300,269933339,270051276,270035398,270051276,NaN,NaN,269931291,270055372,"decoded_phr_last_chip",0,366.120523,366.280485,144,-0.000000,-1625.263710,"Decawave DW-8",0.102169,0,17,0x0000,0x0000,0,""
651,270571300,270690279,270808217,270792339,270808217,NaN,NaN,270688231,270812313,"decoded_phr_last_chip",0,367.147188,367.307152,144,-0.000000,-1684.260056,"Decawave DW-8",0.102692,0,17,0x0000,0x0000,0,""
652,270949700,271068750,271186687,271170809,271186687,NaN,NaN,271066702,271190783,"decoded_phr_last_chip",0,367.660522,367.820485,144,-0.000000,-1680.893482,"Decawave DW-8",0.103316,0,17,0x0000,0x0000,0,""
653,271706700,271825691,271943628,271927750,271943628,NaN,NaN,271823643,271947724,"decoded_phr_last_chip",0,368.687189,368.847152,144,-0.000000,-1640.955138,"Decawave DW-8",0.102742,0,17,0x0000,0x0000,0,""
654,272463600,272582626,272700564,272684685,272700564,NaN,NaN,272580578,272704660,"decoded_phr_last_chip",0,369.713848,369.873812,144,2.262648,-1679.246350,"Decawave DW-8",0.124343,0,44,0x0000,0x0000,0,""
655,272842100,272961096,273121381,273063156,273079034,273079036,273121381,272959048,273125477,"decoded_payload_last_chip",1,370.227181,370.444581,144,2.262648,-1677.529507,"Decawave DW-8",0.124492,1,44,0x2440,0xB472,0,"58CBA828AACB16000B1BDB265B57E9515D578355A5C606C56913B474263FBEC026617D1F343443060D494024"
656,273220600,273339567,273457505,273441626,273457505,NaN,NaN,273337519,273461601,"decoded_phr_last_chip",0,370.740515,370.900479,144,2.262648,-1635.840202,"Decawave DW-8",0.125115,0,44,0x0000,0x0000,0,""
657,273977500,274096508,274214447,274198568,274214447,NaN,NaN,274094460,274218543,"decoded_phr_last_chip",0,371.767182,371.927147,144,7.420853,-1924.186078,"Decawave DW-8",0.121791,0,47,0x0000,0x0000,0,""
658,274356100,274474978,274635262,274577038,274592916,274592917,274635262,274472930,274639358,"decoded_payload_last_chip",1,372.280515,372.497914,144,2.262648,-1683.914137,"Decawave DW-8",0.124387,1,44,0x2440,0x20A2,0,"F8E1A8282AC916000B7B76244B57E9515D572346591487858133B528871AB270663674194035B90778404024"
659,274734400,274853449,274971387,274955508,274971387,NaN,NaN,274851401,274975483,"decoded_phr_last_chip",0,372.793849,372.953813,144,2.262648,-1694.116692,"Decawave DW-8",0.125093,0,44,0x0000,0x0000,0,""
660,275112900,275231919,275392204,275333979,275349857,275349859,275392204,275229871,275396300,"decoded_payload_last_chip",1,373.307182,373.524582,144,2.262648,-1690.762909,"Decawave DW-8",0.124568,1,44,0x2440,0xC34A,0,"F8E1A83FAA9B16000B7B7624EBFDE9515D5769AAD39D068F41861E2147CA146A6639371AC133113678404024"
661,275491400,275610390,275770674,275712449,275728328,275728329,275770674,275608342,275774770,"decoded_payload_last_chip",1,373.820516,374.037915,144,2.262648,-1629.178012,"Decawave DW-8",0.124146,1,44,0x2440,0xC848,0,"F8E1E822AACB16000B9B3331EBFDE9515D5706A7323486CEE1A6B6290780B8A0833B3AB4F83911C716414024"
662,275870000,275923592,276102781,276025651,276041530,276041531,276102781,275921544,276106877,"decoded_payload_last_chip",1,374.245323,374.488364,144,0.000000,-1629.378846,"Decawave DW-8",0.103621,1,69,0x16C5,0xC39C,0,"5C48E000CA6A6A000F2FCF6B724CF0C00D664ECC99150D21A486DFB9E9E9F0E72260AC93CC0E0080463C9D88B951447D513713332AC8505E75995FD46E822001A130B8C516"
663,276248300,276367331,276527615,276469390,276485269,276485270,276527615,276365283,276531711,"decoded_payload_last_chip",1,374.847183,375.064582,144,2.262648,-1609.436292,"Decawave DW-8",0.123804,1,44,0x2440,0x5322,0,"F8A1ED88A8CB16000B1BDB265B57E9515D57821C719B074511D3B220A7A0BC60863CBA1C62B1EF870D494024"
664,276626800,276745802,276906086,276847861,276863739,276863741,276906086,276743754,276910182,"decoded_payload_last_chip",1,375.360517,375.577916,144,2.262648,-1652.811380,"Decawave DW-8",0.124518,1,44,0x2440,0xEEBF,0,"58CB0028AACB160A5F9B77245BB7E9D15757040DFD3287862123B136470AB370E735381B9238BA0658404024"
665,277005300,277124272,277242210,277226331,277242210,NaN,NaN,277122224,277246306,"decoded_phr_last_chip",0,375.873850,376.033813,144,2.262648,-1693.100910,"Decawave DW-8",0.124352,0,44,0x0000,0x0000,0,""
666,277383700,277502742,277620680,277604802,277620680,NaN,NaN,277500694,277624776,"decoded_phr_last_chip",0,376.387183,376.547146,144,2.262648,-1701.115654,"Decawave DW-8",0.125138,0,44,0x0000,0x0000,0,""
667,277762200,277881213,278041497,277983272,277999150,277999152,278041497,277879165,278045593,"decoded_payload_last_chip",1,376.900517,377.117916,144,2.262648,-1617.809857,"Decawave DW-8",0.124338,1,44,0x2440,0x1BB6,0,"58CBE888A8CA16000B1BDB26EBBDE9515D575482A29D46EE91733478020ABB602732289A749BEB0467404024"
668,278140700,278259683,278419967,278361742,278377621,278377622,278419967,278257635,278424063,"decoded_payload_last_chip",1,377.413850,377.631249,144,2.262648,-1677.014124,"Decawave DW-8",0.123936,1,44,0x2440,0xC879,0,"58CBA825AACB16000B7B7624EBFDE9515D578947989806EE1122B723072AB640E6343AB46A31EA8772404024"
669,278519200,278638154,278798438,278740213,278756091,278756093,278798438,278636106,278802534,"decoded_payload_last_chip",1,377.927184,378.144583,144,2.262648,-1611.082437,"Decawave DW-8",0.124493,1,44,0x2440,0x1A48,0,"F8E1E822AACB16000B7B7624EBBDE9515D573641AD99C62571461C2A07DAB84073303EB831B4E56766404024"
670,278897600,279016630,279134568,279118689,279134568,NaN,NaN,279014582,279138664,"decoded_phr_last_chip",0,378.440525,378.600488,144,-0.000000,-1686.533604,"Decawave DW-8",0.101864,0,1,0x0000,0x0000,0,""
671,279276284,279395101,279513038,279497160,279513038,NaN,NaN,279393053,279517134,"decoded_phr_last_chip",0,378.953859,379.113821,144,-0.000000,-1620.653920,"Decawave DW-8",0.102301,0,17,0x0000,0x0000,0,""
672,279654600,279773571,279911926,279875630,279891509,279891510,279911926,279771523,279916022,"decoded_payload_last_chip",1,379.467192,379.654848,144,-0.000000,-1627.412932,"Decawave DW-8",0.102398,1,21,0x6D6C,0x5767,0,"5C48E0000A0BEF0A0A32679FFBD4298C0E428C6C6D"
673,280033000,280152041,280290396,280254101,280269979,280269980,280290396,280149993,280294492,"decoded_payload_last_chip",1,379.980524,380.168180,144,-0.000000,-1659.488997,"Decawave DW-8",0.102765,1,21,0x1813,0x43D7,0,"5C48E0080A6BBA0A0A6F66CBEE54298C0E42811318"
674,280790100,280908983,281047337,281011042,281026920,281026922,281047337,280906935,281051433,"decoded_payload_last_chip",1,381.007193,381.194847,144,-0.000000,-1662.579218,"Decawave DW-8",0.102277,1,21,0x53F1,0x0653,0,"5C48E008A261BA0A0A32679FFBD429CC0E42B1F153"
675,281168400,281287453,281405391,281389512,281405391,NaN,NaN,281285405,281409487,"decoded_phr_last_chip",0,381.520525,381.680489,144,-0.000000,-1713.075280,"Decawave DW-8",0.102297,0,21,0x0000,0x0000,0,""
676,281925400,282044394,282162332,282146453,282162332,NaN,NaN,282042346,282166428,"decoded_phr_last_chip",0,382.547192,382.707156,144,-0.000000,-1638.354590,"Decawave DW-8",0.102972,0,17,0x0000,0x0000,0,""
677,282303900,282422865,282565756,282524924,282540802,282540804,282565756,282420817,282569852,"decoded_payload_last_chip",1,383.060527,383.254335,144,-0.000000,-1677.133011,"Decawave DW-8",0.101920,1,27,0xBD66,0xE2D0,0,"5C48E0080A6BE20A0A32CBDEE454298C0E42CC726D95D39B4066BD"
678,283060800,283179806,283394535,283281865,283297744,283297745,283394535,283177758,283398631,"decoded_payload_last_chip",1,384.087193,384.378438,144,-0.000000,-1684.573830,"Decawave DW-8",0.101916,1,110,0x9B12,0x1DA1,0,"5C48E0080A6BBA0A0A6F669FFB54298C0E42740C4095AD85D0961626E68A504F96383A1BC5B098ECA04581C393734C5C140680C012D297729A602C827B8008E6242CD610EC345EE17205A03B90665453F833948996741742941BD021BD154A5FB71969CD2CBD420078AC8163129B"
679,283439300,283558276,283773006,283660336,283676214,283676215,283773006,283556228,283777102,"decoded_payload_last_chip",1,384.600526,384.891772,144,-0.000000,-1619.437547,"Decawave DW-8",0.101609,1,110,0x0B49,0xB7E8,0,"5C48E0A0A0613A000A6FCEDEE4D4298C0E4288E826148B9A9046112AC60002CB862C92363D9AAEBC131C81939688485554B3070022B5F2979A7ADF5851C99334AA001217E6694288118EF97F07C8C584601CC0F7AC3FA0B7A1F213C859559B033C48152139AB61E0D9B15BE0490B"
680,283817700,283936747,284075101,284038806,284054684,284054686,284075101,283934699,284079197,"decoded_payload_last_chip",1,385.113860,385.301515,144,-0.000000,-1685.327214,"Decawave DW-8",0.101647,1,21,0xB537,0xFD46,0,"5C5DE0001E6BBA0A0A3ACF9EFB54298C0E42E137B5"
681,284195700,284315217,284433155,284417276,284433155,NaN,NaN,284313169,284437251,"decoded_phr_last_chip",0,385.627193,385.787157,144,-0.000000,-1673.007920,"Decawave DW-8",0.102124,0,17,0x0000,0x0000,0,""
682,284574560,284693688,284844897,284795747,284811625,284811627,284844897,284691640,284848993,"decoded_payload_last_chip",1,386.140527,386.345618,144,-1.503158,-1399.278922,"Decawave DW-8",0.102984,1,38,0x98CD,0x8E23,0,"FC5EE0081E6BE20A0A3ACB7EEEF4298C0E42BBD6A79083CF65461220064A13602E3E94B0CD98"
683,285331600,285450623,285610907,285552682,285568561,285568562,285610907,285448575,285615003,"decoded_payload_last_chip",1,387.167186,387.384585,144,2.262648,-1720.816205,"Decawave DW-8",0.123957,1,44,0x2440,0x3598,0,"F8E1E822AA9B16000B3B9B275B57E95109561B27459EE6C78183B123C74014A047A7361D619DE74679484024"
684,285710100,285829093,285989378,285931153,285947031,285947033,285989378,285827045,285993474,"decoded_payload_last_chip",1,387.680519,387.897919,144,2.262648,-1668.971628,"Decawave DW-8",0.124754,1,44,0x2440,0xED5A,0,"58CBE888A89B16000B9B77245B57E9515D57887C10632686B184B271A66ABE10C6333EB561351DC604414024"
685,286088900,286142296,286293506,286244355,286260234,286260235,286293506,286140248,286297602,"decoded_payload_last_chip",1,388.105328,388.310419,144,2.045086,-1696.810242,"Decawave DW-8",0.103523,1,38,0x0B9C,0xEDB0,0,"5C48C00E4A603A004B27DBCBDA67F1C00D664A0CD900053514868FBCFDE9F0E7226004A99C0B"
686,286467000,286586034,286703972,286688093,286703972,NaN,NaN,286583986,286708068,"decoded_phr_last_chip",0,388.707186,388.867150,144,2.262648,-1675.906985,"Decawave DW-8",0.124221,0,44,0x0000,0x0000,0,""
687,286845500,286964505,287114202,287066564,287082442,287082444,287114202,286962457,287118298,"decoded_payload_last_chip",1,389.220520,389.423560,144,2.262648,-1615.571800,"Decawave DW-8",0.124565,1,36,0x363A,0x0C27,0,"FCDDE8222AC916000B9BDD264BB7E9515D570C5FA01C06CEB923BA72E6A01520E6393A36"
688,287224100,287342975,287503260,287445035,287460913,287460915,287503260,287340927,287507356,"decoded_payload_last_chip",1,389.733853,389.951253,144,2.262648,-1674.350872,"Decawave DW-8",0.124206,1,44,0x2447,0xB4F9,0,"FCF5A828AACB16000B1BDB265B57E9510D5604A33293C7274BF3A320C7D0BD4026363EB23436B10C7D814724"
689,287602400,287721446,287839384,287823505,287839384,NaN,NaN,287719398,287843480,"decoded_phr_last_chip",0,390.247187,390.407151,144,2.262648,-1633.152715,"Decawave DW-8",0.123921,0,44,0x0000,0x0000,0,""
690,287981200,288099922,288279111,288201982,288217860,288217861,288279111,288097874,288283207,"decoded_payload_last_chip",1,390.760528,391.003569,144,-0.000000,-1785.063297,"Decawave DW-8",0.102185,1,69,0xCBC4,0xA3AB,0,"5C5DE0080A6BBA0A0A67CE9EFB5429CC0E42A94B1DBBE3321086BF2C02AFD34099373AB768B121A92445814391A8B699FCC82F641EAD4A4359A8D06DD51ACF9A071AE7C4CB"
691,288359400,288478387,288596325,288580446,288596325,NaN,NaN,288476339,288600421,"decoded_phr_last_chip",0,391.273854,391.433818,144,2.262648,-1660.538809,"Decawave DW-8",0.124368,0,44,0x0000,0x0000,0,""
692,288737952,288856864,289008073,288958922,288974801,288974802,289008073,288854816,289012169,"decoded_payload_last_chip",1,391.787196,391.992287,144,-1.724676,-1851.216795,"Decawave DW-8",0.103130,1,38,0x1CAC,0xC508,0,"FC4AE00AA2614000523FCB36F9482BCC0E42DE0E6794D38A85061622265F100BF13114B0AC1C"
693,289495000,289613799,289774083,289715858,289731736,289731738,289774083,289611751,289778179,"decoded_payload_last_chip",1,392.813855,393.031254,144,2.262648,-1697.521847,"Decawave DW-8",0.124098,1,44,0x2440,0xC973,0,"F8E1E88800C916000B9B27315B57E9515D575C03CD9A46C2E10331208748171AA62C3CB3C03FEBB378014024"
694,289873300,289992269,290110207,290094329,290110207,NaN,NaN,289990221,290114303,"decoded_phr_last_chip",0,393.327188,393.487151,144,4.483762,-1826.403607,"Decawave DW-8",0.123660,0,106,0x0000,0x0000,0,""
695,290251700,290370745,290488683,290472804,290488683,NaN,NaN,290368697,290492779,"decoded_phr_last_chip",0,393.840529,394.000492,144,-0.000000,-1662.097402,"Decawave DW-8",0.102739,0,17,0x0000,0x0000,0,""
696,291008800,291127680,291245618,291229740,291245618,NaN,NaN,291125632,291249714,"decoded_phr_last_chip",0,394.867188,395.027151,144,2.262648,-1602.692306,"Decawave DW-8",0.124474,0,44,0x0000,0x0000,0,""
697,291387400,291506151,291624088,291608210,291624088,NaN,NaN,291504103,291628184,"decoded_phr_last_chip",0,395.380522,395.540484,144,2.262648,-1648.895423,"Decawave DW-8",0.124554,0,44,0x0000,0x0000,0,""
698,291765600,291819353,291937291,291921412,291937291,NaN,NaN,291817305,291941387,"decoded_phr_last_chip",0,395.805329,395.965293,144,0.000000,-1578.950420,"Decawave DW-8",0.102521,0,43,0x0000,0x0000,0,""
699,292144200,292263092,292381029,292365151,292381029,NaN,NaN,292261044,292385125,"decoded_phr_last_chip",0,396.407189,396.567151,144,2.262648,-1629.610062,"Decawave DW-8",0.124223,0,44,0x0000,0x0000,0,""
700,292522700,292641562,292801846,292743621,292759500,292759501,292801846,292639514,292805942,"decoded_payload_last_chip",1,396.920521,397.137920,144,2.262648,-1602.827384,"Decawave DW-8",0.124114,1,44,0x2440,0x82B8,0,"F8E1A828AACB16000B7B26314B57E9515D570CAE079E66A4B1033275E68AB0D5A63E3C1865356F527C404024"
701,292901000,293020039,293162930,293122098,293137976,293137977,293162930,293017991,293167026,"decoded_payload_last_chip",1,397.433864,397.627672,144,-0.000000,-1661.513574,"Decawave DW-8",0.102493,1,27,0xBC07,0x3003,0,"5C5DE0080A6BBA0A0A6FCEDEE454298C0E4254537D115327B007BC"
702,293279500,293398509,293541401,293500568,293516446,293516448,293541401,293396461,293545497,"decoded_payload_last_chip",1,397.947196,398.141006,144,-0.000000,-1658.500869,"Decawave DW-8",0.102981,1,27,0xB986,0xFF9B,0,"5C5DE000A261BA0A0A6FCE9EFBD4298C0E425B555D3926653186B9"
703,293658000,293776979,293894917,293879039,293894917,NaN,NaN,293774931,293899013,"decoded_phr_last_chip",0,398.460529,398.620493,144,-0.000000,-1707.070930,"Decawave DW-8",0.102497,0,17,0x0000,0x0000,0,""
704,294036400,294155450,294273388,294257509,294273388,NaN,NaN,294153402,294277484,"decoded_phr_last_chip",0,398.973863,399.133827,144,-0.000000,-1668.864425,"Decawave DW-8",0.102839,0,20,0x0000,0x0000,0,""
705,294414900,294533921,294748650,294635980,294651858,294651860,294748650,294531873,294752746,"decoded_payload_last_chip",1,399.487198,399.778442,144,-0.000000,-1596.351829,"Decawave DW-8",0.102397,1,110,0x6AB8,0x7916,0,"5C5DE0080A0BEF0A0A67CEDEE454298C0E42B985F215C3226006B275EDF25FFF36BC901F9034CA43A11E81D313842E37A3211CC922DA12008B45271603E71325EE2EABA6862320D0412AA95B6DDF10982B2A0CD6FE08A7501C58D93F53927B555229A09B4D7593A270489BC3B86A"
706,294793400,294912391,295030329,295014450,295030329,NaN,NaN,294910343,295034425,"decoded_phr_last_chip",0,400.000530,400.160494,144,-0.000000,-1654.200124,"Decawave DW-8",0.102401,0,17,0x0000,0x0000,0,""
707,295171900,295290862,295408799,295392921,295408799,NaN,NaN,295288814,295412895,"decoded_phr_last_chip",0,400.513864,400.673827,144,-0.000000,-1646.801705,"Decawave DW-8",0.102811,0,17,0x0000,0x0000,0,""
708,295550300,295669326,295829610,295771385,295787264,295787265,295829610,295667278,295833706,"decoded_payload_last_chip",1,401.027189,401.244588,144,2.262648,-1647.399260,"Decawave DW-8",0.124270,1,44,0x2440,0x6516,0,"F8E1A828AACA16000B7B7624EBFDE9515D578C834A34470571721B2C27CA1700A63B3EB26635E24727414024"
709,296685700,296804738,296922676,296906797,296922676,NaN,NaN,296802690,296926772,"decoded_phr_last_chip",0,402.567190,402.727154,144,2.262648,-1700.822389,"Decawave DW-8",0.124400,0,44,0x0000,0x0000,0,""
710,297064200,297183208,297301146,297285268,297301146,NaN,NaN,297181160,297305242,"decoded_phr_last_chip",0,403.080523,403.240487,144,2.262648,-1705.328552,"Decawave DW-8",0.123852,0,44,0x0000,0x0000,0,""
711,297442800,297561685,297776414,297663744,297679622,297679624,297776414,297559637,297780510,"decoded_payload_last_chip",1,403.593865,403.885110,144,-0.000000,-1608.493029,"Decawave DW-8",0.101825,1,110,0xB5E9,0xBC0C,0,"5C48E0000A4BE20A0A6FCEDEEED4298C0E42795288907B7A2A06BF26D2CA538B0634C2B63D9A82FCA11D81C3938BEEA0F4C1B9AB88A0E5BAA0C69311B157745CA4AC0EDD8EBCDB052D2B975BAA43690209183CA61B6273C745468C3E3443CB544AB9B3439A4E2102A922CC04E9B5"
712,298199600,298318619,298480417,298420679,298436558,298436559,298480417,298316571,298484513,"decoded_payload_last_chip",1,404.620523,404.839975,144,8.336593,-2015.906353,"Decawave DW-8",0.123184,1,46,0x88B8,0x99B1,0,"A8F4B8235ECE360A0B7BDE26FBBCE9D17757987C3830048E5137DE24474ABC753335BCB130341B8657404024B888"
713,298578100,298697091,298815028,298799150,298815028,NaN,NaN,298695043,298819124,"decoded_phr_last_chip",0,405.133858,405.293821,144,1.075945,-1497.760536,"Decawave DW-8",0.124611,0,46,0x0000,0x0000,0,""
714,298956700,299075561,299237357,299177620,299193498,299193500,299237357,299073513,299241453,"decoded_payload_last_chip",1,405.647191,405.866641,144,2.262648,-1731.410305,"Decawave DW-8",0.124708,1,46,0x8310,0xD7F8,0,"58CBE822AACB16000B7B7334EBFDE9515D57D9EA8292A6C69123B52127DABD20633D32B13C36E045664840241083"
715,299333600,299454031,299614315,299556091,299571969,299571970,299614315,299451983,299618411,"decoded_payload_last_chip",1,406.160524,406.377923,144,2.262648,-1678.110228,"Decawave DW-8",0.124144,1,44,0x2440,0xCB5F,0,"588BAD25AACB16000B1BDB265B57E9D15757F6CC0742064E21731C25C78A1400C63136B86F35BB0600414024"
716,299713500,299832502,299950439,299934561,299950439,NaN,NaN,299830454,299954535,"decoded_phr_last_chip",0,406.673858,406.833820,144,2.262648,-1709.884029,"Decawave DW-8",0.125702,0,44,0x0000,0x0000,0,""
717,300092000,300210972,300328910,300313031,300328910,NaN,NaN,300208924,300333006,"decoded_phr_last_chip",0,407.187191,407.347154,144,2.262648,-1621.962008,"Decawave DW-8",0.124423,0,45,0x0000,0x0000,0,""
718,300470400,300589443,300707381,300691502,300707381,NaN,NaN,300587395,300711477,"decoded_phr_last_chip",0,407.700525,407.860489,144,2.262648,-1668.788709,"Decawave DW-8",0.124170,0,44,0x0000,0x0000,0,""
719,300848900,300967913,301085851,301069973,301085851,NaN,NaN,300965865,301089947,"decoded_phr_last_chip",0,408.213858,408.373821,144,2.262648,-1608.703390,"Decawave DW-8",0.124473,0,44,0x0000,0x0000,0,""
720,301227400,301346384,301464322,301448443,301464322,NaN,NaN,301344336,301468418,"decoded_phr_last_chip",0,408.727192,408.887155,144,2.262648,-1730.333866,"Decawave DW-8",0.123616,0,44,0x0000,0x0000,0,""
721,301605900,301724854,301842792,301826914,301842792,NaN,NaN,301722806,301846888,"decoded_phr_last_chip",0,409.240525,409.400488,144,2.262648,-1642.003398,"Decawave DW-8",0.124061,0,45,0x0000,0x0000,0,""
722,301984300,302103324,302263609,302205384,302221262,302221264,302263609,302101276,302267705,"decoded_payload_last_chip",1,409.753857,409.971258,144,2.262648,-1643.273130,"Decawave DW-8",0.124480,1,44,0x2440,0xF932,0,"F8E1E8222AC9160A0B1BDB26EBBDF9D157570C13D90C86A53103B12727AAB84006303AB96137E02772404024"
723,302362800,302481795,302642079,302583854,302599733,302599734,302642079,302479747,302646175,"decoded_payload_last_chip",1,410.267192,410.484591,144,2.262648,-1681.379247,"Decawave DW-8",0.124474,1,44,0x2440,0x34B3,0,"58CBE822AACB16000B3BDB26EBFDE9515D571323A89C460491731824874AB30067263CB0689DE8FC76404024"
724,302740612,302860272,302998626,302962331,302978209,302978211,302998626,302858224,303002722,"decoded_payload_last_chip",1,410.780534,410.968188,144,-0.000000,-1623.514306,"Decawave DW-8",0.102545,1,21,0xB3A5,0x4CF3,0,"5C48E008A20BEF0A0A6FCE9EFB54298C0E42E3A5B3"
725,303119700,303224487,303405188,303326546,303342424,303342426,303405188,303222439,303409284,"decoded_payload_last_chip",1,411.274532,411.519623,144,-0.000000,-1728.267773,"Decawave DW-8",0.102354,1,71,0x6211,0x0EA2,0,"FC4BE020CA6A40001A32CBDE72CC5AC0054E4E1899150D210486DFBD49B9F0063BA934A9847ADE446621DBC2A459060CA936687C4BF9C70A60B302DFFCEF7F2E96250A7B751162"
726,303498200,303617213,303735150,303719272,303735150,NaN,NaN,303615165,303739246,"decoded_phr_last_chip",0,411.807201,411.967163,144,-0.000000,-1697.238816,"Decawave DW-8",0.102190,0,43,0x0000,0x0000,0,""
727,303875300,303995683,304113621,304097742,304113621,NaN,NaN,303993635,304117717,"decoded_phr_last_chip",0,412.320534,412.480497,144,-0.000000,-1664.028463,"Decawave DW-8",0.102223,0,17,0x0000,0x0000,0,""
728,304255100,304374153,304492091,304476212,304492091,NaN,NaN,304372105,304496187,"decoded_phr_last_chip",0,412.833866,412.993830,144,-0.000000,-1648.441514,"Decawave DW-8",0.102865,0,17,0x0000,0x0000,0,""
729,304633800,304752618,304912903,304854678,304870556,304870558,304912903,304750570,304916999,"decoded_payload_last_chip",1,413.347192,413.564593,144,2.594925,-1602.408451,"Decawave DW-8",0.124325,1,44,0x2440,0x40DE,0,"F8A1ED88A8CB16000B1BDB265BB7E9D157576413589826C41162BF368730B9C0CC3E3DB1F031EB8703414024"
730,305390700,305509559,305627497,305611618,305627497,NaN,NaN,305507511,305631593,"decoded_phr_last_chip",0,414.373859,414.533823,144,2.262648,-1691.783017,"Decawave DW-8",0.123789,0,44,0x0000,0x0000,0,""
731,305769000,305888036,306005973,305990095,306005973,NaN,NaN,305885988,306010069,"decoded_phr_last_chip",0,414.887202,415.047164,144,-0.000000,-1702.787648,"Decawave DW-8",0.102259,0,25,0x0000,0x0000,0,""
732,306147600,306201232,306425792,306303291,306319170,306319171,306425792,306199184,306429888,"decoded_payload_last_chip",1,415.312001,415.616580,144,1.693030,-1512.577643,"Decawave DW-8",0.104043,1,123,0xF8DC,0x7AD3,0,"5C48E000CA6A3A004B2FDBCBDA67F1C00D4E4A0CD950003514868FBCFDE9F0E737622CA9C80A6000EC3E3DA0BB51461C514B136281F7505E9FCC14803E0227270930B8F9762EDB8F76C4820C078895C49058F1C7477F221AE8A88AC8E476888ED4288658E449A948A56A2B2885ACC689D4180629EC00317CE4DCF8"
733,306526000,306644976,306783331,306747036,306762914,306762915,306783331,306642928,306787427,"decoded_payload_last_chip",1,415.913867,416.101523,144,-0.000000,-1651.426670,"Decawave DW-8",0.103168,1,21,0xF860,0x10FD,0,"5C48E0080A6BBA0A526F669FFB5429CC0E423860F8"
734,306904400,307023447,307141385,307125506,307141385,NaN,NaN,307021399,307145481,"decoded_phr_last_chip",0,416.427201,416.587165,144,4.734947,-1876.269802,"Decawave DW-8",0.102134,0,123,0x0000,0x0000,0,""
735,307282900,307401918,307519855,307503977,307519855,NaN,NaN,307399870,307523951,"decoded_phr_last_chip",0,416.940535,417.100498,144,-0.000000,-1728.130666,"Decawave DW-8",0.102488,0,107,0x0000,0x0000,0,""
736,308040100,308158859,308276796,308260918,308276796,NaN,NaN,308156811,308280892,"decoded_phr_last_chip",0,417.967202,418.127165,144,-0.000000,-1724.413566,"Decawave DW-8",0.102465,0,17,0x0000,0x0000,0,""
737,308416748,308537329,308655267,308639388,308655267,NaN,NaN,308535281,308659363,"decoded_phr_last_chip",0,418.480535,418.640499,144,-0.000000,-1609.124218,"Decawave DW-8",0.102347,0,17,0x0000,0x0000,0,""
738,308796800,308915793,309076078,309017853,309033731,309033733,309076078,308913745,309080174,"decoded_payload_last_chip",1,418.993860,419.211260,144,2.262648,-1671.157201,"Decawave DW-8",0.124358,1,44,0x2440,0x92CE,0,"F8E1E822AACB16000B7B76244B57E9515D57A377E19C068E49231A2CC7AABE21363B3019719BED8777484024"
739,309175600,309251504,309391371,309353563,309369442,309369443,309391371,309249456,309395467,"decoded_payload_last_chip",1,419.449197,419.638904,144,-0.000000,-1665.921007,"Decawave DW-8",0.100988,1,23,0x0D00,0x75C3,0,"FC4AE020CA6ABA0A1A2FCB5E224DF0C0054E4E18CD000D"
740,309932200,309985937,310165126,310087996,310103875,310103876,310165126,309983889,310169222,"decoded_payload_last_chip",1,420.445336,420.688376,144,0.000000,-1632.509728,"Decawave DW-8",0.103032,1,69,0xB6C5,0xDDB5,0,"5C48E000CA6A60000A2FCF7E724CF0C0050E5B64D9000D818E86ABB8E9B9F0E722602C919C0B4000ACBEDD88B9D14129044A1333C0B7554A956C0AD46E8224AFA330B8C5B6"
741,310310788,310429682,310547619,310531741,310547619,NaN,NaN,310427634,310551715,"decoded_phr_last_chip",0,421.047203,421.207166,144,-0.000000,-1619.000312,"Decawave DW-8",0.101666,0,43,0x0000,0x0000,0,""
742,310689100,310808146,310926084,310910205,310926084,NaN,NaN,310806098,310930180,"decoded_phr_last_chip",0,421.560528,421.720492,144,2.262648,-1631.967591,"Decawave DW-8",0.124806,0,12,0x0000,0x0000,0,""
743,311446100,311565087,311725371,311667146,311683025,311683026,311725371,311563039,311729467,"decoded_payload_last_chip",1,422.587195,422.804594,144,2.262648,-1649.312768,"Decawave DW-8",0.124752,1,44,0x2440,0xFDCA,0,"F8E1E8222AC916000B3B3331EBFDE9515D572309509827E45146B13F47601000633896B3C099E02D76404024"
744,311824700,311943558,312105354,312045617,312061495,312061497,312105354,311941510,312109450,"decoded_payload_last_chip",1,423.100529,423.319979,144,2.262648,-1685.130708,"Decawave DW-8",0.123656,1,46,0xE840,0xC580,0,"F8E1E888A8CB160A0B3BDB26EBBDF9515D570845B04446C54183B327A7CABB20A7263EB17CB1E08C6D40402440E8"
745,312203000,312322028,312482312,312424087,312439966,312439967,312482312,312319980,312486408,"decoded_payload_last_chip",1,423.613862,423.831261,144,2.262648,-1653.672436,"Decawave DW-8",0.123932,1,44,0x2440,0x9C47,0,"58CBE822AA9B16000B9B27315B57E9D1575716E25237060571031C29A79A14A06732321B6299E1870B494024"
746,312581700,312700499,312818436,312802558,312818436,NaN,NaN,312698451,312822532,"decoded_phr_last_chip",0,424.127196,424.287158,144,2.262648,-1682.609952,"Decawave DW-8",0.124755,0,45,0x0000,0x0000,0,""
747,312960000,313078969,313196907,313181028,313196907,NaN,NaN,313076921,313201003,"decoded_phr_last_chip",0,424.640529,424.800492,144,2.262648,-1702.708400,"Decawave DW-8",0.124092,0,44,0x0000,0x0000,0,""
748,314095500,314214380,314332318,314316440,314332318,NaN,NaN,314212332,314336414,"decoded_phr_last_chip",0,426.180528,426.340492,144,2.262648,-1632.993974,"Decawave DW-8",0.124474,0,44,0x0000,0x0000,0,""
749,314474100,314592851,314753892,314694911,314710789,314710790,314753892,314590803,314757988,"decoded_payload_last_chip",1,426.693863,426.912288,144,2.262648,-1644.693908,"Decawave DW-8",0.124019,1,45,0x0284,0x6672,0,"58CBE828AACB16000B3B9B335BB7E9D15757CC24E51CA62531E3B72E0760BD7026216A1B369EECC72C41408402"
750,314852300,314971327,315089265,315073387,315089265,NaN,NaN,314969279,315093361,"decoded_phr_last_chip",0,427.207204,427.367167,144,-0.000000,-1625.885507,"Decawave DW-8",0.102835,0,17,0x0000,0x0000,0,""
751,315230800,315349792,315467730,315451851,315467730,NaN,NaN,315347744,315471826,"decoded_phr_last_chip",0,427.720530,427.880493,144,2.262648,-1698.278734,"Decawave DW-8",0.124710,0,44,0x0000,0x0000,0,""
752,315609600,315728263,315888547,315830322,315846200,315846202,315888547,315726215,315892643,"decoded_payload_last_chip",1,428.233864,428.451263,144,2.262648,-1676.081083,"Decawave DW-8",0.124841,1,44,0x2440,0x14D3,0,"F8E1E822AACB160A0B9B7724BBFDE9D157573207A11BA6C781861825271ABAC9C630B6B1D531EC7275404024"
753,315987700,316041465,316256194,316143524,316159403,316159404,316256194,316039417,316260290,"decoded_payload_last_chip",1,428.658671,428.949916,144,0.000000,-1563.759207,"Decawave DW-8",0.104134,1,110,0x4161,0x1EA0,0,"5C48E000A26B3A00533FCF6B724CF0C00D664E9899150D210486ABBC5DE9F067A2602C85CC0E4000EE3DDD28B9514668443713332AC8504A956C0AD46E8220AFA330B8C5161BAB2F7DC5220B058861C59070F9C7AF7D221AF80288C8D08B88BF2C810DDAAA0C01D9CA8A08406141"
754,317123020,317176876,317319768,317278935,317294813,317294815,317319768,317174828,317323864,"decoded_payload_last_chip",1,430.198671,430.392480,144,-0.000000,-1586.132284,"Decawave DW-8",0.104604,1,27,0xAB86,0x35B6,0,"5C48E000CA6A10000A2F6BCB724CF0C0054E4E64D9000521A486AB"
755,317501600,317620621,317738558,317722680,317738558,NaN,NaN,317618573,317742654,"decoded_phr_last_chip",0,430.800538,430.960501,144,-0.000000,-1612.011637,"Decawave DW-8",0.102991,0,17,0x0000,0x0000,0,""
756,317880000,317999092,318178280,318101151,318117029,318117031,318178280,317997044,318182376,"decoded_payload_last_chip",1,431.313873,431.556912,144,-0.000000,-1717.805384,"Decawave DW-8",0.102220,1,69,0x60F5,0x8D34,0,"5C48E0080A6BE20A0A6FCE9EFBD4298C0E023058E817C650BF473E2D78307815CE2092B0EE3868730C4D81C323D4047AE10D65230047AE367001AFD1857028CB2B6844F560"
757,318258600,318377562,318510623,318479621,318495499,318495501,318510623,318375514,318514719,"decoded_payload_last_chip",1,431.827205,432.007681,144,-0.000000,-1605.946382,"Decawave DW-8",0.101917,1,14,0xD4FB,0x84EB,0,"5C5DE0000A6BBA0A0A6F669FFBD4"
758,318637000,318756033,318935221,318858092,318873970,318873972,318935221,318753985,318939317,"decoded_payload_last_chip",1,432.340540,432.583579,144,-0.000000,-1772.173470,"Decawave DW-8",0.101650,1,69,0x2ED1,0x2445,0,"5C48E008A261E20A0A2FCBDEEED4298C0E42C929ED9EC680D5C6162A6A60D055AC34561DC239941CFE4581A3CE264603740115E12E20A31E3915204667EE5EABDFD66DD12E"
759,319015500,319134503,319252441,319236562,319252441,NaN,NaN,319132455,319256537,"decoded_phr_last_chip",0,432.853872,433.013836,144,-0.000000,-1624.001035,"Decawave DW-8",0.101740,0,17,0x0000,0x0000,0,""
760,319394000,319512974,319692162,319615033,319630911,319630912,319692162,319510926,319696258,"decoded_payload_last_chip",1,433.367206,433.610246,144,-0.000000,-1691.076583,"Decawave DW-8",0.102442,1,69,0xEF2D,0x24D8,0,"5C5DE0000A6BBA0A0A32CFDEEE54298C0E422C529838330591069026C6107ADB463638B568356756271D8183964847209288AF0DB1889777174369E2C7A4B09ED8C1452DEF"
761,319772400,319891438,320009376,319993497,320009376,NaN,NaN,319889390,320013472,"decoded_phr_last_chip",0,433.880531,434.040495,144,2.262648,-1641.640004,"Decawave DW-8",0.125427,0,44,0x0000,0x0000,0,""
762,320150900,320269914,320408269,320371973,320387852,320387853,320408269,320267866,320412365,"decoded_payload_last_chip",1,434.393872,434.581528,144,-0.000000,-1708.244244,"Decawave DW-8",0.102719,1,21,0x5979,0x4A1E,0,"5C5DE0000A6BBA0A0A2F3BCBEEF4298C0E424B7959"
763,320907800,321026850,321187134,321128909,321144787,321144789,321187134,321024802,321191230,"decoded_payload_last_chip",1,435.420532,435.637931,144,2.262648,-1650.697067,"Decawave DW-8",0.123810,1,44,0x2440,0x1B6E,0,"F8E1E827AACB160A0B9B73244B57E9D15757F30A309D26700BD3B62232603B10A72A32B7FE31ED4B59404024"
764,321286300,321405320,321565604,321507379,321523258,321523259,321565604,321403272,321569700,"decoded_payload_last_chip",1,435.933865,436.151264,144,2.262648,-1615.137476,"Decawave DW-8",0.124116,1,44,0x2440,0x9E6C,0,"F8E12028AACB16000B1BDB265B57E9D157573BD6221647651173B47466CFB950C72838B2C23B45860A434024"
765,321664800,321783791,321944075,321885850,321901728,321901730,321944075,321781743,321948171,"decoded_payload_last_chip",1,436.447199,436.664598,144,2.262648,-1629.503421,"Decawave DW-8",0.123938,1,44,0x2440,0x239C,0,"F8E1A828AA9B160A0B9B77244B57E9515D571943193206C51183B22647DA15E0E63439B7383E4E0602414024"
766,322043352,322096993,322276182,322199052,322214931,322214932,322276182,322094945,322280278,"decoded_payload_last_chip",1,436.872007,437.115047,144,0.000000,-1598.674469,"Decawave DW-8",0.104172,1,69,0xB6C5,0x14A2,0,"5C48E000A26B6A00532FCF7E224DF0C0054E4E9899150D21A486ABB8E9B9F0E722600485C80E4000EC3EDD80B951467C513713332AC8504A954C1ED56EA220AF8B30B8C5B6"
767,322421076,322540731,322658669,322642791,322658669,NaN,NaN,322538683,322662765,"decoded_phr_last_chip",0,437.473865,437.633828,144,4.570787,-1782.463559,"Decawave DW-8",0.124211,0,46,0x0000,0x0000,0,""
768,322798900,322919202,323079486,323021261,323037140,323037141,323079486,322917154,323083582,"decoded_payload_last_chip",1,437.987199,438.204598,144,2.262648,-1648.424455,"Decawave DW-8",0.124385,1,44,0x2440,0x99D3,0,"F8E1E888A8CB1600001BDB264B57E9515D570654A512E78E31233277A69FBA7066373433E8317F8662404024"
769,323178700,323297673,323457957,323399732,323415610,323415612,323457957,323295625,323462053,"decoded_payload_last_chip",1,438.500533,438.717932,144,0.664554,-1860.202048,"Decawave DW-8",0.124188,1,44,0x8640,0x6C2A,0,"58CBE888A8CB160A0B1BD9B4EB5DE9515D575901F09446B27106FF2EE7AAD0D5A3363698F5338F3C29014086"
770,323557100,323676143,323794081,323778202,323794081,NaN,NaN,323674095,323798177,"decoded_phr_last_chip",0,439.013866,439.173829,144,2.262648,-1727.215694,"Decawave DW-8",0.123727,0,44,0x0000,0x0000,0,""
771,323935600,324054613,324214898,324156673,324172551,324172553,324214898,324052565,324218994,"decoded_payload_last_chip",1,439.527199,439.744599,144,2.262648,-1603.301794,"Decawave DW-8",0.124035,1,44,0x2440,0xCA2B,0,"F8E1A828AACB16000B1BDB26EBBDE9515D570329D946E6CF11F3372BC7C0B8E0A63C9235C23AE5A765404024"
772,324314100,324433084,324593368,324535143,324551022,324551023,324593368,324431036,324597464,"decoded_payload_last_chip",1,440.040533,440.257932,144,2.262648,-1655.937848,"Decawave DW-8",0.124815,1,44,0x2440,0x0AC1,0,"F8E1E888A89B16000B9B77244B57E9515D57E6B80832C69F71233D2C4762102A26363A1966324DF277404024"
773,324692600,324811554,324961252,324913614,324929492,324929494,324961252,324809506,324965348,"decoded_payload_last_chip",1,440.553866,440.756906,144,2.262648,-1688.809965,"Decawave DW-8",0.124472,1,36,0xB630,0xD3E6,0,"58CBA8282AC916000B7B2631EBFDE9515D572320DD38C68E11033321E74AB8C0262D30B6"
774,325071000,325190025,325350309,325292085,325307963,325307964,325350309,325187977,325354405,"decoded_payload_last_chip",1,441.067200,441.284599,144,2.262648,-1539.762682,"Decawave DW-8",0.124417,1,44,0x2440,0x51CD,0,"58CBE822AACB16000B9B7724ABBDE9D157578C01189EA6A4F196352C078AB861E6393031663DEF6758404024"
775,325449500,325568496,325728780,325670555,325686433,325686435,325728780,325566448,325732876,"decoded_payload_last_chip",1,441.580534,441.797933,144,2.262648,-1591.161910,"Decawave DW-8",0.124447,1,44,0x2440,0x9780,0,"FCF5A8282AC916000B1BDB265BB7E9D157572278089EE66E9123E07A2680112026233837CA3F494668404024"
776,325828000,325946966,326064904,326049025,326064904,NaN,NaN,325944918,326069000,"decoded_phr_last_chip",0,442.093867,442.253830,144,1.772144,-1761.449368,"Decawave DW-8",0.124060,0,44,0x0000,0x0000,0,""
777,326206400,326325436,326485720,326427496,326443374,326443376,326485720,326323388,326489816,"decoded_payload_last_chip",1,442.607199,442.824599,144,2.262648,-1650.075242,"Decawave DW-8",0.123876,1,44,0x2440,0xF968,0,"F8E1E822AA9B16000B9B77244BB7E9515D576C44A53266840103B12327BABA10E7373518623145867E404024"
778,326584900,326703907,326864191,326805966,326821845,326821846,326864191,326701859,326868287,"decoded_payload_last_chip",1,443.120534,443.337933,144,2.262648,-1741.403510,"Decawave DW-8",0.124697,1,44,0x2440,0x9C2F,0,"F8E1E888A8CB16000B9B27314B57E9515D57392A2D96A76531233522A7CABFA0273DD0B2EE35600728414024"
779,326963500,327082378,327200315,327184437,327200315,NaN,NaN,327080330,327204411,"decoded_phr_last_chip",0,443.633868,443.793830,144,2.262648,-1640.164566,"Decawave DW-8",0.123693,0,46,0x0000,0x0000,0,""
780,327341800,327447349,327626537,327549408,327565287,327565288,327626537,327445301,327630633,"decoded_payload_last_chip",1,444.128891,444.371931,144,-0.000000,-1634.183969,"Decawave DW-8",0.100774,1,69,0x248A,0x8279,0,"5C48E0084A6ABA0A1A2FCB9E224DF0C00D664E9899150D61A18BEBEDE9B969766E440081F9EF6A8DC50E86D059A4DEFD2D1F90BD9F5C956ABF5BEE77E2587F8C04F2C28A24"
781,327720300,327830321,327948259,327932380,327948259,NaN,NaN,327828273,327952355,"decoded_phr_last_chip",0,444.648330,444.808294,144,-0.000000,-1619.112785,"Decawave DW-8",0.103189,0,17,0x0000,0x0000,0,""
782,328098800,328208792,328326729,328310851,328326729,NaN,NaN,328206744,328330825,"decoded_phr_last_chip",0,445.161664,445.321627,144,-0.000000,-1660.646537,"Decawave DW-8",0.103690,0,17,0x0000,0x0000,0,""
783,328477400,328596259,328714198,328698319,328714198,NaN,NaN,328594211,328718294,"decoded_phr_last_chip",0,445.687200,445.847165,144,10.365856,-2191.315387,"Decawave DW-8",0.121267,0,46,0x0000,0x0000,0,""
784,328855800,328974736,329092673,329076795,329092673,NaN,NaN,328972688,329096769,"decoded_phr_last_chip",0,446.200543,446.360505,144,-0.000000,-1720.273957,"Decawave DW-8",0.102360,0,43,0x0000,0x0000,0,""
785,329612700,329666402,329845591,329768461,329784340,329784341,329845591,329664354,329849687,"decoded_payload_last_chip",1,447.138675,447.381715,144,0.000000,-1550.245355,"Decawave DW-8",0.104895,1,69,0x76C5,0x7C26,0,"5C48E000CA6A3000523F6763724CF0C00D664E0499150121A486DFBDEDE9F0E722622C91CC0E0000AC3EDD20B951467D513763332AC8504A75991FD46E822003A330B8C576"
786,329991100,330110147,330228085,330212206,330228085,NaN,NaN,330108099,330232181,"decoded_phr_last_chip",0,447.740542,447.900506,144,-0.000000,-1641.087886,"Decawave DW-8",0.102462,0,27,0x0000,0x0000,0,""
787,330369600,330488618,330667806,330590677,330606555,330606557,330667806,330486570,330671902,"decoded_payload_last_chip",1,448.253876,448.496916,144,-0.000000,-1676.631479,"Decawave DW-8",0.101736,1,69,0xC201,0xE7B6,0,"5C48E0081E4BE20A0A6FCE9EFB54298C0E4229A97293038590C61533120B5505533B96B46A379A5C011481C393DC62E4BDC4D978398B2689BAADBEF7EBDD1DC2A7889601C2"
788,330748100,330867088,330985026,330969147,330985026,NaN,NaN,330865040,330989122,"decoded_phr_last_chip",0,448.767209,448.927173,144,-0.000000,-1666.400725,"Decawave DW-8",0.101614,0,27,0x0000,0x0000,0,""
789,331505000,331624030,331762384,331726089,331741967,331741969,331762384,331621982,331766480,"decoded_payload_last_chip",1,449.793877,449.981532,144,-0.000000,-1690.269065,"Decawave DW-8",0.101663,1,21,0x8127,0xF466,0,"5C5DE0080A6BE20A0A6FCEDEE45429CC0E42292781"
790,331883500,332002494,332203611,332104552,332120430,332120432,332203611,332000446,332207707,"decoded_payload_last_chip",1,450.307202,450.579985,144,1.898726,12251.599106,"Decawave DW-8",0.081603,1,92,0x48EB,0x1F8B,0,"29E0E9A9662832420B2C849D4B0DC594B0785105343BE71AC3AEB306DF0BFD01A26B29E8BB0A39866200404444206E2F79DF1172EE5E19B01291052164E055A521B75EA8917A2EAFDBFD8D5A69DC150AB917C1A56C877AF20E90EB48"
791,332262200,332380970,332498908,332483030,332498908,NaN,NaN,332378922,332503004,"decoded_phr_last_chip",0,450.820543,450.980507,144,-0.000000,-1663.712089,"Decawave DW-8",0.102053,0,17,0x0000,0x0000,0,""
792,332640400,332759435,332877373,332861494,332877373,NaN,NaN,332757387,332881469,"decoded_phr_last_chip",0,451.333869,451.493833,144,2.262648,-1613.369044,"Decawave DW-8",0.123710,0,46,0x0000,0x0000,0,""
793,333018900,333137905,333299702,333239965,333255843,333255845,333299702,333135857,333303798,"decoded_payload_last_chip",1,451.847202,452.066653,144,2.262648,-1703.022318,"Decawave DW-8",0.123823,1,46,0x3880,0x0F27,0,"58CBA828AACB16000B7B7624EBBDE9515D574887039147A701B3B821874A1460FC283CB23B36322C284140248038"
794,333397500,333516382,333634319,333618441,333634319,NaN,NaN,333514334,333638415,"decoded_phr_last_chip",0,452.360544,452.520506,144,-0.000000,-1641.429848,"Decawave DW-8",0.102230,0,17,0x0000,0x0000,0,""
795,333775800,333894847,334055131,333996906,334012784,334012786,334055131,333892799,334059227,"decoded_payload_last_chip",1,452.873870,453.091269,144,0.759490,-1380.145398,"Decawave DW-8",0.123871,1,44,0x8440,0x65DA,0,"FCF5A88FA8CB160A0B9B27315B57E951DDFC43FAE29146C510B2A321A78A3B3A472910B66633190678004084"
796,334154600,334208048,334346403,334310107,334325986,334325987,334346403,334206000,334350499,"decoded_payload_last_chip",1,453.298676,453.486332,144,0.000000,-1505.393807,"Decawave DW-8",0.103159,1,21,0x9964,0xD1A4,0,"5C48E000CA6A10000A7A6663724CF0C00D664E6499"
797,334532800,334651788,334769725,334753847,334769725,NaN,NaN,334649740,334773821,"decoded_phr_last_chip",0,453.900537,454.060499,144,2.262648,-1710.824306,"Decawave DW-8",0.124047,0,44,0x0000,0x0000,0,""
798,335289800,335408728,335526666,335510788,335526666,NaN,NaN,335406680,335530762,"decoded_phr_last_chip",0,454.927203,455.087166,144,2.262648,-1705.733384,"Decawave DW-8",0.124297,0,44,0x0000,0x0000,0,""
799,336425100,336544140,336704424,336646199,336662078,336662079,336704424,336542092,336708520,"decoded_payload_last_chip",1,456.467204,456.684603,144,2.262648,-1642.778844,"Decawave DW-8",0.124113,1,44,0x2440,0xDE03,0,"F8E1E822AACB16000B7B76245BB7E9515D572603D09B06C49106647586A0BD20A63C36B86E311F665D404024"
800,336803600,336922610,337040548,337024670,337040548,NaN,NaN,336920562,337044644,"decoded_phr_last_chip",0,456.980537,457.140500,144,2.262648,-1657.119373,"Decawave DW-8",0.124208,0,44,0x0000,0x0000,0,""
801,337182200,337301081,337419019,337403141,337419019,NaN,NaN,337299033,337423115,"decoded_phr_last_chip",0,457.493871,457.653834,144,4.149507,-1782.565252,"Decawave DW-8",0.123539,0,46,0x0000,0x0000,0,""
802,337560800,337679551,337797489,337781611,337797489,NaN,NaN,337677503,337801585,"decoded_phr_last_chip",0,458.007204,458.167167,144,2.262648,-1669.247101,"Decawave DW-8",0.123968,0,46,0x0000,0x0000,0,""
803,338317700,338436493,338596777,338538552,338554430,338554432,338596777,338434445,338600873,"decoded_payload_last_chip",1,459.033872,459.251271,144,2.262648,-1659.696396,"Decawave DW-8",0.124153,1,44,0x2440,0xE903,0,"FCF5B829AACB160A0B9B2731EBFDE9D157574870389647459186B072A60A1060863E3818CB99442773404024"
804,339074400,339193433,339343131,339295493,339311371,339311373,339343131,339191385,339347227,"decoded_payload_last_chip",1,460.060537,460.263578,144,2.262648,-1592.056472,"Decawave DW-8",0.124544,1,36,0x3732,0x6CE3,0,"58CBE822AACB16000B9B7724EBBDE9D15757D808A59D46E591B3B770A63FBFB0262B3237"
805,339452900,339571904,339732188,339673963,339689842,339689843,339732188,339569856,339736284,"decoded_payload_last_chip",1,460.573872,460.791271,144,2.262648,-1611.528354,"Decawave DW-8",0.123886,1,44,0x2440,0xE864,0,"58EBA88FA8CB160A0B7B76244B57E9515D574C74B8322645118631240772BEA066306AB36833E76C07414024"
806,339831400,339950374,340110658,340052434,340068312,340068313,340110658,339948326,340114754,"decoded_payload_last_chip",1,461.087204,461.304603,144,2.262648,-1640.188798,"Decawave DW-8",0.124692,1,44,0x2440,0x422A,0,"F8E1E888A8CB160A0B9B77244BB7E9D157571629F09A478FF172B72207CAB8E1E639B8B43C9C130700414024"
807,340209800,340262076,340380013,340364135,340380013,NaN,NaN,340260028,340384109,"decoded_phr_last_chip",0,461.509977,461.669940,144,0.561706,-1632.196345,"Decawave DW-8",0.104001,0,43,0x0000,0x0000,0,""
808,340588400,340707315,340825253,340809375,340825253,NaN,NaN,340705267,340829349,"decoded_phr_last_chip",0,462.113871,462.273835,144,2.262648,-1728.111055,"Decawave DW-8",0.124275,0,60,0x0000,0x0000,0,""
809,340966800,341080540,341198478,341182599,341198478,NaN,NaN,341078492,341202574,"decoded_phr_last_chip",0,462.620090,462.780054,144,-0.000000,-1669.940692,"Decawave DW-8",0.101930,0,1,0x0000,0x0000,0,""
810,341345300,341441004,341574821,341543063,341558941,341558943,341574821,341438956,341578917,"decoded_payload_last_chip",1,463.109001,463.290502,144,-0.000000,-1705.816970,"Decawave DW-8",0.100890,1,15,0xF067,0xF2BF,0,"5C48E020A261B20A1A2FCBDE8A67F0"
811,341723700,341842733,341985624,341944792,341960670,341960672,341985624,341840685,341989720,"decoded_payload_last_chip",1,463.653880,463.847689,144,-0.000000,-1641.382799,"Decawave DW-8",0.102415,1,27,0xBD46,0x860B,0,"5C48E0080A4BE20A0A6FCEDEEED4298C0E42B902ED1793CF6546BD"
812,342101544,342155929,342289747,342257989,342273867,342273868,342289747,342153881,342293843,"decoded_payload_last_chip",1,464.078680,464.260182,144,0.000000,-1585.272572,"Decawave DW-8",0.103978,1,15,0xF04C,0xE5FE,0,"5C48E0000A6B300012326763724CF0"
813,342480700,342599674,342738028,342701733,342717611,342717612,342738028,342597626,342742124,"decoded_payload_last_chip",1,464.680547,464.868202,144,-0.000000,-1637.107794,"Decawave DW-8",0.102875,1,21,0x8813,0xEFF2,0,"5C5DE0000A6BBA0A0A6FCE9EFBF4298C0E42291388"
814,342859100,342978144,343096082,343080203,343096082,NaN,NaN,342976096,343100178,"decoded_phr_last_chip",0,465.193880,465.353844,144,-0.490504,-1741.937842,"Decawave DW-8",0.102794,0,17,0x0000,0x0000,0,""
815,343237600,343356615,343474552,343458674,343474552,NaN,NaN,343354567,343478648,"decoded_phr_last_chip",0,465.707214,465.867177,144,-0.000000,-1683.365673,"Decawave DW-8",0.103340,0,17,0x0000,0x0000,0,""
816,343994500,344113550,344273834,344215609,344231487,344231489,344273834,344111502,344277930,"decoded_payload_last_chip",1,466.733873,466.951272,144,2.262648,-1656.589459,"Decawave DW-8",0.125640,1,44,0x2440,0x7F8B,0,"F8E1A825AACB16000B9B27314B57E9515D578C55E53607248121C97B865A12E0073E341C633369A776404024"
817,345508400,345627432,345787716,345729491,345745370,345745371,345787716,345625384,345791812,"decoded_payload_last_chip",1,468.787207,469.004606,144,2.262648,-1634.174287,"Decawave DW-8",0.124080,1,44,0x2440,0x95DF,0,"F8E1E822AACB160A0B9B27314BB7E9D15757ACDC9299C7CFB103B423275A1520E738BC189234BB667E414024"
818,345886900,346005902,346166187,346107962,346123840,346123842,346166187,346003854,346170283,"decoded_payload_last_chip",1,469.300540,469.517940,144,2.262648,-1656.263360,"Decawave DW-8",0.124325,1,44,0x2440,0xE86F,0,"58CBA8282A99160A0B9B27315B57E9515D5726FE02C406AF3103632467B21410C72E383E663FBDE62C414024"
819,346265400,346384373,346544657,346486432,346502311,346502312,346544657,346382325,346548753,"decoded_payload_last_chip",1,469.813874,470.031273,144,2.262648,-1656.129691,"Decawave DW-8",0.123605,1,44,0x2440,0x3E72,0,"F8E1E828AA9B16000B7B26315B57E9515D573656A89EA665D1833725278AB950B33E6837C035E2A476414024"
820,347022300,347141314,347303111,347243374,347259252,347259254,347303111,347139266,347307207,"decoded_payload_last_chip",1,470.840541,471.059992,144,6.621806,-1800.977466,"Decawave DW-8",0.122612,1,46,0xD306,0x8440,0,"A8F4B8235ECE16007F1BDB26AB1DE9D15757D6781899C624F1038B358760BAE0CE38301ABA34E76DAB40402406D3"
821,347400800,347519785,347637722,347621844,347637722,NaN,NaN,347517737,347641818,"decoded_phr_last_chip",0,471.353875,471.513837,144,2.262648,-1584.635275,"Decawave DW-8",0.123737,0,44,0x0000,0x0000,0,""
822,347779300,347898255,348016193,348000314,348016193,NaN,NaN,347896207,348020289,"decoded_phr_last_chip",0,471.867208,472.027171,144,2.262648,-1659.130160,"Decawave DW-8",0.124726,0,44,0x0000,0x0000,0,""
823,348157700,348276725,348394663,348378785,348394663,NaN,NaN,348274677,348398759,"decoded_phr_last_chip",0,472.380541,472.540504,144,2.262648,-1613.676624,"Decawave DW-8",0.123930,0,44,0x0000,0x0000,0,""
824,348536200,348655196,348815480,348757255,348773133,348773135,348815480,348653148,348819576,"decoded_payload_last_chip",1,472.893875,473.111274,144,2.262648,-1611.886939,"Decawave DW-8",0.123600,1,44,0x2440,0x0F8F,0,"58CBE822AACB16000B9B77244BB7E9515D575252089926E631031C2C07A0BB31663A38306838E20778404024"
825,348914700,349033666,349151604,349135725,349151604,NaN,NaN,349031618,349155700,"decoded_phr_last_chip",0,473.407208,473.567171,144,2.262648,-1737.665848,"Decawave DW-8",0.124524,0,46,0x0000,0x0000,0,""
826,349293100,349412137,349530075,349514196,349530075,NaN,NaN,349410089,349534171,"decoded_phr_last_chip",0,473.920542,474.080505,144,2.262648,-1716.145494,"Decawave DW-8",0.124575,0,44,0x0000,0x0000,0,""
827,349671600,349790608,349952404,349892667,349908545,349908547,349952404,349788560,349956500,"decoded_payload_last_chip",1,474.433876,474.653326,144,2.262648,-1637.346845,"Decawave DW-8",0.123999,1,46,0xD840,0x100D,0,"F8E1E888A8CB16000B9B2731EBFDE9515D57D244B09BE7A55163B123674BB075E62330B7603145E77340402440D8"
828,350050200,350169078,350287015,350271137,350287015,NaN,NaN,350167030,350291111,"decoded_phr_last_chip",0,474.947209,475.107171,144,2.262648,-1637.224880,"Decawave DW-8",0.124726,0,44,0x0000,0x0000,0,""
829,350428500,350547548,350665486,350649607,350665486,NaN,NaN,350545500,350669582,"decoded_phr_last_chip",0,475.460541,475.620505,144,2.262648,-1662.998060,"Decawave DW-8",0.123914,0,60,0x0000,0x0000,0,""
830,350807000,350926019,351086303,351028078,351043956,351043958,351086303,350923971,351090399,"decoded_payload_last_chip",1,475.973876,476.191275,144,2.262648,-1633.359098,"Decawave DW-8",0.124393,1,44,0x2440,0xE02B,0,"58EBE822AACB16000B9B7724EBBDE9D1575786515D828664118335322721BCA0933E32186D9CB8A662404024"
831,351185500,351304489,351464773,351406548,351422427,351422428,351464773,351302441,351468869,"decoded_payload_last_chip",1,476.487208,476.704607,144,2.262648,-1571.239539,"Decawave DW-8",0.124248,1,44,0x2440,0xC3F7,0,"F8E1C022AACB16000B7BDE264BB7E9515D57A244589A06EF11F21824076A11F0CD3FBAB3BA306B0622414024"
832,351563348,351682965,351821320,351785025,351800903,351800904,351821320,351680917,351825416,"decoded_payload_last_chip",1,477.000549,477.188205,144,-0.000000,-1649.462465,"Decawave DW-8",0.102137,1,21,0xE821,0x5ECD,0,"5C5DE0080A6BBA0A0A22679FFBD4298C0E424B21E8"
833,351942400,352061436,352179374,352163495,352179374,NaN,NaN,352059388,352183470,"decoded_phr_last_chip",0,477.513883,477.673847,144,0.870249,-1521.202807,"Decawave DW-8",0.102397,0,17,0x0000,0x0000,0,""
834,352320900,352416648,352534586,352518707,352534586,NaN,NaN,352414600,352538682,"decoded_phr_last_chip",0,477.995671,478.155634,144,1.977839,-1652.899530,"Decawave DW-8",0.101815,0,47,0x0000,0x0000,0,""
835,352699400,352818377,352936315,352920436,352936315,NaN,NaN,352816329,352940411,"decoded_phr_last_chip",0,478.540550,478.700514,144,-0.000000,-1628.770464,"Decawave DW-8",0.102361,0,17,0x0000,0x0000,0,""
836,354213300,354266985,354384924,354369045,354384924,NaN,NaN,354264937,354389020,"decoded_phr_last_chip",0,480.505351,480.665316,144,5.237319,-1945.906882,"Decawave DW-8",0.102130,0,123,0x0000,0x0000,0,""
837,354591700,354710730,354889918,354812789,354828667,354828669,354889918,354708682,354894014,"decoded_payload_last_chip",1,481.107218,481.350258,144,-0.000000,-1618.589668,"Decawave DW-8",0.102425,1,69,0xC8CC,0x8E3F,0,"5C5DE0080A6BBA0A0A6F66C9E454298C0E42B9E2C093039A4593B12C327F5155D331C21DFC993F86AA2881D313C84E39249946080AEFAD722410327D4931D36B64702BCCC8"
838,354970200,355089200,355207138,355191259,355207138,NaN,NaN,355087152,355211234,"decoded_phr_last_chip",0,481.620551,481.780515,144,-0.000000,-1642.748106,"Decawave DW-8",0.102333,0,17,0x0000,0x0000,0,""
839,355348800,355401647,355617132,355503706,355519584,355519585,355617132,355399599,355621228,"decoded_payload_last_chip",1,482.044335,482.336605,144,0.000000,-1581.672532,"Decawave DW-8",0.102708,1,111,0xE0E9,0x2EAC,0,"5C5DE0000A6B60000B3267CB72CD4FC00D664E0CD9100D21F4838BBC5DE9F0E722600085CC0E4080463C9DA80353066C44B711336AC8D04A956C5AD46EC225AFA330B8C1F62EEB7ADDCF370B050C61D19058F9C71777E21658A817840C249EABA18E43A35A682EB51F90CC94BFE9E0"
840,356105600,356224606,356386403,356326665,356342544,356342545,356386403,356222558,356390499,"decoded_payload_last_chip",1,483.160544,483.379995,144,2.262648,-1687.706705,"Decawave DW-8",0.124793,1,46,0x1502,0x93BF,0,"F8E1E822AACB16000B9B7724ABBDE9D1575718AFF2302692C1E63025A760B900F63832B4609930C60D4140840215"
841,356862500,356981547,357099484,357083606,357099484,NaN,NaN,356979499,357103580,"decoded_phr_last_chip",0,484.187211,484.347173,144,2.262648,-1679.664655,"Decawave DW-8",0.124135,0,44,0x0000,0x0000,0,""
842,357241100,357360023,357477961,357462082,357477961,NaN,NaN,357357975,357482057,"decoded_phr_last_chip",0,484.700552,484.860516,144,-0.000000,-1667.126330,"Decawave DW-8",0.101514,0,25,0x0000,0x0000,0,""
843,357619500,357738493,357856431,357840553,357856431,NaN,NaN,357736445,357860527,"decoded_phr_last_chip",0,485.213885,485.373848,144,-0.000000,-1651.896198,"Decawave DW-8",0.102250,0,17,0x0000,0x0000,0,""
844,358376500,358495428,358655713,358597488,358613366,358613368,358655713,358493380,358659809,"decoded_payload_last_chip",1,486.240544,486.457944,144,2.262648,-1738.513501,"Decawave DW-8",0.124405,1,44,0x2440,0x30E6,0,"58CBA828AACA160A0B3B9B27EBFDE9515D57B3FE873DA7C61126342E27A010A0863E3A30623BED4669404024"
845,358755100,358873905,359053094,358975964,358991843,358991844,359053094,358871857,359057190,"decoded_payload_last_chip",1,486.753886,486.996927,144,-0.000000,-1693.932002,"Decawave DW-8",0.103024,1,69,0x2040,0xF11A,0,"5C5DE0080A4BE20A0A6FCEDEE4D4298C0E42FE5CC83913CA4906BA2FF25A784F4D9D901A923488A6031581D3233808C817B9CDCC35126184D7F0149D1F403F6B8042494020"
846,359133400,359252370,359414166,359354429,359370308,359370309,359414166,359250322,359418262,"decoded_payload_last_chip",1,487.267212,487.486662,144,2.262648,-1689.183647,"Decawave DW-8",0.124079,1,46,0xA880,0x3F4A,0,"F8E1E822AACB16000B9B77244B57E9D15757CCA0E230C68531E3B22847DFBCC0A63A30329A34EFB77240402480A8"
847,359511800,359630840,359748778,359732899,359748778,NaN,NaN,359628792,359752874,"decoded_phr_last_chip",0,487.780545,487.940508,144,2.262648,-1696.157058,"Decawave DW-8",0.124810,0,44,0x0000,0x0000,0,""
848,359890300,360009310,360169595,360111370,360127248,360127250,360169595,360007262,360173691,"decoded_payload_last_chip",1,488.293877,488.511278,144,2.262648,-1609.557950,"Decawave DW-8",0.124269,1,44,0x2440,0xCB1D,0,"58CBE822AACB16005F3B9B334B57E9515D5723361819E64791333372E69FBA7006343AB030346D0655404024"
849,360268900,360387781,360505719,360489841,360505719,NaN,NaN,360385733,360509815,"decoded_phr_last_chip",0,488.807212,488.967175,144,2.262648,-1730.757379,"Decawave DW-8",0.124374,0,45,0x0000,0x0000,0,""
850,360647300,360766251,360884189,360868311,360884189,NaN,NaN,360764203,360888285,"decoded_phr_last_chip",0,489.320544,489.480508,144,2.262648,-1611.813481,"Decawave DW-8",0.124604,0,46,0x0000,0x0000,0,""
851,361025700,361144722,361305006,361246782,361262660,361262661,361305006,361142674,361309102,"decoded_payload_last_chip",1,489.833879,490.051278,144,2.262648,-1644.936347,"Decawave DW-8",0.124850,1,44,0x2440,0x0DDD,0,"F8A1AD28AACB160A2B7B26315BB7E9515D577404F166066F81273225870A159A033AB8346E316D0609414024"
852,361404400,361523193,361683477,361625252,361641130,361641132,361683477,361521145,361687573,"decoded_payload_last_chip",1,490.347213,490.564612,144,2.262648,-1691.491470,"Decawave DW-8",0.124467,1,44,0x2440,0x13F9,0,"58CBA88FA8CB16005F9BDD264B57E9515D5783F8271F06E531533227A78ABA08E633BCB5EE31610661404024"
853,361783000,361901669,362019607,362003728,362019607,NaN,NaN,361899621,362023703,"decoded_phr_last_chip",0,490.860554,491.020517,144,-0.000000,-1688.722386,"Decawave DW-8",0.102542,0,27,0x0000,0x0000,0,""
854,362538300,362658604,362776542,362760664,362776542,NaN,NaN,362656556,362780638,"decoded_phr_last_chip",0,491.887212,492.047176,144,2.262648,-1621.024541,"Decawave DW-8",0.124426,0,46,0x0000,0x0000,0,""
855,362918100,363037075,363197359,363139134,363155013,363155014,363197359,363035027,363201455,"decoded_payload_last_chip",1,492.400547,492.617946,144,2.626571,-1624.112803,"Decawave DW-8",0.123941,1,44,0x2440,0x9EB7,0,"88F4B823AACB16002B9B77245BB7E9D157576820889306A541C61974A60AB820A62A36B645314F8629494024"
856,363296500,363407298,363586486,363509357,363525236,363525237,363586486,363405250,363590582,"decoded_payload_last_chip",1,492.902694,493.145733,144,-0.000000,-1644.248970,"Decawave DW-8",0.104236,1,69,0x9E20,0xEBA0,0,"5C5DE000A24BBA0A1A3A339E72CDE5C00D664E0499150D079315D3BC7FD8883C0844D544D3812DA3508CD074710C1044F9F97C10448C0491E65D27B80D9C1C510E001B209E"
857,363675100,363794016,363954300,363896075,363911954,363911955,363954300,363791968,363958396,"decoded_payload_last_chip",1,493.427214,493.644613,144,2.262648,-1684.894208,"Decawave DW-8",0.124555,1,44,0x2440,0xC671,0,"F8A1ED8800C9160A0B9B27315BB7E9510D56CC9FE79E06076153342B67E3107F263C3EB7C239E48707414024"
858,364053500,364172486,364290424,364274545,364290424,NaN,NaN,364170438,364294520,"decoded_phr_last_chip",0,493.940546,494.100510,144,2.262648,-1684.352913,"Decawave DW-8",0.125095,0,44,0x0000,0x0000,0,""
859,364432000,364550957,364711241,364653016,364668894,364668896,364711241,364548909,364715337,"decoded_payload_last_chip",1,494.453880,494.671280,144,2.262648,-1647.711165,"Decawave DW-8",0.124693,1,44,0x8440,0xE9E7,0,"F8E1E822AACB16000B7B7324EBBDE9515D57CC10A91F66AFD1A2B47466CAB580673DBC1B35B677C67B404084"
860,364810400,364864159,365078888,364966218,364982097,364982098,365078888,364862111,365082984,"decoded_payload_last_chip",1,494.878688,495.169933,144,0.000000,-1541.149579,"Decawave DW-8",0.103219,1,110,0x4823,0xA12A,0,"5C48E0004A0A6F00132FCF6B724CF0C00D664E04D9000D210486DFBCE9B9F0E722600491C88E4A0AAC3EDD80B95146C95337133361C8505ED599B5FE6E822003A330F8C5B61BAB2F7DC5220B0508617B9070F1C70776221A58A888C870E860F0062A385B80B0A116F24074FD2348"
861,365188900,365242630,365380984,365344689,365360567,365360569,365380984,365240582,365385080,"decoded_payload_last_chip",1,495.392022,495.579677,144,0.000000,-1616.802108,"Decawave DW-8",0.103785,1,21,0xD918,0x04EB,0,"5C48E000CA4A30004777CE6B724CF0C0054E4E18D9"
862,365567400,365663116,365781053,365765175,365781053,NaN,NaN,365661068,365785149,"decoded_phr_last_chip",0,495.962343,496.122305,144,-2.167712,-1628.518631,"Decawave DW-8",0.102412,0,47,0x0000,0x0000,0,""
863,365945800,366064844,366203199,366166904,366182782,366182783,366203199,366062796,366207295,"decoded_payload_last_chip",1,496.507221,496.694877,144,-0.000000,-1744.653411,"Decawave DW-8",0.102586,1,21,0xD803,0xA306,0,"5C48E0081E6BE20A0A27CB9EFB54298C0E421103D8"
864,366324300,366443315,366561252,366545374,366561252,NaN,NaN,366441267,366565348,"decoded_phr_last_chip",0,497.020555,497.180518,144,-0.000000,-1617.365145,"Decawave DW-8",0.103390,0,17,0x0000,0x0000,0,""
865,366702900,366821786,367036515,366923845,366939723,366939725,367036515,366819738,367040611,"decoded_payload_last_chip",1,497.533889,497.825134,144,-0.000000,-1663.269718,"Decawave DW-8",0.101717,1,110,0x0803,0x62DB,0,"5C48E0081E6BBA0A0A32CFDEEED4298C0E423327A893A3302B963D7D3730D029D33912356331BA46A31581F393CA479887801CC41756D8CAF46F18820836B422627C5DCF1F9407BED5636E61274D273E83CD30AACF2A63C5BA0998A203AC29AD3D12B68D02025DF333CCB3830308"
866,367081200,367200256,367318194,367302315,367318194,NaN,NaN,367198208,367322290,"decoded_phr_last_chip",0,498.047222,498.207186,144,-0.079114,-1675.803204,"Decawave DW-8",0.101695,0,17,0x0000,0x0000,0,""
867,367838200,367957197,368172682,368059256,368075135,368075136,368172682,367955149,368176778,"decoded_payload_last_chip",1,499.073889,499.366159,144,-0.000000,-1764.120804,"Decawave DW-8",0.102375,1,111,0x0886,0x1FCE,0,"5C5DE000A261E20A0A27CF9EFB54298C0E4209737843865A70A6B8378667FCD0AD34961B31329656BC148183CEB226C9D8D5B9E81E9074A5403CE524B60AB7806A1EF718D86AF41A80ABE8F98693269D52EC69CBFE7A1F2BC6BEC4388E8ACB4BB0AB30509F4456405539601F428608"
868,369730500,369849544,370009828,369951603,369967481,369967483,370009828,369847496,370013924,"decoded_payload_last_chip",1,501.640549,501.857948,144,2.262648,-1574.799950,"Decawave DW-8",0.124693,1,44,0x2440,0x4724,0,"58CBA83FAACB160A0B1B9B335B57E9D15757880691982725E1733128878A11800C31BCB0BA3C6C4602494024"
869,370109000,370228014,370345952,370330073,370345952,NaN,NaN,370225966,370350048,"decoded_phr_last_chip",0,502.153882,502.313845,144,1.044299,-1407.481291,"Decawave DW-8",0.124604,0,44,0x0000,0x0000,0,""
870,370487500,370606485,370766769,370708544,370724422,370724424,370766769,370604437,370770865,"decoded_payload_last_chip",1,502.667216,502.884615,144,2.262648,-1658.271636,"Decawave DW-8",0.124270,1,44,0x8440,0x38AE,0,"58CBE888A8CB160A5F1BDB264BB7E9D1575710AAB29E26E491336824078AB240A6271036603360A753404084"
871,370866000,370984955,371145239,371087014,371102893,371102894,371145239,370982907,371149335,"decoded_payload_last_chip",1,503.180549,503.397948,144,2.262648,-1669.860019,"Decawave DW-8",0.124891,1,44,0x2440,0x78F3,0,"F8E1E822AACB16000B3B9B33EBFDE9D15757395F4999E7A511D319214761BAB00C3F36B16231E79766404024"
872,371244400,371363425,371525223,371465485,371481364,371481365,371525223,371361377,371529319,"decoded_payload_last_chip",1,503.693882,503.913334,144,8.886432,-1988.178818,"Decawave DW-8",0.122790,1,46,0x08B8,0x6934,0,"A8F5B8221ECB360A0B9BDD26FBBCE9D17757D2594D9AA6CF11235965677F1140A6223E1D7034E8E7A7404024B808"
873,371622900,371741896,371902181,371843956,371859834,371859836,371902181,371739848,371906277,"decoded_payload_last_chip",1,504.207216,504.424616,144,2.262648,-1674.451415,"Decawave DW-8",0.124328,1,44,0x2440,0xD247,0,"F8E1E822AA9B16002B9B77245B57E9D15757A2594197074541A6B928E7A01A80C63B32B5C4336BC677404024"
874,372001400,372120367,372280651,372222426,372238305,372238306,372280651,372118319,372284747,"decoded_payload_last_chip",1,504.720550,504.937949,144,2.943025,-1568.416948,"Decawave DW-8",0.123720,1,44,0x2440,0xBC98,0,"F8A1ED22AA9B16002B9B73245BB7E9D157572618459C27CE41321B242748BCC8E3693F1EB5304AC677404024"
875,372379800,372498837,372616775,372600896,372616775,NaN,NaN,372496789,372620871,"decoded_phr_last_chip",0,505.233883,505.393846,144,2.262648,-1742.154742,"Decawave DW-8",0.124165,0,44,0x0000,0x0000,0,""
876,372758300,372877308,373037592,372979367,372995245,372995247,373037592,372875260,373041688,"decoded_payload_last_chip",1,505.747217,505.964616,144,2.262648,-1656.462558,"Decawave DW-8",0.124331,1,44,0x2440,0xB49D,0,"58CBA828AA9B160A0B3BDB264B57E9D1575789005930468F1123B72EA74ABF00763CB2B13832EA2757404024"
877,373136900,373255778,373417575,373357838,373373716,373373717,373417575,373253730,373421671,"decoded_payload_last_chip",1,506.260550,506.480001,144,2.262648,-1630.462288,"Decawave DW-8",0.124218,1,46,0x6A00,0x9ACC,0,"F8A1AD28AACB160A0B9B77245B57E9D157570259183307CE8153B27386A0126006213AB23930BBEC07414024006A"
878,373515200,373634249,373794533,373736308,373752187,373752188,373794533,373632201,373798629,"decoded_payload_last_chip",1,506.773884,506.991283,144,2.262648,-1672.459015,"Decawave DW-8",0.125168,1,44,0x2440,0x14F5,0,"F8E1E822AACB160A0B9B27315B57E9D1575726B6C7180765E163182DC75FBFA0E63F32B26E314FB207494024"
879,373893700,374012719,374173004,374114779,374130657,374130659,374173004,374010671,374177100,"decoded_payload_last_chip",1,507.287217,507.504617,144,2.262648,-1674.284967,"Decawave DW-8",0.124346,1,44,0x2440,0x01AB,0,"58EBE888A8CB16002B1B9B335B57E9515D57624B589987B2B1729824274ABA502736B41B3034B04409414024"
880,374272200,374391190,374551474,374493249,374509128,374509129,374551474,374389142,374555570,"decoded_payload_last_chip",1,507.800551,508.017950,144,2.262648,-1724.152547,"Decawave DW-8",0.123536,1,44,0x2440,0x0E55,0,"58CBA828AACB16000B9B7724EBD5E9515D57F924AD22E68F4993B521670ABA4026343A1AC13169C627414024"
881,375029100,375148130,375308415,375250190,375266068,375266070,375308415,375146082,375312511,"decoded_payload_last_chip",1,508.827216,509.044617,144,2.262648,-1648.783410,"Decawave DW-8",0.124795,1,44,0x2440,0x0154,0,"F8E1E888A89B16000B3B9B27EBFDE951DD5500265801E667C1A6B72487FFBC60C63338346599958471404024"
882,375407600,375526601,375686885,375628660,375644539,375644540,375686885,375524553,375690981,"decoded_payload_last_chip",1,509.340550,509.557949,144,2.262648,-1545.957976,"Decawave DW-8",0.124187,1,44,0x2440,0xA879,0,"58CBE8282AC9160A0B1BDB264BB7E9515D57262F801806854106B425874ABCE0066037B66433ED0703414024"
883,375786100,375905071,376023009,376007131,376023009,NaN,NaN,375903023,376027105,"decoded_phr_last_chip",0,509.853883,510.013847,144,2.262648,-1637.942545,"Decawave DW-8",0.124747,0,46,0x0000,0x0000,0,""
884,376164500,376255038,376372975,376357097,376372975,NaN,NaN,376252990,376377071,"decoded_phr_last_chip",0,510.328556,510.488519,144,-0.000000,-1701.889721,"Decawave DW-8",0.103425,0,17,0x0000,0x0000,0,""
885,376921500,377026984,377160045,377129043,377144922,377144923,377160045,377024936,377164141,"decoded_payload_last_chip",1,511.375575,511.556051,144,-0.000000,-1668.420359,"Decawave DW-8",0.100706,1,14,0xCD22,0xC2D6,0,"5C48E008CA0A6F001A2FCB9E22CD"
886,377300000,377355936,377489754,377457995,377473874,377473875,377489754,377353888,377493850,"decoded_payload_last_chip",1,511.821745,512.003247,144,-0.000000,-1602.600474,"Decawave DW-8",0.102725,1,15,0x5ACD,0x5DB5,0,"FC4AE0204A603A001A3ACBDE22CD5A"
887,378057100,378175895,378336179,378277954,378293833,378293834,378336179,378173847,378340275,"decoded_payload_last_chip",1,512.933885,513.151284,144,2.310116,-1664.039614,"Decawave DW-8",0.124265,1,44,0x2440,0xE0A0,0,"F8E1E888A8CB16000B9B27315B57E9D15757861A5034266511731C20278A1020072836B03E36F68773404024"
888,378435400,378489097,378713657,378591157,378607035,378607036,378713657,378487049,378717753,"decoded_payload_last_chip",1,513.358693,513.663272,144,2.600859,-1676.607935,"Decawave DW-8",0.103948,1,123,0xEDD6,0xEA1F,0,"5C48E000CA2A33005F2FDBDEDA67F1C00D664A0C9955003554868FB43DEC58E5372205A9C80A00AAC63E3D10B9510648514BB36883F7505E9D8CB5FE3A02278F0B30B8F9562EDB8FD6CE820C078834909058A167477F2210E8A820C844130B8A52902C15837411983341024900C44A21FE18A223B8096679E4D6ED"
889,378813800,378932841,379071196,379034901,379050779,379050780,379071196,378930793,379075292,"decoded_payload_last_chip",1,513.960559,514.148215,144,-0.000000,-1664.609013,"Decawave DW-8",0.102581,1,21,0xE7D7,0xD49D,0,"5C48E000A261BA0A0A27CB9EFBF4298C0E4299D7E7"
890,379192300,379311312,379429249,379413371,379429249,NaN,NaN,379309264,379433345,"decoded_phr_last_chip",0,514.473893,514.633856,144,-0.000000,-1657.854870,"Decawave DW-8",0.102234,0,17,0x0000,0x0000,0,""
891,379570900,379624509,379762863,379726568,379742446,379742448,379762863,379622461,379766959,"decoded_payload_last_chip",1,514.898694,515.086348,144,-0.000000,-1627.545419,"Decawave DW-8",0.103428,1,21,0x9964,0xBBF2,0,"5C48E000CA6A3A000A32CF6B724CF0C00D4E4E6499"
892,379949200,380068247,380275415,380170307,380186185,380186187,380275415,380066199,380279511,"decoded_payload_last_chip",1,515.500552,515.781542,144,2.294294,6610.603155,"Decawave DW-8",0.092073,1,100,0xB435,0xB799,0,"DAEF232C2CAA24820C3DB8A0CA71D9404634CAEBB18A6A06A8139378CA930349621F2678B4AC2466841930880E0D33DC24478A00185A9F2933389A6A970988163E815A182D320377B883EAA0C9278A24C01CFC592480473D20746B582D876960CE0A35B4"
893,380327900,380423465,380557282,380525524,380541403,380541404,380557282,380421417,380561378,"decoded_payload_last_chip",1,515.982347,516.163848,144,-0.000000,-1713.608137,"Decawave DW-8",0.100723,1,15,0xF067,0xCB3D,0,"5C48E0204A6AE20A1A2FCB9E8A67F0"
894,380706200,380825188,380943126,380927248,380943126,NaN,NaN,380823140,380947222,"decoded_phr_last_chip",0,516.527219,516.687183,144,2.262648,-1635.170730,"Decawave DW-8",0.123789,0,44,0x0000,0x0000,0,""
895,381084700,381203665,381321602,381305724,381321602,NaN,NaN,381201617,381325698,"decoded_phr_last_chip",0,517.040561,517.200524,144,-0.000000,-1635.983946,"Decawave DW-8",0.102283,0,17,0x0000,0x0000,0,""
896,381462000,381576883,381694821,381678942,381694821,NaN,NaN,381574835,381698917,"decoded_phr_last_chip",0,517.546771,517.706734,144,-0.000000,-1656.113810,"Decawave DW-8",0.102589,0,1,0x0000,0x0000,0,""
897,382220100,382339070,382499354,382441129,382457008,382457009,382499354,382337022,382503450,"decoded_payload_last_chip",1,518.580553,518.797952,144,2.262648,-1645.346521,"Decawave DW-8",0.125152,1,44,0x8440,0x8F8B,0,"F8E1E822AACB160A0B9B77244BB7E9515D57C601309006C5C166B224071A1560B6383FB0C531EB8776484084"
898,382598452,382717547,382860438,382819606,382835484,382835486,382860438,382715499,382864534,"decoded_payload_last_chip",1,519.093895,519.287703,144,-0.000000,-1592.546757,"Decawave DW-8",0.102520,1,27,0x1726,0xAFB3,0,"5C48E0080A0BAF0D0A2FCBDEE456298C0E426C0505906769252617"
899,382977000,383096011,383256295,383198071,383213949,383213950,383256295,383093963,383260391,"decoded_payload_last_chip",1,519.607220,519.824619,144,2.262648,-1590.316429,"Decawave DW-8",0.124281,1,44,0x2440,0xACC6,0,"F8E1E8222AC916000B9B7724EBFDE9D157576C76B03666654126B72BE72ABA3026383C186035E50779404024"
900,383734200,383852958,383970895,383955017,383970895,NaN,NaN,383850910,383974991,"decoded_phr_last_chip",0,520.633895,520.793857,144,-0.000000,-1652.220853,"Decawave DW-8",0.102843,0,17,0x0000,0x0000,0,""
901,384112400,384231422,384349360,384333482,384349360,NaN,NaN,384229374,384353456,"decoded_phr_last_chip",0,521.147220,521.307183,144,2.262648,-1685.969284,"Decawave DW-8",0.124780,0,46,0x0000,0x0000,0,""
902,384491000,384609893,384727831,384711952,384727831,NaN,NaN,384607845,384731927,"decoded_phr_last_chip",0,521.660554,521.820517,144,2.262648,-1642.730319,"Decawave DW-8",0.124062,0,44,0x0000,0x0000,0,""
903,384869700,384988369,385106307,385090428,385106307,NaN,NaN,384986321,385110403,"decoded_phr_last_chip",0,522.173895,522.333858,144,-0.000000,-1698.105735,"Decawave DW-8",0.103199,0,43,0x0000,0x0000,0,""
904,385247600,385357087,385490148,385459146,385475024,385475025,385490148,385355039,385494244,"decoded_payload_last_chip",1,522.674000,522.854476,144,-0.000000,-1641.671967,"Decawave DW-8",0.102726,1,14,0xCC22,0xB459,0,"5C5DE008A261E20A0A6FCE7E22CC"
905,385626300,385745305,385895002,385847364,385863242,385863244,385895002,385743257,385899098,"decoded_payload_last_chip",1,523.200555,523.403594,144,2.262648,-1599.944319,"Decawave DW-8",0.124936,1,36,0x383B,0x2DE4,0,"F8E1A828AACB160A0B9BDD265BB7E9D15757A8A8929EC74FC3C2B029A78A1660533D3B38"
906,386005000,386123775,386284059,386225834,386241713,386241714,386284059,386121727,386288155,"decoded_payload_last_chip",1,523.713888,523.931287,144,2.262648,-1634.718971,"Decawave DW-8",0.124871,1,44,0x2440,0xF39E,0,"58CBE828AACB160A0B1B9B334B57E9D15757D671A81AE6CFA903373F27FFB8F5263C90B2E531EA1978404024"
907,386762000,386880716,386998654,386982775,386998654,NaN,NaN,386878668,387002750,"decoded_phr_last_chip",0,524.740554,524.900518,144,2.262648,-1573.625268,"Decawave DW-8",0.125333,0,44,0x0000,0x0000,0,""
908,387140200,387259187,387420984,387361246,387377125,387377126,387420984,387257139,387425080,"decoded_payload_last_chip",1,525.253889,525.473340,144,3.975457,-1829.873629,"Decawave DW-8",0.122792,1,46,0xE242,0x8FE7,0,"A8F4B827AACB160A2B9BD926ABFDE9D15757D80FAD9C868541D6A022A7CA1F60C62F3AB29230E1070C01402442E2"
909,387518800,387637657,387790379,387739716,387755595,387755596,387790379,387635609,387794475,"decoded_payload_last_chip",1,525.767221,525.974364,144,3.480997,-1906.612111,"Decawave DW-8",0.123858,1,40,0xC7F8,0x928E,0,"A8F5E822AA9B160A0B9B27314B57E9D157578C39C59246AFD1331D2567E513C0266A37366933F8C7"
910,387897100,388016127,388176412,388118187,388134065,388134067,388176412,388014079,388180508,"decoded_payload_last_chip",1,526.280554,526.497955,144,2.262648,-1647.326501,"Decawave DW-8",0.124651,1,44,0x2440,0x9B2D,0,"58CBA828AACA16000B9B77245B57E9515D572456CD9907C411A6B029A72ABE20A6273CB26A3208867F404024"
911,388275600,388394598,388607815,388496657,388512536,388512537,388607815,388392550,388611911,"decoded_payload_last_chip",1,526.793888,527.083082,144,2.262648,-1763.878976,"Decawave DW-8",0.124401,1,108,0xFED9,0x87AF,0,"58CBE888A8CB160A0B9B77A4EBFDE9D1575719F55D9106C511A2377DE68B104006203E189334D5467C40402410130B69324D860CB41491BBAFEA1D722C8CC051408CAA02BCB81263AE6C9C50F8230C083A320909DC94073394E572198EBF648C89C2256B72860AA1DCC1D9FE"
912,388654100,388773068,388933353,388875128,388891006,388891008,388933353,388771020,388937449,"decoded_payload_last_chip",1,527.307221,527.524622,144,2.262648,-1617.789009,"Decawave DW-8",0.125338,1,44,0x2440,0x0615,0,"F8E1A828AACB16000B9B2731EBFDE9D15757C34C4891A79291831879060BB860263B36306033BF7265404024"
913,389032500,389086271,389301756,389188330,389204209,389204210,389301756,389084223,389305852,"decoded_payload_last_chip",1,527.732030,528.024300,144,0.000000,-1597.137981,"Decawave DW-8",0.102412,1,111,0x7C11,0x0CD9,0,"5C48E000CA6A40005F678E6B724CF0C0054E4ECC99150D21A486ABBC49B9F02722602C91C80EA000AC3EDD88B95144AD463713336AC8505F956C0AD46EC225078B30B8C5B61B8B0F7DC5220B050861D19070F1C70776221AF8A888C8E4581E777E0E2C9094CC83024BFC1B0A61117C"
914,389411000,389464742,389603096,389566801,389582679,389582680,389603096,389462694,389607192,"decoded_payload_last_chip",1,528.245364,528.433019,144,-0.000000,-1654.930117,"Decawave DW-8",0.103616,1,21,0x9904,0x1BD0,0,"5C48E0000A4F6000523FCF6B724CF0C0054E4E0499"
915,389789600,389908480,390026417,390010539,390026417,NaN,NaN,389906432,390030513,"decoded_phr_last_chip",0,528.847222,529.007185,144,2.262648,-1604.031144,"Decawave DW-8",0.124719,0,60,0x0000,0x0000,0,""
916,390167900,390286956,390429848,390389015,390404894,390404895,390429848,390284908,390433944,"decoded_payload_last_chip",1,529.360563,529.554373,144,-0.000000,-1718.056358,"Decawave DW-8",0.102217,1,27,0xB926,0x9609,0,"5C48E0080A6BE20A0A6FCE9EFB54298C0E422C9C0094D3926526B9"
917,390546400,390665427,390803781,390767486,390783364,390783366,390803781,390663379,390807877,"decoded_payload_last_chip",1,529.873897,530.061552,144,-0.000000,-1679.971771,"Decawave DW-8",0.102391,1,21,0xCD2A,0x42D0,0,"5C48E0080A6BBA0A0A6F669FFB5429CC0E026C2ACD"
918,390924900,391044647,391162585,391146707,391162585,NaN,NaN,391042599,391166681,"decoded_phr_last_chip",0,530.388247,530.548211,144,-0.000000,-1625.132796,"Decawave DW-8",0.104306,0,17,0x0000,0x0000,0,""
919,391303500,391393857,391511795,391495916,391511795,NaN,NaN,391391809,391515891,"decoded_phr_last_chip",0,530.861894,531.021857,144,-2.104421,-1627.510006,"Decawave DW-8",0.105115,0,47,0x0000,0x0000,0,""
920,391681800,391800839,391962635,391902898,391918776,391918778,391962635,391798791,391966731,"decoded_payload_last_chip",1,531.413898,531.633348,144,1.693030,-1719.386884,"Decawave DW-8",0.103777,1,46,0x1093,0xC3E9,0,"5C48E0201E6B3A000A2FCB7EEED4298C0E46C3FD479726903007B023865FD34A67912CB0973032A7F84B81D39310"
921,392060300,392179309,392394038,392281368,392297246,392297248,392394038,392177261,392398134,"decoded_payload_last_chip",1,531.927231,532.218476,144,-0.000000,-1637.854109,"Decawave DW-8",0.103282,1,110,0x9B1A,0x45AA,0,"5C48E008A20BEF0A0A6FCE9EFB54298C0E42892A6D94A6E550A6162846C2D7D5CC313A1A3FB6B4267C1D81F393B824151508A428AD0A901BC15E7D77477E2E0C5108D80934ECA3B30904E6F46617B2B42C55492590A836011938B28C9DB880D78F4510EBCF7623000294A7DB1A9B"
922,392438800,392557779,392696134,392659839,392675717,392675718,392696134,392555731,392700230,"decoded_payload_last_chip",1,532.440564,532.628220,144,-0.000000,-1707.439413,"Decawave DW-8",0.102508,1,21,0x854D,0xBDE3,0,"5C48E0081E6BBA0A526FCEDEE454298C0E424C4D85"
923,394331100,394450126,394610410,394552185,394568064,394568065,394610410,394448078,394614506,"decoded_payload_last_chip",1,535.007224,535.224623,144,3.291125,-1423.663812,"Decawave DW-8",0.123346,1,44,0x2440,0xCA70,0,"A8F5B88DA89B160A0B9B77245BB7E9D17757565B189827A60172D921070B1455262632B03A34411A0C414024"
924,394709600,394828596,394946534,394930656,394946534,NaN,NaN,394826548,394950630,"decoded_phr_last_chip",0,535.520557,535.680520,144,2.262648,-1692.257564,"Decawave DW-8",0.124480,0,60,0x0000,0x0000,0,""
925,395088100,395207073,395349964,395309132,395325010,395325012,395349964,395205025,395354060,"decoded_payload_last_chip",1,536.033899,536.227707,144,-0.000000,-1659.671385,"Decawave DW-8",0.102764,1,27,0x17A6,0x59A7,0,"5C58E008A261BA0A0A6F32CBEED429CC0E42A124E89787B005A617"
926,395462800,395585543,395800272,395687602,395703481,395703482,395800272,395583495,395804368,"decoded_payload_last_chip",1,536.547232,536.838477,144,-0.000000,-1735.955655,"Decawave DW-8",0.102611,1,110,0x1B70,0x1A78,0,"5C48E088A061BA0A0A2FCB9EFB54298C0E42C9FD689483D0B0561428E67AD5603B3298B1333692460B4C9BF39F20350B7C056E4406301EA0A795356E1324248641A907095CC855A61143D912166D429600E98E056564BC21B52E043B2078C4C02493586854FF8E6AC8668E8C701B"
927,395845000,395964008,396177225,396066068,396081946,396081947,396177225,395961960,396181321,"decoded_payload_last_chip",1,537.060558,537.349752,144,2.262648,-1616.451666,"Decawave DW-8",0.124593,1,108,0xAC1F,0xEE56,0,"F8E1E822AA9B16002B9B77245B57E9D15757F057DD4646A541638B75920ABEB0872F3E36E037EE070C014024008358A55000290CB82DFF7290881AEF1D6FE160ABF005EE5E318690671F73E85A454CF461F2918549EA7607D1AB2541BE79CE086C3E1944583A3288389D1FAC"
928,396223600,396342478,396502762,396444538,396460416,396460417,396502762,396340430,396506858,"decoded_payload_last_chip",1,537.573891,537.791290,144,2.262648,-1648.753541,"Decawave DW-8",0.124610,1,44,0x2440,0xA681,0,"F8E1A822AACB16000B1BDB264B57E9D15757DC25799D87C55102B72307CA1160E33E3EB3C935ED876E404024"
929,396601900,396720949,396838887,396823008,396838887,NaN,NaN,396718901,396842983,"decoded_phr_last_chip",0,538.087225,538.247188,144,2.262648,-1692.060155,"Decawave DW-8",0.123913,0,44,0x0000,0x0000,0,""
930,396980400,397099419,397217357,397201479,397217357,NaN,NaN,397097371,397221453,"decoded_phr_last_chip",0,538.600557,538.760521,144,2.262648,-1627.219031,"Decawave DW-8",0.125188,0,44,0x0000,0x0000,0,""
931,397358900,397477890,397595828,397579949,397595828,NaN,NaN,397475842,397599924,"decoded_phr_last_chip",0,539.113892,539.273855,144,2.262648,-1615.713036,"Decawave DW-8",0.124062,0,44,0x0000,0x0000,0,""
932,398115800,398234831,398395115,398336890,398352769,398352770,398395115,398232783,398399211,"decoded_payload_last_chip",1,540.140559,540.357958,144,2.262648,-1609.175784,"Decawave DW-8",0.124409,1,44,0x2440,0xF0D4,0,"F8E1E822AACB160A0B9B27315B57E9D157578C31B89B86323B33B52047CABD1026293C346539E3A752484024"
933,398494300,398613302,398731239,398715361,398731239,NaN,NaN,398611254,398735335,"decoded_phr_last_chip",0,540.653893,540.813855,144,2.262648,-1687.648292,"Decawave DW-8",0.124994,0,44,0x0000,0x0000,0,""
934,398872800,398991772,399152056,399093831,399109710,399109711,399152056,398989724,399156152,"decoded_payload_last_chip",1,541.167225,541.384625,144,3.417706,-1454.312625,"Decawave DW-8",0.122879,1,44,0x2440,0xE082,0,"A8F51021AACB160A2B9BDD265BB7E9D1575766F1079D06AF11270824E7A0BAB0CF303AB4C4354A07F4404024"
935,399251200,399370242,399488180,399472302,399488180,NaN,NaN,399368194,399492276,"decoded_phr_last_chip",0,541.680558,541.840522,144,2.262648,-1641.152611,"Decawave DW-8",0.124463,0,46,0x0000,0x0000,0,""
936,399629700,399748713,399908997,399850772,399866650,399866652,399908997,399746665,399913093,"decoded_payload_last_chip",1,542.193892,542.411292,144,2.262648,-1593.456113,"Decawave DW-8",0.123980,1,44,0x2440,0xDEFF,0,"F8E1A828AACB160A0B9B77244B57E9515D57D801A59A06EF11E3B523A76A1480A333FE1FB23C304758404024"
937,400765100,400884130,401022485,400986189,401002068,401002069,401022485,400882082,401026581,"decoded_payload_last_chip",1,543.733900,543.921556,144,-0.000000,-1659.852855,"Decawave DW-8",0.101553,1,21,0xD529,0x9893,0,"5C48E0A0A061BA0A0A22CFDEEEF4298C0E42B829D5"
938,401143800,401262595,401380533,401364654,401380533,NaN,NaN,401260547,401384629,"decoded_phr_last_chip",0,544.247226,544.407190,144,2.262648,-1648.774820,"Decawave DW-8",0.124159,0,46,0x0000,0x0000,0,""
939,401522100,401588552,401706489,401690611,401706489,NaN,NaN,401586504,401710585,"decoded_phr_last_chip",0,544.689334,544.849296,144,-0.000000,-1681.177095,"Decawave DW-8",0.100185,0,20,0x0000,0x0000,0,""
940,402657600,402776477,402936761,402878536,402894414,402894416,402936761,402774429,402940857,"decoded_payload_last_chip",1,546.300560,546.517959,144,1.455690,-1533.949264,"Decawave DW-8",0.124849,1,44,0x8440,0x465C,0,"58CBE888A8CB16004F9B2731EBFDE9515D138C0F8D9987AE3123AB2A67A0BAA0C5453DB1B934B7E60A014084"
941,403035900,403154953,403293308,403257012,403272891,403272892,403293308,403152905,403297404,"decoded_payload_last_chip",1,546.813901,547.001557,144,-0.000000,-1658.002866,"Decawave DW-8",0.102128,1,21,0xA7F4,0x4E51,0,"5C5DE0080A6BBA0A0A6FCEDEE4D4298C0E4211F4A7"
942,403414500,403468150,403685146,403570208,403586086,403586087,403685146,403466102,403689242,"decoded_payload_last_chip",1,547.238702,547.533021,144,-0.648731,11106.560065,"Decawave DW-8",0.065485,1,113,0x6488,0x9484,0,"C1659C8481C330686A2D3CB4EB18365CC4617D0314A31481AD9799D63FFABE5A3A92A600AC26289986965B9BD4C44B6801E39B4C80284F5CCB9CCB107B22E12231E6B0F11FAB0F8F6935227C84910113980989B57B585048E09924C5300924EB1C1C5E94C146CD51A1081D59FB0B508864"
943,403792900,403911894,404029832,404013953,404029832,NaN,NaN,403909846,404033928,"decoded_phr_last_chip",0,547.840568,548.000532,144,-0.000000,-1688.450976,"Decawave DW-8",0.102099,0,43,0x0000,0x0000,0,""
944,404171500,404225091,404363445,404327150,404343028,404343030,404363445,404223043,404367541,"decoded_payload_last_chip",1,548.265369,548.453023,144,0.000000,-1566.453190,"Decawave DW-8",0.103773,1,21,0x9904,0xEC6E,0,"5C48E000CA6EEA0A532FCF7E724CF0C00D664E0499"
945,404549900,404668835,404811727,404770894,404786773,404786774,404811727,404666787,404815823,"decoded_payload_last_chip",1,548.867235,549.061045,144,-0.000000,-1637.266898,"Decawave DW-8",0.102690,1,27,0xBB86,0xB5AE,0,"5C48E008A261E20A0A6FCEDEEED4298C0E4209412812039A2186BB"
946,404928300,405047300,405165238,405149359,405165238,NaN,NaN,405045252,405169334,"decoded_phr_last_chip",0,549.380561,549.540525,144,2.262648,-1636.688866,"Decawave DW-8",0.125050,0,45,0x0000,0x0000,0,""
947,405306800,405425771,405586055,405527830,405543708,405543710,405586055,405423723,405590151,"decoded_payload_last_chip",1,549.893895,550.111294,144,2.262648,-1697.283617,"Decawave DW-8",0.123565,1,44,0x8440,0xFA9D,0,"F8E1A8282AC916000B9B27314BB7F9515D57565C183CE6C771E36322A76210C026343A1B6933B64475404084"
948,405685200,405804241,405964525,405906300,405922178,405922180,405964525,405802193,405968621,"decoded_payload_last_chip",1,550.407228,550.624627,144,2.262648,-1646.081562,"Decawave DW-8",0.124983,1,44,0x2440,0x3E0E,0,"F8E1A828AACB16000B9B77244B57E9D15F57A6A8621886AE11871B24874A15202331BAB43A36B98403414024"
949,406063700,406182711,406342995,406284771,406300649,406300650,406342995,406180663,406347091,"decoded_payload_last_chip",1,550.920561,551.137960,144,2.262648,-1719.819154,"Decawave DW-8",0.123973,1,44,0x2440,0x3EC5,0,"F8E1A828AACA16000B1BDB26EBD5E9975D57710C5136E7865174BC2CC70A15C0463C3FB4643191A62B414024"
950,407199100,407318123,407478407,407420182,407436061,407436062,407478407,407316075,407482503,"decoded_payload_last_chip",1,552.460562,552.677961,144,2.056953,-1656.637587,"Decawave DW-8",0.124558,1,44,0x2440,0x13B6,0,"F8E1A882A8CB160A0B9B27314B57E9D15757D8FE4730069071A6B62107CB10C0F62F30B665316B8733014024"
951,407577600,407696593,407858390,407798653,407814531,407814533,407858390,407694545,407862486,"decoded_payload_last_chip",1,552.973895,553.193346,144,3.291125,-1509.417164,"Decawave DW-8",0.123926,1,46,0x1AC0,0x9350,0,"A8F4B82DAA9B16000B9BD3255BB7E9D177571445189906B011071A2017D9BD0026253E353C52EBC71A414024C01A"
952,407956400,408009796,408210156,408111853,408127732,408127733,408210156,408007748,408214252,"decoded_payload_last_chip",1,553.398703,553.670459,144,-0.965186,8875.461157,"Decawave DW-8",0.061868,1,91,0xE0B0,0xA92E,0,"79886F2F0E1E23605F1D9DFB19C3E5CA1FDC23949C0005A59B973EF1172A08426A44810002282A99AA34470425C011D645090B21B412038ED7CD0C8F580266002224F8B7B1296B7F9261250C04A0702D50AB6BAE3212432EE8B0E0"
953,409091588,409210475,409328413,409312534,409328413,NaN,NaN,409208427,409332509,"decoded_phr_last_chip",0,555.027228,555.187192,144,2.262648,-1697.129564,"Decawave DW-8",0.124963,0,46,0x0000,0x0000,0,""
954,409469900,409588946,409749230,409691005,409706884,409706885,409749230,409586898,409753326,"decoded_payload_last_chip",1,555.540563,555.757962,144,2.262648,-1646.021262,"Decawave DW-8",0.123647,1,44,0x2440,0x3294,0,"F8E1E822AACB160A0B9B7724EBFDE9D1575748445032464F11461C2252CBB880A62CBCB16F33E85809414024"
955,410226900,410345887,410463825,410447946,410463825,NaN,NaN,410343839,410467921,"decoded_phr_last_chip",0,556.567230,556.727193,144,2.262648,-1624.486674,"Decawave DW-8",0.124631,0,44,0x0000,0x0000,0,""
956,410605500,410724358,410886154,410826417,410842296,410842297,410886154,410722310,410890250,"decoded_payload_last_chip",1,557.080564,557.300014,144,4.177197,-1598.518612,"Decawave DW-8",0.123591,1,46,0x8EC2,0x61F9,0,"A8F41021AACB16002B1BDB26ABBDE9D15757A20DF03346A5A1F25D2407CA104053383830C53347460D404024C28E"
957,411362300,411481298,411643096,411583358,411599236,411599238,411643096,411479250,411647192,"decoded_payload_last_chip",1,558.107229,558.326682,144,8.706449,-1963.758562,"Decawave DW-8",0.123560,1,46,0x8312,0x9A59,0,"A8F4102DAACBB60A7F9BDD26FBBCE9515C57A42EB89B5B2761925E74076A1260262412B226996B460B4140241283"
958,411740800,411859769,412021566,411961829,411977707,411977708,412021566,411857721,412025662,"decoded_payload_last_chip",1,558.620563,558.840015,144,3.132898,-1463.807689,"Decawave DW-8",0.123889,1,46,0x2902,0x2105,0,"A8F4B822AACB16002B9B77245BB7E9D1775778A5B21E46CF11331921679A100A46213CB53F3415C5224040240229"
959,412119200,412209735,412348089,412311794,412327672,412327674,412348089,412207687,412352185,"decoded_payload_last_chip",1,559.095235,559.282890,144,-0.000000,-1678.091805,"Decawave DW-8",0.104069,1,21,0x9904,0xD376,0,"5C48E0081E6B3A000A6766CB22CD5AC00D644E0499"
960,412497700,412616716,412734653,412718775,412734653,NaN,NaN,412614668,412738749,"decoded_phr_last_chip",0,559.647238,559.807201,144,-0.000000,-1615.243670,"Decawave DW-8",0.102693,0,17,0x0000,0x0000,0,""
961,412876300,412995180,413113118,413097240,413113118,NaN,NaN,412993132,413117214,"decoded_phr_last_chip",0,560.160563,560.320527,144,3.639224,-1848.111203,"Decawave DW-8",0.124167,0,44,0x0000,0x0000,0,""
962,413633100,413686853,413820670,413788912,413804791,413804792,413820670,413684805,413824766,"decoded_payload_last_chip",1,561.098705,561.280206,144,-1.882903,-1561.761365,"Decawave DW-8",0.104610,1,15,0x584D,0xD2B0,0,"5C4840000A6FEAAA5027CBF6224D58"
963,414011600,414082580,414200518,414184639,414200518,NaN,NaN,414080532,414204614,"decoded_phr_last_chip",0,561.635444,561.795407,144,-0.000000,-1667.865499,"Decawave DW-8",0.103552,0,25,0x0000,0x0000,0,""
964,414390200,414509062,414669346,414611121,414627000,414627001,414669346,414507014,414673442,"decoded_payload_last_chip",1,562.213897,562.431296,144,2.262648,-1635.275223,"Decawave DW-8",0.123963,1,44,0x2440,0x1160,0,"F8E1A828AA9B1600003BDB264B57F9515D575123583407E50146B023678B142026313C326034402676404024"
965,414768500,414887539,415005476,414989598,415005476,NaN,NaN,414885491,415009572,"decoded_phr_last_chip",0,562.727239,562.887202,144,-0.000000,-1646.332354,"Decawave DW-8",0.102639,0,17,0x0000,0x0000,0,""
966,415144700,415266003,415383941,415368063,415383941,NaN,NaN,415263955,415388037,"decoded_phr_last_chip",0,563.240564,563.400528,144,2.262648,-1615.506612,"Decawave DW-8",0.125043,0,44,0x0000,0x0000,0,""
967,415903900,416022950,416140888,416125009,416140888,NaN,NaN,416020902,416144984,"decoded_phr_last_chip",0,564.267239,564.427203,144,0.015823,-1619.365568,"Decawave DW-8",0.102548,0,17,0x0000,0x0000,0,""
968,416282400,416401421,416519358,416503480,416519358,NaN,NaN,416399373,416523454,"decoded_phr_last_chip",0,564.780573,564.940535,144,-0.000000,-1662.703830,"Decawave DW-8",0.102309,0,43,0x0000,0x0000,0,""
969,417039400,417158356,417318640,417260415,417276294,417276295,417318640,417156308,417322736,"decoded_payload_last_chip",1,565.807232,566.024631,144,2.262648,-1645.442630,"Decawave DW-8",0.124563,1,44,0x2440,0x7F7E,0,"F8E10028AACB16005F9B27315BB7F9D157572C72F03506456133D97626EABB00E62234B6669BE8E762404024"
970,418553200,418672238,418790176,418774297,418790176,NaN,NaN,418670190,418794272,"decoded_phr_last_chip",0,567.860566,568.020530,144,2.262648,-1649.241285,"Decawave DW-8",0.124162,0,46,0x0000,0x0000,0,""
971,418931700,419050708,419212505,419152767,419168646,419168647,419212505,419048660,419216601,"decoded_payload_last_chip",1,568.373899,568.593350,144,1.234172,-1752.301559,"Decawave DW-8",0.124771,1,46,0x0312,0xA1B7,0,"58CBB068A1CB16C00A9B73B4EBFDE9515D570951D89627274AB34E23671AB8A0673B34B2649FC5B36E0040841203"
972,419309900,419429179,419547116,419531238,419547116,NaN,NaN,419427131,419551212,"decoded_phr_last_chip",0,568.887233,569.047195,144,2.262648,-1656.039633,"Decawave DW-8",0.124722,0,46,0x0000,0x0000,0,""
973,419688600,419807649,419967933,419909708,419925587,419925588,419967933,419805601,419972029,"decoded_payload_last_chip",1,569.400566,569.617965,144,3.793496,-1850.464213,"Decawave DW-8",0.124294,1,44,0x2440,0x91E1,0,"08DFA828AACB160A0B9B27314BB7E9D15757662E5818E74541875F32270ABA80CC2916B26D9B648626414024"
974,420067100,420186120,420347917,420288180,420304058,420304059,420347917,420184072,420352013,"decoded_payload_last_chip",1,569.913900,570.133351,144,3.755917,-1801.086094,"Decawave DW-8",0.124015,1,46,0x1882,0x67C9,0,"A8F4B823AACB16002B9B77245BB7E9D157575800183187CF11731F24A7B2BF304C3194B63734B02C274140248218"
975,420445600,420564591,420682529,420666650,420682529,NaN,NaN,420562543,420686625,"decoded_phr_last_chip",0,570.427234,570.587198,144,4.825928,-1526.125712,"Decawave DW-8",0.122855,0,47,0x0000,0x0000,0,""
976,420824200,420943061,421103345,421045120,421060998,421061000,421103345,420941013,421107441,"decoded_payload_last_chip",1,570.940567,571.157966,144,2.262648,-1601.091887,"Decawave DW-8",0.124016,1,44,0x2440,0x35C9,0,"F8E1E828AA9B160A0B9B77244BB7E9515D57C9F45237C6073BE3332167CABAF08C333E326EB719660C414024"
977,421202500,421321531,421471229,421423590,421439469,421439470,421471229,421319483,421475325,"decoded_payload_last_chip",1,571.453899,571.656940,144,2.310116,-1651.272924,"Decawave DW-8",0.123745,1,36,0x1A16,0xDD7F,0,"58CB0028AACB160A0B9B77244BB7E9515D575909089CE787F1B2B2279723BE60A63D161A"
978,421581000,421700002,421817939,421802061,421817939,NaN,NaN,421697954,421822035,"decoded_phr_last_chip",0,571.967234,572.127196,144,2.262648,-1670.850552,"Decawave DW-8",0.125126,0,46,0x0000,0x0000,0,""
979,421959500,422078472,422196410,422180531,422196410,NaN,NaN,422076424,422200506,"decoded_phr_last_chip",0,572.480566,572.640530,144,2.262648,-1691.507990,"Decawave DW-8",0.125164,0,45,0x0000,0x0000,0,""
980,422337900,422456943,422617227,422559002,422574881,422574882,422617227,422454895,422621323,"decoded_payload_last_chip",1,572.993901,573.211300,144,2.262648,-1640.956105,"Decawave DW-8",0.124763,1,44,0x2440,0xC753,0,"F8E1A828AACB16000B1BDB26EBBDE9D1575763B5F23207AE41726470E68A16F02737BE9E6D33116678404024"
981,422716400,422835413,422953351,422937473,422953351,NaN,NaN,422833365,422957447,"decoded_phr_last_chip",0,573.507233,573.667197,144,2.262648,-1700.661856,"Decawave DW-8",0.124377,0,44,0x0000,0x0000,0,""
982,423094900,423213884,423374168,423315943,423331822,423331823,423374168,423211836,423378264,"decoded_payload_last_chip",1,574.020567,574.237967,144,2.262648,-1684.983576,"Decawave DW-8",0.124991,1,44,0x2440,0xA4B7,0,"F8E12028AACB16000B9B27315B57E9515D575634853746241123F32407C294814C2936B06A333DE668484024"
983,423473400,423592354,423752639,423694414,423710292,423710294,423752639,423590306,423756735,"decoded_payload_last_chip",1,574.533900,574.751301,144,2.262648,-1710.950933,"Decawave DW-8",0.124180,1,44,0x8440,0x4DE4,0,"F8E1A828AACA160A0B9B7324EBFDE9515D57F0DCA793A624FB46352407C0B960C63E92B73E3EE72D75484084"
984,423851800,423970824,424088762,424072884,424088762,NaN,NaN,423968776,424092858,"decoded_phr_last_chip",0,575.047233,575.207197,144,2.262648,-1706.007741,"Decawave DW-8",0.124464,0,46,0x0000,0x0000,0,""
985,424230300,424349295,424467233,424451354,424467233,NaN,NaN,424347247,424471329,"decoded_phr_last_chip",0,575.560567,575.720531,144,2.262648,-1693.534263,"Decawave DW-8",0.123997,0,44,0x0000,0x0000,0,""
986,424987200,425100990,425243882,425203049,425218928,425218929,425243882,425098942,425247978,"decoded_payload_last_chip",1,576.580119,576.773928,144,-0.000000,-1678.883858,"Decawave DW-8",0.102103,1,27,0xACD1,0x66EA,0,"5C50E0209E0A6F001A3ACBDEDA66F0C00D4E4E0010A2043490D1AC"
987,425365700,425484713,425602650,425586772,425602650,NaN,NaN,425482665,425606746,"decoded_phr_last_chip",0,577.100576,577.260539,144,-0.000000,-1651.831522,"Decawave DW-8",0.102284,0,17,0x0000,0x0000,0,""
988,425744300,425863177,426024974,425965237,425981115,425981117,426024974,425861129,426029070,"decoded_payload_last_chip",1,577.613901,577.833352,144,8.664914,-1811.184522,"Decawave DW-8",0.122359,1,46,0xBAB8,0x0622,0,"A9A02D2D1ECB360A2B7B8A23FBBCE9D12256A0D37232EEAE81E2DE64C71AB870E6B6B8B02C344F0654404024B8BA"
989,426879600,426933320,427071675,427035379,427051258,427051259,427071675,426931272,427075771,"decoded_payload_last_chip",1,579.065375,579.253031,144,-0.000000,-1599.313274,"Decawave DW-8",0.104655,1,21,0x9964,0x9814,0,"5C48E000CA6AEA0A523FCF7E724CF0C00D664E6499"
990,427258200,427377059,427537343,427479118,427494997,427494998,427537343,427375011,427541439,"decoded_payload_last_chip",1,579.667235,579.884634,144,2.262648,-1642.759797,"Decawave DW-8",0.123940,1,44,0x2440,0xD813,0,"F8E1A828AACB16000B9B7724EBFDE9515D571289E232462E01731D71264ABB00833E3CB4619943B229414024"
991,427635876,427721773,427864665,427823832,427839711,427839712,427864665,427719725,427868761,"decoded_payload_last_chip",1,580.134783,580.328593,144,-0.000000,-1598.241139,"Decawave DW-8",0.101870,1,27,0xDF86,0xF0C3,0,"FC56E020CA6A6A001A32CFDEDA66F0C00D664E1899150D61A186DF"
992,428015100,428068732,428284218,428170791,428186670,428186671,428284218,428066684,428288314,"decoded_payload_last_chip",1,580.605377,580.897648,144,0.000000,-1658.034673,"Decawave DW-8",0.103492,1,111,0x238C,0x95F5,0,"5C48E000CA6AEAAA513FCF6B724CF0C0054E4E1899150D21A486DFA949B9F0E7226074849C0BE000AC3EDD88B951447D516713156AC8504A956A5ED46E822007A330F8C5F60E8B8FD7CF220B054C347E9058F1C70776231A58A888C830020952D680CFDCC69DBBD9CE7E8C11248C23"
993,428393500,428512476,428630414,428614535,428630414,NaN,NaN,428510428,428634510,"decoded_phr_last_chip",0,581.207243,581.367206,144,-2.041130,-1681.373671,"Decawave DW-8",0.104888,0,47,0x0000,0x0000,0,""
994,428771900,428890947,429008885,428993006,429008885,NaN,NaN,428888899,429012981,"decoded_phr_last_chip",0,581.720577,581.880541,144,0.259097,-1639.488087,"Decawave DW-8",0.103488,0,17,0x0000,0x0000,0,""
995,429150400,429269418,429387356,429371477,429387356,NaN,NaN,429267370,429391452,"decoded_phr_last_chip",0,582.233911,582.393875,144,1.977839,-1646.036597,"Decawave DW-8",0.102947,0,123,0x0000,0x0000,0,""
996,429529000,429582614,429720968,429684673,429700551,429700553,429720968,429580566,429725064,"decoded_payload_last_chip",1,582.658710,582.846365,144,0.000000,-1628.222985,"Decawave DW-8",0.104558,1,21,0x9918,0x6D20,0,"5C48E0000A6B40005A6FCE7E724CF0C00D664E1899"
997,429906144,429961085,430176572,430063145,430079023,430079025,430176572,429959037,430180668,"decoded_payload_last_chip",1,583.172045,583.464317,144,6.732565,-2191.298049,"Decawave DW-8",0.100998,1,111,0x0BB4,0x7D06,0,"5C48E00C4A6066001F1ADBCBDA33F0C009724A0C8955083554868FB43C4CDABB22622487C8A2A00440BD3707BF404615514BB338D7A2855FCDCDB5FE3A02278F2BB2F214CD448FFA77C4A21C05949590309AAA113717060068A88888157F23F002953A15967CD5748441931110B40B"
998,430285800,430404823,430522761,430506882,430522761,NaN,NaN,430402775,430526857,"decoded_phr_last_chip",0,583.773903,583.933866,144,2.262648,-1644.594247,"Decawave DW-8",0.124609,0,44,0x0000,0x0000,0,""
999,430664300,430783293,430943578,430885353,430901231,430901233,430943578,430781245,430947674,"decoded_payload_last_chip",1,584.287236,584.504636,144,2.262648,-1692.618214,"Decawave DW-8",0.124700,1,44,0x2440,0xAC13,0,"58CBA828AACB16000B9B2731EBFDE9515D57F91B0D38868E6166B522078ABA20B62230B266311C4663404024"
1000,431043100,431119004,431252065,431221063,431236942,431236943,431252065,431116956,431256161,"decoded_payload_last_chip",1,584.742573,584.923048,144,-0.000000,-1591.376109,"Decawave DW-8",0.101830,1,14,0x678A,0xE5C8,0,"5C48E020CA6A3A001A32CFDE8A67"
1001,431421200,431540235,431658173,431642294,431658173,NaN,NaN,431538187,431662269,"decoded_phr_last_chip",0,585.313904,585.473867,144,2.262648,-1634.140542,"Decawave DW-8",0.124359,0,44,0x0000,0x0000,0,""
1002,431799700,431918705,432080502,432020765,432036643,432036645,432080502,431916657,432084598,"decoded_payload_last_chip",1,585.827237,586.046688,144,4.367069,-1609.635737,"Decawave DW-8",0.123198,1,46,0x2302,0x47EC,0,"A8F4B823AACB160A7F9B77245BB7E9D17757C658509CE7A59162DC24E7AA1D808C3164B76C396D46054140240223"
1003,432556600,432675646,432835930,432777705,432793584,432793585,432835930,432673598,432840026,"decoded_payload_last_chip",1,586.853904,587.071303,144,2.262648,-1652.425517,"Decawave DW-8",0.123852,1,44,0x2440,0xDA9C,0,"58CBA8282AC916000B7B73344B57E9515D573872A03C07CF1131B52207A2BA81233ABE346734F02C26494024"
1004,432935400,433054122,433172060,433156182,433172060,NaN,NaN,433052074,433176156,"decoded_phr_last_chip",0,587.367244,587.527208,144,-0.000000,-1630.388384,"Decawave DW-8",0.102688,0,17,0x0000,0x0000,0,""
1005,433692152,433811064,433949418,433913123,433929001,433929002,433949418,433809016,433953514,"decoded_payload_last_chip",1,588.393913,588.581567,144,-0.000000,-1667.247936,"Decawave DW-8",0.102425,1,21,0x3825,0xA248,0,"5C48E008A261BA0A0A6F669FFB54298C0E42B92538"
1006,434070500,434189528,434351325,434291588,434307466,434307468,434351325,434187480,434355421,"decoded_payload_last_chip",1,588.907237,589.126689,144,3.829097,-1692.341106,"Decawave DW-8",0.123242,1,46,0x8AC0,0xAEBF,0,"A8F5E822AACB160A2B9BDD265BB7E9D177576C469D32A7E491F38F75C6EABBF52620681F6739402728404024C08A"
1007,434449200,434567999,434717696,434670058,434685936,434685938,434717696,434565951,434721792,"decoded_payload_last_chip",1,589.420572,589.623611,144,2.262648,-1673.732168,"Decawave DW-8",0.124404,1,36,0x1F12,0x2BF9,0,"58CBA828AACB160A2B7B2631EBBDE9515D575329A59D06C711733028278AB261E229121F"
1008,434827500,434946469,435106753,435048528,435064407,435064408,435106753,434944421,435110849,"decoded_payload_last_chip",1,589.933904,590.151303,144,2.262648,-1612.915447,"Decawave DW-8",0.125009,1,44,0x2440,0xEE72,0,"F8E1E8282AC9160A0B9B77245B57E9D15757CC83129906EE39731C200760BCB023353834C09F452772404024"
1009,435584400,435703410,435821348,435805470,435821348,NaN,NaN,435701362,435825444,"decoded_phr_last_chip",0,590.960571,591.120535,144,7.488100,-1927.222424,"Decawave DW-8",0.123443,0,46,0x0000,0x0000,0,""
1010,435963000,436081880,436199818,436183940,436199818,NaN,NaN,436079832,436203914,"decoded_phr_last_chip",0,591.473904,591.633868,144,2.262648,-1645.860657,"Decawave DW-8",0.125153,0,44,0x0000,0x0000,0,""
1011,436341600,436460351,436622148,436562410,436578289,436578290,436622148,436458303,436626244,"decoded_payload_last_chip",1,591.987238,592.206689,144,0.537972,-1914.564929,"Decawave DW-8",0.125385,1,46,0x8112,0x337B,0,"0CCBE888A8CBB60A0B9B27B1EB5DE9515D77892F0994E6C27133AB7512901230773136346C373386651440841281"
1012,436719800,436829824,436947762,436931883,436947762,NaN,NaN,436827776,436951858,"decoded_phr_last_chip",0,592.488368,592.648332,144,-0.000000,-1590.103258,"Decawave DW-8",0.103703,0,17,0x0000,0x0000,0,""
1013,437098400,437217292,437379089,437319352,437335230,437335232,437379089,437215244,437383185,"decoded_payload_last_chip",1,593.013905,593.233356,144,3.465175,-1616.849568,"Decawave DW-8",0.124325,1,46,0x1EC2,0x1C6D,0,"A8F5B823AACB16002B9B7724ABBDE9D177572656859286C4B1D0162186DAB8A047326C9F61994207A5404024C21E"
1014,437477200,437595762,437756047,437697822,437713700,437713702,437756047,437593714,437760143,"decoded_payload_last_chip",1,593.527238,593.744638,144,4.270155,-1806.381748,"Decawave DW-8",0.124015,1,44,0x2440,0x855B,0,"A8F5E822AACB160A0B3BDB260BB6E9D177578C06051506A4D161B724270ABE20272C3E1ED93BE2E576404024"
1015,437855200,437908965,438042782,438011024,438026902,438026904,438042782,437906917,438046878,"decoded_payload_last_chip",1,593.952047,594.133548,144,-1.424044,-1771.655824,"Decawave DW-8",0.105361,1,15,0x5A64,0x08D9,0,"5C48E00A4A6AEA0A5237CBDE72645A"
1016,438990600,439109650,439252542,439211709,439227588,439227589,439252542,439107602,439256638,"decoded_payload_last_chip",1,595.580580,595.774390,144,-0.000000,-1653.658583,"Decawave DW-8",0.103776,1,27,0xBC06,0x906A,0,"5C48E0000A6BBA0A0A67CEDEE4D4298C0E421942459006D0E506BC"
1017,439369200,439479118,439597055,439581177,439597055,NaN,NaN,439477070,439601151,"decoded_phr_last_chip",0,596.081703,596.241665,144,-0.000000,-1622.711039,"Decawave DW-8",0.103740,0,17,0x0000,0x0000,0,""
1018,440504500,440623533,440758862,440725592,440741470,440741471,440758862,440621485,440762958,"decoded_payload_last_chip",1,597.633915,597.817467,144,-1.503158,2629.134436,"Decawave DW-8",0.102395,1,17,0x9FEC,0x6D33,0,"8ED228E21499992AAA938D4BD1DA2AEC9F"
1019,440883000,441001997,441119935,441104056,441119935,NaN,NaN,440999949,441124031,"decoded_phr_last_chip",0,598.147240,598.307204,144,2.262648,-1673.471770,"Decawave DW-8",0.124869,0,44,0x0000,0x0000,0,""
1020,441261500,441380474,441498411,441482533,441498411,NaN,NaN,441378426,441502507,"decoded_phr_last_chip",0,598.660582,598.820544,144,-0.000000,-1596.812915,"Decawave DW-8",0.102465,0,27,0x0000,0x0000,0,""
1021,442397000,442515885,442654239,442617944,442633822,442633824,442654239,442513837,442658335,"decoded_payload_last_chip",1,600.200582,600.388236,144,-0.000000,-1736.701720,"Decawave DW-8",0.103138,1,21,0xA555,0x08CA,0,"5C48E0000A6B6A000A32CF9EFBF4298C0E427155A5"
1022,442775300,442894350,443012286,442996408,443012286,NaN,NaN,442892302,443016382,"decoded_phr_last_chip",0,600.713908,600.873869,144,3.591756,10889.866948,"Decawave DW-8",0.091606,0,68,0x0000,0x0000,0,""
1023,443154000,443272826,443411180,443374885,443390763,443390765,443411180,443270778,443415276,"decoded_payload_last_chip",1,601.227249,601.414903,144,-0.000000,-1684.340743,"Decawave DW-8",0.102570,1,21,0x957E,0x8E37,0,"5C5DE0081E6BBA0A0A67CEDEE4D4298C0E42137E95"
1024,443532300,443651291,443769228,443753350,443769228,NaN,NaN,443649243,443773324,"decoded_phr_last_chip",0,601.740575,601.900537,144,2.262648,-1693.656052,"Decawave DW-8",0.124953,0,44,0x0000,0x0000,0,""
1025,443910900,444029767,444168122,444131826,444147705,444147706,444168122,444027719,444172218,"decoded_payload_last_chip",1,602.253916,602.441572,144,-0.000000,-1675.481419,"Decawave DW-8",0.103532,1,21,0x479C,0x990E,0,"5C48E0080A4BE20A0A67CEDEE4D4298C0E423C9C47"
1026,444289200,444408232,444526169,444510290,444526169,NaN,NaN,444406184,444530265,"decoded_phr_last_chip",0,602.767242,602.927204,144,7.588970,-14260.497133,"Decawave DW-8",0.098038,0,39,0x0000,0x0000,0,""
1027,444667700,444786702,444948499,444888761,444904640,444904641,444948499,444784654,444952595,"decoded_payload_last_chip",1,603.280575,603.500026,144,-0.110759,-1693.158104,"Decawave DW-8",0.124811,1,46,0xDC92,0x364B,0,"08FFE82000CB16005F1B99B1EB5DF951DD5499575D96E78211D30221A78A15E036393834649915E6230B408692DC"
1028,445046200,445165173,445325457,445267232,445283110,445283112,445325457,445163125,445329553,"decoded_payload_last_chip",1,603.793909,604.011308,144,-0.617086,-1716.455470,"Decawave DW-8",0.124545,1,44,0x8640,0x8307,0,"58CBE820AACB16000B9B2731BB5DF9510D568950D895E7E791261724E74010200C3E36B66E332B767C004086"
1029,445424600,445543643,445693341,445645702,445661581,445661582,445693341,445541595,445697437,"decoded_payload_last_chip",1,604.307241,604.510282,144,2.262648,-1633.329677,"Decawave DW-8",0.124619,1,36,0xB432,0xD8F0,0,"58CBE822AACB16002B9B77244B57E9515D57EC74F036C604EB73B02DC75FBE08E62532B4"
1030,445803100,445922113,446082398,446024173,446040051,446040053,446082398,445920065,446086494,"decoded_payload_last_chip",1,604.820574,605.037975,144,2.262648,-1653.320513,"Decawave DW-8",0.124848,1,44,0x2440,0xED28,0,"58EBE888A8CB16000B9B2731EBFDE9515D57D454589147A57193B677267610B0963438B29234B70471404024"
1031,446181600,446300584,446418522,446402643,446418522,NaN,NaN,446298536,446422618,"decoded_phr_last_chip",0,605.333908,605.493872,144,2.262648,-1738.324953,"Decawave DW-8",0.124117,0,46,0x0000,0x0000,0,""
1032,446560100,446679054,446839339,446781114,446796992,446796994,446839339,446677006,446843435,"decoded_payload_last_chip",1,605.847241,606.064642,144,2.262648,-1652.193539,"Decawave DW-8",0.124429,1,44,0x2440,0xC1C3,0,"58CBE822AACB16000B9B8DB35157E9515D5739A5E23186CE11C666202720BF08263212B26C31EB8702494024"
1033,446938500,447057525,447217809,447159585,447175463,447175464,447217809,447055477,447221905,"decoded_payload_last_chip",1,606.360575,606.577974,144,2.594925,-1564.291836,"Decawave DW-8",0.123902,1,44,0x2440,0x1118,0,"A8F5E82DAACB16002B1BDB36ABBDE9510D5658521D9C070501631877A68ABA35363030B062B3B1065B404024"
1034,447317000,447435996,447553933,447538055,447553933,NaN,NaN,447433948,447558029,"decoded_phr_last_chip",0,606.873910,607.033872,144,0.949363,-1872.189930,"Decawave DW-8",0.124422,0,44,0x0000,0x0000,0,""
1035,447695500,447814466,447974750,447916525,447932404,447932405,447974750,447812418,447978846,"decoded_payload_last_chip",1,607.387242,607.604641,144,2.594925,-1591.235635,"Decawave DW-8",0.124040,1,44,0x2440,0xFDE2,0,"F8E1E8282A9916000B9B77245BB7E9D1575703A5B232A6CE2119B520078A151063266AB33A34E38402414024"
1036,448073900,448192936,448353220,448294995,448310874,448310875,448353220,448190888,448357316,"decoded_payload_last_chip",1,607.900575,608.117974,144,0.822781,-1841.405274,"Decawave DW-8",0.125154,1,44,0x8640,0x6B45,0,"58CBE828AACB16000B1B3BB1EB5DE9515D77890EC91386821013FE2B074ABF40363034B530B23F067C004086"
1037,448831000,448949878,449067815,449051937,449067815,NaN,NaN,448947830,449071911,"decoded_phr_last_chip",0,608.927243,609.087206,144,0.664554,1188.883883,"Decawave DW-8",0.123620,0,46,0x0000,0x0000,0,""
1038,449209300,449320101,449499289,449422160,449438038,449438040,449499289,449318053,449503385,"decoded_payload_last_chip",1,609.429390,609.672430,144,-0.000000,-1694.183095,"Decawave DW-8",0.103507,1,69,0x25B1,0x5253,0,"5C5DE0200A4B60001A3A3BCB224DF0C0054E4E0499150D079317D3BCDF00DF40136AB784E8D6650650220C2C900A10C4CAED7810448C041161FA4ECBF8163770F94EA6B125"
1039,449966300,450056784,450174722,450158844,450174722,NaN,NaN,450054736,450178818,"decoded_phr_last_chip",0,610.428581,610.588544,144,-0.000000,-1637.174128,"Decawave DW-8",0.104800,0,17,0x0000,0x0000,0,""
1040,451101800,451212453,451391642,451314512,451330391,451330392,451391642,451210405,451395738,"decoded_payload_last_chip",1,611.996057,612.239098,144,-0.015823,-1651.000021,"Decawave DW-8",0.104774,1,69,0x468A,0x1B81,0,"5C5DE0200A6B3A001A3A679F724CF0C0054E4E0499150D079341D3BC7716D8B41D10DA7C8B293491C8887036D070B044CDED7C1044240411B82259D37C5C7B2924FA5A8A46"
1041,451480200,451533903,451651841,451635962,451651841,NaN,NaN,451531855,451655937,"decoded_phr_last_chip",0,612.432052,612.592015,144,2.496033,-4629.355350,"Decawave DW-8",0.104582,0,46,0x0000,0x0000,0,""
1042,451858600,451977641,452095579,452079701,452095579,NaN,NaN,451975593,452099675,"decoded_phr_last_chip",0,613.033910,613.193873,144,2.262648,-1642.859888,"Decawave DW-8",0.124478,0,44,0x0000,0x0000,0,""
1043,452237100,452356112,452516396,452458171,452474050,452474051,452516396,452354064,452520492,"decoded_payload_last_chip",1,613.547244,613.764643,144,2.262648,-1643.205005,"Decawave DW-8",0.124850,1,44,0x2440,0x2AB7,0,"F8E1A828AACB16000B9B27314B57E9515D577E68F89AC68FD1B2327366CA107096303D1A3336BF0679484024"
1044,452615700,452669315,452820524,452771374,452787252,452787254,452820524,452667267,452824620,"decoded_payload_last_chip",1,613.972053,614.177143,144,2.405053,-1549.794477,"Decawave DW-8",0.102712,1,38,0x0AC8,0xAFF5,0,"5C48E00CCA6A3B000A3ADBDEDAE75BC00D664A0C991505951E868FB4FDE9D8EF37220591C80A"
1045,452991000,453113053,453326270,453215112,453230991,453230992,453326270,453111005,453330366,"decoded_payload_last_chip",1,614.573911,614.863105,144,2.262648,-1713.489330,"Decawave DW-8",0.125015,1,108,0x81B8,0x3F1C,0,"58CBA828AA9B16000B9B27314BB7E9515D57064B499CE6879126B13FE74BBEA0E6313A32683DBE462E4140841213D46117200E2423F2B710C6E96E5164828708022CA06AC0695A6AFB18DDEAA279428957D5A843C3B1FB553F7A2529BA045356F8FD375B27302C1E5820B881"
1046,453372500,453491524,453609462,453593583,453609462,NaN,NaN,453489476,453613558,"decoded_phr_last_chip",0,615.087245,615.247209,144,2.721507,-1561.435811,"Decawave DW-8",0.124090,0,44,0x0000,0x0000,0,""
1047,453751000,453870000,453987938,453972060,453987938,NaN,NaN,453867952,453992034,"decoded_phr_last_chip",0,615.600586,615.760550,144,4.208842,-1487.374501,"Decawave DW-8",0.102255,0,121,0x0000,0x0000,0,""
1048,454129700,454219960,454337897,454322019,454337897,NaN,NaN,454217912,454341993,"decoded_phr_last_chip",0,616.075250,616.235212,144,-0.000000,-1599.102191,"Decawave DW-8",0.103596,0,17,0x0000,0x0000,0,""
1049,454507900,454626935,454787219,454728994,454744873,454744874,454787219,454624887,454791315,"decoded_payload_last_chip",1,616.627245,616.844644,144,2.262648,-1732.954254,"Decawave DW-8",0.124965,1,44,0x8440,0x9509,0,"08DFE828AACA16000B9B73344BD7E9515D57FC2815C346521972B173C61AB8A0462CBEB0E49F45D376404084"
1050,454886400,455005405,455155103,455107465,455123343,455123345,455155103,455003357,455159199,"decoded_payload_last_chip",1,617.140578,617.343618,144,2.262648,-1709.942016,"Decawave DW-8",0.124692,1,36,0xB23C,0x36C5,0,"58CB0028AA9B16000B9B8D334B57E9515D5762FAE79806A56103B323E76ABC60A6263CB2"
1051,455264900,455383876,455501813,455485935,455501813,NaN,NaN,455381828,455505909,"decoded_phr_last_chip",0,617.653912,617.813874,144,2.262648,-1712.410739,"Decawave DW-8",0.124654,0,46,0x0000,0x0000,0,""
1052,455643300,455762347,455887846,455864406,455880285,455880286,455887846,455760299,455891942,"decoded_payload_last_chip",1,618.167246,618.337465,144,3.544288,2156.951560,"Decawave DW-8",0.119362,1,4,0xE8ED,0xD431,0,"39B0EDE8"
1053,456022000,456140823,456279177,456242882,456258760,456258762,456279177,456138775,456283273,"decoded_payload_last_chip",1,618.680587,618.868241,144,-0.000000,-1646.688909,"Decawave DW-8",0.102577,1,21,0x0D14,0xC36D,0,"5C48E008A261BB0A0A67CE9EFB5429CC0E4269140D"
1054,456400300,456519288,456637225,456621347,456637225,NaN,NaN,456517240,456641321,"decoded_phr_last_chip",0,619.193913,619.353875,144,2.262648,-1649.503853,"Decawave DW-8",0.124286,0,46,0x0000,0x0000,0,""
1055,456778800,456897758,457058042,456999817,457015696,457015697,457058042,456895710,457062138,"decoded_payload_last_chip",1,619.707246,619.924645,144,2.262648,-1594.615719,"Decawave DW-8",0.124720,1,44,0x2440,0x586C,0,"58CBE822AACB16000B9B27315BB7E9D157575806381D068401636834A7611520233A681C3A36EC0706414024"
1056,457535900,457654699,457814983,457756758,457772637,457772638,457814983,457652651,457819079,"decoded_payload_last_chip",1,620.733912,620.951312,144,4.626166,-1760.006268,"Decawave DW-8",0.123834,1,44,0x2440,0x30B0,0,"A8F5A828AACB160A0B9BDD264BB7E9D157570C040D9907C579A252782620104A66363419653BE58723414024"
1057,458292600,458411640,458571924,458513699,458529578,458529579,458571924,458409592,458576020,"decoded_payload_last_chip",1,621.760579,621.977979,144,2.262648,-1676.773427,"Decawave DW-8",0.124725,1,44,0x2440,0x03BE,0,"58CBE822AACB160A0B9B27314BB7E9515D5726118D3786C4A9835D7F06B0BA40433E3EBA6035E9ED22414024"
1058,458671100,458790110,458950395,458892170,458908048,458908050,458950395,458788062,458954491,"decoded_payload_last_chip",1,622.273912,622.491313,144,3.370238,-1450.843261,"Decawave DW-8",0.123184,1,44,0x2440,0x13CC,0,"A8F5B88DA89B160A0B9B77245BB7E9D157570003F01E6784E106577326CA11704E3E7EB57A31400628404024"
1059,459049700,459168581,459330378,459270641,459286519,459286521,459330378,459166533,459334474,"decoded_payload_last_chip",1,622.787246,623.006698,144,5.522127,-1392.689432,"Decawave DW-8",0.122820,1,46,0x4C82,0x994E,0,"A8F5B8225ECE160A7F9BDD26FB1CE9D1225628BEE7966685B1820A64068A10E00CBFBCB4CE316E470D414024824C"
1060,459428300,459547051,459664989,459649111,459664989,NaN,NaN,459545003,459669085,"decoded_phr_last_chip",0,623.300579,623.460543,144,2.262648,-1687.503301,"Decawave DW-8",0.125093,0,44,0x0000,0x0000,0,""
1061,459806500,459925522,460043460,460027581,460043460,NaN,NaN,459923474,460047556,"decoded_phr_last_chip",0,623.813913,623.973877,144,4.604410,-1817.127384,"Decawave DW-8",0.123639,0,46,0x0000,0x0000,0,""
1062,460185200,460238724,460389934,460340784,460356662,460356664,460389934,460236676,460394030,"decoded_payload_last_chip",1,624.238721,624.443812,144,1.819612,-1522.150663,"Decawave DW-8",0.103530,1,38,0x0AC8,0xBBF3,0,"5C48E008CA6A3B000A30DBDEDA67F1C00D664E0C9915053514868FBCFDE9F067F7602CA9C80A"
1063,460941900,461046684,461180501,461148743,461164621,461164623,461180501,461044636,461184597,"decoded_payload_last_chip",1,625.334587,625.516088,144,-0.000000,-1691.445202,"Decawave DW-8",0.102710,1,15,0x5ACC,0x1A74,0,"FC5EE088F46260001A32CBDE72CC5A"
1064,461320400,461431157,461569511,461533216,461549094,461549096,461569511,461429109,461573607,"decoded_payload_last_chip",1,625.856061,626.043716,144,-0.000000,-1564.152582,"Decawave DW-8",0.104215,1,21,0x9904,0x76C5,0,"5C5DE020A261BA0A0A3A336B72CDE5C0054E4E0499"
1065,461693892,461817875,461935812,461919934,461935812,NaN,NaN,461815827,461939908,"decoded_phr_last_chip",0,626.380581,626.540544,144,2.262648,-1661.610208,"Decawave DW-8",0.124039,0,44,0x0000,0x0000,0,""
1066,462077300,462131077,462355637,462233136,462249015,462249016,462355637,462129029,462359733,"decoded_payload_last_chip",1,626.805389,627.109968,144,3.037961,-1296.082470,"Decawave DW-8",0.102813,1,123,0xB77C,0xFE25,0,"5C484000A22B33004B2FDBCBDA67F14004724A0C99150D3554868FF43DECD86FF77D2087C80A00AA423D3D0FBF540644044AE36DC3A2C55E9D8CB1D46402228B0B9AB3F9CC448F8FD3CBA21C0F946190C858F1EA12672200E8A88A88F5C9CA84A292FA1AD521941976BE10049506C1E1F91921F46663647CE47CB7"
1067,462455900,462574815,462692753,462676875,462692753,NaN,NaN,462572767,462696849,"decoded_phr_last_chip",0,627.407247,627.567211,144,2.262648,-1643.947735,"Decawave DW-8",0.124326,0,46,0x0000,0x0000,0,""
1068,462834300,462930033,463091830,463032093,463047971,463047973,463091830,462927985,463095926,"decoded_payload_last_chip",1,627.889042,628.108493,144,1.534803,-1712.391932,"Decawave DW-8",0.102101,1,46,0xFD67,0xB9F2,0,"FC4BE00CCA6A6F001A3ACB9EDA67F1C00D664E189915013514868FBCE9E95864A2602091CC0E4000ACBE196867FD"
1069,463212800,463322759,463440697,463424818,463440697,NaN,NaN,463320711,463444793,"decoded_phr_last_chip",0,628.421711,628.581675,144,-0.000000,-1634.678316,"Decawave DW-8",0.103309,0,17,0x0000,0x0000,0,""
1070,463591200,463710233,463853124,463812292,463828170,463828172,463853124,463708185,463857220,"decoded_payload_last_chip",1,628.947256,629.141064,144,-0.000000,-1577.104974,"Decawave DW-8",0.103411,1,27,0x6066,0xECFA,0,"1C5EE0081E6BBA0A0A32CF9EF1D4298C0E42A3764D96C6FAED6660"
1071,463969700,464088703,464227058,464190762,464206641,464206642,464227058,464086655,464231154,"decoded_payload_last_chip",1,629.460589,629.648245,144,-0.000000,-1680.952323,"Decawave DW-8",0.103075,1,21,0x70C4,0x5143,0,"5C48E008A261BA0A1232679FFBD4298C0E42B9C470"
1072,464726600,464845644,464979462,464947703,464963582,464963583,464979462,464843596,464983558,"decoded_payload_last_chip",1,630.487256,630.668758,144,-1.598094,-1892.552072,"Decawave DW-8",0.103784,1,15,0x2B48,0x7238,0,"FC5EE008A261E20A0A27CBBEFB482B"
1073,465105100,465224115,465362469,465326174,465342052,465342054,465362469,465222067,465366565,"decoded_payload_last_chip",1,631.000590,631.188245,144,-0.000000,-1620.111219,"Decawave DW-8",0.103205,1,21,0xCD4F,0x29DD,0,"5C48E0081E6BBA0A0A6766C9E454298C0E42694FCD"
1074,465861100,465981050,466098986,466083108,466098986,NaN,NaN,465979002,466103082,"decoded_phr_last_chip",0,632.027249,632.187210,144,2.642393,12346.546564,"Decawave DW-8",0.084874,0,84,0x0000,0x0000,0,""
1075,467375900,467494932,467612870,467596991,467612870,NaN,NaN,467492884,467616966,"decoded_phr_last_chip",0,634.080583,634.240546,144,2.262648,-1700.217184,"Decawave DW-8",0.124926,0,44,0x0000,0x0000,0,""
1076,467754400,467873402,468080570,467975462,467991340,467991342,468080570,467871354,468084666,"decoded_payload_last_chip",1,634.593915,634.874905,144,3.132898,7281.340247,"Decawave DW-8",0.086575,1,100,0x483F,0x7931,0,"DAEF891A2CAA244219B592A0CA7565404664EBC751F827412D911102375378013CB23052BCB072E67C0060860699465DE1385E04A56C01AF05D0CA9652E598A2209340CD6E393793D6FD2B243D8A717A3C182918E472169EEE0C626C433BE2069E253F48"
1077,468132900,468251873,468369811,468353932,468369811,NaN,NaN,468249825,468373907,"decoded_phr_last_chip",0,635.107250,635.267213,144,2.927202,-1505.992975,"Decawave DW-8",0.124304,0,44,0x0000,0x0000,0,""
1078,468511300,468630343,468748281,468732403,468748281,NaN,NaN,468628295,468752377,"decoded_phr_last_chip",0,635.620582,635.780546,144,6.863103,4435.684543,"Decawave DW-8",0.110836,0,68,0x0000,0x0000,0,""
1079,468889800,469008814,469126752,469110873,469126752,NaN,NaN,469006766,469130848,"decoded_phr_last_chip",0,636.133917,636.293880,144,2.262648,-1667.628714,"Decawave DW-8",0.125080,0,44,0x0000,0x0000,0,""
1080,469268300,469387285,469549081,469489344,469505222,469505224,469549081,469385237,469553177,"decoded_payload_last_chip",1,636.647251,636.866701,144,0.537972,-1900.934979,"Decawave DW-8",0.124706,1,46,0xFB12,0x9B89,0,"0CCBE88800CB16000B1BD934BB55E951DD54B9F7C790A6B271B3AA23274A04B0233890B0E9312F562C01408412FB"
1081,469646800,469765755,469883692,469867814,469883692,NaN,NaN,469763707,469887788,"decoded_phr_last_chip",0,637.160583,637.320546,144,-1.060122,-1802.973147,"Decawave DW-8",0.125390,0,44,0x0000,0x0000,0,""
1082,470025200,470144225,470306022,470246284,470262163,470262164,470306022,470142177,470310118,"decoded_payload_last_chip",1,637.673916,637.893368,144,1.518981,-1543.182093,"Decawave DW-8",0.125129,1,46,0x6092,0xCB4E,0,"58EB2028AACB160A0B1B9B33EBFDF9515D57D3B4079026E401C6B72907CABF50D6393CB36C3949466A4040849260"
1083,470403700,470522696,470640633,470624755,470640633,NaN,NaN,470520648,470644729,"decoded_phr_last_chip",0,638.187250,638.347213,144,2.262648,-1697.662610,"Decawave DW-8",0.124296,0,44,0x0000,0x0000,0,""
1084,470782200,470901166,471061450,471003225,471019104,471019105,471061450,470899118,471065546,"decoded_payload_last_chip",1,638.700583,638.917982,144,2.262648,-1694.641184,"Decawave DW-8",0.124687,1,44,0x8440,0xD729,0,"58CBA8282AC916000B7B2631EBFDE9515D5773644518E64F21F3352B07A019707620B436699F61337D404084"
1085,471160600,471279637,471397573,471381695,471397573,NaN,NaN,471277589,471401669,"decoded_phr_last_chip",0,639.213917,639.373878,144,2.088598,12228.110363,"Decawave DW-8",0.084611,0,84,0x0000,0x0000,0,""
1086,471539100,471658108,471818392,471760167,471776045,471776047,471818392,471656060,471822488,"decoded_payload_last_chip",1,639.727252,639.944651,144,2.879734,-1647.640385,"Decawave DW-8",0.124505,1,44,0x2440,0xC560,0,"08FFA828AACB16000B9B77245B57E9D1575708ADC29FA7CF41531820278BB0C88C3D32B63936BD0675404024"
1087,471877292,472036577,472154516,472138637,472154516,NaN,NaN,472034529,472158612,"decoded_phr_last_chip",0,640.240583,640.400548,144,6.406222,-1810.105710,"Decawave DW-8",0.123808,0,46,0x0000,0x0000,0,""
1088,472296000,472415048,472575332,472517107,472532986,472532987,472575332,472413000,472579428,"decoded_payload_last_chip",1,640.753917,640.971316,144,2.262648,-1616.605671,"Decawave DW-8",0.124888,1,44,0x2440,0xF910,0,"F8E1A828AACB16000B7B76244B57E9D157570484323AA62F3102B52767CABA6083323A18CF39B7C623414024"
1089,472674500,472793519,472953803,472895578,472911456,472911458,472953803,472791471,472957899,"decoded_payload_last_chip",1,641.267251,641.484650,144,2.262648,-1646.550774,"Decawave DW-8",0.124788,1,44,0x8440,0xFC8D,0,"F8E1A828AACB16000B9B77244BB7E9515D579994471C07C511A33971066017208D2C38333030BE8677404084"
1090,473809308,473928930,474089972,474030990,474046869,474046870,474089972,473926882,474094068,"decoded_payload_last_chip",1,642.807251,643.025678,144,10.320366,-1892.992618,"Decawave DW-8",0.121180,1,45,0x1221,0x1B8A,0,"A9E0B8221E9B360A2B7B8A23FBBCE9D176575879F09D716F3B327533C7A03C0026936FB79D344F66A441002112"
1091,474566900,474677624,474795562,474779683,474795562,NaN,NaN,474675576,474799658,"decoded_phr_last_chip",0,643.822732,643.982696,144,0.537972,-1773.390003,"Decawave DW-8",0.105020,0,17,0x0000,0x0000,0,""
1092,475702300,475756014,475873952,475858073,475873952,NaN,NaN,475753966,475878048,"decoded_phr_last_chip",0,645.285392,645.445356,144,1.647540,-1413.079480,"Decawave DW-8",0.106037,0,43,0x0000,0x0000,0,""
1093,476080800,476134485,476272840,476236545,476252423,476252424,476272840,476132437,476276936,"decoded_payload_last_chip",1,645.798726,645.986382,144,0.561706,-1794.393597,"Decawave DW-8",0.103969,1,21,0x9904,0x2E50,0,"5C48E0080A4B60005227CFCBDA66F0C00D0E5B0499"
1094,476837588,476956694,477074632,477058754,477074632,NaN,NaN,476954646,477078728,"decoded_phr_last_chip",0,646.913919,647.073882,144,3.006316,-1566.853697,"Decawave DW-8",0.123644,0,44,0x0000,0x0000,0,""
1095,477216200,477335165,477453103,477437224,477453103,NaN,NaN,477333117,477457199,"decoded_phr_last_chip",0,647.427253,647.587217,144,3.765806,-1417.895333,"Decawave DW-8",0.123857,0,46,0x0000,0x0000,0,""
1096,477971300,478092106,478210043,478194165,478210043,NaN,NaN,478090058,478214139,"decoded_phr_last_chip",0,648.453920,648.613882,144,2.262648,-1630.109137,"Decawave DW-8",0.125196,0,46,0x0000,0x0000,0,""
1097,478730000,478849047,479062263,478951106,478966984,478966986,479062263,478846999,479066359,"decoded_payload_last_chip",1,649.480587,649.769779,144,0.221518,-1695.996198,"Decawave DW-8",0.124653,1,108,0xD446,0xBA9B,0,"08DFE8282AC916000B1BD9B4EB5DE9515D577C52509586C23083AE25A73FBA4036399634623FE03763144086121BC8463D2CF7541254B90592297BF1501D845EC282E16F06CC20344FA1C094202519B46E20B05B67802C72E049A40B5D26E159E7B21F86BBF6FE571A2846D4"
1098,479108600,479227517,479389314,479329577,479345455,479345456,479389314,479225469,479393410,"decoded_payload_last_chip",1,649.993920,650.213371,144,0.284809,-1667.229727,"Decawave DW-8",0.124901,1,46,0x1112,0x3F77,0,"F8E4E82800C916000B1B99B1EB5DE9515D5709A0129307B241F32822275F1060663330B667B393660C0140861211"
1099,479487000,479605988,479755685,479708047,479723925,479723927,479755685,479603940,479759781,"decoded_payload_last_chip",1,650.507254,650.710293,144,2.262648,-1667.840837,"Decawave DW-8",0.124684,1,36,0xB23A,0xC83C,0,"58CBE822AACB16000B9B27314B57E9515D5753FBB70A06C40172EC7646CABD31033C3AB2"
1100,479865600,479984464,480135674,480086524,480102402,480102403,480135674,479982416,480139770,"decoded_payload_last_chip",1,651.020595,651.225686,144,2.104421,-1665.141634,"Decawave DW-8",0.103547,1,38,0x989B,0xC93A,0,"5C5DE00E1E6B3A000A2FCB7EEED4298C0E421C98473B339A60021727A78AD2C0C68578B49B98"
1101,480622600,480741405,480859341,480843463,480859341,NaN,NaN,480739357,480863437,"decoded_phr_last_chip",0,652.047262,652.207222,144,1.234172,12434.916211,"Decawave DW-8",0.068335,0,54,0x0000,0x0000,0,""
1102,481000900,481119870,481237808,481221929,481237808,NaN,NaN,481117822,481241904,"decoded_phr_last_chip",0,652.560588,652.720551,144,2.262648,-1705.937525,"Decawave DW-8",0.125333,0,44,0x0000,0x0000,0,""
1103,481377748,481498346,481616284,481600405,481616284,NaN,NaN,481496298,481620380,"decoded_phr_last_chip",0,653.073928,653.233892,144,-0.000000,-1712.674324,"Decawave DW-8",0.101695,0,17,0x0000,0x0000,0,""
1104,482136400,482255281,482417077,482357340,482373219,482373220,482417077,482253233,482421173,"decoded_payload_last_chip",1,654.100587,654.320037,144,-0.000000,-1657.220117,"Decawave DW-8",0.124780,1,46,0xA912,0x16F0,0,"08CBE88000C9160A0B9B33B1EB5DE9515D57DCF6E73CC6A71163A87B064A149066303E1C60313F067001408412A9"
1105,482515000,482633752,482759252,482735812,482751690,482751692,482759252,482631704,482763348,"decoded_payload_last_chip",1,654.613921,654.784142,144,5.648709,2122.607795,"Decawave DW-8",0.113815,1,4,0xFAE9,0xA73A,0,"3188E9FA"
1106,482893200,483012222,483172506,483114282,483130160,483130161,483172506,483010174,483176602,"decoded_payload_last_chip",1,655.127254,655.344653,144,2.262648,-1622.812979,"Decawave DW-8",0.124511,1,44,0x2440,0xD36E,0,"F8E1A828AACB16000B9B27315B57E9515D5729BBA299268511A33B23674A3A00632C3EB2EF99E8A702414024"
1107,483271900,483390693,483550977,483492752,483508630,483508632,483550977,483388645,483555073,"decoded_payload_last_chip",1,655.640588,655.857987,144,2.262648,-1726.840210,"Decawave DW-8",0.124502,1,44,0x2440,0x6F0D,0,"08DFA828AA9B16000B9B27915157E9515D572678383146A55153B071263A1230063E3A187299EEA627434024"
1108,483650500,483769163,483929448,483871223,483887101,483887103,483929448,483767115,483933544,"decoded_payload_last_chip",1,656.153921,656.371322,144,2.262648,-1641.482866,"Decawave DW-8",0.124636,1,44,0x2440,0xB4A1,0,"F8E1A828AACB16000B9B77245BD7E9515D570C1B8D9106C51173B02CA74A1420E63E38B06A31E18727034024"
1109,484407100,484526105,484663702,484628163,484644041,484644043,484663702,484524057,484667798,"decoded_payload_last_chip",1,657.180589,657.367217,144,6.742454,10060.616814,"Decawave DW-8",0.077871,1,20,0xE541,0x20A3,0,"21A04CAFA48621694B39772124D91F40C0EC41E5"
1110,484785700,484904575,485064859,485006634,485022512,485022514,485064859,484902527,485068955,"decoded_payload_last_chip",1,657.693922,657.911321,144,2.262648,-1662.245994,"Decawave DW-8",0.125338,1,44,0x2440,0x7CEA,0,"F8E1A828AACB16000B1BDB26EBBDE9515D577953AD16A6CE91A31A26272A3B0023343CB26C33BB2673404024"
1111,485164000,485277799,485395736,485379858,485395736,NaN,NaN,485275751,485399832,"decoded_phr_last_chip",0,658.200140,658.360102,144,-1.946194,-1592.339710,"Decawave DW-8",0.104217,0,47,0x0000,0x0000,0,""
1112,485542600,485661516,485787015,485763575,485779453,485779455,485787015,485659468,485791111,"decoded_payload_last_chip",1,658.720589,658.890808,144,0.079114,19611.853074,"Decawave DW-8",0.105351,1,4,0x1189,0x82AC,0,"906F8911"
1113,485921000,486039986,486200270,486142045,486157924,486157925,486200270,486037938,486204366,"decoded_payload_last_chip",1,659.233922,659.451321,144,2.927202,-1460.603859,"Decawave DW-8",0.124334,1,44,0x2440,0xDE9E,0,"A8F5B829AACB16000B9B7724CBBAE9D177572C0EA09986C531A5B0E28D4AB1D56739681DCA936A8626414024"
1114,486299500,486418457,486536394,486520516,486536394,NaN,NaN,486416409,486540490,"decoded_phr_last_chip",0,659.747256,659.907218,144,2.262648,-1680.661283,"Decawave DW-8",0.124975,0,46,0x0000,0x0000,0,""
1115,487056400,487110130,487253776,487212188,487228066,487228067,487253776,487108082,487257872,"decoded_payload_last_chip",1,660.685398,660.880230,144,2.278471,12188.921816,"Decawave DW-8",0.069479,1,28,0xEAB2,0xFE62,0,"C1CDC99182636722210101C77E945C59D9E16A4715B31D818514B2EA"
1116,487434900,487548622,487666560,487650682,487666560,NaN,NaN,487546574,487670656,"decoded_phr_last_chip",0,661.280141,661.440104,144,1.044299,-1391.607786,"Decawave DW-8",0.102948,0,1,0x0000,0x0000,0,""
1117,487813300,487932344,488070699,488034404,488050282,488050283,488070699,487930296,488074795,"decoded_payload_last_chip",1,661.800597,661.988253,144,-0.000000,-1729.975831,"Decawave DW-8",0.102528,1,21,0x2000,0xD457,0,"5C5DE0000A4BE20A0A2FCF9EFB5429CC0E42290020"
1118,488570400,488665277,488803631,488767336,488783214,488783216,488803631,488663229,488807727,"decoded_payload_last_chip",1,662.794701,662.982355,144,-0.000000,-1635.817252,"Decawave DW-8",0.102031,1,21,0x9918,0x3177,0,"5C50E020CA6A60001A32CC9EDA665AEA054E4E1899"
1119,488948700,489067750,489274918,489169809,489185688,489185689,489274918,489065702,489279014,"decoded_payload_last_chip",1,663.340590,663.621579,144,-0.189873,6491.462439,"Decawave DW-8",0.090110,1,100,0xAA8E,0xDB7E,0,"70ED29AC26022E2A8ED7BFA4624DD8406E64129161FA37CB332B94406306187997A23BF41C0778CE21088147F09C20142F368484A443897D466D81118673341442F18E1A28A9703807B6868CC01938D7E65D62C67150B05C606928133035182F94B08EAA"
1120,489327200,489446227,489564164,489548286,489564164,NaN,NaN,489444179,489568260,"decoded_phr_last_chip",0,663.853932,664.013894,144,0.047468,-1557.536963,"Decawave DW-8",0.102993,0,27,0x0000,0x0000,0,""
1121,489705700,489824691,489984976,489926751,489942629,489942631,489984976,489822643,489989072,"decoded_payload_last_chip",1,664.367257,664.584657,144,3.829097,-1671.278992,"Decawave DW-8",0.124280,1,44,0x2440,0x4B42,0,"A8F5B827AA9B160A2B9BDD265BB7E9D17757662DC09B060641A05F2F87601360963391B4351C49C603414024"
1122,490084300,490203167,490416385,490305227,490321105,490321107,490416385,490201119,490420481,"decoded_payload_last_chip",1,664.880598,665.169793,144,3.955679,5944.696983,"Decawave DW-8",0.087582,1,108,0x196D,0xF4B1,0,"38C6316CC40B26025814F8AD22CC19554664EAC071D065A226011122AB233C7C6A1F76FABE7C08E5220984E3DBA3347191AC1403146E234639F5421DE1BB7545AD645809C393FD0335E0862071492D60D1185F641F25C1CE0875D31E586009DF80FB1E926618626B5D226D19"
1123,490841000,490960103,491078040,491062162,491078040,NaN,NaN,490958055,491082136,"decoded_phr_last_chip",0,665.907258,666.067220,144,0.664554,-1915.004085,"Decawave DW-8",0.124461,0,46,0x0000,0x0000,0,""
1124,491598000,491717044,491877328,491819103,491834982,491834983,491877328,491714996,491881424,"decoded_payload_last_chip",1,666.933925,667.151324,144,5.933518,-1649.690727,"Decawave DW-8",0.123044,1,44,0x2440,0x378E,0,"E8F5B8235ECE160A2B9B7724FBBCE9D1775758EB079D46C5B972DD20277095C0D680BCB066314E06A1404024"
1125,491976500,492095514,492255799,492197574,492213452,492213454,492255799,492093466,492259895,"decoded_payload_last_chip",1,667.447257,667.664658,144,4.367069,-1668.061730,"Decawave DW-8",0.123032,1,44,0x2440,0x2726,0,"A8F5B823AACB16002B1BDB260BB6E9D1575748DB729CA64F51830E206730B821663C66326135FF8404414024"
1126,492355000,492473985,492634269,492576044,492591922,492591924,492634269,492471937,492638365,"decoded_payload_last_chip",1,667.960592,668.177991,144,2.262648,-1683.631168,"Decawave DW-8",0.124597,1,44,0x2440,0x16D3,0,"F8E1E8222AC91600009B27B1EBFDE9D15757E3622831E74511E3B177E6EA16300C6C3F3768B741E77C404024"
1127,492733500,492852455,492970393,492954514,492970393,NaN,NaN,492850407,492974489,"decoded_phr_last_chip",0,668.473924,668.633888,144,2.262648,-1613.926130,"Decawave DW-8",0.124870,0,44,0x0000,0x0000,0,""
1128,493490400,493609396,493727335,493711456,493727335,NaN,NaN,493607348,493731431,"decoded_phr_last_chip",0,669.500591,669.660556,144,6.060100,-1682.540021,"Decawave DW-8",0.122958,0,46,0x0000,0x0000,0,""
1129,493868900,494079407,494197354,494181476,494197354,NaN,NaN,494077359,494201450,"decoded_phr_last_chip",0,670.138085,670.298060,54,-15.606969,-20264.910316,"IEEE 802.15.4z SFD #2",0.030163,0,99,0x0000,0x0000,0,""
1130,494247300,494366337,494484275,494468396,494484275,NaN,NaN,494364289,494488371,"decoded_phr_last_chip",0,670.527258,670.687222,144,2.689862,-1659.764812,"Decawave DW-8",0.125593,0,44,0x0000,0x0000,0,""
1131,494625800,494744808,494905092,494846867,494862745,494862747,494905092,494742760,494909188,"decoded_payload_last_chip",1,671.040592,671.257992,144,2.262648,-1682.894614,"Decawave DW-8",0.125390,1,44,0x2440,0x740C,0,"58CBE822AACB160A0B1BDB264BD7E9515D5744FF131AC68431231E27078A3EE0A3396437613346462C414024"
1132,495004400,495123278,495285075,495225338,495241216,495241218,495285075,495121230,495289171,"decoded_payload_last_chip",1,671.553925,671.773376,144,3.924033,-1636.350699,"Decawave DW-8",0.124017,1,46,0x9882,0x614F,0,"A8F4B823AACB16002B3BDB26FBBCE9D17757362EA09D26459172032747EBBA204E2D12373A346BD2224040248298"
1133,495382700,495501749,495619686,495603808,495619686,NaN,NaN,495499701,495623782,"decoded_phr_last_chip",0,672.067259,672.227222,144,0.933540,-1715.027941,"Decawave DW-8",0.124916,0,46,0x0000,0x0000,0,""
1134,495760700,495880219,495998157,495982279,495998157,NaN,NaN,495878171,496002253,"decoded_phr_last_chip",0,672.580592,672.740556,144,2.262648,-1698.884890,"Decawave DW-8",0.125581,0,44,0x0000,0x0000,0,""
1135,496139700,496258690,496418974,496360749,496376627,496376629,496418974,496256642,496423070,"decoded_payload_last_chip",1,673.093926,673.311325,144,1.550626,-1744.732405,"Decawave DW-8",0.124912,1,44,0x8440,0x120C,0,"F8E1E8282AC916000B9B2731EB55E9515D57132D4599C62EBA53A02FE79A1250F6363BB06737BF2623014084"
1136,498032000,498141295,498259232,498243354,498259232,NaN,NaN,498139247,498263328,"decoded_phr_last_chip",0,675.647373,675.807335,144,0.870249,-1539.479130,"Decawave DW-8",0.103047,0,17,0x0000,0x0000,0,""
1137,498410500,498510011,498627949,498612070,498627949,NaN,NaN,498507963,498632045,"decoded_phr_last_chip",0,676.147476,676.307440,144,-1.518981,-1607.523624,"Decawave DW-8",0.104186,0,43,0x0000,0x0000,0,""
1138,498789000,498894484,499012421,498996543,499012421,NaN,NaN,498892436,499016517,"decoded_phr_last_chip",0,676.668951,676.828913,144,-3.496820,9246.410021,"Decawave DW-8",0.061111,0,52,0x0000,0x0000,0,""
1139,499167600,499286454,499446738,499388513,499404391,499404393,499446738,499284406,499450834,"decoded_payload_last_chip",1,677.200594,677.417993,144,-0.474681,-2008.990026,"Decawave DW-8",0.124628,1,44,0x8640,0x9892,0,"58CBE880006016200B1B99B1EB5DE9510D76890A8D9846871186BD73063582C02333961A72313E6671004086"
1140,499924600,500043395,500161333,500145454,500161333,NaN,NaN,500041347,500165429,"decoded_phr_last_chip",0,678.227261,678.387225,144,2.262648,-1573.096825,"Decawave DW-8",0.124575,0,44,0x0000,0x0000,0,""
1141,500302900,500356597,500474535,500458657,500474535,NaN,NaN,500354549,500478631,"decoded_phr_last_chip",0,678.652068,678.812032,144,6.370621,-1971.077401,"Decawave DW-8",0.101401,0,106,0x0000,0x0000,0,""
1142,500681300,500800341,500951551,500902401,500918279,500918281,500951551,500798293,500955647,"decoded_payload_last_chip",1,679.253935,679.459026,144,2.072776,-1652.272249,"Decawave DW-8",0.103321,1,38,0x30E2,0x1808,0,"5C48E00A0A6BBB0A0A3A6B61EED479D10F440959F89366A5E506B221266AD2B53692D0B1E230"
1143,501059800,501178812,501296749,501280871,501296749,NaN,NaN,501176764,501300845,"decoded_phr_last_chip",0,679.767269,679.927231,144,-2.183535,2562.508413,"Decawave DW-8",0.104051,0,107,0x0000,0x0000,0,""
1144,501438400,501492009,501609946,501594068,501609946,NaN,NaN,501489961,501614042,"decoded_phr_last_chip",0,680.192069,680.352032,144,-1.297463,-1463.621108,"Decawave DW-8",0.105403,0,43,0x0000,0x0000,0,""
1145,501816700,501935747,502053685,502037807,502053685,NaN,NaN,501933699,502057781,"decoded_phr_last_chip",0,680.793928,680.953891,144,2.454499,-2086.883899,"Decawave DW-8",0.125157,0,38,0x0000,0x0000,0,""
1146,502573700,502692688,502852972,502794748,502810626,502810628,502852972,502690640,502857068,"decoded_payload_last_chip",1,681.820595,682.037994,144,2.294294,-2179.638448,"Decawave DW-8",0.124345,1,44,0x8440,0x8F55,0,"58CBE828AACA16002B9B2731BB55F9515D578909853CE7443AB3B57A668A3A30163A32B37833E77374404084"
1147,502952300,503071164,503189102,503173223,503189102,NaN,NaN,503069116,503193198,"decoded_phr_last_chip",0,682.333936,682.493899,144,1.218349,-1859.384585,"Decawave DW-8",0.103908,0,43,0x0000,0x0000,0,""
1148,504466000,504585041,504745325,504687100,504702979,504702980,504745325,504582993,504749421,"decoded_payload_last_chip",1,684.387263,684.604662,144,3.544288,-1413.112902,"Decawave DW-8",0.124401,1,44,0x2440,0xFF61,0,"A8F5B823AA9B160A2B9B7724FBBCE9D1775758FF1998C60591E75770E68A14C06639BD1AF89DF1C70D414024"
1149,504844500,504963511,505170678,505065570,505081449,505081450,505170678,504961463,505174774,"decoded_payload_last_chip",1,684.900595,685.181584,144,-1.107590,7175.142152,"Decawave DW-8",0.088030,1,100,0x248C,0xEF4A,0,"2AED898C26AA24828C57BDA42265D840463454EF39AF87E173C3955A9E03063C62EA31F916BA708670080D0D08A602070D1A5125601FB30FF34D5CC24A348C86D8752B8BC300CE0B3F96BBDB76B7A01589DCA91B33184697FF30651CEB7C60858AF58C24"
1150,505601700,505720452,505838390,505822511,505838390,NaN,NaN,505718404,505842486,"decoded_phr_last_chip",0,685.927262,686.087226,144,2.262648,-1674.291879,"Decawave DW-8",0.124714,0,44,0x0000,0x0000,0,""
1151,506358500,506477393,506639190,506579453,506595331,506595333,506639190,506475345,506643286,"decoded_payload_last_chip",1,686.953929,687.173381,144,4.667701,-1556.337976,"Decawave DW-8",0.123526,1,46,0x8BB8,0x1B7A,0,"A8F5B823AAEF160ADB9BDD26FBBC31D17757587E0D99076EEB73A075068A13752631301A5F31EE4729414024B88B"
1152,507115500,507234334,507352270,507336392,507352270,NaN,NaN,507232286,507356366,"decoded_phr_last_chip",0,687.980596,688.140557,144,0.268986,10708.975311,"Decawave DW-8",0.083788,0,94,0x0000,0x0000,0,""
1153,507493800,507612805,507773089,507714864,507730742,507730744,507773089,507610757,507777185,"decoded_payload_last_chip",1,688.493930,688.711329,144,1.344931,-2125.296240,"Decawave DW-8",0.126135,1,44,0x8640,0xE430,0,"58CBE88840CA16000B9B3331BB5DE9515D778CC2333E0692E5330A798610BEC0C339363A9236EB3371004086"
1154,507872600,507991281,508109218,508093340,508109218,NaN,NaN,507989233,508113314,"decoded_phr_last_chip",0,689.007271,689.167234,144,-1.218349,-1832.365444,"Decawave DW-8",0.104194,0,43,0x0000,0x0000,0,""
1155,509007700,509126687,509333855,509228746,509244625,509244626,509333855,509124639,509337951,"decoded_payload_last_chip",1,690.547264,690.828254,144,4.618255,6454.131484,"Decawave DW-8",0.095766,1,100,0x5C14,0x4164,0,"DAEF896E2CAA24820C57BFB5CA71D940466411703B86420678C193F2F546565942A630FD165221467A14C1260492FFAC0621B2397EC0AA9A8C5ED5CA24069F8374C431AAC4205039F7EE70BB4F1BD5393B35AA17E5E3D130403008E4A7493D1BC10D145C"
1156,509386284,509505163,509656373,509607222,509623101,509623102,509656373,509503115,509660469,"decoded_payload_last_chip",1,691.060605,691.265697,144,2.151889,-1620.433933,"Decawave DW-8",0.104430,1,38,0x6773,0x4BA9,0,"5C48E0080A6B3B000A1A6B61EED479D10F42B92E383C26CF958418240C05DE81A62A7CB07367"
1157,509764600,509878381,509996319,509980441,509996319,NaN,NaN,509876333,510000415,"decoded_phr_last_chip",0,691.566815,691.726778,144,1.914548,-1703.176816,"Decawave DW-8",0.104043,0,43,0x0000,0x0000,0,""
1158,510521600,510640568,510758506,510742628,510758506,NaN,NaN,510638520,510762602,"decoded_phr_last_chip",0,692.600597,692.760560,144,3.639224,589.726776,"Decawave DW-8",0.121792,0,40,0x0000,0x0000,0,""
1159,510900000,510953771,511079271,511055830,511071709,511071710,511079271,510951723,511083367,"decoded_payload_last_chip",1,693.025406,693.195626,144,1.962017,-9340.659255,"Decawave DW-8",0.084683,1,4,0x668C,0x1191,0,"98C08C66"
1160,511278500,511332242,511466059,511434300,511450179,511450180,511466059,511330194,511470155,"decoded_payload_last_chip",1,693.538740,693.720241,144,-1.661385,-1780.591211,"Decawave DW-8",0.105369,1,15,0x5A65,0x6C71,0,"FC48E0000A6FEA0A522FCBFE22655A"
1161,512035500,512091433,512315238,512193493,512209371,512209373,512315238,512089385,512319334,"decoded_payload_last_chip",1,694.568458,694.872013,144,4.129729,-1277.887993,"Decawave DW-8",0.101260,1,122,0xC9A2,0x8685,0,"F94BC00E1E6B33000A3BDBCB7239F0480A724A0C9955003554868BDC3DECDA3FF67D70A2C8A2E004403DDDB8B3D1041051E1B938A35FD25ECD8DE1806400227F8EB0B3F9CCEED98F83CEA21C249061C4C858F1DA0B4E248AEE882B2887A64B43FCB07599B0CF6841ABBFCC24B020B55C799E012214A4ABB6A2C9"
1162,513171200,513289862,513407799,513391921,513407799,NaN,NaN,513287814,513411895,"decoded_phr_last_chip",0,696.193932,696.353894,144,0.822781,-1878.807305,"Decawave DW-8",0.124916,0,44,0x0000,0x0000,0,""
1163,513549300,513668333,513830129,513770392,513786270,513786272,513830129,513666285,513834225,"decoded_payload_last_chip",1,696.707266,696.926716,144,-0.174050,-4050.560484,"Decawave DW-8",0.123581,1,46,0xD008,0xF24F,0,"08CBEAC8001ABD0A6D4A9C11EB40152EF8204093A29687A2F103A223637A2CE8036E8F401C3823267C08244D08D0"
1164,513927800,514046809,514213897,514148867,514164745,514164747,514213897,514044761,514217993,"decoded_payload_last_chip",1,697.220607,697.447234,144,1.629740,10181.555708,"Decawave DW-8",0.067302,1,53,0x200B,0x2C3C,0,"696D62AFACA2332B1B79C91B64D1B0656A4CD6D594D8F7151C5B9A489E8BFE135615DB05F73872E626292183A06088CDAC42720B20"
1165,514306300,514425274,514585557,514527332,514543211,514543212,514585557,514423226,514589653,"decoded_payload_last_chip",1,697.733933,697.951331,144,-1.344931,-1905.259670,"Decawave DW-8",0.125269,1,44,0x0840,0x0FB4,0,"8CC6A8202A6114A00A339BB1EB5DF9720D7649FB0238469291465775264ABD40B676B9346F3F2DE621014008"
1166,514684700,514803744,514921681,514905803,514921681,NaN,NaN,514801696,514925777,"decoded_phr_last_chip",0,698.247266,698.407228,144,1.867080,-1549.366223,"Decawave DW-8",0.125691,0,44,0x0000,0x0000,0,""
1167,516198600,516317626,516477910,516419685,516435564,516435565,516477910,516315578,516482006,"decoded_payload_last_chip",1,700.300600,700.517999,144,3.465175,-1674.342891,"Decawave DW-8",0.125040,1,44,0x2440,0x71E6,0,"A8F5B829AACB16000B9BDD265BB7E9D177571408199EE6A711725720270A112023313C366835E74708494024"
1168,516577100,516696096,516814033,516798154,516814033,NaN,NaN,516694048,516818129,"decoded_phr_last_chip",0,700.813932,700.973895,144,2.357584,12379.300581,"Decawave DW-8",0.081453,0,94,0x0000,0x0000,0,""
1169,516955600,517074567,517234851,517176626,517192505,517192506,517234851,517072519,517238947,"decoded_payload_last_chip",1,701.327266,701.544666,144,2.262648,-1675.504967,"Decawave DW-8",0.124729,1,44,0x2440,0x2C35,0,"08DF0028AACB16002B9B27314B57E9515D57C814651E0684C1F37020864AB05186663B186B3166060A414024"
1170,517712500,517831508,517949446,517933567,517949446,NaN,NaN,517829460,517953542,"decoded_phr_last_chip",0,702.353933,702.513897,144,1.360753,-1737.625108,"Decawave DW-8",0.124957,0,44,0x0000,0x0000,0,""
1171,518090000,518186726,518354572,518288785,518304664,518304665,518354572,518184678,518358668,"decoded_payload_last_chip",1,702.835729,703.063384,144,3.148720,24282.167019,"Decawave DW-8",0.106180,1,54,0xC98A,0x9E8B,0,"AAF3FA381800EA0A1A3ADB9E729DCF4004660A141FD54507E882CE5A652068766E66E381A2388234C63E13BB5D99295AA2E2C1078AC9"
1172,519604900,519723860,519841798,519825919,519841798,NaN,NaN,519721812,519845894,"decoded_phr_last_chip",0,704.920600,705.080564,144,0.949363,-1780.057445,"Decawave DW-8",0.124981,0,44,0x0000,0x0000,0,""
1173,519983300,520102331,520220269,520204390,520220269,NaN,NaN,520100283,520224365,"decoded_phr_last_chip",0,705.433934,705.593898,144,2.768975,-1581.668072,"Decawave DW-8",0.125404,0,46,0x0000,0x0000,0,""
1174,520361800,520480802,520598739,520582861,520598739,NaN,NaN,520478754,520602835,"decoded_phr_last_chip",0,705.947268,706.107231,144,0.648731,-1787.905347,"Decawave DW-8",0.125738,0,44,0x0000,0x0000,0,""
1175,520740300,520859272,521021069,520961332,520977210,520977212,521021069,520857224,521025165,"decoded_payload_last_chip",1,706.460601,706.680052,144,7.341740,-1406.504567,"Decawave DW-8",0.121481,1,46,0xF312,0x8A6C,0,"A8E0B8231ECBB60B2B9BDD26FBBCE9D1775778FCF29FF18F1122DD6507AA16E1E6206A1968336D467640002112F3"
1176,522632600,522742627,522893837,522844686,522860564,522860566,522893837,522740579,522897933,"decoded_payload_last_chip",1,709.015065,709.220157,144,-1.075945,-1765.261461,"Decawave DW-8",0.104802,1,38,0x66A4,0xC6B3,0,"4848E0081E6B40000A67669D22CD5AC60D644E6499150D21901593DFB9AAB40C509C60A6A466"
1177,523011100,523100840,523252050,523202899,523218778,523218779,523252050,523098792,523256146,"decoded_payload_last_chip",1,709.500922,709.706014,144,1.724676,-1685.027247,"Decawave DW-8",0.102557,1,38,0x0ACC,0xACAF,0,"5C48E0000A6BBB0A0A326BCB8AE64F400E644E0499150D21A4868BBCFDE9F067F27D2885CC0A"
1178,523389600,523480811,523632021,523582870,523598749,523598750,523632021,523478763,523636117,"decoded_payload_last_chip",1,710.016291,710.221383,144,2.389230,-1518.415377,"Decawave DW-8",0.104618,1,38,0xA2CC,0xCC2C,0,"5C5D4020226B30000A3ADBCBDA67E59C0C724E049915013514868FBCE9E9F0E722622091CCA2"
1179,524525100,524643977,524804261,524746036,524761915,524761916,524804261,524641929,524808357,"decoded_payload_last_chip",1,711.593936,711.811335,144,4.050615,-1897.919540,"Decawave DW-8",0.124020,1,44,0x2440,0xA72E,0,"A8F5B827AACB16002B9B77245BB7E9D157570C0AE09FC72531E6A074A60ABB60262C36B6C13541C6064B4024"
1180,524903400,525022447,525140385,525124506,525140385,NaN,NaN,525020399,525144481,"decoded_phr_last_chip",0,712.107269,712.267232,144,-1.075945,24884.670108,"Decawave DW-8",0.123484,0,96,0x0000,0x0000,0,""
1181,525281796,525391170,525509108,525493230,525509108,NaN,NaN,525389122,525513204,"decoded_phr_last_chip",0,712.607381,712.767345,144,3.908211,20716.010027,"Decawave DW-8",0.090969,0,100,0x0000,0x0000,0,""
1182,525660400,525779394,525958583,525881453,525897332,525897333,525958583,525777346,525962679,"decoded_payload_last_chip",1,713.133944,713.376984,144,0.015823,-1721.551597,"Decawave DW-8",0.102910,1,69,0x4A04,0x23E0,0,"5C48E088A061E20A0A37CF9EFB54298C0E42E1BEA93DA7877006BA2C220A525FF2BB3CB669B38226BD4C81D393AE703E1CEC91C58DC5840FA0254DB211DC305B6F83C8044A"
1183,526039000,526092591,526210527,526194648,526210527,NaN,NaN,526090543,526214623,"decoded_phr_last_chip",0,713.558744,713.718705,144,-0.427213,10903.119607,"Decawave DW-8",0.066437,0,97,0x0000,0x0000,0,""
1184,526795800,526914800,527032738,527016859,527032738,NaN,NaN,526912752,527036834,"decoded_phr_last_chip",0,714.673937,714.833900,144,2.151889,-1609.454017,"Decawave DW-8",0.124357,0,44,0x0000,0x0000,0,""
1185,527174300,527293271,527453555,527395330,527411208,527411210,527453555,527291223,527457651,"decoded_payload_last_chip",1,715.187271,715.404670,144,2.737330,-1509.966208,"Decawave DW-8",0.124704,1,44,0x2440,0xEDC8,0,"A8F5B882A8CB16002B9B77245BB7E9D157575C69189C46E569036227A73A9321A63E34B13430E92726404024"
1186,527552700,527671741,527832025,527773800,527789679,527789680,527832025,527669693,527836121,"decoded_payload_last_chip",1,715.700604,715.918003,144,3.006316,-1362.533540,"Decawave DW-8",0.124549,1,44,0x2440,0xDCA1,0,"A8F5E822AACBB60A0B9BDD265BB7E9D1575758A2471D86C5E9635C2927DFBA6006247233639DBF6608414024"
1187,527931200,528050211,528257380,528152271,528168149,528168151,528257380,528048163,528261476,"decoded_payload_last_chip",1,716.213936,716.494927,144,5.585418,6360.000355,"Decawave DW-8",0.091870,1,100,0x548C,0x94E6,0,"DAEFA95A2CAA24421957BDA04A71D940466441377B0148560D447EEE35B92895421B30F9341276042E3F308804181ED4205331321C93AF87545040C6184A6D5B37357B2C6C22FB307166904076D305733FB3ACD87B81ED33B10CE7E1F44BE8D052568C54"
1188,528309800,528428688,528567043,528530747,528546626,528546627,528567043,528426640,528571139,"decoded_payload_last_chip",1,716.727279,716.914935,144,1.313285,-1245.812159,"Decawave DW-8",0.103655,1,21,0x4511,0x4DEB,0,"5C48E0001E6B3B000AEFDE6BC6D4298C0E429C1145"
1189,529066600,529185623,529347419,529287682,529303561,529303562,529347419,529183575,529351515,"decoded_payload_last_chip",1,717.753937,717.973387,144,0.632909,-1791.863531,"Decawave DW-8",0.125065,1,46,0x9112,0xEC0E,0,"0CCBA88000CB16005F9B27B1EB55E9515D57912C589986122F737976B2DA1EA0363936306D9FA3067F0040841291"
1190,529445100,529564093,529724378,529666153,529682031,529682033,529724378,529562045,529728474,"decoded_payload_last_chip",1,718.267270,718.484671,144,2.325939,15900.467325,"Decawave DW-8",0.073904,1,44,0x2117,0x83CC,0,"72ED99AC33AA24429957BDA0CAF17040463440FD3A751233D8930579626A5071E33D34393A98B7461B011721"
1191,529823900,530008594,530126532,530110654,530126532,NaN,NaN,530006546,530130628,"decoded_phr_last_chip",0,718.870163,719.030127,76,4.305682,-1718.245624,"Decawave DW-8",0.040330,0,51,0x0000,0x0000,0,""
1192,530201928,530321040,530438976,530423098,530438976,NaN,NaN,530318992,530443072,"decoded_phr_last_chip",0,719.293945,719.453906,144,-1.091767,10784.475001,"Decawave DW-8",0.063474,0,97,0x0000,0x0000,0,""
1193,530959200,531077976,531238260,531180035,531195913,531195915,531238260,531075928,531242356,"decoded_payload_last_chip",1,720.320605,720.538005,144,1.139235,-1928.482043,"Decawave DW-8",0.124730,1,44,0x8440,0x7EF4,0,"08FFA83FAACB160A0B1B9BB3EBFDE9510D5689015190C60711A6D725A74ABA7016213E336335BAE622014084"
1194,531337400,531456446,531618242,531558505,531574383,531574385,531618242,531454398,531622338,"decoded_payload_last_chip",1,720.833938,721.053388,144,-1.471512,789.729609,"Decawave DW-8",0.124553,1,46,0x22C2,0x1920,0,"D8F1B82300CB460A0B9BDD66C6BCF953D45418FF17580B9241E2566A06329AE12608BF322431A24010094004C222"
1195,531716200,531834917,531952854,531936976,531952854,NaN,NaN,531832869,531956950,"decoded_phr_last_chip",0,721.347272,721.507235,144,1.867080,-1306.710498,"Decawave DW-8",0.124635,0,44,0x0000,0x0000,0,""
1196,532094400,532213387,532420554,532315446,532331324,532331326,532420554,532211339,532424650,"decoded_payload_last_chip",1,721.860605,722.141593,144,-0.047468,7486.639357,"Decawave DW-8",0.078492,1,100,0x0C90,0x364D,0,"2AED232C24422F429957BFB54A707040C6E53134C17D8A89D3813947C4DBD2C3824C71F4BC1074667A0160880211D25931951214EC2F692890A5DC603233D9DC0C011E8BEE90D4333A18B8291550B02EB7926109755C2AC94798353F14CEBD5681D5900C"
1197,532473000,532591858,532752142,532693917,532709795,532709797,532752142,532589810,532756238,"decoded_payload_last_chip",1,722.373939,722.591338,144,3.180366,-1659.164373,"Decawave DW-8",0.124526,1,44,0x2440,0x166B,0,"A8F5B823AA9B16002B9B77245BB7E9D15757C8D1B39706900186B02E479F1700A6333A367A31102701404024"
1198,532851300,532970327,533165395,533072386,533088264,533088266,533165395,532968279,533169491,"decoded_payload_last_chip",1,722.887271,723.151849,144,5.755512,9886.922363,"Decawave DW-8",0.090341,1,84,0xDF97,0xC8F4,0,"29A018EAA4F624699133771124D97760444C1034315048B60C04535381557985C3352450023E2113D30261081014DDFAC402206C6D8E44A8BB3FDA3ACFC60DF7370A9C3721CA8161003BD3D56691A47025F297DF"
1199,533229800,533348799,533466737,533450858,533466737,NaN,NaN,533346751,533470833,"decoded_phr_last_chip",0,723.400606,723.560570,144,5.472681,-1392.330912,"Decawave DW-8",0.121781,0,46,0x0000,0x0000,0,""
1200,533986700,534062229,534180166,534164288,534180166,NaN,NaN,534060181,534184262,"decoded_phr_last_chip",0,724.368258,724.528220,144,-0.965186,-1714.637163,"Decawave DW-8",0.103542,0,43,0x0000,0x0000,0,""
1201,534365200,534441450,534609294,534543507,534559386,534559387,534609294,534439402,534613390,"decoded_payload_last_chip",1,724.882609,725.110262,144,-0.110759,12531.833269,"Decawave DW-8",0.060778,1,54,0x75F8,0x83DC,0,"EBCD9964846327C22E2C82FCAE105E1C34413E4015A3608185B4B2EADF9A5F9FAFB112648C78C2BCF81E0B1D1646D424842DC2E1F875"
1202,534743800,534862680,534980614,534964736,534980614,NaN,NaN,534860632,534984710,"decoded_phr_last_chip",0,725.453939,725.613897,144,4.873396,12490.437896,"Decawave DW-8",0.066210,0,21,0x0000,0x0000,0,""
1203,535500600,535554353,535705563,535656413,535672291,535672293,535705563,535552305,535709659,"decoded_payload_last_chip",1,726.392080,726.597172,144,3.085429,-2939.148268,"Decawave DW-8",0.106102,1,38,0xAECC,0x1113,0,"5C48E00E8265EA0A522FCBDEDA6658EE0D0E5B98991505610186C3BD1CE9A432A260AC93CCAE"
1204,535879100,536079878,536197822,536181944,536197822,NaN,NaN,536077830,536201918,"decoded_phr_last_chip",0,727.104869,727.264841,67,-5.341937,8318.996297,"IEEE legacy/BPRF SFD #0",0.020759,0,66,0x0000,0x0000,0,""
1205,536636000,536755039,536872976,536857098,536872976,NaN,NaN,536752991,536877072,"decoded_phr_last_chip",0,728.020615,728.180577,144,0.537972,6617.666695,"Decawave DW-8",0.083849,0,100,0x0000,0x0000,0,""
1206,537771400,537890450,538008388,537992510,538008388,NaN,NaN,537888402,538012484,"decoded_phr_last_chip",0,729.560615,729.720578,144,2.579102,-5665.386009,"Decawave DW-8",0.100010,0,1,0x0000,0x0000,0,""
1207,538149900,538268915,538429199,538370974,538386853,538386854,538429199,538266867,538433295,"decoded_payload_last_chip",1,730.073941,730.291340,144,2.041130,-1654.042141,"Decawave DW-8",0.124675,1,44,0x8440,0x225C,0,"F8E1A828AACB160A0B9B2731EBFDE9D157573CAA87C0A62FFB531F74268A14E0766E3DB26837E78422414084"
1208,538528400,538647391,538765327,538749449,538765327,NaN,NaN,538645343,538769423,"decoded_phr_last_chip",0,730.587282,730.747243,144,1.044299,12555.950408,"Decawave DW-8",0.062832,0,54,0x0000,0x0000,0,""
1209,538901700,539025856,539186141,539127916,539143794,539143795,539186141,539023808,539190237,"decoded_payload_last_chip",1,731.100608,731.318008,144,3.924033,-1644.732682,"Decawave DW-8",0.123624,1,44,0x2440,0xF0A2,0,"A8F5B822AACB16002B9B7724ABBDF9D157578200B89827444173B13EC70ABBA067613D18643144672A404024"
1210,540042300,540161267,540286768,540263327,540279206,540279207,540286768,540159219,540290864,"decoded_payload_last_chip",1,732.640607,732.810829,144,12.007463,-1556.858175,"Decawave DW-8",0.117029,1,4,0x22EC,0x9FE9,0,"A9E0EC22"
1211,540418300,540529990,540647926,540632048,540647926,NaN,NaN,540527942,540652022,"decoded_phr_last_chip",0,733.140720,733.300681,144,-1.360753,11962.605711,"Decawave DW-8",0.064653,0,97,0x0000,0x0000,0,""
1212,540799200,540918208,541078492,541020268,541036146,541036147,541078492,540916160,541082588,"decoded_payload_last_chip",1,733.667274,733.884673,144,2.262648,-1664.356311,"Decawave DW-8",0.124562,1,44,0x2440,0xBBC6,0,"F8E1E828AACB16002B1BDB26EBFDE9515D57490A2832C7C61913B423476ABD304339341A6233B80674404024"
1213,541556100,541675149,541836947,541777209,541793088,541793089,541836947,541673101,541841043,"decoded_payload_last_chip",1,734.693941,734.913394,144,10.324321,-2129.903795,"Decawave DW-8",0.121532,1,46,0x5CB8,0xC51E,0,"A8F4B8231E9B360A2B9BDD26FBBCE9D1765732133190476E91A71E614762BBDF263C6CB3DBB1EA8779404024B85C"
1214,542313100,542432091,542550028,542534150,542550028,NaN,NaN,542430043,542554124,"decoded_phr_last_chip",0,735.720610,735.880572,144,2.705684,950.848307,"Decawave DW-8",0.123123,0,42,0x0000,0x0000,0,""
1215,542691700,542810561,542936060,542912620,542928498,542928500,542936060,542808513,542940156,"decoded_payload_last_chip",1,736.233942,736.404161,144,2.452521,18237.927513,"Decawave DW-8",0.092935,1,4,0x1989,0xBDB2,0,"DAEF8919"
1216,543070000,543189031,543349315,543291091,543306969,543306970,543349315,543186983,543353411,"decoded_payload_last_chip",1,736.747275,736.964674,144,3.148720,-1651.216710,"Decawave DW-8",0.123945,1,44,0x2440,0xA299,0,"A8F5A828AACB16000B9B77244BB7E9D157578A71091D068F5123702B27CA1140262C681BEE3141665D404024"
1217,543448500,543567502,543727786,543669561,543685440,543685441,543727786,543565454,543731882,"decoded_payload_last_chip",1,737.260609,737.478008,144,3.955679,-1680.977339,"Decawave DW-8",0.124397,1,44,0x2440,0x66EF,0,"A8F5B823AACB160A2B9B77245BB7E9D177578C53589947AF01A9DF26A7CABA80263B36B29036EA070D414024"
1218,543827000,543945972,544106256,544048031,544063910,544063911,544106256,543943924,544110352,"decoded_payload_last_chip",1,737.773942,737.991341,144,2.357584,-1583.601248,"Decawave DW-8",0.125583,1,44,0x2440,0xC189,0,"A8F5A888A8CB16000B9B7724EBBDF9515D57D9400533472561337423A70BBA40A6333A323034E12723414024"
1219,544205400,544324443,544442380,544426502,544442380,NaN,NaN,544322395,544446476,"decoded_phr_last_chip",0,738.287276,738.447238,144,-0.094936,-2038.115547,"Decawave DW-8",0.124259,0,44,0x0000,0x0000,0,""
1220,544962400,545081384,545276451,545183442,545199320,545199322,545276451,545079336,545280547,"decoded_payload_last_chip",1,739.313943,739.578520,144,2.136066,10088.386573,"Decawave DW-8",0.091075,1,84,0x74EC,0x0644,0,"29A018EAB4FA2469953B100B249957609E5C6A9F015E628B13135A7AC10E531D961D8E0544B12E13A919610810E46B6D25867185B0C3064C69EB84CA76147127258686D82AF282C5B26682852E08305F65DAEC74"
1221,545340900,545459854,545577792,545561914,545577792,NaN,NaN,545457806,545581888,"decoded_phr_last_chip",0,739.827276,739.987240,144,2.705684,-2289.494985,"Decawave DW-8",0.125082,0,44,0x0000,0x0000,0,""
1222,546475612,546572013,546689951,546674072,546689951,NaN,NaN,546569965,546694047,"decoded_phr_last_chip",0,741.335738,741.495702,144,2.943025,-1712.086097,"Decawave DW-8",0.103230,0,47,0x0000,0x0000,0,""
1223,546854700,546964739,547082677,547066798,547082677,NaN,NaN,546962691,547086773,"decoded_phr_last_chip",0,741.868407,742.028370,144,1.249994,1488.659758,"Decawave DW-8",0.102700,0,27,0x0000,0x0000,0,""
1224,547233200,547319200,547493852,547421260,547437138,547437140,547493852,547317152,547497948,"decoded_payload_last_chip",1,742.349175,742.586062,144,1.487335,-1564.455719,"Decawave DW-8",0.102314,1,63,0x4F1D,0xB35C,0,"5C48E000CA6A3A000A3ACB9EDA67F1C00D664E0CD915013514868BBCE9E9F067A2202591C80E6080463CDD30B9515669510B200BE5F1D047F9628843B61D4F"
1225,547611800,547730678,547848615,547832737,547848615,NaN,NaN,547728630,547852711,"decoded_phr_last_chip",0,742.907278,743.067240,144,1.910593,-1734.515152,"Decawave DW-8",0.124573,0,44,0x0000,0x0000,0,""
1226,548747100,548800820,548959592,548902880,548918758,548918760,548959592,548798772,548963688,"decoded_payload_last_chip",1,744.358751,744.574099,144,3.603623,-1801.601690,"Decawave DW-8",0.104979,1,42,0x3D46,0xB5C4,0,"5C48400042603B001A3A8BCBDA6759B50C664E04D950003514868FBCFDE9D8BB22622887C80A00AA463D"
1227,549125700,549235562,549369379,549337621,549353499,549353500,549369379,549233514,549373475,"decoded_payload_last_chip",1,744.948408,745.129909,144,-1.439867,-1675.912758,"Decawave DW-8",0.105652,1,15,0x1ACD,0x9C56,0,"FC4AE0001E6BE20A0A67663F77CD1A"
1228,549504000,549623030,549740967,549725089,549740967,NaN,NaN,549620982,549745063,"decoded_phr_last_chip",0,745.473945,745.633907,144,-0.601263,-2050.470904,"Decawave DW-8",0.125277,0,44,0x0000,0x0000,0,""
1229,549882500,550001506,550207915,550103563,550119442,550119443,550207915,549999458,550212011,"decoded_payload_last_chip",1,745.987286,746.267246,144,-1.518981,11137.705728,"Decawave DW-8",0.064907,1,99,0xDD84,0x9242,0,"29306B9FBCC338296B793FF122C4BFE3C4ED601D1BD79DF4C3AE8943DE3478591BAD21E82D963993324941804A3394A12D688C0476E170C3A34DF8E490FB0869272EDCDD7EA20262D49F7053D5824E25718858B28DE23B0EBA5F21AF2B0B4448E284DD"
1230,550261000,550379976,550497914,550482035,550497914,NaN,NaN,550377928,550502010,"decoded_phr_last_chip",0,746.500618,746.660582,144,-1.503158,-1869.268301,"Decawave DW-8",0.103546,0,43,0x0000,0x0000,0,""
1231,550639400,550758441,550876379,550860501,550876379,NaN,NaN,550756393,550880475,"decoded_phr_last_chip",0,747.013944,747.173908,144,2.579102,-1538.031544,"Decawave DW-8",0.124363,0,44,0x0000,0x0000,0,""
1232,551017900,551136918,551254854,551238975,551254854,NaN,NaN,551134870,551258950,"decoded_phr_last_chip",0,747.527287,747.687248,144,-1.392399,10580.452415,"Decawave DW-8",0.064642,0,97,0x0000,0x0000,0,""
1233,552910600,553021017,553138955,553123076,553138955,NaN,NaN,553018969,553143051,"decoded_phr_last_chip",0,750.082760,750.242723,144,2.405053,-7265.375843,"Decawave DW-8",0.100744,0,0,0x0000,0x0000,0,""
1234,553288900,553407741,553546095,553509800,553525678,553525680,553546095,553405693,553550191,"decoded_payload_last_chip",1,750.607288,750.794942,144,0.775313,-1913.214930,"Decawave DW-8",0.103168,1,21,0x47B3,0x1278,0,"5C48E0080A6BE20A0A6FCE7EEED4298C0E42B9B347"
1235,553667200,553761452,553905856,553863511,553879390,553879391,553905856,553759404,553909952,"decoded_payload_last_chip",1,751.087039,751.282899,144,-0.063291,26008.560746,"Decawave DW-8",0.108340,1,29,0xDFD0,0xB227,0,"A3F41AFD180FE30A1A3A5B65DAB598FDBC7282B49CD3450593157BD0DF"
1236,554045900,554164676,554282609,554266731,554282609,NaN,NaN,554162628,554286705,"decoded_phr_last_chip",0,751.633946,751.793903,144,4.541119,12570.385351,"Decawave DW-8",0.065502,0,52,0x0000,0x0000,0,""
1237,554802900,554921617,555039555,555023677,555039555,NaN,NaN,554919569,555043651,"decoded_phr_last_chip",0,752.660613,752.820577,144,-5.174028,-12968.363954,"Decawave DW-8",0.088518,0,5,0x0000,0x0000,0,""
1238,555938100,556057028,556202191,556159089,556174968,556174969,556202191,556054980,556206287,"decoded_payload_last_chip",1,754.200613,754.397503,144,8.134853,11070.043979,"Decawave DW-8",0.070956,1,30,0x53A2,0x4D5C,0,"90A6992A6142329FAB8780D532D5B0D7B54B5178D5A96397AD96C154A253"
1239,556316500,556435499,556560999,556537558,556553437,556553438,556560999,556433451,556565095,"decoded_payload_last_chip",1,754.713947,754.884167,144,6.693008,16238.986392,"Decawave DW-8",0.078514,1,4,0x0C09,0x024A,0,"D8E7090C"
1240,556695000,556813969,556975766,556916029,556931907,556931909,556975766,556811921,556979862,"decoded_payload_last_chip",1,755.227280,755.446731,144,5.379723,-1722.046453,"Decawave DW-8",0.123318,1,46,0x1B02,0x12AE,0,"A8F4B823AACB160A2B9BDD26FBBCF9D17757D8ADF296066511231071D2F0BA600C273C303CB444077C404024021B"
1241,558587300,558697324,558815262,558799383,558815262,NaN,NaN,558695276,558819358,"decoded_phr_last_chip",0,757.781744,757.941707,144,0.015823,1102.193502,"Decawave DW-8",0.103041,0,107,0x0000,0x0000,0,""
1242,558966000,559084792,559202730,559186851,559202730,NaN,NaN,559082744,559206826,"decoded_phr_last_chip",0,758.307281,758.467244,144,3.370238,-1599.024698,"Decawave DW-8",0.124806,0,46,0x0000,0x0000,0,""
1243,559344600,559463263,559588762,559565322,559581200,559581202,559588762,559461215,559592858,"decoded_payload_last_chip",1,758.820615,758.990834,144,3.148720,20334.527047,"Decawave DW-8",0.112858,1,4,0x1129,0x7FDC,0,"9A6F2911"
1244,560101200,560154936,560313713,560257000,560272878,560272880,560313713,560152888,560317809,"decoded_payload_last_chip",1,759.758757,759.974112,144,7.294271,12041.533898,"Decawave DW-8",0.047345,1,42,0x1CE4,0xA05D,0,"996F810C2E2A28130F09E9A4ECE854545F52189E349104114C82A975C60CA7078348221D8EA14E01E41C"
1245,560479700,560590427,560708364,560692486,560708364,NaN,NaN,560588379,560712460,"decoded_phr_last_chip",0,760.349429,760.509391,144,-2.373407,-9764.433154,"Decawave DW-8",0.077703,0,4,0x0000,0x0000,0,""
1246,560858100,560977150,561135922,561079210,561095088,561095090,561135922,560975102,561140018,"decoded_payload_last_chip",1,760.873956,761.089304,144,4.414537,-1576.370729,"Decawave DW-8",0.103706,1,42,0x01AA,0x8FCD,0,"0948C00E1E6B33000A3ADB6BEED479D10B4201B13A9907CE45071924EE07C5A0EC3D7E1837613653AA01"
1247,561236700,561350369,561468306,561452428,561468306,NaN,NaN,561348321,561472402,"decoded_phr_last_chip",0,761.380166,761.540129,144,-1.787967,8580.730056,"Decawave DW-8",0.060362,0,52,0x0000,0x0000,0,""
1248,562371920,562491032,562643753,562593090,562608969,562608970,562643753,562488984,562647849,"decoded_payload_last_chip",1,762.927289,763.134431,144,3.148720,38471.504629,"Decawave DW-8",0.050095,1,40,0xCF3F,0xF963,0,"6C1868AF0C16332B1E7955161DF3BD7D7EC6A3918239C2678B028616AB079F638A789854E2463FCF"
1249,562750500,562869497,563029781,562971557,562987435,562987436,563029781,562867449,563033877,"decoded_payload_last_chip",1,763.440616,763.658015,144,2.689862,-1389.794896,"Decawave DW-8",0.125088,1,44,0x2440,0xB7F5,0,"A8F5A828AACB160A2B9B77245BB7E9D17757260AB919C6467173D820A662B9E04C3B3E1AE03557470C494024"
1250,563129000,563247968,563409765,563350027,563365906,563365907,563409765,563245920,563413861,"decoded_payload_last_chip",1,763.953950,764.173401,144,5.332255,-1868.929640,"Decawave DW-8",0.123890,1,46,0x6302,0xAAAA,0,"A8F4B823AACB16002B9B77245BB7E9D177578C03E59907A53153F52C47A51220CE9432B327301E86234140240263"
1251,563886000,564004914,564122852,564106974,564122852,NaN,NaN,564002866,564126948,"decoded_phr_last_chip",0,764.980623,765.140587,144,0.110759,6941.157589,"Decawave DW-8",0.082997,0,70,0x0000,0x0000,0,""
1252,564264500,564383385,564521739,564485444,564501322,564501324,564521739,564381337,564525835,"decoded_payload_last_chip",1,765.493958,765.681612,144,0.474681,-1455.165857,"Decawave DW-8",0.104145,1,21,0x212D,0xC804,0,"5C48E0081E6BBA0A0A6F6661EED4298C0E420C2D21"
1253,564642800,564761850,564887349,564863909,564879788,564879789,564887349,564759802,564891445,"decoded_payload_last_chip",1,766.007284,766.177502,144,3.876565,2443.964125,"Decawave DW-8",0.117730,1,4,0xFAED,0xE517,0,"998AEDFA"
1254,565399800,565518791,565699492,565620851,565636729,565636731,565699492,565516743,565703588,"decoded_payload_last_chip",1,767.033950,767.279042,144,-2.452521,-15206.295925,"Decawave DW-8",0.078649,1,71,0x6665,0xED7F,0,"4AC62B202C2B82C219096A12626D55C084D6880561192271E9D4DF7601D518210F7EF4BA80861CF3281D4084C8EE35C8A13016845A37005C338300B2D8E09D9441138919656566"
1255,565778400,565912273,566092218,566014332,566030211,566030212,566092218,565910225,566096314,"decoded_payload_last_chip",1,767.567645,767.811711,144,3.227834,4254.436050,"Decawave DW-8",0.088794,1,70,0xF05B,0x0A48,0,"4A5621D2B045EA2A14420452C027103D4450C4C413C092D266E105838280201BE6A39775B31AFECF4922E158440AE8D151C19D8C49F7E3FD074274239188D005D5AC0B245BF0"
1256,566156700,566275732,566393669,566377791,566393669,NaN,NaN,566273684,566397765,"decoded_phr_last_chip",0,768.060617,768.220580,144,-0.221518,-1985.825083,"Decawave DW-8",0.124925,0,44,0x0000,0x0000,0,""
1257,566535200,566654202,566806925,566756262,566772140,566772142,566806925,566652154,566811021,"decoded_payload_last_chip",1,768.573950,768.781094,144,2.515812,1025.790348,"Decawave DW-8",0.122668,1,40,0x8039,0x5247,0,"19F0B8271ECF4E0A0B3B8DE3F91CF9D3D454705C9E66AB0741A2DD660370B4498F21A92E243C3980"
1258,566913700,567032673,567150610,567134732,567150610,NaN,NaN,567030625,567154706,"decoded_phr_last_chip",0,769.087284,769.247247,144,1.740499,-1935.102697,"Decawave DW-8",0.125067,0,44,0x0000,0x0000,0,""
1259,567292100,567411143,567529079,567513201,567529079,NaN,NaN,567409095,567533175,"decoded_phr_last_chip",0,769.600617,769.760578,144,2.753152,12520.414013,"Decawave DW-8",0.077521,0,84,0x0000,0x0000,0,""
1260,567670600,567789613,567907552,567891673,567907552,NaN,NaN,567787565,567911648,"decoded_phr_last_chip",0,770.113950,770.273915,144,7.341740,18382.617458,"Decawave DW-8",0.094973,0,4,0x0000,0x0000,0,""
1261,568049100,568168084,568286020,568270142,568286020,NaN,NaN,568166036,568290116,"decoded_phr_last_chip",0,770.627284,770.787245,144,1.629740,12345.606099,"Decawave DW-8",0.085678,0,68,0x0000,0x0000,0,""
1262,568806000,568925025,569126142,569027083,569042961,569042963,569126142,568922977,569130238,"decoded_payload_last_chip",1,771.653951,771.926733,144,1.376576,12647.284351,"Decawave DW-8",0.079318,1,92,0x7BE9,0xBEB5,0,"2BE019AA262832120E0F849D1F0DC590B078595A552C452469EE30492060D021C26E149C0624A106650040040C4080E2357E2D1103E62844330201AB37E15D1898005703AC52B419A3930EEA507A3C8A087A52D2512154C119CBE97B"
1263,569184500,569303496,569463780,569405555,569421433,569421435,569463780,569301448,569467876,"decoded_payload_last_chip",1,772.167285,772.384684,144,2.737330,-1304.652350,"Decawave DW-8",0.124098,1,44,0x2440,0x025F,0,"A8A4ED22AACB160A0B9B77245BB7E9D15757080B189AA7EF41635E74A66ABE808D363C1C673375D253484024"
1264,569563000,569681966,569843762,569784025,569799904,569799905,569843762,569679918,569847858,"decoded_payload_last_chip",1,772.680618,772.900068,144,-0.822781,-1742.488201,"Decawave DW-8",0.125577,1,46,0x8912,0x5EBB,0,"08CBE880A8CB16000B9B33B1EB5DF9515D57E3445D932762C733BC2227E2B84062333E3662B36433720040861289"
1265,570698500,570817378,570967075,570919437,570935315,570935317,570967075,570815330,570971171,"decoded_payload_last_chip",1,774.220619,774.423659,144,2.816443,-1857.811870,"Decawave DW-8",0.124960,1,36,0xB43B,0x16FC,0,"08DFA828AA9B1600009B7724ABFDE9D15757F949C8938752C166B420879F15600E6D3BB4"
1266,571455300,571546564,571664502,571648623,571664502,NaN,NaN,571544516,571668598,"decoded_phr_last_chip",0,775.209641,775.369604,144,0.079114,1058.277703,"Decawave DW-8",0.103710,0,107,0x0000,0x0000,0,""
1267,571833800,571943792,572070047,572045850,572061729,572061730,572070047,571941744,572074143,"decoded_payload_last_chip",1,775.748416,775.919660,144,-2.879734,-10242.680314,"Decawave DW-8",0.076413,1,5,0x3684,0x61FF,0,"98CF248436"
1268,572969200,573022932,573161286,573124991,573140869,573140871,573161286,573020884,573165382,"decoded_payload_last_chip",1,777.212093,777.399748,144,0.407435,-1216.876718,"Decawave DW-8",0.105250,1,21,0xD904,0x7757,0,"FC49E000CA6A3A000A228FCBDAE74FC05C734E04D9"
1269,573347700,573401403,573519341,573503462,573519341,NaN,NaN,573399355,573523437,"decoded_phr_last_chip",0,777.725427,777.885391,144,2.349673,33484.933584,"Decawave DW-8",0.062763,0,8,0x0000,0x0000,0,""
1270,573726100,573845147,573963085,573947206,573963085,NaN,NaN,573843099,573967181,"decoded_phr_last_chip",0,778.327294,778.487257,144,-1.155058,-1974.874739,"Decawave DW-8",0.104235,0,43,0x0000,0x0000,0,""
1271,574104600,574223618,574398269,574325677,574341555,574341557,574398269,574221570,574402365,"decoded_payload_last_chip",1,778.840628,779.077513,144,-2.104421,-1842.735369,"Decawave DW-8",0.104447,1,63,0x0EF1,0xB8A8,0,"FC5EE008A261C2AA5027CB96FB487BC70E42345BA895D3CFE5B61036E6EAD6F5993B3AB2BE3B87167C1581A34B12BC552CB187032AE8F270D7C952ED39F10E"
1272,574483100,574602082,574720020,574704142,574720020,NaN,NaN,574600034,574724116,"decoded_phr_last_chip",0,779.353952,779.513916,144,1.107590,-1801.796154,"Decawave DW-8",0.124986,0,44,0x0000,0x0000,0,""
1273,574861700,574970805,575088741,575072863,575088741,NaN,NaN,574968757,575092837,"decoded_phr_last_chip",0,779.854065,780.014026,144,-2.626571,12008.759691,"Decawave DW-8",0.064927,0,97,0x0000,0x0000,0,""
1274,575618600,575737500,575865266,575839557,575855436,575855437,575865266,575735452,575869362,"decoded_payload_last_chip",1,780.893962,781.067255,144,0.981008,-14082.505836,"Decawave DW-8",0.065481,1,7,0x223A,0x0DF9,0,"B7C42C263C3A22"
1275,576375400,576494435,576612373,576596495,576612373,NaN,NaN,576492387,576616469,"decoded_phr_last_chip",0,781.920620,782.080584,144,-3.117075,-13890.198971,"Decawave DW-8",0.086780,0,5,0x0000,0x0000,0,""
1276,577510800,577605093,577782769,577707152,577723031,577723032,577782769,577603045,577786865,"decoded_payload_last_chip",1,783.427047,783.668035,144,-0.284809,2446.019924,"Decawave DW-8",0.099683,1,67,0x88C1,0x2ACC,0,"3BFCE8740E9B336AFF93D94B1AF6F1A8BD72021E2B7B0410CF26C474528A3EFF3DF934C880978142CE425CB9293502A08C9E14E206A48A94E0E5FE193B25069EB5C188"
1277,577889500,578008323,578126260,578110382,578126260,NaN,NaN,578006275,578130356,"decoded_phr_last_chip",0,783.973962,784.133925,144,-0.965186,24552.406397,"Decawave DW-8",0.100787,0,100,0x0000,0x0000,0,""
1278,578267800,578386788,578590927,578488843,578504721,578504723,578590927,578384740,578595023,"decoded_payload_last_chip",1,784.487288,784.764170,144,4.999978,12175.472662,"Decawave DW-8",0.067619,1,96,0x03F2,0x0285,0,"24B92C2AF02B01F39B08D805BDCDC5D4F0E02022949A338F89669E70C4AC29D703322C7D74FE4B8C200F000C101C60901025C392667EEC8DD0492BC2225349CB7A20BA24F0F6C7D680AC5D2FA5C999F3978B8B8593A34F01EDB77206100EF203"
1279,579024800,579143728,579261667,579245788,579261667,NaN,NaN,579141680,579265763,"decoded_phr_last_chip",0,785.513954,785.673919,144,5.395546,-1783.494743,"Decawave DW-8",0.123466,0,46,0x0000,0x0000,0,""
1280,579403400,579522205,579640143,579624264,579640143,NaN,NaN,579520157,579644239,"decoded_phr_last_chip",0,786.027296,786.187260,144,-0.981008,-5073.993343,"Decawave DW-8",0.099526,0,1,0x0000,0x0000,0,""
1281,580160100,580279140,580440181,580381200,580397079,580397080,580440181,580277092,580444277,"decoded_payload_last_chip",1,787.053955,787.272381,144,8.829075,-5629.921649,"Decawave DW-8",0.125095,1,45,0xDC43,0x359A,0,"087F009EAD2A3D0F6D1FB339ADFD05A6EC74612D8D7C2647259314F8E22C530196353A1319AA721BFA088443DC"
1282,580917200,581072095,581200612,581174147,581190025,581190027,581200612,581070047,581204708,"decoded_payload_last_chip",1,788.129469,788.303781,128,6.781264,2610.120385,"Decawave DW-8",0.032406,1,8,0x59A1,0xD9FB,0,"45CC207083D8A159"
1283,581294700,581409306,581622522,581511364,581527243,581527244,581622522,581407258,581626618,"decoded_payload_last_chip",1,788.586841,788.876034,144,-1.819612,3892.531438,"Decawave DW-8",0.097996,1,108,0x11CC,0xFFE9,0,"3A38CA78C2822C286839BC1B43E229E73EA8C2880D1F0707891C2D690F91B0257207AE4156055C2B1D389FBBEB0E0FA4C1DC94E3D03C3E2638411A3618C71C52481C8FAC11103337654CBEBA08B0B10D600C930A068B1FA2DB29063F479B85DBD3B0D84D3C67BD43A1AFCC11"
1284,581673900,581784775,581902712,581886834,581902712,NaN,NaN,581782727,581906808,"decoded_phr_last_chip",0,789.096103,789.256066,144,-1.930371,1799.360127,"Decawave DW-8",0.105818,0,107,0x0000,0x0000,0,""
1285,582052600,582171492,582331777,582273552,582289430,582289432,582331777,582169444,582335873,"decoded_payload_last_chip",1,789.620622,789.838022,144,3.417706,-2044.867002,"Decawave DW-8",0.124497,1,44,0x2440,0x875C,0,"A8F5A8282AC916000B3BDB264B57E9515D77D056589DE68F9173182527CA1310B723301CF299160673484024"
1286,582431400,582549969,582667907,582652028,582667907,NaN,NaN,582547921,582672003,"decoded_phr_last_chip",0,790.133964,790.293928,144,2.452521,-475.182023,"Decawave DW-8",0.104155,0,39,0x0000,0x0000,0,""
1287,582809400,582914934,583032871,583016993,583032871,NaN,NaN,582912886,583036967,"decoded_phr_last_chip",0,790.628979,790.788942,144,-2.183535,-1438.043806,"Decawave DW-8",0.103168,0,47,0x0000,0x0000,0,""
1288,583187900,583288153,583406090,583390212,583406090,NaN,NaN,583286105,583410186,"decoded_phr_last_chip",0,791.135190,791.295152,144,-1.851258,33870.008335,"Decawave DW-8",0.073085,0,40,0x0000,0x0000,0,""
1289,583566400,583677127,583795065,583779186,583795065,NaN,NaN,583675079,583799161,"decoded_phr_last_chip",0,791.662770,791.822734,144,1.724676,-1848.782046,"Decawave DW-8",0.105510,0,43,0x0000,0x0000,0,""
1290,583944800,583998577,584116488,584100613,584116488,NaN,NaN,583996529,584120584,"decoded_phr_last_chip",0,792.098764,792.258691,89,-158.311416,-30788.920728,"Decawave DW-8",0.079306,0,104,0x0000,0x0000,0,""
1291,584701800,584755518,584918066,584857574,584873452,584873454,584918066,584753470,584922162,"decoded_payload_last_chip",1,793.125431,793.345901,144,-25.759380,-1698.560440,"Decawave DW-8",0.090148,1,47,0x4475,0xEC83,0,"A8A9FFB72A8A170A191F04C37E853304F9E0A88A4F533781059E98D62BFABE2A3AEFFB410D222899122F9252257544"
1292,585080300,585194011,585414033,585296070,585311949,585311950,585414033,585191963,585418129,"decoded_payload_last_chip",1,793.720176,794.018599,144,-5.901873,11928.323590,"Decawave DW-8",0.071134,1,117,0x319B,0x9693,0,"5BDA2110293208820E03EA6DDB24A9D46642470633170D92E586EE811C400179037A8A07AA014D56062A5DDFEF05A9D5F5EFE73B048A29A2F4609348CF9C0BC8205C4E0142024520D59E3CCDC793C57F3809A169284A14A574C7A604F1E9BBB162D20696AC96B510939332B39434814E2105DC9B31"
1293,586594100,586713144,586831081,586815203,586831081,NaN,NaN,586711096,586835177,"decoded_phr_last_chip",0,795.780632,795.940594,144,-5.253141,20925.744494,"Decawave DW-8",0.084057,0,20,0x0000,0x0000,0,""
1294,586972600,587091609,587209547,587193668,587209547,NaN,NaN,587089561,587213643,"decoded_phr_last_chip",0,796.293958,796.453921,144,0.791136,-5696.872386,"Decawave DW-8",0.120450,0,44,0x0000,0x0000,0,""
1295,588105808,588227021,588344958,588329080,588344958,NaN,NaN,588224973,588349054,"decoded_phr_last_chip",0,797.833959,797.993921,144,-0.142404,-2415.788757,"Decawave DW-8",0.124929,0,44,0x0000,0x0000,0,""
1296,588865100,588983961,589101900,589086021,589101900,NaN,NaN,588981913,589105996,"decoded_phr_last_chip",0,798.860624,799.020589,144,8.844898,2023.664230,"Decawave DW-8",0.113666,0,36,0x0000,0x0000,0,""
1297,589243400,589362432,589480371,589464493,589480371,NaN,NaN,589360384,589484467,"decoded_phr_last_chip",0,799.373958,799.533923,144,1.376576,-15688.168375,"Decawave DW-8",0.080067,0,80,0x0000,0x0000,0,""
1298,590000400,590119373,590237310,590221432,590237310,NaN,NaN,590117325,590241406,"decoded_phr_last_chip",0,800.400625,800.560588,144,-2.658216,6493.418135,"Decawave DW-8",0.096073,0,100,0x0000,0x0000,0,""
1299,591892700,592011725,592129663,592113785,592129663,NaN,NaN,592009677,592133759,"decoded_phr_last_chip",0,802.967292,803.127256,144,2.325939,-463.091607,"Decawave DW-8",0.125265,0,46,0x0000,0x0000,0,""
1300,592271200,592416461,592534398,592518520,592534398,NaN,NaN,592414413,592538494,"decoded_phr_last_chip",0,803.516250,803.676213,129,-3.829603,-5606.652801,"Decawave DW-8",0.098017,0,34,0x0000,0x0000,0,""
1301,593406600,593525608,593643544,593627666,593643544,NaN,NaN,593523560,593647640,"decoded_phr_last_chip",0,805.020627,805.180588,144,5.237319,10704.670354,"Decawave DW-8",0.084276,0,22,0x0000,0x0000,0,""
1302,593785100,593904078,594099145,594006136,594022014,594022015,594099145,593902030,594103241,"decoded_payload_last_chip",1,805.533960,805.798537,144,0.268986,11168.498339,"Decawave DW-8",0.082637,1,84,0x7FEC,0x9E9F,0,"29A048AF8C822529AB53EA3B22D96F60C4E5D19C95066537B33B885F61A4AAE34419DCBB3A3C61A6220140001193610D058E88330672459242A0CA43197586A27BF159106C751216E4D9A3B0685A21153874EC7F"
1303,595298824,595417966,595596398,595520025,595535903,595535905,595596398,595415918,595600494,"decoded_payload_last_chip",1,807.587302,807.829316,144,0.664554,7201.043395,"Decawave DW-8",0.075065,1,68,0x4EA3,0xADB7,0,"9AC4216CC443230208E9FFAD22CCE54046D8A02515070A02B3A684140B9B2D71A40E2252B2B822132D3D84F37B120755248944C01D33DA12A531ED0846CD8F5AA125A34E"
1304,595677400,595782181,595911461,595884240,595900118,595900120,595911461,595780133,595915557,"decoded_payload_last_chip",1,808.081300,808.256647,144,-2.753152,28121.711404,"Decawave DW-8",0.100665,1,9,0x0A00,0x141C,0,"FCFDBA551F0B37000A"
1305,596434400,596520365,596638303,596622424,596638303,NaN,NaN,596518317,596642399,"decoded_phr_last_chip",0,809.082526,809.242490,144,2.088598,-1936.625664,"Decawave DW-8",0.102828,0,21,0x0000,0x0000,0,""
1306,597191300,597245776,597363714,597347835,597363714,NaN,NaN,597243728,597367810,"decoded_phr_last_chip",0,810.066428,810.226392,144,-1.060122,-1668.974256,"Decawave DW-8",0.157367,0,14,0x0000,0x0000,0,""
1307,597569800,597783324,597901254,597885376,597901254,NaN,NaN,597781276,597905350,"decoded_phr_last_chip",0,810.795524,810.955477,50,3.402936,-26749.598355,"Decawave DW-8",0.032038,0,65,0x0000,0x0000,0,""
1308,597948300,598001985,598220494,598104043,598119921,598119923,598220494,597999937,598224590,"decoded_payload_last_chip",1,811.092102,811.388474,144,-1.550626,10836.527128,"Decawave DW-8",0.068624,1,115,0x0619,0x128E,0,"FB8DDE25A3CB26696A6C39B0434237E4446A3D167E033380AD9799D63FFABEEB3A93062A0C26289952975BDBD4D14354111973278020353666191DBA3B2361A221E6F24440BE0F8FCD65227604940133500BD9F5225540ACAA8C244DDF22A3959B19883AAC1298BAD20A27C7E4B6249D1A1906"
1309,598326700,598445724,598606008,598547783,598563662,598563663,598606008,598443676,598610104,"decoded_payload_last_chip",1,811.693962,811.911361,144,4.034792,-1330.737046,"Decawave DW-8",0.124311,1,44,0x2440,0xDDF7,0,"A8F5B823AACB160A2A9B7724ABBDE9D17757388B821D66C51103D933674B10A023313DB46431474723414024"
1310,599083700,599202671,599320608,599304729,599320608,NaN,NaN,599200623,599324704,"decoded_phr_last_chip",0,812.720637,812.880599,144,-4.430360,23787.121482,"Decawave DW-8",0.100586,0,100,0x0000,0x0000,0,""
1311,599840600,599974617,600134145,600076677,600092555,600092557,600134145,599972569,600138241,"decoded_payload_last_chip",1,813.767655,813.984029,144,1.123413,-1634.678870,"Decawave DW-8",0.103759,1,43,0xAEA2,0xDCCF,0,"457727BE88612E0C40034052806C22EA742BBAA9D9E01187F5E820100A0C04D043644080ED5BC1AFB6A2AE"
1312,600597500,600716547,600834484,600818606,600834484,NaN,NaN,600714499,600838580,"decoded_phr_last_chip",0,814.773962,814.933925,144,-1.787967,-5600.944270,"Decawave DW-8",0.123631,0,44,0x0000,0x0000,0,""
1313,602868400,603014386,603132323,603116444,603132323,NaN,NaN,603012338,603136419,"decoded_phr_last_chip",0,817.890606,818.050568,140,-4.580018,1859.503471,"Decawave DW-8",0.063042,0,37,0x0000,0x0000,0,""
1314,604003900,604122781,604240719,604224840,604240719,NaN,NaN,604120733,604244815,"decoded_phr_last_chip",0,819.393963,819.553927,144,1.028476,26232.175346,"Decawave DW-8",0.126389,0,103,0x0000,0x0000,0,""
1315,604382500,604501252,604619190,604603311,604619190,NaN,NaN,604499204,604623286,"decoded_phr_last_chip",0,819.907297,820.067261,144,0.917717,-2297.284091,"Decawave DW-8",0.125660,0,44,0x0000,0x0000,0,""
1316,604760700,604879722,604997659,604981780,604997659,NaN,NaN,604877674,605001755,"decoded_phr_last_chip",0,820.420630,820.580592,144,2.373407,9412.502373,"Decawave DW-8",0.089301,0,4,0x0000,0x0000,0,""
1317,605518000,605636663,605754601,605738722,605754601,NaN,NaN,605634615,605758697,"decoded_phr_last_chip",0,821.447297,821.607260,144,0.205695,19274.904942,"Decawave DW-8",0.099576,0,44,0x0000,0x0000,0,""
1318,605896100,606015133,606193568,606117194,606133073,606133074,606193568,606013085,606197664,"decoded_payload_last_chip",1,821.960630,822.202648,144,14.293845,17392.436959,"Decawave DW-8",0.091525,1,68,0x9E67,0x5C40,0,"306C89112C0AD279991D942C9DD84D4BFDCA4341909E0652C1830422C7A53B052478AC8E72561263B00D814080B3BEBC0520F021721A8A898557BFE15BCC3C9F63F5679E"
1319,606274600,606393605,606544814,606495663,606511542,606511543,606544814,606391557,606548910,"decoded_payload_last_chip",1,822.473965,822.679055,144,-2.231003,-2251.893420,"Decawave DW-8",0.125068,1,38,0x3160,0xEE71,0,"BCCBE894006116A02B339B934157E9790D76F1156D9226C7D153BE2409BA3764E33E8A156031"
1320,606653200,606772075,606932359,606874134,606890012,606890014,606932359,606770027,606936455,"decoded_payload_last_chip",1,822.987298,823.204697,144,3.591756,-1639.888887,"Decawave DW-8",0.124607,1,44,0x2440,0x79A2,0,"08DFE822AACB16005F9B77245BB7E9912256DC16993667652B220D24E7BAB93326387E196C33ED0722414024"
1321,607031500,607141548,607292001,607243606,607259485,607259486,607292001,607139500,607296097,"decoded_payload_last_chip",1,823.488428,823.692493,144,-3.480997,8051.024481,"Decawave DW-8",0.062814,1,37,0xF996,0x7CAE,0,"78C7216C864323029857BFADEE542BCC6C04D201489D1C851526DBDC221CA0AD46527196F9"
1322,607410100,607529016,607689300,607631075,607646954,607646955,607689300,607526968,607693396,"decoded_payload_last_chip",1,824.013965,824.231364,144,4.351247,-1948.494014,"Decawave DW-8",0.123188,1,44,0x2440,0x52AC,0,"A8F5B82DAACB160A2B1BDB26ABBDF9D15757C68AF298C76711F30473864A1030D63238B43BB418260C014024"
1323,607788500,607884233,608002171,607986293,608002171,NaN,NaN,607882185,608006267,"decoded_phr_last_chip",0,824.495759,824.655722,144,2.231003,-1718.980758,"Decawave DW-8",0.103123,0,47,0x0000,0x0000,0,""
1324,609302400,609413121,609621801,609515180,609531059,609531060,609621801,609411073,609625897,"decoded_payload_last_chip",1,826.569446,826.852486,144,0.965186,25038.733313,"Decawave DW-8",0.105630,1,102,0x2BD3,0x4941,0,"F2F0AA7E1A4F40A01027DBCBDAE7D9401E5862411ED4C53481A45FDD3D004A8028629202E05A0653A10B722D4C4410452E3D74018000080280AD67D01302941197B20E647171470264FA5B7018131A88DB5203B5824460E1C3000EA34A85FACDE4BE1669D32B"
1325,609680800,609799844,609917781,609901902,609917781,NaN,NaN,609797796,609921877,"decoded_phr_last_chip",0,827.093972,827.253935,144,1.867080,11512.256346,"Decawave DW-8",0.069151,0,113,0x0000,0x0000,0,""
1326,610437900,610543281,610763302,610645338,610661217,610661218,610763302,610541233,610767398,"decoded_payload_last_chip",1,828.102323,828.400746,144,0.933540,11567.293325,"Decawave DW-8",0.064822,1,117,0x3539,0x26D2,0,"C1CDCB9157C3272A2E2D82E4EE1036F4C6C16843C1D91D81AD14CFFFDFBA2D3A367228083AEC2B99FE2F89D1D186091C8704577DBEB7C120E0103F9BD5576F6BC11DE145CF07BF56CF637F969422A0485A193BE817D0032C771434D3620788CEBD19AD8240FA591374A114E1D9155037A436553935"
1327,610816200,610935250,611148468,611037310,611053188,611053190,611148468,610933202,611152564,"decoded_payload_last_chip",1,828.633965,828.923161,144,5.743645,6725.786656,"Decawave DW-8",0.089824,1,108,0x8D07,0x1F61,0,"DAEF891A2CAA24421957BDA04AF0D9404664EB8A2103C8C1D31110F8350397D3E7103084B9F8255B21176026086294CF4644B82F20035C0A9A1DA38B29114CCA2233EAB4EA338511E92F7456161948210D0FCB3E09E2CA74A7F2C38443A0F80819886702736CA31A4860078D"
1328,611194700,611313721,611441477,611415772,611431648,611431649,611441477,611311673,611445573,"decoded_payload_last_chip",1,829.147300,829.320580,144,-124.872864,20172.274056,"Decawave DW-8",0.105926,1,7,0x310E,0x4C67,0,"79A513B8D80E31"
1329,611573200,611692191,611810129,611794250,611810129,NaN,NaN,611690143,611814225,"decoded_phr_last_chip",0,829.660632,829.820596,144,-1.946194,864.296856,"Decawave DW-8",0.124478,0,44,0x0000,0x0000,0,""
1330,613087100,613206073,613407916,613308117,613323993,613323994,613407916,613204025,613412012,"decoded_payload_last_chip",1,831.713966,831.987733,144,-159.932045,-3163.718638,"Decawave DW-8",0.091755,1,93,0x9BE0,0x3474,0,"7E69C598900B83FF3221268F4445555030A68E36C5C03F35D8C9010340121C02C425131FE12C18623AC2019830790834E1B68877C31880C535EA68A7508DD96124CD5120717F87C002400DE2F84F3712A8CE23BFBDDCED3D891469E09B"
1331,613465500,613584544,613702482,613686603,613702482,NaN,NaN,613582496,613706578,"decoded_phr_last_chip",0,832.227300,832.387264,144,4.382892,-1713.803567,"Decawave DW-8",0.123587,0,110,0x0000,0x0000,0,""
1332,613844000,613963014,614170182,614065074,614080952,614080953,614170182,613960966,614174278,"decoded_payload_last_chip",1,832.740633,833.021623,144,3.212011,5776.969891,"Decawave DW-8",0.108177,1,100,0xFD20,0x5335,0,"70ED29AC26AA24621B17BAA42265D8406E649A946154353608C1C5099EF97C7905A5267FEA1222CB3B0824B0DE04BC18AF8C00E3A8C71AD6EABBAE1D88A9B589D8ACE3C27123744D7009BBE8933D05AA8620B98E7875C6B79139756828F412A7626220FD"
1333,614222500,614341485,614512356,614443544,614459423,614459424,614512356,614339437,614516452,"decoded_payload_last_chip",1,833.253967,833.485726,144,5.158205,-948.184702,"Decawave DW-8",0.123424,1,58,0xF2BE,0x63B8,0,"A9A1ED22EACE160A2B9BDD26FBBCE904DC558872B837A6A48102563007CA1121A69FBAB0703142867240002112CA3888FF38A74D1492243EBEF2"
1334,614601000,614719955,614837892,614822013,614837892,NaN,NaN,614717907,614841988,"decoded_phr_last_chip",0,833.767300,833.927262,144,6.645540,9986.930260,"Decawave DW-8",0.080769,0,68,0x0000,0x0000,0,""
1335,615736400,615855367,615973305,615957427,615973305,NaN,NaN,615853319,615977401,"decoded_phr_last_chip",0,835.307301,835.467265,144,5.601241,-1150.461869,"Decawave DW-8",0.122644,0,58,0x0000,0x0000,0,""
1336,616493300,616612308,616807374,616714365,616730243,616730245,616807374,616610260,616811470,"decoded_payload_last_chip",1,836.333968,836.598543,144,-0.775313,10756.904938,"Decawave DW-8",0.084012,1,84,0x4786,0xD686,0,"290019EAA49625A9692CCA1B25F16FC8C4F33084615BC27473508AA9CAA0FD62771676BA26382AA622412009B01224A000CD176E30B21013A3DC7D8059C7A68C875838778981C1433B8648052DEC3756B6978647"
1337,616871900,616990778,617149551,617092838,617108717,617108718,617149551,616988730,617153647,"decoded_payload_last_chip",1,836.847301,837.062651,144,7.262626,-1006.132189,"Decawave DW-8",0.120600,1,42,0x4502,0xA4A5,0,"A9A0ED221ECB4A0A2B7BDE26FBBCE9515C5704F9E7133B8521575066260A1D70A6277A1B87366B870245"
1338,617250200,617369249,617529532,617471308,617487186,617487188,617529532,617367201,617533628,"decoded_payload_last_chip",1,837.360635,837.578033,144,-1.708853,1334.298950,"Decawave DW-8",0.126165,1,44,0x0097,0xC9D7,0,"4C8B2D25B69BE30A0B9B8D63FB1CF967D46C48535958EAC741E25C3486DAB41D843EA9B08476BEFF26099700"
1339,617628700,617747719,617942787,617849777,617865656,617865657,617942787,617745671,617946883,"decoded_payload_last_chip",1,837.873968,838.138546,144,3.117075,9980.670834,"Decawave DW-8",0.093179,1,84,0x259D,0x886A,0,"29E019EAA4A625A9C9263AA124D97740C0E6149061547734D9039242E10E79A9E6308A1246BE2AB32901610810F765B2C4414E524250FFDE4625F43B62A7E67602121D8B3801F93A11712A92AE4AC2145E449D25"
1340,618007200,618126190,618288747,618228251,618244130,618244132,618288747,618124142,618292843,"decoded_payload_last_chip",1,838.387302,838.607784,144,39.461850,853.312706,"Decawave DW-8",0.099488,1,47,0x459C,0x7FB7,0,"099B15A01833334A0A398B4BFCE0DC2E7155F4E4853716ABB3203E3BD42E0839AF3D9199F91364976B670510779C45"
1341,619142600,619261601,619379539,619363660,619379539,NaN,NaN,619259553,619383635,"decoded_phr_last_chip",0,839.927302,840.087265,144,4.889219,-2170.008107,"Decawave DW-8",0.124781,0,44,0x0000,0x0000,0,""
1342,619899500,620005043,620122975,620107097,620122975,NaN,NaN,620002995,620127071,"decoded_phr_last_chip",0,840.935659,841.095615,144,5.363900,11880.616770,"Decawave DW-8",0.052696,0,61,0x0000,0x0000,0,""
1343,620278000,620388015,620530907,620490074,620505953,620505954,620530907,620385967,620535003,"decoded_payload_last_chip",1,841.455098,841.648908,144,-1.471512,1304.473405,"Decawave DW-8",0.105109,1,27,0xB6B4,0xEF37,0,"AB52E0A0149E31300B3A7361B698CD405E705605830105D583B4B6"
1344,620656500,620765735,620904090,620867795,620883673,620883674,620904090,620763687,620908186,"decoded_payload_last_chip",1,841.967414,842.155070,144,0.427213,-2119.838479,"Decawave DW-8",0.103114,1,21,0x1904,0x1361,0,"5C48E0080A6BE20A0A6FCE9E7745F0400E4E4E0419"
1345,621035000,621129951,621337119,621232010,621247889,621247890,621337119,621127903,621341215,"decoded_payload_last_chip",1,842.461414,842.742403,144,5.854404,6171.424211,"Decawave DW-8",0.072486,1,100,0x3EA5,0xF1F7,0,"9AEA891C84420B028C3BE8ADEE8469596C40D20148993C0597B440D0717848A464660280AB908C63D2F6DB919942BE0FB11980044FF8D2F847860683BA568B54BF600259CAA438BC84C5E0586A24385B9053541FD5C86B1849D2E9EE0D4761407E6EA53E"
1346,621792100,621934159,622064952,622036218,622052097,622052098,622064952,621932111,622069048,"decoded_payload_last_chip",1,843.552190,843.729590,144,0.300632,-1448.750248,"Decawave DW-8",0.102496,1,11,0xAD68,0x8DAD,0,"9F4B6ED4F92381F18468AD"
1347,622170400,622224097,622385137,622326156,622342034,622342036,622385137,622222049,622389233,"decoded_payload_last_chip",1,843.945444,844.163869,144,-2.547457,-5805.207493,"Decawave DW-8",0.100526,1,45,0x256C,0xAB19,0,"FAF0FA6B102A002D195F112F71D43A4979EE465C1D9D0980C3BF1CD07B26C90C6EEE63808290819A6072116C25"
1348,622548800,622667836,622820558,622769895,622785773,622785775,622820558,622665788,622824654,"decoded_payload_last_chip",1,844.547304,844.754446,144,1.582271,-2158.505602,"Decawave DW-8",0.125426,1,40,0x6638,0xA24B,0,"0CDDE820AACB1600A07973B4EB55E9515D7709E8B39446676F060B20076AB560A33438B067313866"
1349,624056900,624181718,624343514,624283777,624299655,624299657,624343514,624179670,624347610,"decoded_payload_last_chip",1,846.600637,846.820087,144,0.806958,-1726.304364,"Decawave DW-8",0.124954,1,46,0xF912,0x392B,0,"ACE1E828AACB16000B9B73B0EB55E9515D5778FA023D06C269F31729670ABAF083333B363C32C0E76500408412F9"
1350,625198200,625317129,625524298,625419189,625435068,625435069,625524298,625315081,625528394,"decoded_payload_last_chip",1,848.140637,848.421628,144,7.784776,5068.293783,"Decawave DW-8",0.100509,1,100,0x9CA2,0x3BBD,0,"70ED897B24AA24C209BDBAA06265D84046346AC4C151C583374BD1AD9E438769BFA0712AED507121210884E30AB8348CAEB766107860006083E237F96582922E9967BE13121BEC24466C11CA750664BE40337D0E1281EEA0A3F293FBE7E414C915A2A29C"
1351,626333500,626452541,626570478,626554600,626570478,NaN,NaN,626450493,626574574,"decoded_phr_last_chip",0,849.680638,849.840601,144,-1.202526,2363.826081,"Decawave DW-8",0.123108,0,44,0x0000,0x0000,0,""
1352,627469200,627587952,627717988,627690011,627705889,627705891,627717988,627585904,627722084,"decoded_payload_last_chip",1,851.220638,851.397011,144,-0.205695,30201.878129,"Decawave DW-8",0.116332,1,10,0x2EAA,0xECDD,0,"ACF500251E0F4BEEAA2E"
1353,629361300,629480305,629598236,629582359,629598236,NaN,NaN,629478257,629602332,"decoded_phr_last_chip",0,853.787306,853.947260,144,-91.566050,16890.589846,"Decawave DW-8",0.103053,0,44,0x0000,0x0000,0,""
1354,629740000,629858775,630020572,629960835,629976713,629976715,630020572,629856727,630024668,"decoded_payload_last_chip",1,854.300639,854.520090,144,6.740476,-980.434622,"Decawave DW-8",0.121391,1,46,0x70B8,0xC448,0,"A9A0ED221E9BBE0A2B9BDD26FBBCF9D17457080AA0322B844132DD74060A9435262E15B32E3242A652440021B870"
1355,631632100,631723373,631841309,631825431,631841309,NaN,NaN,631721325,631845405,"decoded_phr_last_chip",0,856.829662,856.989623,144,1.819612,11770.637917,"Decawave DW-8",0.071556,0,119,0x0000,0x0000,0,""
1356,632767500,632821271,632983820,632923328,632939206,632939207,632983820,632819223,632987916,"decoded_payload_last_chip",1,858.318781,858.539252,144,-22.025219,1055.156748,"Decawave DW-8",0.103113,1,47,0x4004,0xB414,0,"E8F4AA021A0A010B064B1A7220803F6DE64C4A240D1BB794888EDD1D74182A897375B8319C8CA208D29E0E4ED40440"
1357,633146000,633262765,633380704,633364825,633380704,NaN,NaN,633260717,633384800,"decoded_phr_last_chip",0,858.917596,859.077561,144,-2.072776,-15647.201550,"Decawave DW-8",0.054492,0,64,0x0000,0x0000,0,""
1358,633903200,634021951,634182234,634124010,634139888,634139890,634182234,634019903,634186330,"decoded_payload_last_chip",1,859.947308,860.164705,144,-9.018947,8942.599968,"Decawave DW-8",0.086987,1,44,0x4009,0x7330,0,"CE8D58002B3B6BEB2A397AE055C17EC024EC284B01583740E80A3CB0A4437763C6F4222EF8A6D720390A0940"
1359,635038500,635149115,635361575,635251173,635267051,635267053,635361575,635147067,635365671,"decoded_payload_last_chip",1,861.476122,861.764289,144,3.417706,14883.554593,"Decawave DW-8",0.060009,1,107,0x3AC9,0x86FE,0,"18CE31263C9A8208191E54C27ED1DCEFD9E0E1D21813DD0DCD829E3D45D6D0005694D85532D39AE71395572E3AC054DC5820580180400000F41591C5D2F10694E7BC4AE3A262021BD5E075CBB9CD38410BD8C386E6C201AB90730E970104336590BD0D82A280B76EA7C93A"
1360,635416800,635535833,635653771,635637892,635653771,NaN,NaN,635533785,635657867,"decoded_phr_last_chip",0,862.000642,862.160605,144,6.439845,47332.708114,"Decawave DW-8",0.101652,0,24,0x0000,0x0000,0,""
1361,635795300,635914303,636049608,636016344,636032219,636032220,636049608,635912255,636053704,"decoded_payload_last_chip",1,862.513974,862.697493,144,-196.201662,2708.132861,"Decawave DW-8",0.105893,1,17,0x3FCF,0x30A8,0,"BB6B39E8D30A953F1F242B98140418CF3F"
1362,636173800,636292774,636410710,636394831,636410710,NaN,NaN,636290726,636414806,"decoded_phr_last_chip",0,863.027308,863.187269,144,2.231003,10408.910118,"Decawave DW-8",0.091467,0,84,0x0000,0x0000,0,""
1363,638066100,638185126,638345411,638287186,638303064,638303066,638345411,638183078,638349507,"decoded_payload_last_chip",1,865.593975,865.811376,144,5.775291,-1675.760299,"Decawave DW-8",0.122571,1,44,0x2440,0x3515,0,"A8F4B823009B160A2B9B7724FBBCE9D1775744AE5231C78541A3A67127CA193026B238B63836EE4724404024"
1364,638444600,638563596,638687584,638665656,638681535,638681536,638687584,638561548,638691680,"decoded_payload_last_chip",1,866.107308,866.275477,144,8.386039,-1547.191859,"Decawave DW-8",0.123049,1,2,0xA0A9,0x0000,0,"A9A0"
1365,638823100,638942067,639060003,639044125,639060003,NaN,NaN,638940019,639064099,"decoded_phr_last_chip",0,866.620642,866.780603,144,0.126582,15168.356544,"Decawave DW-8",0.065125,0,94,0x0000,0x0000,0,""
1366,639201600,639320537,639438476,639422597,639438476,NaN,NaN,639318489,639442572,"decoded_phr_last_chip",0,867.133975,867.293940,144,8.480975,-683.910233,"Decawave DW-8",0.120663,0,4,0x0000,0x0000,0,""
1367,639580000,639699008,639906179,639801068,639816947,639816949,639906179,639696960,639910275,"decoded_payload_last_chip",1,867.647309,867.928303,144,23.686604,7767.024322,"Decawave DW-8",0.076774,1,100,0xC682,0x9E3C,0,"CA6C89112CA824020C08E8F57FC5E54B46646E65FB901BA3A9935FBB7F173CF87B6E358A7007478622013BC71C13A00101AFBEC12EC9934D4CF0E008D82265800D32785132269AC738E7DF254EFDAFE7710C40100925669FF6A6D8983789E433567682C6"
1368,640336900,640455949,640573887,640558009,640573887,NaN,NaN,640453901,640577983,"decoded_phr_last_chip",0,868.673976,868.833940,144,-4.604410,11259.233033,"Decawave DW-8",0.089595,0,4,0x0000,0x0000,0,""
1369,641472500,641591361,641798528,641693420,641709298,641709299,641798528,641589313,641802624,"decoded_payload_last_chip",1,870.213977,870.494965,144,-0.253163,7290.047771,"Decawave DW-8",0.083526,1,100,0xA781,0x8E81,0,"2AED292C2CA824429957BFB5627070404664416921F80ACBA3C614F21F232DF9373B34503C1624E6851160880234E6C7B1E246ACD481258418B11004B18938B48A9D1FB80E9A0A12B903224642A52EB133F00A1673251F1F77CAD3EC1269CF00320481A7"
1370,642229300,642348302,642510098,642450361,642466239,642466241,642510098,642346254,642514194,"decoded_payload_last_chip",1,871.240644,871.460094,144,3.196188,-1509.662949,"Decawave DW-8",0.124293,1,46,0x0542,0xD6CD,0,"A8F5B889A8CB160A2B1BDB265BB7E9D1775788401837A6CE5193DE2427201540263C6AB56434B92C084140244205"
1371,642607800,642726772,642930875,642828812,642844687,642844689,642930875,642724724,642934971,"decoded_payload_last_chip",1,871.753977,872.030809,144,-202.926316,1921.754802,"Decawave DW-8",0.094161,1,96,0x036A,0x89D1,0,"8ABEA99A005982AB378B268B444747D28948250A4A2CA2B6BA0D32E105C40A99D8BBBC9A522C01C4E704119008DBB29022809B5D940A82B92A1092ECA7AF7959222A98EED006C1662F4BA45AE714A2860C1C9EB45CDC191830CAA56B1B956A03"
1372,644500100,644610127,644772663,644712177,644728053,644728055,644772663,644608079,644776759,"decoded_payload_last_chip",1,874.308440,874.528894,144,-121.075413,-14956.353567,"Decawave DW-8",0.088868,1,47,0x8140,0xB933,0,"BC086000083A45661907B9A89F1ED34F5C76C81594572D47058DC604D1ABFC08300B2C683C1B1913928717CA984081"
1373,644878600,644973592,645091529,645075651,645091529,NaN,NaN,644971544,645095625,"decoded_phr_last_chip",0,874.801421,874.961384,144,-2.626571,23139.104438,"Decawave DW-8",0.103242,0,100,0x0000,0x0000,0,""
1374,646392600,646454462,646606428,646556522,646572400,646572401,646606428,646452414,646610524,"decoded_payload_last_chip",1,876.809980,877.016097,144,-5.411368,12065.745909,"Decawave DW-8",0.074678,1,39,0x580E,0xEA6B,0,"B0DA891A036D09822603AAADD184896C6C40425A55991C908D35E232F4787A98679F8D838E0E58"
1375,646770900,646889953,647016209,646992013,647007891,647007893,647016209,646887905,647020305,"decoded_payload_last_chip",1,877.400652,877.571898,144,-6.772122,-17143.210425,"Decawave DW-8",0.075877,1,5,0x8644,0x1516,0,"1AC1214486"
1376,647149400,647268424,647386360,647370481,647386360,NaN,NaN,647266376,647390456,"decoded_phr_last_chip",0,877.913987,878.073947,144,-0.363922,-15572.453731,"Decawave DW-8",0.058287,0,15,0x0000,0x0000,0,""
1377,647527900,647646894,647764830,647748952,647764830,NaN,NaN,647644846,647768926,"decoded_phr_last_chip",0,878.427319,878.587280,144,0.870249,11349.161937,"Decawave DW-8",0.066369,0,97,0x0000,0x0000,0,""
1378,648663300,648782300,648900238,648884359,648900238,NaN,NaN,648780252,648904334,"decoded_phr_last_chip",0,879.967312,880.127276,144,0.015823,26276.531851,"Decawave DW-8",0.126931,0,96,0x0000,0x0000,0,""
1379,650177300,650296182,650414120,650398241,650414120,NaN,NaN,650294134,650418216,"decoded_phr_last_chip",0,882.020646,882.180610,144,2.151889,-6040.519518,"Decawave DW-8",0.123075,0,44,0x0000,0x0000,0,""
1380,650934100,651053123,651214920,651155183,651171061,651171063,651214920,651051075,651219016,"decoded_payload_last_chip",1,883.047313,883.266764,144,6.946172,-5423.507782,"Decawave DW-8",0.122303,1,46,0x2CC9,0x498D,0,"BC7F80C8A86AE80A6D5F8E390DD3AD06F874A198872C67D2A066167CC8ED5621031F3611B10624112F082443C92C"
1381,651312600,651431593,651626661,651533651,651549530,651549531,651626661,651429545,651630757,"decoded_payload_last_chip",1,883.560646,883.825224,144,1.012654,9902.169848,"Decawave DW-8",0.084944,1,84,0x6002,0x2960,0,"29087387B19225299F339D1B2D997F644A596A05D1FF370BF32E583E4042F383A2B1DC074BBF7F4626002109109412C6CDA11249A20161733566B60E90B5FD0848702483C4F2BCB197899480A484072E631C0260"
1382,651691400,651744796,651862733,651846855,651862733,NaN,NaN,651742748,651866829,"decoded_phr_last_chip",0,883.985455,884.145417,144,-2.231003,25377.786518,"Decawave DW-8",0.111061,0,97,0x0000,0x0000,0,""
1383,652069428,652188540,652306476,652290598,652306476,NaN,NaN,652186492,652310572,"decoded_phr_last_chip",0,884.587321,884.747282,144,-0.158227,15264.445141,"Decawave DW-8",0.047591,0,55,0x0000,0x0000,0,""
1384,653204900,653323946,653441882,653426003,653441882,NaN,NaN,653321898,653445978,"decoded_phr_last_chip",0,886.127314,886.287275,144,-1.550626,36470.605988,"Decawave DW-8",0.065902,0,15,0x0000,0x0000,0,""
1385,653583700,653702417,653867237,653804475,653820354,653820355,653867237,653700369,653871333,"decoded_payload_last_chip",1,886.640648,886.864199,144,-3.291125,35585.873600,"Decawave DW-8",0.076027,1,50,0xA8C2,0x8846,0,"30F8EC9D39AA24629B53BFA89FD899F8572A3468B01146C240A25A610391B51107744EDB56FA23E52941404C1035E7A0C2A8"
1386,653961900,654080887,654198825,654182947,654198825,NaN,NaN,654078839,654202921,"decoded_phr_last_chip",0,887.153981,887.313944,144,9.889197,-976.429999,"Decawave DW-8",0.119455,0,4,0x0000,0x0000,0,""
1387,654340400,654459357,654654425,654561416,654577294,654577296,654654425,654457309,654658521,"decoded_payload_last_chip",1,887.667314,887.931892,144,6.724654,9869.458358,"Decawave DW-8",0.083830,1,84,0xDACD,0x111A,0,"29A048CFA4A62569BB33AA0B25795D6CEA06EE8851551D7E29A10E5A61002A20566ED7A8301426337D046108105019470065C45ADC10683DD56D21DA6541DAB1B2A5221F511327420225DA2C0DBA4D2482A0CDDA"
1388,656611300,656730180,656848117,656832238,656848117,NaN,NaN,656728132,656852213,"decoded_phr_last_chip",0,890.747314,890.907277,144,0.680377,11899.089765,"Decawave DW-8",0.083642,0,84,0x0000,0x0000,0,""
1389,657368100,657561405,657695986,657663471,657679350,657679351,657695986,657559357,657700082,"decoded_payload_last_chip",1,891.874736,892.057273,77,-1.035020,-11491.160604,"IEEE legacy/BPRF SFD #0",0.034241,1,16,0xDD0A,0x93A7,0,"F9925815CBE42D30B213AFCC44030ADD"
1390,658125400,658250821,658368760,658352881,658368760,NaN,NaN,658248773,658372856,"decoded_phr_last_chip",0,892.809816,892.969781,128,-4.190415,11734.373678,"Decawave DW-8",0.065451,0,118,0x0000,0x0000,0,""
1391,658503500,658622539,658740476,658724598,658740476,NaN,NaN,658620491,658744572,"decoded_phr_last_chip",0,893.313991,893.473953,144,0.822781,-1272.342786,"Decawave DW-8",0.103888,0,43,0x0000,0x0000,0,""
1392,659638900,659757950,659875887,659860009,659875887,NaN,NaN,659755902,659879983,"decoded_phr_last_chip",0,894.853990,895.013953,144,-5.031623,-2261.364580,"Decawave DW-8",0.102688,0,47,0x0000,0x0000,0,""
1393,660017400,660136415,660254355,660238476,660254355,NaN,NaN,660134367,660258451,"decoded_phr_last_chip",0,895.367316,895.527283,144,7.705662,9946.936225,"Decawave DW-8",0.074404,0,34,0x0000,0x0000,0,""
1394,660395900,660514885,660675168,660616944,660632822,660632824,660675168,660512837,660679264,"decoded_payload_last_chip",1,895.880649,896.098047,144,-5.395546,-1309.548013,"Decawave DW-8",0.124553,1,44,0x0860,0xDEFA,0,"ECE4A894006116A0032B9B33EB5DE9510D548C59D19206320583AF2407CABF60F63C329D6735BB2662006008"
1395,661909800,662028767,662146704,662130826,662146704,NaN,NaN,662026719,662150800,"decoded_phr_last_chip",0,897.933983,898.093945,144,12.414898,-14738.384991,"Decawave DW-8",0.097125,0,38,0x0000,0x0000,0,""
1396,662288200,662407238,662525175,662509296,662525175,NaN,NaN,662405190,662529271,"decoded_phr_last_chip",0,898.447317,898.607279,144,-4.446183,-3635.715959,"Decawave DW-8",0.121556,0,44,0x0000,0x0000,0,""
1397,662666700,662785708,662945992,662887767,662903646,662903647,662945992,662783660,662950088,"decoded_payload_last_chip",1,898.960650,899.178049,144,0.806958,-1041.111910,"Decawave DW-8",0.123987,1,44,0x8440,0xB603,0,"FCE1E880A8CB16000B9B77245BB7F9D157570C54CD92A6CF11635D2E070AB1B066323DB0649E138603014084"
1398,663045300,663259470,663377415,663361537,663377415,NaN,NaN,663257422,663381511,"decoded_phr_last_chip",0,899.603231,899.763204,49,2.410413,-16446.018466,"Decawave DW-8",0.029123,0,0,0x0000,0x0000,0,""
1399,663802300,663921126,664039063,664023184,664039063,NaN,NaN,663919078,664043159,"decoded_phr_last_chip",0,900.500659,900.660621,144,-6.534781,-2117.752490,"Decawave DW-8",0.102104,0,47,0x0000,0x0000,0,""
1400,666072900,666208455,666326390,666310512,666326390,NaN,NaN,666206407,666330486,"decoded_phr_last_chip",0,903.603048,903.763007,144,-7.515789,-15236.288183,"Decawave DW-8",0.053949,0,19,0x0000,0x0000,0,""
1401,666829900,666948884,667127316,667050943,667066822,667066823,667127316,666946836,667131412,"decoded_payload_last_chip",1,904.607319,904.849333,144,1.503158,20691.767400,"Decawave DW-8",0.110919,1,68,0x09E8,0x4F34,0,"3A6989112CA2A8E4331F1126E54013780D7689A9B2328627C1A27732868A9F7007091588222D2494B4080948E4A83488092AA808CCFFF2D295D8594CE2FD3A20E419E809"
1402,667208400,667327354,667452854,667429414,667445292,667445293,667452854,667325306,667456950,"decoded_payload_last_chip",1,905.120652,905.290872,144,1.582271,1933.869878,"Decawave DW-8",0.120436,1,4,0x8D6D,0x08E4,0,"B18A6D8D"
1403,667965500,668084296,668202230,668186353,668202230,NaN,NaN,668082248,668206326,"decoded_phr_last_chip",0,906.147320,906.307278,144,-48.459042,22131.263969,"Decawave DW-8",0.068068,0,99,0x0000,0x0000,0,""
1404,668722200,668822485,668940422,668924543,668940422,NaN,NaN,668820437,668944518,"decoded_phr_last_chip",0,907.148553,907.308515,144,2.325939,8733.207965,"Decawave DW-8",0.066732,0,25,0x0000,0x0000,0,""
1405,669100700,669210709,669328646,669312768,669328646,NaN,NaN,669208661,669332742,"decoded_phr_last_chip",0,907.675115,907.835078,144,-22.278382,11561.451177,"Decawave DW-8",0.088347,0,12,0x0000,0x0000,0,""
1406,670993200,671088056,671257420,671190118,671205997,671205999,671257420,671086008,671261516,"decoded_payload_last_chip",1,910.221430,910.451145,144,42.879557,1957.590778,"Decawave DW-8",0.079740,1,56,0x4052,0x2304,0,"FB67C20A23353132C3D6ED55EC98F0ECC64C17601080CD573514AAB8273D5EAA1B3FA48FA870B3B2D0F2A14C5A07DE9DE1AA6AB806DB5240"
1407,671371600,671425262,671603694,671527321,671543199,671543200,671603694,671423214,671607790,"decoded_payload_last_chip",1,910.678795,910.920809,144,-2.405053,3977.216024,"Decawave DW-8",0.097791,1,68,0xE020,0xAE8E,0,"FB3C62DAD4C2892828C1BD4EED42838D4B68C141997B8507C782CE70240B3C2EEAECB495AAC38498C872113925F062E4602460A0B391B66EAE5593CC5CE14105429420E0"
1408,671750000,671869000,671986936,671971058,671986936,NaN,NaN,671866952,671991032,"decoded_phr_last_chip",0,911.280653,911.440614,144,1.028476,11070.435674,"Decawave DW-8",0.087479,0,84,0x0000,0x0000,0,""
1409,672128500,672247476,672431958,672349535,672365414,672365415,672431958,672245428,672436054,"decoded_payload_last_chip",1,911.793994,912.044214,144,-3.354416,6557.920032,"Decawave DW-8",0.084012,1,76,0x51BD,0xAF8D,0,"70C7996CEC4323220879E9F577C55ACA696442A5B1B20AC326B527BFCBB271DC65397050A029219E3A1224E5880200CF8F8D120335FC2D352D85328F59C8B0214454F76AC872105C7BA8BD51"
1410,672506500,672625941,672743872,672727995,672743872,NaN,NaN,672623893,672747968,"decoded_phr_last_chip",0,912.307320,912.467274,144,-93.433130,-20409.943859,"Decawave DW-8",0.119990,0,44,0x0000,0x0000,0,""
1411,672885400,673004412,673151845,673106474,673122353,673122354,673151845,673002364,673155941,"decoded_payload_last_chip",1,912.820654,913.020623,144,29.050504,-1827.775060,"Decawave DW-8",0.078791,1,33,0x9FC9,0xE6C9,0,"065CA71A4922331A016D0BE559C1DCCAE45700C30431C031A9DE3E3F54A51FC99F"
1412,673642600,673738100,673856043,673840164,673856043,NaN,NaN,673736052,673860139,"decoded_phr_last_chip",0,913.815782,913.975753,144,73.417396,9038.688384,"Decawave DW-8",0.097182,0,120,0x0000,0x0000,0,""
1413,674778100,674887767,675014023,674989826,675005705,675005706,675014023,674885719,675018119,"decoded_payload_last_chip",1,915.375118,915.546364,144,3.924033,-11895.015134,"Decawave DW-8",0.064549,1,5,0x966C,0x4876,0,"DAC4896C96"
1414,675534700,675653705,675832139,675755765,675771644,675771645,675832139,675651657,675836235,"decoded_payload_last_chip",1,916.413988,916.656005,144,8.971479,2923.428361,"Decawave DW-8",0.106072,1,68,0x7C46,0xC735,0,"9BE659AC69222EE9007957A021C97C607EE678F1E9725560484860B404C310192A25A012FB1177F7342189402490A2C130850BE0228503F323C96800405A99478C5A467C"
1415,676290272,676344634,676462571,676446692,676462571,NaN,NaN,676342586,676466667,"decoded_phr_last_chip",0,917.351120,917.511083,144,-5.316432,21251.463223,"Decawave DW-8",0.088895,0,124,0x0000,0x0000,0,""
1416,676670200,676789117,676949401,676891176,676907055,676907056,676949401,676787069,676953497,"decoded_payload_last_chip",1,917.953989,918.171388,144,5.870227,-1998.907395,"Decawave DW-8",0.123489,1,44,0x2440,0x61E8,0,"A8F4B883A8CB16002B1BDB265B17F9D157576C43D0994724BBA6532FC70A16404C36BFB2C531E8EDFD404024"
1417,677427200,677546058,677673825,677648117,677663995,677663997,677673825,677544010,677677921,"decoded_payload_last_chip",1,918.980656,919.153951,144,-0.047468,-9940.948889,"Decawave DW-8",0.091811,1,7,0x24AA,0xBEE9,0,"9063214426AA24"
1418,677805500,677924528,678042464,678026586,678042464,NaN,NaN,677922480,678046560,"decoded_phr_last_chip",0,919.493989,919.653950,144,1.344931,-11976.011082,"Decawave DW-8",0.073116,0,46,0x0000,0x0000,0,""
1419,678562500,678681469,678799407,678783529,678799407,NaN,NaN,678679421,678803503,"decoded_phr_last_chip",0,920.520656,920.680619,144,4.082260,-2474.361950,"Decawave DW-8",0.124506,0,44,0x0000,0x0000,0,""
1420,678940900,679156732,679274653,679258775,679274653,NaN,NaN,679154684,679278749,"decoded_phr_last_chip",0,921.165272,921.325213,47,-36.989118,-17538.078786,"Decawave DW-8",0.043552,0,97,0x0000,0x0000,0,""
1421,679319400,679523948,679641875,679625997,679641875,NaN,NaN,679521900,679645971,"decoded_phr_last_chip",0,921.663341,921.823290,62,-12.690111,-12850.436864,"IEEE legacy/BPRF SFD #0",0.025966,0,77,0x0000,0x0000,0,""
1422,680076600,680151091,680351450,680253148,680269027,680269028,680351450,680149043,680355546,"decoded_payload_last_chip",1,922.513958,922.785712,144,-2.373407,10025.763915,"Decawave DW-8",0.063857,1,91,0xE108,0x8C67,0,"3B882E2A0E402620400C9C5B4312E6F6EEA563C39D1067F504B7915395D43E6A3ABB2E420D2228990216F0A10F1046555949A32460D7928CCF9918BF3B834B62088061D5D208D6E839F64A70A7567ACAE8086962E32306350408E1"
1423,680454800,680564824,680682770,680666890,680682770,NaN,NaN,680562776,680686866,"decoded_phr_last_chip",0,923.075119,923.235094,144,80.379391,2367.548475,"Decawave DW-8",0.080889,0,109,0x0000,0x0000,0,""
1424,680833400,680952292,681111065,681054352,681070230,681070232,681111065,680950244,681115161,"decoded_payload_last_chip",1,923.600656,923.816006,144,4.825928,-1434.083334,"Decawave DW-8",0.122822,1,42,0x4057,0x8419,0,"A8F4B823AACB160A2B9BDD26FBBCE9D177575850089826A411A30071A6B03A60A62B3CB46E3960EF5740"
1425,681590200,681643965,681761903,681746025,681761903,NaN,NaN,681641917,681765999,"decoded_phr_last_chip",0,924.538798,924.698762,144,3.876565,-1758.222430,"Decawave DW-8",0.103871,0,123,0x0000,0x0000,0,""
1426,681968700,682022436,682140373,682124495,682140373,NaN,NaN,682020388,682144469,"decoded_phr_last_chip",0,925.052132,925.212094,144,1.566449,16974.300364,"Decawave DW-8",0.069818,0,107,0x0000,0x0000,0,""
1427,682347200,682433168,682595719,682535226,682551104,682551106,682595719,682431120,682599815,"decoded_payload_last_chip",1,925.609223,925.829697,144,2.452521,-15460.917365,"Decawave DW-8",0.065894,1,47,0x4611,0x71CB,0,"1DC121462C9222C23E2B824E4712EECD4078090A019505134C78D42453DC8D0D2672663291CE9A15F817511B831146"
1428,683104200,683214118,683332044,683316168,683332044,NaN,NaN,683212070,683336140,"decoded_phr_last_chip",0,926.668454,926.828402,144,-120.031114,10664.245452,"Decawave DW-8",0.102867,0,4,0x0000,0x0000,0,""
1429,684239500,684358533,684571749,684460592,684476470,684476471,684571749,684356485,684575845,"decoded_payload_last_chip",1,928.220667,928.509859,144,-1.344931,7321.161129,"Decawave DW-8",0.083112,1,108,0x048F,0xCF6D,0,"7AC7216CC4EB23029807E8AD22CC4F4046CC44D065978AE853D18309CB732BE96B13F6A412282603283D44E45B03B1D81D404BBABCDFCFB6D711D8A6C6AAA7978CC61F4BCD36CA352A2AD9DE7D51ADAF4239C1E7592E27627BB91DE139BF663C1518A5C10D7E042F564A8F04"
1430,684618000,684737003,684854941,684839062,684854941,NaN,NaN,684734955,684859037,"decoded_phr_last_chip",0,928.733999,928.893963,144,2.151889,-5132.996673,"Decawave DW-8",0.099664,0,47,0x0000,0x0000,0,""
1431,684996500,685115468,685233404,685217526,685233404,NaN,NaN,685113420,685237500,"decoded_phr_last_chip",0,929.247325,929.407286,144,-9.177175,28568.558473,"Decawave DW-8",0.094268,0,53,0x0000,0x0000,0,""
1432,685753500,685872414,686050847,685974474,685990352,685990354,686050847,685870366,686054943,"decoded_payload_last_chip",1,930.273999,930.516014,144,1.756321,4373.980295,"Decawave DW-8",0.095800,1,68,0xD07E,0x2500,0,"EBED314C2829262A086D3F582F840F1EBE4E04A689D1CBC283A0881256E2306D80AF0914E7FAA48536CDE5E05C18A01C1F06308136AD725586F91D8082DDE121C2CA7ED0"
1433,686131900,686308656,686459876,686410725,686426603,686426605,686459876,686306608,686463972,"decoded_payload_last_chip",1,930.865690,931.070795,99,9.264264,4962.679471,"IEEE 802.15.4z SFD #2",0.035383,1,38,0x5C3D,0xD9DC,0,"368350B50970001B0DEDDA2146AC41B0604CF1C9DF30E9E500C6F115B22061EA3BA5E3EF3D5C"
1434,686510300,686629350,686756361,686731409,686747287,686747288,686756361,686627302,686760457,"decoded_payload_last_chip",1,931.300659,931.472929,144,-0.886072,2053.214788,"Decawave DW-8",0.122754,1,6,0x3BB4,0x0EBF,0,"B1DA38F0B43B"
1435,686888800,687007820,687135587,687109878,687125756,687125758,687135587,687005772,687139683,"decoded_payload_last_chip",1,931.813992,931.987287,144,1.487335,-13715.154583,"Decawave DW-8",0.079861,1,7,0x0220,0x48E1,0,"BD69214B962002"
1436,687267300,687386291,687526156,687488348,687504227,687504228,687526156,687384243,687530252,"decoded_payload_last_chip",1,932.327326,932.517030,144,0.806958,-15511.908428,"Decawave DW-8",0.082017,1,23,0x210A,0x59B2,0,"BDC42109C828226A2B2DEA112499D76E6AECB8F7110A21"
1437,687645900,687764761,687882699,687866820,687882699,NaN,NaN,687762713,687886795,"decoded_phr_last_chip",0,932.840659,933.000623,144,-1.582271,4242.284473,"Decawave DW-8",0.109511,0,68,0x0000,0x0000,0,""
1438,688781200,688903930,689021864,689005986,689021864,NaN,NaN,688901882,689025960,"decoded_phr_last_chip",0,934.385756,934.545714,137,-42.481202,10892.847037,"Decawave DW-8",0.089220,0,38,0x0000,0x0000,0,""
1439,691052000,691265531,691383459,691367580,691383459,NaN,NaN,691263483,691387555,"decoded_phr_last_chip",0,937.588882,937.748832,50,10.586912,-20665.618458,"IEEE legacy/BPRF SFD #0",0.030951,0,94,0x0000,0x0000,0,""
1440,691430500,691549466,691711263,691651526,691667404,691667406,691711263,691547418,691715359,"decoded_payload_last_chip",1,937.973994,938.193445,144,6.503136,-1836.923301,"Decawave DW-8",0.122284,1,46,0x2602,0xEF44,0,"A8F4B823AACBB60B7F9B7724FBBCE9D17757181B5994068F91A6F422878A1498A6373FB26F31E387034040240226"
1441,692566000,692684878,692850459,692786940,692802818,692802820,692850459,692682830,692854555,"decoded_payload_last_chip",1,939.513995,939.738578,144,28.449241,8594.833308,"Decawave DW-8",0.074855,1,51,0x4CBC,0x756D,0,"C2383E82800A00BB8C58782BC8B1E0E4F8315E1F15BFEA27C0C25734DAF71D9507201BB3EF2BAA46E11062A759B0ADA084BC4C"
1442,692944300,693049099,693167037,693151159,693167037,NaN,NaN,693047051,693171133,"decoded_phr_last_chip",0,940.008001,940.167965,144,-6.234150,29990.430437,"Decawave DW-8",0.078677,0,108,0x0000,0x0000,0,""
1443,693322800,693432821,693550759,693534881,693550759,NaN,NaN,693430773,693554855,"decoded_phr_last_chip",0,940.528457,940.688421,144,2.863911,6793.980471,"Decawave DW-8",0.077017,0,101,0x0000,0x0000,0,""
1444,693701300,693791784,693909722,693893844,693909722,NaN,NaN,693789736,693913818,"decoded_phr_last_chip",0,941.015332,941.175296,144,3.132898,2362.407569,"Decawave DW-8",0.100316,0,101,0x0000,0x0000,0,""
1445,694079900,694198760,694316698,694300819,694316698,NaN,NaN,694196712,694320794,"decoded_phr_last_chip",0,941.567329,941.727292,144,4.541119,22163.516989,"Decawave DW-8",0.117605,0,68,0x0000,0x0000,0,""
1446,695972100,696091112,696209050,696193172,696209050,NaN,NaN,696089064,696213146,"decoded_phr_last_chip",0,944.133995,944.293959,144,5.727823,-6513.379508,"Decawave DW-8",0.124918,0,44,0x0000,0x0000,0,""
1447,697864500,697983465,698184581,698085522,698101401,698101402,698184581,697981417,698188677,"decoded_payload_last_chip",1,946.700663,946.973444,144,0.569618,12607.019544,"Decawave DW-8",0.078027,1,92,0xE873,0x6E00,0,"2BE033AA63283202702FD215098D9590B278C1634111CFB1B3C432E108FE55C182BF9C3C2D91150671004004048030303CC64F15064F481F01DE83C683F10F54282AB30278C5CC25019962143B10709DCAB9D27BD9D3D4CA876173E8"
1448,698242900,698361935,698522218,698463994,698479872,698479874,698522218,698359887,698526314,"decoded_payload_last_chip",1,947.213996,947.431394,144,-1.107590,-579.775961,"Decawave DW-8",0.126309,1,44,0x8440,0xA421,0,"ACE4A835AACB16000B9B33855157F9D15F57D05D4D9DE687C023082107CA1040263938B238380B0604014084"
1449,699378300,699433579,699571932,699535637,699551516,699551517,699571932,699431531,699576028,"decoded_payload_last_chip",1,948.667506,948.855160,144,-8.401862,1016.068683,"Decawave DW-8",0.105902,1,21,0x8C46,0xD557,0,"5C53E0209E0B3B000B9AD96B72655BAAA458DA468C"
1450,700513800,700632758,700750696,700734817,700750696,NaN,NaN,700630710,700754792,"decoded_phr_last_chip",0,950.293997,950.453961,144,0.110759,28709.992766,"Decawave DW-8",0.109809,0,101,0x0000,0x0000,0,""
1451,700892300,701011228,701129161,701113283,701129161,NaN,NaN,701009180,701133257,"decoded_phr_last_chip",0,950.807330,950.967287,144,-43.623224,7899.121497,"Decawave DW-8",0.101701,0,6,0x0000,0x0000,0,""
1452,701270900,701389699,701507636,701491757,701507636,NaN,NaN,701387651,701511732,"decoded_phr_last_chip",0,951.320664,951.480626,144,4.604410,7138.594145,"Decawave DW-8",0.083324,0,108,0x0000,0x0000,0,""
1453,702027600,702146640,702264578,702248700,702264578,NaN,NaN,702144592,702268674,"decoded_phr_last_chip",0,952.347331,952.507294,144,5.189850,19014.802732,"Decawave DW-8",0.101932,0,4,0x0000,0x0000,0,""
1454,702406100,702525110,702703543,702627170,702643048,702643050,702703543,702523062,702707639,"decoded_payload_last_chip",1,952.860664,953.102679,144,1.867080,4805.815317,"Decawave DW-8",0.110306,1,68,0x9072,0x56DD,0,"3AED19AC89282E6B4B39A8A4225958486E645ABBD18B688A43202D1A74862F4907588E2C580574A4302281408A0A34A03397A590A803F01D084303C4868A9C5170087290"
1455,702784700,702903581,703021519,703005641,703021519,NaN,NaN,702901533,703025615,"decoded_phr_last_chip",0,953.373998,953.533961,144,4.556942,4150.108051,"Decawave DW-8",0.114765,0,68,0x0000,0x0000,0,""
1456,703541500,703660522,703778459,703762580,703778459,NaN,NaN,703658474,703782555,"decoded_phr_last_chip",0,954.400665,954.560627,144,2.832266,12260.641162,"Decawave DW-8",0.079784,0,84,0x0000,0x0000,0,""
1457,705055400,705174404,705292341,705276463,705292341,NaN,NaN,705172356,705296437,"decoded_phr_last_chip",0,956.453998,956.613961,144,0.110759,23888.447134,"Decawave DW-8",0.124481,0,98,0x0000,0x0000,0,""
1458,706947800,707057759,707175697,707159818,707175697,NaN,NaN,707055711,707179793,"decoded_phr_last_chip",0,959.008462,959.168426,144,2.341762,17553.813062,"Decawave DW-8",0.075213,0,109,0x0000,0x0000,0,""
1459,708461600,708580639,708793855,708682698,708698576,708698578,708793855,708578591,708797951,"decoded_payload_last_chip",1,961.074000,961.363193,144,0.332277,19657.731512,"Decawave DW-8",0.104093,1,108,0x3D79,0x1A6F,0,"9A6F891139AA221299039128BD531BFEF828A498221126321143B8CB86CA1A0BA6700218AD7696F6E90C81C02482823D8AA360142E88C447AF84263AE00C765417081428203809B0F163DE20DAC738A6413308B949F960F4B35C6D5B3152ED8210D0F3AD16826251B6C7793D"
1460,708840100,708959109,709154176,709061167,709077045,709077047,709154176,708957061,709158272,"decoded_payload_last_chip",1,961.587333,961.851910,144,0.474681,10500.018437,"Decawave DW-8",0.082104,1,84,0x6EAF,0x9E0F,0,"29087387B19225A9C13EDD1B64713FDDC0EF00EA61012717C97B1B42614B52F8B6BC5FBCE8E32CC686036108103012E5E404AF0B099C3A575978EF34CEEAFB724BA0A74D7B2EC8CB61FFAF40B9101045BD9BAF6E"
1461,709218600,709337579,709455517,709439638,709455517,NaN,NaN,709335531,709459613,"decoded_phr_last_chip",0,962.100666,962.260630,144,11.329064,-17630.713138,"Decawave DW-8",0.092544,0,5,0x0000,0x0000,0,""
1462,711110900,711229932,711390216,711331991,711347870,711347871,711390216,711227884,711394312,"decoded_payload_last_chip",1,964.667334,964.884733,144,3.544288,-1835.264046,"Decawave DW-8",0.124960,1,44,0x2440,0x524D,0,"A8F5A822AACB160A2B9B77245B57E9D177576C3DE53646652B060B75C69ABE904C303A362E3A494627414024"
1463,711489400,711608402,711726341,711710462,711726341,NaN,NaN,711606354,711730437,"decoded_phr_last_chip",0,965.180667,965.340632,144,6.851235,-179.190495,"Decawave DW-8",0.119176,0,40,0x0000,0x0000,0,""
1464,711867900,711986873,712139594,712088932,712104810,712104812,712139594,711984825,712143690,"decoded_payload_last_chip",1,965.694001,965.901142,144,-1.946194,18006.721018,"Decawave DW-8",0.092779,1,40,0x2ABD,0x32BF,0,"DAEF838C50A324429957BFA8DF8D98A55897179C629827C764032376204A151003603DB87931BD2A"
1465,714516600,714720954,714838884,714823006,714838884,NaN,NaN,714718906,714842980,"decoded_phr_last_chip",0,969.402336,969.562288,63,-8.315493,-11541.464334,"IEEE 802.15.4z SFD #2",0.022828,0,18,0x0000,0x0000,0,""
1466,714895600,715107677,715225625,715209746,715225625,NaN,NaN,715105629,715229721,"decoded_phr_last_chip",0,969.926862,970.086839,52,-16.806146,-6561.968053,"Decawave DW-8",0.036526,0,114,0x0000,0x0000,0,""
1467,715274100,715393108,715532200,715495155,715511031,715511032,715532200,715391060,715536296,"decoded_payload_last_chip",1,970.314003,970.502658,144,-158.954992,23946.184744,"Decawave DW-8",0.109162,1,22,0x2084,0x4B7D,0,"89F1F6B8F1A116090A4E28D7410D84DC7A1971378420"
1468,717544900,717645179,717864446,717747240,717763118,717763119,717864446,717643131,717868542,"decoded_payload_last_chip",1,973.368570,973.665970,144,-3.718338,10334.168837,"Decawave DW-8",0.064751,1,116,0xCEB3,0xD4E3,0,"53D99C1A036D633F217BEF466E149C6C6C41470215983C858DB41CD0727A528E25614D8B9BC3C087104E2214A54B95F015CD84449C5A8C03EE18F14528BF9003BD33681C2853160F7859A087532AC874044970546B402290FB02EE56902249E426383BFE3C02814F39264777610FA1D2C129B3CE"
1469,719815800,719892744,720010682,719994803,720010682,NaN,NaN,719890696,720014778,"decoded_phr_last_chip",0,976.417025,976.576988,144,3.449352,-1568.312553,"Decawave DW-8",0.103178,0,47,0x0000,0x0000,0,""
1470,721329600,721448636,721566573,721550695,721566573,NaN,NaN,721446588,721570669,"decoded_phr_last_chip",0,978.527338,978.687301,144,1.598094,-2087.287714,"Decawave DW-8",0.125291,0,44,0x0000,0x0000,0,""
1471,724357600,724476399,724615500,724578452,724594329,724594330,724615500,724474351,724619596,"decoded_payload_last_chip",1,982.634005,982.822673,144,-79.556610,18530.567332,"Decawave DW-8",0.104978,1,22,0x0650,0xFB9B,0,"7448EC259B9B353CAB2E1D5465DCDFE254E020975006"
1472,724735900,724854870,725015153,724956929,724972807,724972809,725015153,724852822,725019249,"decoded_payload_last_chip",1,983.147339,983.364737,144,-1.724676,16315.966131,"Decawave DW-8",0.082651,1,44,0x449D,0xCC11,0,"7BED19F126AA246A8B57FFB52271D94046306493859BCDE02586EC73E28A50C0263C849B303665075DB89D44"
1473,726249900,726368752,726486690,726470811,726486690,NaN,NaN,726366704,726490786,"decoded_phr_last_chip",0,985.200673,985.360636,144,4.572765,-2562.076606,"Decawave DW-8",0.123930,0,44,0x0000,0x0000,0,""
1474,726628200,726747222,726907506,726849280,726865159,726865160,726907506,726745174,726911602,"decoded_payload_last_chip",1,985.714006,985.931405,144,5.949341,-12710.027932,"Decawave DW-8",0.085888,1,44,0x0407,0x9ED9,0,"BD2920C19720060A190A84851F959D45668FBC60C15C628EDACE3C1214839992EEB8BBB223B00C80E0000704"
1475,727385500,727504163,727664448,727606223,727622101,727622103,727664448,727502115,727668544,"decoded_payload_last_chip",1,986.740672,986.958073,144,3.275302,-1362.215358,"Decawave DW-8",0.124013,1,44,0x2440,0xADC7,0,"A8F5B883A8CB16002B1BDB265BB7F9D15757264C4D37864FBB625870C68AB915E62C3C997033422E2A414024"
1476,732305400,732391273,732598442,732493333,732509212,732509213,732598442,732389225,732602538,"decoded_payload_last_chip",1,993.369240,993.650231,144,6.930349,5261.775054,"Decawave DW-8",0.084585,1,100,0x74CD,0xD3C6,0,"D8CF891C044323020C03E8ADEE9469D16C40C201107969859517165071FAC8DE644E418B8090CCCED2320320DCD0438153E18717B3F1C8FA1D33B66864408A038518F204440084B53A1385570C8C9308114CE6CA26E3CE2A20E4AD960B385629C58CCD74"
1477,733062200,733181221,733376288,733283279,733299157,733299158,733376288,733179173,733380384,"decoded_payload_last_chip",1,994.440675,994.705252,144,1.598094,9438.205307,"Decawave DW-8",0.087364,1,84,0xAA03,0xD95C,0,"298818AAB1FA20293F269DB379197DE448ECB067638B2221D98E214EC1205A8DC7089DFC571370EE2D082108002391BA134332817CBFB8D8BB24CA1DD5C2F453422D8630083AA2F94334D808D7E56575700403AA"
1478,733440700,733559691,733677628,733661749,733677628,NaN,NaN,733557643,733681724,"decoded_phr_last_chip",0,994.954008,995.113970,144,2.626571,12461.147507,"Decawave DW-8",0.078744,0,94,0x0000,0x0000,0,""
1479,734954600,735073579,735279988,735175636,735191515,735191516,735279988,735071531,735284084,"decoded_payload_last_chip",1,997.007350,997.287310,144,-1.422066,10318.534574,"Decawave DW-8",0.064265,1,99,0x377F,0x82EB,0,"39886B2FAEB330AA552D9C5B2170B5C5BD46009EB113C7641C2E5C66B4CBF06323437555A63782E43B2919890B2226CF0849B5600254C3967AFD497A523021CE8B0DB806BC4672B620C8AD87854AB7054EA748D4AC08C583F89528D77C71DD88E57F37"
1480,735333000,735452044,735569982,735554104,735569982,NaN,NaN,735449996,735574078,"decoded_phr_last_chip",0,997.520676,997.680640,144,8.275280,-10528.559009,"Decawave DW-8",0.092507,0,45,0x0000,0x0000,0,""
1481,735711500,735830514,736037682,735932574,735948452,735948453,736037682,735828466,736041778,"decoded_payload_last_chip",1,998.034009,998.314998,144,3.085429,5257.390048,"Decawave DW-8",0.106749,1,100,0x7458,0x12C7,0,"70ED99AB26AA24621B17AAA4224DD8406E640A9A01010F2308E13CBBCEE32CA92A5AF02A772A70143A2009E84B28BA15AA98A7C04CF530F12618013A620EA96758F43600137A25D0B4C08AFF6B516A84C8080180528D20570710F9F9FBC3DC17F02D5874"
1482,736468500,736587455,736754511,736689494,736705369,736705371,736754511,736585407,736758607,"decoded_payload_last_chip",1,999.060676,999.287260,144,-211.344000,4144.762131,"Decawave DW-8",0.103863,1,53,0x6A01,0x61D5,0,"239539382E18883037811F9D01084DC4A35E54B5928877D50044BB123E469653115730351FAF46C4650A0100489883D5251CEF016A"
