index,window_offset,abs_start_sample,abs_end_sample,abs_phr_start_sample,abs_phr_end_sample,abs_payload_start_sample,abs_payload_end_sample,localization_start_sample,localization_end_sample,end_sample_source,has_precise_end_sample,time_start_ms,time_end_ms,detected_repetitions,sample_clock_error_ppm,cfo_hz,sfd_name,sfd_correlation,phr_secded_pass,psdu_length_bytes,fcs_received,fcs_calculated,fcs_pass,payload_hex
1,0,18818,246402,216913,232791,232793,246402,16770,250498,"decoded_payload_last_chip",1,0.025524,0.334204,262,0.000000,-1637.548118,"Decawave DW-8",0.962174,1,12,0x16FE,0x16FE,1,"618812F2F00200010000FE16"
2,343300,397289,624873,595383,611262,611263,624873,395241,628969,"decoded_payload_last_chip",1,0.538858,0.847538,262,0.000000,-1652.285737,"Decawave DW-8",0.962230,1,12,0x9741,0x9741,1,"618813F2F002000100004197"
3,721700,775760,1003344,973854,989733,989734,1003344,773712,1007440,"decoded_payload_last_chip",1,1.052192,1.360872,262,0.000000,-1637.040237,"Decawave DW-8",0.961703,1,12,0x0B4F,0x0B4F,1,"618814F2F002000100004F0B"
4,1100300,1154230,1381814,1352324,1368203,1368204,1381814,1152182,1385910,"decoded_payload_last_chip",1,1.565525,1.874205,262,-0.000000,-1662.098703,"Decawave DW-8",0.963012,1,12,0x8AF0,0x8AF0,1,"618815F2F00200010000F08A"
5,1478700,1532701,1760285,1730795,1746674,1746675,1760285,1530653,1764381,"decoded_payload_last_chip",1,2.078859,2.387539,262,0.000000,-1639.440360,"Decawave DW-8",0.962132,1,12,0x0020,0x0020,1,"618816F2F002000100002000"
6,1857200,1911171,2138755,2109266,2125144,2125146,2138755,1909123,2142851,"decoded_payload_last_chip",1,2.592192,2.900872,262,0.000000,-1616.912464,"Decawave DW-8",0.962170,1,12,0x819F,0x819F,1,"618817F2F002000100009F81"
7,2235700,2289642,2517226,2487736,2503615,2503616,2517226,2287594,2521322,"decoded_payload_last_chip",1,3.105526,3.414206,262,0.000000,-1645.481465,"Decawave DW-8",0.962749,1,12,0x302D,0x302D,1,"618818F2F002000100002D30"
8,2614300,2668112,2895696,2866206,2882085,2882086,2895696,2666064,2899792,"decoded_payload_last_chip",1,3.618859,3.927539,262,0.000000,-1622.999516,"Decawave DW-8",0.962933,1,12,0xB192,0xB192,1,"618819F2F0020001000092B1"
9,2992600,3046582,3274167,3244677,3260555,3260557,3274167,3044534,3278263,"decoded_payload_last_chip",1,4.132191,4.440873,262,0.000000,-1629.894620,"Decawave DW-8",0.962326,1,12,0x3B42,0x3B42,1,"61881AF2F00200010000423B"
10,3371100,3425053,3652637,3623147,3639026,3639027,3652637,3423005,3656733,"decoded_payload_last_chip",1,4.645525,4.954206,262,0.000000,-1639.662760,"Decawave DW-8",0.961919,1,12,0xBAFD,0xBAFD,1,"61881BF2F00200010000FDBA"
11,3749600,3803523,4031107,4001618,4017496,4017498,4031107,3801475,4035203,"decoded_payload_last_chip",1,5.158858,5.467539,262,0.000000,-1650.791016,"Decawave DW-8",0.962684,1,12,0x26F3,0x26F3,1,"61881CF2F00200010000F326"
12,4128000,4181994,4409578,4380089,4395967,4395968,4409578,4179946,4413674,"decoded_payload_last_chip",1,5.672192,5.980873,262,0.000000,-1661.480778,"Decawave DW-8",0.962021,1,12,0xA74C,0xA74C,1,"61881DF2F002000100004CA7"
13,4506500,4560465,4788049,4758559,4774437,4774439,4788049,4558417,4792145,"decoded_payload_last_chip",1,6.185527,6.494207,262,0.000000,-1614.687017,"Decawave DW-8",0.962565,1,12,0x2D9C,0x2D9C,1,"61881EF2F002000100009C2D"
14,4885000,4938935,5166519,5137030,5152908,5152909,5166519,4936887,5170615,"decoded_payload_last_chip",1,6.698859,7.007540,262,0.000000,-1672.444127,"Decawave DW-8",0.962347,1,12,0xAC23,0xAC23,1,"61881FF2F0020001000023AC"
15,5263500,5317405,5544990,5515500,5531378,5531380,5544990,5315357,5549086,"decoded_payload_last_chip",1,7.212192,7.520874,262,0.000000,-1637.006761,"Decawave DW-8",0.962135,1,12,0xF019,0xF019,1,"618820F2F0020001000019F0"
16,5641900,5695876,5923460,5893970,5909849,5909850,5923460,5693828,5927556,"decoded_payload_last_chip",1,7.725526,8.034207,262,0.000000,-1657.764240,"Decawave DW-8",0.962668,1,12,0x71A6,0x71A6,1,"618821F2F00200010000A671"
17,6020400,6074346,6301931,6272442,6288320,6288321,6301931,6072298,6306027,"decoded_payload_last_chip",1,8.238859,8.547541,262,4.557411,-1883.142291,"Decawave DW-8",0.961865,1,12,0xFB76,0xFB76,1,"618822F2F0020001000076FB"
18,6398900,6452817,6680402,6650912,6666790,6666792,6680402,6450769,6684498,"decoded_payload_last_chip",1,8.752193,9.060875,262,0.591061,-1613.902293,"Decawave DW-8",0.966136,1,12,0x7AC9,0x7AC9,1,"618823F2F00200010000C97A"
19,6777300,6831287,7058872,7029382,7045260,7045262,7058872,6829239,7062968,"decoded_payload_last_chip",1,9.265526,9.574208,262,0.000000,-1669.474714,"Decawave DW-8",0.962375,1,12,0xE6C7,0xE6C7,1,"618824F2F00200010000C7E6"
20,7155800,7209758,7437342,7407852,7423731,7423732,7437342,7207710,7441438,"decoded_payload_last_chip",1,9.778860,10.087541,262,0.000000,-1663.342504,"Decawave DW-8",0.962406,1,12,0x6778,0x6778,1,"618825F2F002000100007867"
21,7533552,7588228,7815813,7786323,7802201,7802203,7815813,7586180,7819909,"decoded_payload_last_chip",1,10.292193,10.600875,262,0.000000,-1653.826258,"Decawave DW-8",0.962512,1,12,0xEDA8,0xEDA8,1,"618826F2F00200010000A8ED"
22,7912700,7966699,8194284,8164794,8180672,8180674,8194284,7964651,8198380,"decoded_payload_last_chip",1,10.805527,11.114209,262,-0.000000,-1650.554559,"Decawave DW-8",0.962386,1,12,0x6C17,0x6C17,1,"618827F2F00200010000176C"
23,8291200,8345170,8572754,8543264,8559143,8559144,8572754,8343122,8576850,"decoded_payload_last_chip",1,11.318861,11.627542,262,0.000000,-1664.805774,"Decawave DW-8",0.961521,1,12,0xDDA5,0xDDA5,1,"618828F2F00200010000A5DD"
24,8669700,8723640,8951224,8921735,8937613,8937615,8951224,8721592,8955320,"decoded_payload_last_chip",1,11.832194,12.140875,262,0.000000,-1652.500539,"Decawave DW-8",0.962567,1,12,0x5C1A,0x5C1A,1,"618829F2F002000100001A5C"
25,9048200,9102111,9329695,9300205,9316084,9316085,9329695,9100063,9333791,"decoded_payload_last_chip",1,12.345528,12.654209,262,0.000000,-1660.674926,"Decawave DW-8",0.962604,1,12,0xD6CA,0xD6CA,1,"61882AF2F00200010000CAD6"
26,9426600,9480581,9708165,9678675,9694554,9694555,9708165,9478533,9712261,"decoded_payload_last_chip",1,12.858861,13.167542,262,0.000000,-1644.531024,"Decawave DW-8",0.962370,1,12,0x5775,0x5775,1,"61882BF2F002000100007557"
27,9804900,9859051,10086636,10057146,10073024,10073026,10086636,9857003,10090732,"decoded_payload_last_chip",1,13.372194,13.680876,262,-0.000000,-1625.087199,"Decawave DW-8",0.962191,1,12,0xCB7B,0xCB7B,1,"61882CF2F002000100007BCB"
28,10183600,10237522,10465106,10435616,10451495,10451496,10465106,10235474,10469202,"decoded_payload_last_chip",1,13.885528,14.194208,262,0.000000,-1619.058721,"Decawave DW-8",0.962654,1,12,0x4AC4,0x4AC4,1,"61882DF2F00200010000C44A"
29,10562000,10615993,10843577,10814087,10829966,10829967,10843577,10613945,10847673,"decoded_payload_last_chip",1,14.398862,14.707543,262,0.000000,-1629.783954,"Decawave DW-8",0.962408,1,12,0xC014,0xC014,1,"61882EF2F0020001000014C0"
30,10940500,10994463,11222047,11192558,11208436,11208437,11222047,10992415,11226143,"decoded_payload_last_chip",1,14.912195,15.220875,262,0.000000,-1651.549122,"Decawave DW-8",0.963026,1,12,0x41AB,0x41AB,1,"61882FF2F00200010000AB41"
31,11319000,11372934,11600518,11571028,11586906,11586908,11600518,11370886,11604614,"decoded_payload_last_chip",1,15.425529,15.734210,262,0.000000,-1662.318460,"Decawave DW-8",0.962657,1,12,0xAB61,0xAB61,1,"618830F2F0020001000061AB"
32,11697500,11751404,11978988,11949499,11965377,11965378,11978988,11749356,11983084,"decoded_payload_last_chip",1,15.938862,16.247542,262,0.000000,-1637.088154,"Decawave DW-8",0.962382,1,12,0x2ADE,0x2ADE,1,"618831F2F00200010000DE2A"
33,12075900,12129874,12357458,12327969,12343847,12343849,12357458,12127826,12361554,"decoded_payload_last_chip",1,16.452195,16.760875,262,0.000000,-1652.752328,"Decawave DW-8",0.962990,1,12,0xA00E,0xA00E,1,"618832F2F002000100000EA0"
34,12454500,12508345,12735929,12706439,12722318,12722319,12735929,12506297,12740025,"decoded_payload_last_chip",1,16.965529,17.274209,262,0.000000,-1650.711192,"Decawave DW-8",0.962313,1,12,0x21B1,0x21B1,1,"618833F2F00200010000B121"
35,12832900,12886815,13114399,13084910,13100788,13100789,13114399,12884767,13118495,"decoded_payload_last_chip",1,17.478861,17.787542,262,0.000000,-1641.531114,"Decawave DW-8",0.963034,1,12,0xBDBF,0xBDBF,1,"618834F2F00200010000BFBD"
36,13211300,13265286,13492870,13463380,13479259,13479260,13492870,13263238,13496966,"decoded_payload_last_chip",1,17.992196,18.300876,262,0.000000,-1632.404666,"Decawave DW-8",0.962672,1,12,0x3C00,0x3C00,1,"618835F2F00200010000003C"
37,13589800,13643756,13871341,13841851,13857729,13857731,13871341,13641708,13875437,"decoded_payload_last_chip",1,18.505528,18.814210,262,-0.000000,-1654.790170,"Decawave DW-8",0.962748,1,12,0xB6D0,0xB6D0,1,"618836F2F00200010000D0B6"
38,13968400,14022227,14249811,14220322,14236200,14236202,14249811,14020179,14253907,"decoded_payload_last_chip",1,19.018863,19.327543,262,0.000000,-1658.591672,"Decawave DW-8",0.962669,1,12,0x376F,0x376F,1,"618837F2F002000100006F37"
39,14346700,14400697,14628281,14598792,14614670,14614671,14628281,14398649,14632377,"decoded_payload_last_chip",1,19.532195,19.840876,262,0.000000,-1620.251971,"Decawave DW-8",0.962925,1,12,0x86DD,0x86DD,1,"618838F2F00200010000DD86"
40,14725300,14779168,15006752,14977262,14993141,14993142,15006752,14777120,15010848,"decoded_payload_last_chip",1,20.045530,20.354210,262,0.000000,-1620.925195,"Decawave DW-8",0.962748,1,12,0x0762,0x0762,1,"618839F2F002000100006207"
41,15103700,15157639,15385223,15355733,15371612,15371613,15385223,15155591,15389319,"decoded_payload_last_chip",1,20.558864,20.867544,262,0.000000,-1653.821411,"Decawave DW-8",0.962620,1,12,0x8DB2,0x8DB2,1,"61883AF2F00200010000B28D"
42,15482300,15536109,15763693,15734203,15750082,15750083,15763693,15534061,15767789,"decoded_payload_last_chip",1,21.072196,21.380877,262,0.000000,-1629.905844,"Decawave DW-8",0.962289,1,12,0x0C0D,0x0C0D,1,"61883BF2F002000100000D0C"
43,15860700,15914580,16142164,16112674,16128553,16128554,16142164,15912532,16146260,"decoded_payload_last_chip",1,21.585531,21.894211,262,0.000000,-1634.964805,"Decawave DW-8",0.962836,1,12,0x9003,0x9003,1,"61883CF2F002000100000390"
44,16239300,16293050,16520634,16491144,16507023,16507024,16520634,16291002,16524730,"decoded_payload_last_chip",1,22.098863,22.407544,262,0.000000,-1627.498114,"Decawave DW-8",0.962897,1,12,0x11BC,0x11BC,1,"61883DF2F00200010000BC11"
45,16617600,16671520,16899104,16869615,16885493,16885495,16899104,16669472,16903200,"decoded_payload_last_chip",1,22.612196,22.920877,262,0.000000,-1677.202789,"Decawave DW-8",0.962462,1,12,0x9B6C,0x9B6C,1,"61883EF2F002000100006C9B"
46,16996000,17049991,17277575,17248086,17263964,17263966,17277575,17047943,17281671,"decoded_payload_last_chip",1,23.125530,23.434211,262,0.000000,-1626.401131,"Decawave DW-8",0.962160,1,12,0x1AD3,0x1AD3,1,"61883FF2F00200010000D31A"
47,17374500,17428462,17656046,17626556,17642435,17642436,17656046,17426414,17660142,"decoded_payload_last_chip",1,23.638864,23.947545,262,0.000000,-1632.268070,"Decawave DW-8",0.961927,1,12,0x2318,0x2318,1,"618840F2F002000100001823"
48,17753000,17806932,18034516,18005027,18020905,18020906,18034516,17804884,18038612,"decoded_payload_last_chip",1,24.152197,24.460878,262,0.000000,-1617.950773,"Decawave DW-8",0.962538,1,12,0xA2A7,0xA2A7,1,"618841F2F00200010000A7A2"
49,18131700,18185402,18412987,18383497,18399375,18399377,18412987,18183354,18417083,"decoded_payload_last_chip",1,24.665530,24.974212,262,0.000000,-1665.346018,"Decawave DW-8",0.962799,1,12,0x2877,0x2877,1,"618842F2F002000100007728"
50,18509900,18563873,18791457,18761967,18777846,18777847,18791457,18561825,18795553,"decoded_payload_last_chip",1,25.178864,25.487545,262,0.000000,-1654.873168,"Decawave DW-8",0.962493,1,12,0xA9C8,0xA9C8,1,"618843F2F00200010000C8A9"
51,18888500,18942343,19169928,19140438,19156316,19156318,19169928,18940295,19174024,"decoded_payload_last_chip",1,25.692197,26.000879,262,0.000000,-1669.164027,"Decawave DW-8",0.962330,1,12,0x35C6,0x35C6,1,"618844F2F00200010000C635"
52,19267200,19320814,19548398,19518908,19534787,19534788,19548398,19318766,19552494,"decoded_payload_last_chip",1,26.205531,26.514212,262,0.000000,-1670.913482,"Decawave DW-8",0.962268,1,12,0xB479,0xB479,1,"618845F2F0020001000079B4"
53,19645500,19699284,19926869,19897379,19913257,19913259,19926869,19697236,19930965,"decoded_payload_last_chip",1,26.718864,27.027546,262,0.000000,-1663.839986,"Decawave DW-8",0.962758,1,12,0x3EA9,0x3EA9,1,"618846F2F00200010000A93E"
54,20023800,20077755,20305339,20275849,20291728,20291729,20305339,20075707,20309435,"decoded_payload_last_chip",1,27.232198,27.540879,262,0.000000,-1643.237612,"Decawave DW-8",0.962779,1,12,0xBF16,0xBF16,1,"618847F2F0020001000016BF"
55,20402400,20456225,20683810,20654320,20670199,20670200,20683810,20454177,20687906,"decoded_payload_last_chip",1,27.745531,28.054213,262,2.869274,-1766.322279,"Decawave DW-8",0.962876,1,12,0x0EA4,0x0EA4,1,"618848F2F00200010000A40E"
56,20780700,20834696,21062280,21032790,21048668,21048670,21062280,20832648,21066376,"decoded_payload_last_chip",1,28.258865,28.567546,262,0.000000,-1654.656854,"Decawave DW-8",0.962385,1,12,0x8F1B,0x8F1B,1,"618849F2F002000100001B8F"
57,21159500,21213166,21440750,21411261,21427139,21427141,21440750,21211118,21444846,"decoded_payload_last_chip",1,28.772198,29.080878,262,0.000000,-1666.970609,"Decawave DW-8",0.962249,1,12,0x05CB,0x05CB,1,"61884AF2F00200010000CB05"
58,21537700,21591636,21819221,21789731,21805609,21805611,21819221,21589588,21823317,"decoded_payload_last_chip",1,29.285531,29.594213,262,0.000000,-1617.835221,"Decawave DW-8",0.962390,1,12,0x8474,0x8474,1,"61884BF2F002000100007484"
59,21916200,21970107,22197692,22168203,22184081,22184083,22197692,21968059,22201788,"decoded_payload_last_chip",1,29.798865,30.107547,262,5.514930,-1931.798125,"Decawave DW-8",0.955608,1,12,0x187A,0x187A,1,"61884CF2F002000100007A18"
60,22294600,22348578,22576162,22546672,22562551,22562552,22576162,22346530,22580258,"decoded_payload_last_chip",1,30.312199,30.620879,262,0.000000,-1656.307950,"Decawave DW-8",0.962515,1,12,0x99C5,0x99C5,1,"61884DF2F00200010000C599"
61,22673100,22727048,22954633,22925143,22941021,22941023,22954633,22725000,22958729,"decoded_payload_last_chip",1,30.825532,31.134214,262,0.000000,-1651.229061,"Decawave DW-8",0.962198,1,12,0x1315,0x1315,1,"61884EF2F002000100001513"
62,23051600,23105519,23333103,23303613,23319492,23319493,23333103,23103471,23337199,"decoded_payload_last_chip",1,31.338866,31.647546,262,0.000000,-1671.924541,"Decawave DW-8",0.962350,1,12,0x92AA,0x92AA,1,"61884FF2F00200010000AA92"
63,23430000,23483989,23711574,23682084,23697962,23697964,23711574,23481941,23715670,"decoded_payload_last_chip",1,31.852199,32.160881,262,2.593774,-1714.991782,"Decawave DW-8",0.960877,1,12,0x7860,0x7860,1,"618850F2F002000100006078"
64,23808500,23862460,24090044,24060555,24076433,24076435,24090044,23860412,24094140,"decoded_payload_last_chip",1,32.365533,32.674213,262,0.000000,-1632.250567,"Decawave DW-8",0.962056,1,12,0xF9DF,0xF9DF,1,"618851F2F00200010000DFF9"
65,24186900,24240930,24468515,24439025,24454903,24454905,24468515,24238882,24472611,"decoded_payload_last_chip",1,32.878866,33.187547,262,0.000000,-1660.587750,"Decawave DW-8",0.962068,1,12,0x730F,0x730F,1,"618852F2F002000100000F73"
66,24565700,24619401,24846985,24817495,24833374,24833375,24846985,24617353,24851081,"decoded_payload_last_chip",1,33.392200,33.700880,262,0.000000,-1623.990561,"Decawave DW-8",0.962210,1,12,0xF2B0,0xF2B0,1,"618853F2F00200010000B0F2"
67,24943900,24997871,25225455,25195966,25211844,25211846,25225455,24995823,25229551,"decoded_payload_last_chip",1,33.905532,34.214213,262,0.000000,-1648.192910,"Decawave DW-8",0.962671,1,12,0x6EBE,0x6EBE,1,"618854F2F00200010000BE6E"
68,25322400,25376342,25603926,25574436,25590315,25590316,25603926,25374294,25608022,"decoded_payload_last_chip",1,34.418867,34.727547,262,0.000000,-1655.887370,"Decawave DW-8",0.962583,1,12,0xEF01,0xEF01,1,"618855F2F0020001000001EF"
69,25701000,25754812,25982397,25952907,25968785,25968787,25982397,25752764,25986493,"decoded_payload_last_chip",1,34.932199,35.240881,262,0.000000,-1617.820254,"Decawave DW-8",0.962010,1,12,0x65D1,0x65D1,1,"618856F2F00200010000D165"
70,26079000,26133283,26360867,26331377,26347256,26347257,26360867,26131235,26364963,"decoded_payload_last_chip",1,35.445534,35.754214,262,0.000000,-1646.063161,"Decawave DW-8",0.962508,1,12,0xE46E,0xE46E,1,"618857F2F002000100006EE4"
71,26457800,26511753,26739338,26709848,26725726,26725728,26739338,26509705,26743434,"decoded_payload_last_chip",1,35.958866,36.267548,262,0.000000,-1670.979242,"Decawave DW-8",0.962409,1,12,0x55DC,0x55DC,1,"618858F2F00200010000DC55"
72,26836300,26890224,27117808,27088318,27104197,27104198,27117808,26888176,27121904,"decoded_payload_last_chip",1,36.472201,36.780881,262,-0.000000,-1673.865651,"Decawave DW-8",0.961981,1,12,0xD463,0xD463,1,"618859F2F0020001000063D4"
73,27214700,27268694,27496278,27466789,27482667,27482668,27496278,27266646,27500374,"decoded_payload_last_chip",1,36.985533,37.294214,262,0.000000,-1650.666251,"Decawave DW-8",0.962227,1,12,0x5EB3,0x5EB3,1,"61885AF2F00200010000B35E"
74,27593200,27647165,27874749,27845259,27861137,27861139,27874749,27645117,27878845,"decoded_payload_last_chip",1,37.498867,37.807548,262,-0.000000,-1671.607772,"Decawave DW-8",0.962361,1,12,0xDF0C,0xDF0C,1,"61885BF2F002000100000CDF"
75,27971700,28025635,28253219,28223730,28239608,28239609,28253219,28023587,28257315,"decoded_payload_last_chip",1,38.012200,38.320881,262,0.000000,-1655.544625,"Decawave DW-8",0.961909,1,12,0x4302,0x4302,1,"61885CF2F002000100000243"
76,28350200,28404105,28631690,28602200,28618078,28618080,28631690,28402057,28635786,"decoded_payload_last_chip",1,38.525533,38.834215,262,0.000000,-1640.317895,"Decawave DW-8",0.962469,1,12,0xC2BD,0xC2BD,1,"61885DF2F00200010000BDC2"
77,28728600,28782576,29010161,28980671,28996549,28996551,29010161,28780528,29014257,"decoded_payload_last_chip",1,39.038867,39.347549,262,0.000000,-1641.386306,"Decawave DW-8",0.961731,1,12,0x486D,0x486D,1,"61885EF2F002000100006D48"
78,29106200,29161047,29388631,29359142,29375020,29375021,29388631,29158999,29392727,"decoded_payload_last_chip",1,39.552201,39.860882,262,0.000000,-1636.288447,"Decawave DW-8",0.962069,1,12,0xC9D2,0xC9D2,1,"61885FF2F00200010000D2C9"
79,29485600,29539517,29767102,29737612,29753490,29753492,29767102,29537469,29771198,"decoded_payload_last_chip",1,40.065534,40.374216,262,0.000000,-1649.955866,"Decawave DW-8",0.962368,1,12,0x95E8,0x95E8,1,"618860F2F00200010000E895"
80,29864000,29917987,30145572,30116082,30131960,30131962,30145572,29915939,30149668,"decoded_payload_last_chip",1,40.578867,40.887549,262,0.000000,-1664.936714,"Decawave DW-8",0.962498,1,12,0x1457,0x1457,1,"618861F2F002000100005714"
81,30242500,30296459,30524043,30494554,30510432,30510433,30524043,30294411,30528139,"decoded_payload_last_chip",1,41.092202,41.400883,262,1.748556,-1720.553377,"Decawave DW-8",0.959859,1,12,0x9E87,0x9E87,1,"618862F2F00200010000879E"
82,30621100,30674929,30902513,30873023,30888902,30888903,30902513,30672881,30906609,"decoded_payload_last_chip",1,41.605535,41.914216,262,0.000000,-1612.769638,"Decawave DW-8",0.962480,1,12,0x1F38,0x1F38,1,"618863F2F00200010000381F"
83,30998040,31053400,31280984,31251494,31267372,31267374,31280984,31051352,31285080,"decoded_payload_last_chip",1,42.118869,42.427550,262,0.000000,-1639.151282,"Decawave DW-8",0.962518,1,12,0x8336,0x8336,1,"618864F2F002000100003683"
84,31377900,31431870,31659454,31629964,31645843,31645844,31659454,31429822,31663550,"decoded_payload_last_chip",1,42.632202,42.940883,262,0.000000,-1626.480867,"Decawave DW-8",0.962088,1,12,0x0289,0x0289,1,"618865F2F002000100008902"
85,31756400,31810340,32037924,32008435,32024313,32024315,32037924,31808292,32042020,"decoded_payload_last_chip",1,43.145535,43.454215,262,0.000000,-1629.498651,"Decawave DW-8",0.962200,1,12,0x8859,0x8859,1,"618866F2F002000100005988"
86,32135000,32188811,32416395,32386905,32402784,32402785,32416395,32186763,32420491,"decoded_payload_last_chip",1,43.658869,43.967550,262,0.000000,-1652.129519,"Decawave DW-8",0.962221,1,12,0x09E6,0x09E6,1,"618867F2F00200010000E609"
87,32513300,32567282,32794866,32765376,32781254,32781256,32794866,32565234,32798962,"decoded_payload_last_chip",1,44.172203,44.480884,262,0.000000,-1653.305118,"Decawave DW-8",0.962113,1,12,0xB854,0xB854,1,"618868F2F0020001000054B8"
88,32891800,32945752,33173336,33143847,33159725,33159726,33173336,32943704,33177432,"decoded_payload_last_chip",1,44.685536,44.994217,262,0.000000,-1641.225412,"Decawave DW-8",0.962128,1,12,0x39EB,0x39EB,1,"618869F2F00200010000EB39"
89,33270300,33324222,33551807,33522317,33538195,33538197,33551807,33322174,33555903,"decoded_payload_last_chip",1,45.198869,45.507551,262,-0.000000,-1640.481633,"Decawave DW-8",0.961472,1,12,0xB33B,0xB33B,1,"61886AF2F002000100003BB3"
90,33648700,33702693,33930277,33900787,33916666,33916667,33930277,33700645,33934373,"decoded_payload_last_chip",1,45.712203,46.020884,262,0.000000,-1667.309216,"Decawave DW-8",0.962342,1,12,0x3284,0x3284,1,"61886BF2F002000100008432"
91,34027200,34081163,34308747,34279258,34295136,34295137,34308747,34079115,34312843,"decoded_payload_last_chip",1,46.225536,46.534216,262,0.000000,-1675.115772,"Decawave DW-8",0.962218,1,12,0xAE8A,0xAE8A,1,"61886CF2F002000100008AAE"
92,34405700,34459634,34687218,34657728,34673606,34673608,34687218,34457586,34691314,"decoded_payload_last_chip",1,46.738870,47.047550,262,0.000000,-1632.256021,"Decawave DW-8",0.962324,1,12,0x2F35,0x2F35,1,"61886DF2F00200010000352F"
93,34784200,34838104,35065688,35036199,35052077,35052078,35065688,34836056,35069784,"decoded_payload_last_chip",1,47.252203,47.560883,262,0.000000,-1649.759645,"Decawave DW-8",0.962364,1,12,0xA5E5,0xA5E5,1,"61886EF2F00200010000E5A5"
94,35162600,35216575,35444159,35414669,35430548,35430549,35444159,35214527,35448255,"decoded_payload_last_chip",1,47.765537,48.074217,262,0.000000,-1640.098649,"Decawave DW-8",0.961800,1,12,0x245A,0x245A,1,"61886FF2F002000100005A24"
95,35511652,35595045,35822629,35793140,35809018,35809019,35822629,35592997,35826725,"decoded_payload_last_chip",1,48.278870,48.587550,262,-0.000000,-1634.842558,"Decawave DW-8",0.961985,1,12,0xCE90,0xCE90,1,"618870F2F0020001000090CE"
96,35919500,35973516,36201100,36171610,36187488,36187490,36201100,35971468,36205196,"decoded_payload_last_chip",1,48.792204,49.100884,262,0.000000,-1640.437656,"Decawave DW-8",0.962232,1,12,0x4F2F,0x4F2F,1,"618871F2F002000100002F4F"
97,36298000,36351986,36579570,36550080,36565959,36565960,36579570,36349938,36583666,"decoded_payload_last_chip",1,49.305537,49.614217,262,0.000000,-1654.328259,"Decawave DW-8",0.962421,1,12,0xC5FF,0xC5FF,1,"618872F2F00200010000FFC5"
98,36676500,36730456,36958041,36928551,36944429,36944431,36958041,36728408,36962137,"decoded_payload_last_chip",1,49.818869,50.127551,262,-0.000000,-1632.680596,"Decawave DW-8",0.961780,1,12,0x4440,0x4440,1,"618873F2F002000100004044"
99,37055100,37108927,37336511,37307022,37322900,37322902,37336511,37106879,37340607,"decoded_payload_last_chip",1,50.332204,50.640884,262,0.000000,-1657.514678,"Decawave DW-8",0.961880,1,12,0xD84E,0xD84E,1,"618874F2F002000100004ED8"
100,37433400,37487398,37714982,37685492,37701371,37701372,37714982,37485350,37719078,"decoded_payload_last_chip",1,50.845538,51.154218,262,-0.000000,-1665.703689,"Decawave DW-8",0.962348,1,12,0x59F1,0x59F1,1,"618875F2F00200010000F159"
101,37810544,37865868,38093452,38063963,38079841,38079842,38093452,37863820,38097548,"decoded_payload_last_chip",1,51.358870,51.667551,262,0.000000,-1664.774546,"Decawave DW-8",0.961999,1,12,0xD321,0xD321,1,"618876F2F0020001000021D3"
102,38190400,38244339,38471923,38442433,38458312,38458313,38471923,38242291,38476019,"decoded_payload_last_chip",1,51.872205,52.180885,262,0.000000,-1648.650475,"Decawave DW-8",0.961663,1,12,0x529E,0x529E,1,"618877F2F002000100009E52"
103,38569000,38622809,38850394,38820904,38836782,38836784,38850394,38620761,38854490,"decoded_payload_last_chip",1,52.385537,52.694219,262,0.000000,-1637.295044,"Decawave DW-8",0.962146,1,12,0xE32C,0xE32C,1,"618878F2F002000100002CE3"
104,38947300,39001279,39228865,39199375,39215253,39215255,39228865,38999231,39232961,"decoded_payload_last_chip",1,52.898870,53.207553,262,5.272923,-1887.306874,"Decawave DW-8",0.956077,1,12,0x6293,0x6293,1,"618879F2F002000100009362"
105,39325800,39379751,39607335,39577845,39593723,39593725,39607335,39377703,39611431,"decoded_payload_last_chip",1,53.412206,53.720886,262,0.000000,-1635.672999,"Decawave DW-8",0.961568,1,12,0xE843,0xE843,1,"61887AF2F0020001000043E8"
106,39704300,39758221,39985805,39956316,39972194,39972195,39985805,39756173,39989901,"decoded_payload_last_chip",1,53.925538,54.234219,262,0.000000,-1660.525394,"Decawave DW-8",0.961625,1,12,0x69FC,0x69FC,1,"61887BF2F00200010000FC69"
107,40082700,40136691,40364275,40334786,40350664,40350666,40364275,40134643,40368371,"decoded_payload_last_chip",1,54.438871,54.747552,262,0.000000,-1632.384632,"Decawave DW-8",0.962127,1,12,0xF5F2,0xF5F2,1,"61887CF2F00200010000F2F5"
108,40461200,40515162,40742746,40713256,40729135,40729136,40742746,40513114,40746842,"decoded_payload_last_chip",1,54.952205,55.260886,262,0.000000,-1660.712438,"Decawave DW-8",0.961560,1,12,0x744D,0x744D,1,"61887DF2F002000100004D74"
109,40839688,40893632,41121216,41091726,41107605,41107606,41121216,40891584,41125312,"decoded_payload_last_chip",1,55.465538,55.774219,262,0.000000,-1654.560741,"Decawave DW-8",0.962027,1,12,0xFE9D,0xFE9D,1,"61887EF2F002000100009DFE"
110,41218400,41272102,41499687,41470197,41486075,41486077,41499687,41270054,41503783,"decoded_payload_last_chip",1,55.978871,56.287553,262,0.000000,-1677.887250,"Decawave DW-8",0.961427,1,12,0x7F22,0x7F22,1,"61887FF2F00200010000227F"
111,41596600,41650573,41878158,41848668,41864546,41864548,41878158,41648525,41882254,"decoded_payload_last_chip",1,56.492205,56.800887,262,-0.000000,-1671.362312,"Decawave DW-8",0.961365,1,12,0x8D0B,0x8D0B,1,"618880F2F002000100000B8D"
112,41975100,42029044,42256628,42227138,42243017,42243018,42256628,42026996,42260724,"decoded_payload_last_chip",1,57.005539,57.314220,262,0.000000,-1649.025822,"Decawave DW-8",0.961581,1,12,0x0CB4,0x0CB4,1,"618881F2F00200010000B40C"
113,42353900,42407514,42635099,42605609,42621488,42621489,42635099,42405466,42639195,"decoded_payload_last_chip",1,57.518872,57.827554,262,5.321193,-1898.862767,"Decawave DW-8",0.955695,1,12,0x8664,0x8664,1,"618882F2F002000100006486"
114,42732200,42785984,43013569,42984079,42999957,42999959,43013569,42783936,43017665,"decoded_payload_last_chip",1,58.032205,58.340887,262,0.000000,-1627.376860,"Decawave DW-8",0.961780,1,12,0x07DB,0x07DB,1,"618883F2F00200010000DB07"
115,43110500,43164455,43392039,43362549,43378428,43378429,43392039,43162407,43396135,"decoded_payload_last_chip",1,58.545539,58.854220,262,0.000000,-1635.957402,"Decawave DW-8",0.961329,1,12,0x9BD5,0x9BD5,1,"618884F2F00200010000D59B"
116,43489100,43542926,43770510,43741020,43756899,43756900,43770510,43540878,43774606,"decoded_payload_last_chip",1,59.058873,59.367554,262,0.000000,-1676.985650,"Decawave DW-8",0.961804,1,12,0x1A6A,0x1A6A,1,"618885F2F002000100006A1A"
117,43865144,43921396,44148981,44119491,44135369,44135371,44148981,43919348,44153077,"decoded_payload_last_chip",1,59.572206,59.880888,262,0.000000,-1667.505793,"Decawave DW-8",0.961076,1,12,0x90BA,0x90BA,1,"618886F2F00200010000BA90"
118,44246200,44299867,44527451,44497961,44513840,44513841,44527451,44297819,44531547,"decoded_payload_last_chip",1,60.085540,60.394221,262,0.000000,-1662.589942,"Decawave DW-8",0.961712,1,12,0x1105,0x1105,1,"618887F2F002000100000511"
119,44624400,44678337,44905921,44876432,44892310,44892312,44905921,44676289,44910017,"decoded_payload_last_chip",1,60.598873,60.907553,262,0.000000,-1633.366643,"Decawave DW-8",0.961645,1,12,0xA0B7,0xA0B7,1,"618888F2F00200010000B7A0"
120,45003000,45056807,45284393,45254903,45270781,45270783,45284393,45054759,45288489,"decoded_payload_last_chip",1,61.112206,61.420889,262,5.113665,-1896.960276,"Decawave DW-8",0.956304,1,12,0x2108,0x2108,1,"618889F2F002000100000821"
121,45377700,45435278,45662862,45633372,45649251,45649252,45662862,45433230,45666958,"decoded_payload_last_chip",1,61.625540,61.934220,262,0.000000,-1646.951617,"Decawave DW-8",0.961156,1,12,0xABD8,0xABD8,1,"61888AF2F00200010000D8AB"
122,45760100,45813748,46041333,46011843,46027721,46027723,46041333,45811700,46045429,"decoded_payload_last_chip",1,62.138873,62.447555,262,0.000000,-1635.553883,"Decawave DW-8",0.961776,1,12,0x2A67,0x2A67,1,"61888BF2F00200010000672A"
123,46138300,46192219,46419804,46390314,46406193,46406194,46419804,46190171,46423900,"decoded_payload_last_chip",1,62.652207,62.960889,262,4.821418,-1900.426970,"Decawave DW-8",0.959706,1,12,0xB669,0xB669,1,"61888CF2F0020001000069B6"
124,46516700,46570690,46798274,46768784,46784663,46784664,46798274,46568642,46802370,"decoded_payload_last_chip",1,63.165541,63.474221,262,0.000000,-1647.871179,"Decawave DW-8",0.961174,1,12,0x37D6,0x37D6,1,"61888DF2F00200010000D637"
125,46895200,46949160,47176744,47147255,47163133,47163135,47176744,46947112,47180840,"decoded_payload_last_chip",1,63.678874,63.987554,262,0.000000,-1664.058695,"Decawave DW-8",0.961148,1,12,0xBD06,0xBD06,1,"61888EF2F0020001000006BD"
126,47273800,47327631,47555215,47525725,47541604,47541605,47555215,47325583,47559311,"decoded_payload_last_chip",1,64.192208,64.500888,262,0.000000,-1630.192078,"Decawave DW-8",0.960810,1,12,0x3CB9,0x3CB9,1,"61888FF2F00200010000B93C"
127,47652300,47706101,47933686,47904196,47920074,47920076,47933686,47704053,47937782,"decoded_payload_last_chip",1,64.705541,65.014223,262,0.000000,-1638.324290,"Decawave DW-8",0.961215,1,12,0xD673,0xD673,1,"618890F2F0020001000073D6"
128,48030600,48084572,48312156,48282666,48298545,48298546,48312156,48082524,48316252,"decoded_payload_last_chip",1,65.218875,65.527555,262,0.000000,-1649.150745,"Decawave DW-8",0.960526,1,12,0x57CC,0x57CC,1,"618891F2F00200010000CC57"
129,48404000,48463042,48690626,48661137,48677015,48677017,48690626,48460994,48694722,"decoded_payload_last_chip",1,65.732208,66.040888,262,0.000000,-1651.890470,"Decawave DW-8",0.960899,1,12,0xDD1C,0xDD1C,1,"618892F2F002000100001CDD"
130,48787700,48841512,49069097,49039607,49055485,49055487,49069097,48839464,49073193,"decoded_payload_last_chip",1,66.245540,66.554222,262,0.000000,-1631.544549,"Decawave DW-8",0.961133,1,12,0x5CA3,0x5CA3,1,"618893F2F00200010000A35C"
131,49166000,49219983,49447567,49418078,49433956,49433957,49447567,49217935,49451663,"decoded_payload_last_chip",1,66.758875,67.067555,262,0.000000,-1629.602871,"Decawave DW-8",0.960602,1,12,0xC0AD,0xC0AD,1,"618894F2F00200010000ADC0"
132,49544500,49598453,49826038,49796548,49812426,49812428,49826038,49596405,49830134,"decoded_payload_last_chip",1,67.272207,67.580889,262,0.000000,-1656.566176,"Decawave DW-8",0.960776,1,12,0x4112,0x4112,1,"618895F2F002000100001241"
133,49923000,49976924,50204508,50175018,50190897,50190898,50204508,49974876,50208604,"decoded_payload_last_chip",1,67.785541,68.094222,262,-0.000000,-1630.493052,"Decawave DW-8",0.961244,1,12,0xCBC2,0xCBC2,1,"618896F2F00200010000C2CB"
134,50301400,50355395,50582979,50553489,50569368,50569369,50582979,50353347,50587075,"decoded_payload_last_chip",1,68.298876,68.607556,262,0.000000,-1628.688683,"Decawave DW-8",0.961091,1,12,0x4A7D,0x4A7D,1,"618897F2F002000100007D4A"
135,50679900,50733865,50961450,50931960,50947838,50947840,50961450,50731817,50965546,"decoded_payload_last_chip",1,68.812208,69.120890,262,0.000000,-1628.180976,"Decawave DW-8",0.960638,1,12,0xFBCF,0xFBCF,1,"618898F2F00200010000CFFB"
136,51058400,51112336,51339920,51310430,51326309,51326310,51339920,51110288,51344016,"decoded_payload_last_chip",1,69.325543,69.634223,262,0.000000,-1646.732801,"Decawave DW-8",0.960835,1,12,0x7A70,0x7A70,1,"618899F2F00200010000707A"
137,51436308,51490806,51718391,51688901,51704780,51704781,51718391,51488758,51722487,"decoded_payload_last_chip",1,69.838875,70.147557,262,5.443018,-1944.315975,"Decawave DW-8",0.954126,1,12,0xF0A0,0xF0A0,1,"61889AF2F00200010000A0F0"
138,51814612,51869277,52096861,52067371,52083250,52083251,52096861,51867229,52100957,"decoded_payload_last_chip",1,70.352209,70.660890,262,0.000000,-1645.266541,"Decawave DW-8",0.960868,1,12,0x711F,0x711F,1,"61889BF2F002000100001F71"
139,52193800,52247747,52475331,52445841,52461720,52461721,52475331,52245699,52479427,"decoded_payload_last_chip",1,70.865542,71.174223,262,0.000000,-1632.026285,"Decawave DW-8",0.961276,1,12,0xED11,0xED11,1,"61889CF2F0020001000011ED"
140,52572300,52626217,52853802,52824312,52840190,52840192,52853802,52624169,52857898,"decoded_payload_last_chip",1,71.378875,71.687557,262,0.000000,-1670.748796,"Decawave DW-8",0.961061,1,12,0x6CAE,0x6CAE,1,"61889DF2F00200010000AE6C"
141,52950700,53004688,53232272,53202783,53218661,53218663,53232272,53002640,53236368,"decoded_payload_last_chip",1,71.892209,72.200890,262,0.000000,-1630.391627,"Decawave DW-8",0.960645,1,12,0xE67E,0xE67E,1,"61889EF2F002000100007EE6"
142,53329200,53383159,53610743,53581253,53597132,53597133,53610743,53381111,53614839,"decoded_payload_last_chip",1,72.405543,72.714224,262,0.000000,-1613.585376,"Decawave DW-8",0.960465,1,12,0x67C1,0x67C1,1,"61889FF2F00200010000C167"
143,53707800,53761629,53989214,53959724,53975603,53975604,53989214,53759581,53993310,"decoded_payload_last_chip",1,72.918876,73.227558,262,0.896443,-1649.969533,"Decawave DW-8",0.962777,1,12,0x3BFB,0x3BFB,1,"6188A0F2F00200010000FB3B"
144,54086100,54140099,54367684,54338194,54354072,54354074,54367684,54138051,54371780,"decoded_payload_last_chip",1,73.432209,73.740891,262,-0.000000,-1614.127500,"Decawave DW-8",0.960768,1,12,0xBA44,0xBA44,1,"6188A1F2F0020001000044BA"
145,54464600,54518570,54746154,54716664,54732543,54732544,54746154,54516522,54750250,"decoded_payload_last_chip",1,73.945543,74.254224,262,0.000000,-1655.390737,"Decawave DW-8",0.960264,1,12,0x3094,0x3094,1,"6188A2F2F002000100009430"
146,54843000,54897041,55124625,55095135,55111014,55111015,55124625,54894993,55128721,"decoded_payload_last_chip",1,74.458877,74.767558,262,-0.000000,-1679.182866,"Decawave DW-8",0.960081,1,12,0xB12B,0xB12B,1,"6188A3F2F002000100002BB1"
147,55221700,55275511,55503095,55473605,55489484,55489485,55503095,55273463,55507191,"decoded_payload_last_chip",1,74.972210,75.280891,262,0.000000,-1649.301144,"Decawave DW-8",0.960659,1,12,0x2D25,0x2D25,1,"6188A4F2F00200010000252D"
148,55600000,55653982,55881566,55852076,55867954,55867956,55881566,55651934,55885662,"decoded_payload_last_chip",1,75.485544,75.794225,262,0.000000,-1660.266055,"Decawave DW-8",0.959838,1,12,0xAC9A,0xAC9A,1,"6188A5F2F002000100009AAC"
149,55978500,56032452,56260036,56230547,56246425,56246426,56260036,56030404,56264132,"decoded_payload_last_chip",1,75.998877,76.307558,262,0.000000,-1639.029442,"Decawave DW-8",0.960666,1,12,0x264A,0x264A,1,"6188A6F2F002000100004A26"
150,56357000,56410922,56638507,56609017,56624895,56624897,56638507,56408874,56642603,"decoded_payload_last_chip",1,76.512210,76.820892,262,-0.000000,-1668.105842,"Decawave DW-8",0.960382,1,12,0xA7F5,0xA7F5,1,"6188A7F2F00200010000F5A7"
151,56735400,56789393,57016978,56987488,57003366,57003368,57016978,56787345,57021074,"decoded_payload_last_chip",1,77.025544,77.334226,262,0.000000,-1650.540288,"Decawave DW-8",0.960269,1,12,0x1647,0x1647,1,"6188A8F2F002000100004716"
152,57113212,57167863,57395448,57365958,57381836,57381838,57395448,57165815,57399544,"decoded_payload_last_chip",1,77.538877,77.847559,262,0.000000,-1659.320776,"Decawave DW-8",0.960619,1,12,0x97F8,0x97F8,1,"6188A9F2F00200010000F897"
153,57492400,57546334,57773919,57744429,57760307,57760309,57773919,57544286,57778015,"decoded_payload_last_chip",1,78.052211,78.360893,262,0.000000,-1628.997931,"Decawave DW-8",0.960703,1,12,0x1D28,0x1D28,1,"6188AAF2F00200010000281D"
154,57870900,57924805,58152389,58122899,58138778,58138779,58152389,57922757,58156485,"decoded_payload_last_chip",1,78.565545,78.874226,262,0.000000,-1656.175813,"Decawave DW-8",0.959428,1,12,0x9C97,0x9C97,1,"6188ABF2F00200010000979C"
155,58249300,58303275,58530859,58501369,58517248,58517249,58530859,58301227,58534955,"decoded_payload_last_chip",1,79.078878,79.387558,262,0.000000,-1648.875128,"Decawave DW-8",0.960699,1,12,0x0099,0x0099,1,"6188ACF2F002000100009900"
156,58627900,58681746,58909330,58879840,58895719,58895720,58909330,58679698,58913426,"decoded_payload_last_chip",1,79.592212,79.900892,262,0.000000,-1654.288220,"Decawave DW-8",0.959954,1,12,0x8126,0x8126,1,"6188ADF2F002000100002681"
157,59006300,59060216,59287800,59258310,59274189,59274190,59287800,59058168,59291896,"decoded_payload_last_chip",1,80.105545,80.414225,262,0.000000,-1666.060432,"Decawave DW-8",0.960574,1,12,0x0BF6,0x0BF6,1,"6188AEF2F00200010000F60B"
158,59384700,59438687,59666271,59636781,59652660,59652661,59666271,59436639,59670367,"decoded_payload_last_chip",1,80.618879,80.927559,262,0.000000,-1652.346087,"Decawave DW-8",0.960186,1,12,0x8A49,0x8A49,1,"6188AFF2F00200010000498A"
159,59763200,59817157,60044741,60015252,60031130,60031132,60044741,59815109,60048837,"decoded_payload_last_chip",1,81.132212,81.440892,262,0.000000,-1670.638165,"Decawave DW-8",0.960034,1,12,0x6083,0x6083,1,"6188B0F2F002000100008360"
160,60141800,60195627,60423211,60393722,60409600,60409602,60423211,60193579,60427307,"decoded_payload_last_chip",1,81.645544,81.954225,262,0.000000,-1654.238953,"Decawave DW-8",0.960532,1,12,0xE13C,0xE13C,1,"6188B1F2F002000100003CE1"
161,60520100,60574098,60801682,60772192,60788071,60788072,60801682,60572050,60805778,"decoded_payload_last_chip",1,82.158879,82.467559,262,-0.000000,-1650.696121,"Decawave DW-8",0.960766,1,12,0x6BEC,0x6BEC,1,"6188B2F2F00200010000EC6B"
162,60898600,60952568,61180152,61150663,61166541,61166543,61180152,60950520,61184248,"decoded_payload_last_chip",1,82.672211,82.980892,262,0.000000,-1619.696259,"Decawave DW-8",0.960766,1,12,0xEA53,0xEA53,1,"6188B3F2F0020001000053EA"
163,61277100,61331039,61558623,61529133,61545012,61545013,61558623,61328991,61562719,"decoded_payload_last_chip",1,83.185546,83.494226,262,0.000000,-1646.005697,"Decawave DW-8",0.959999,1,12,0x765D,0x765D,1,"6188B4F2F002000100005D76"
164,61655700,61709509,61937094,61907604,61923482,61923484,61937094,61707461,61941190,"decoded_payload_last_chip",1,83.698878,84.007560,262,0.000000,-1653.380156,"Decawave DW-8",0.960200,1,12,0xF7E2,0xF7E2,1,"6188B5F2F00200010000E2F7"
165,62034000,62087980,62315564,62286075,62301953,62301954,62315564,62085932,62319660,"decoded_payload_last_chip",1,84.212212,84.520893,262,0.000000,-1637.476465,"Decawave DW-8",0.959441,1,12,0x7D32,0x7D32,1,"6188B6F2F00200010000327D"
166,62412500,62466451,62694035,62664545,62680423,62680425,62694035,62464403,62698131,"decoded_payload_last_chip",1,84.725547,85.034227,262,0.000000,-1636.675523,"Decawave DW-8",0.959659,1,12,0xFC8D,0xFC8D,1,"6188B7F2F002000100008DFC"
167,62791000,62844921,63072505,63043016,63058894,63058895,63072505,62842873,63076601,"decoded_payload_last_chip",1,85.238879,85.547560,262,0.000000,-1647.775764,"Decawave DW-8",0.960244,1,12,0x4D3F,0x4D3F,1,"6188B8F2F002000100003F4D"
168,63169400,63223391,63450976,63421486,63437365,63437366,63450976,63221343,63455072,"decoded_payload_last_chip",1,85.752212,86.060894,262,3.597265,-1860.217019,"Decawave DW-8",0.960507,1,12,0xCC80,0xCC80,1,"6188B9F2F0020001000080CC"
169,63547400,63601862,63829447,63799957,63815835,63815837,63829447,63599814,63833543,"decoded_payload_last_chip",1,86.265546,86.574228,262,0.000000,-1654.587901,"Decawave DW-8",0.959837,1,12,0x4650,0x4650,1,"6188BAF2F002000100005046"
170,63926388,63980333,64207917,64178427,64194306,64194307,64207917,63978285,64212013,"decoded_payload_last_chip",1,86.778880,87.087561,262,0.000000,-1659.485680,"Decawave DW-8",0.959359,1,12,0xC7EF,0xC7EF,1,"6188BBF2F00200010000EFC7"
171,64305100,64358803,64586387,64556898,64572776,64572778,64586387,64356755,64590483,"decoded_payload_last_chip",1,87.292213,87.600894,262,0.000000,-1664.479632,"Decawave DW-8",0.959594,1,12,0x5BE1,0x5BE1,1,"6188BCF2F00200010000E15B"
172,64683300,64737273,64964858,64935368,64951246,64951248,64964858,64735225,64968954,"decoded_payload_last_chip",1,87.805546,88.114228,262,0.000000,-1633.659092,"Decawave DW-8",0.959921,1,12,0xDA5E,0xDA5E,1,"6188BDF2F002000100005EDA"
173,65061800,65115744,65343328,65313838,65329717,65329718,65343328,65113696,65347424,"decoded_payload_last_chip",1,88.318880,88.627561,262,0.000000,-1631.993625,"Decawave DW-8",0.959681,1,12,0x508E,0x508E,1,"6188BEF2F002000100008E50"
174,65440600,65494215,65721799,65692309,65708187,65708189,65721799,65492167,65725895,"decoded_payload_last_chip",1,88.832214,89.140895,262,0.000000,-1648.438615,"Decawave DW-8",0.958923,1,12,0xD131,0xD131,1,"6188BFF2F0020001000031D1"
175,65818900,65872685,66100269,66070780,66086658,66086660,66100269,65870637,66104365,"decoded_payload_last_chip",1,89.345547,89.654228,262,0.000000,-1658.190619,"Decawave DW-8",0.959040,1,12,0xE8FA,0xE8FA,1,"6188C0F2F00200010000FAE8"
176,66197200,66251156,66478740,66449250,66465129,66465130,66478740,66249108,66482836,"decoded_payload_last_chip",1,89.858881,90.167562,262,0.000000,-1647.822046,"Decawave DW-8",0.959830,1,12,0x6945,0x6945,1,"6188C1F2F002000100004569"
177,66575700,66629626,66857210,66827721,66843599,66843601,66857210,66627578,66861306,"decoded_payload_last_chip",1,90.372214,90.680895,262,0.000000,-1668.673066,"Decawave DW-8",0.959421,1,12,0xE395,0xE395,1,"6188C2F2F0020001000095E3"
178,66954100,67008096,67235681,67206191,67222069,67222071,67235681,67006048,67239777,"decoded_payload_last_chip",1,90.885547,91.194229,262,0.000000,-1694.355169,"Decawave DW-8",0.959379,1,12,0x622A,0x622A,1,"6188C3F2F002000100002A62"
179,67332900,67386567,67614151,67584661,67600540,67600541,67614151,67384519,67618247,"decoded_payload_last_chip",1,91.398881,91.707562,262,0.000000,-1648.564355,"Decawave DW-8",0.959474,1,12,0xFE24,0xFE24,1,"6188C4F2F0020001000024FE"
180,67711100,67765037,67992621,67963132,67979010,67979012,67992621,67762989,67996717,"decoded_payload_last_chip",1,91.912214,92.220894,262,0.000000,-1670.845001,"Decawave DW-8",0.959484,1,12,0x7F9B,0x7F9B,1,"6188C5F2F002000100009B7F"
181,68089700,68143508,68371092,68341603,68357481,68357482,68371092,68141460,68375188,"decoded_payload_last_chip",1,92.425548,92.734229,262,0.000000,-1638.208870,"Decawave DW-8",0.958969,1,12,0xF54B,0xF54B,1,"6188C6F2F002000100004BF5"
182,68468000,68521979,68749563,68720073,68735952,68735953,68749563,68519931,68753659,"decoded_payload_last_chip",1,92.938882,93.247563,262,0.000000,-1656.863492,"Decawave DW-8",0.958848,1,12,0x74F4,0x74F4,1,"6188C7F2F00200010000F474"
183,68846600,68900449,69128033,69098543,69114422,69114423,69128033,68898401,69132129,"decoded_payload_last_chip",1,93.452215,93.760895,262,0.000000,-1645.318703,"Decawave DW-8",0.959143,1,12,0xC546,0xC546,1,"6188C8F2F0020001000046C5"
184,69225000,69278920,69506504,69477014,69492892,69492894,69506504,69276872,69510600,"decoded_payload_last_chip",1,93.965549,94.274230,262,0.000000,-1623.833967,"Decawave DW-8",0.959226,1,12,0x44F9,0x44F9,1,"6188C9F2F00200010000F944"
185,69603400,69657390,69884974,69855484,69871363,69871364,69884974,69655342,69889070,"decoded_payload_last_chip",1,94.478882,94.787562,262,0.000000,-1664.080794,"Decawave DW-8",0.959325,1,12,0xCE29,0xCE29,1,"6188CAF2F0020001000029CE"
186,69981900,70035860,70263444,70233955,70249833,70249835,70263444,70033812,70267540,"decoded_payload_last_chip",1,94.992215,95.300895,262,0.000000,-1660.461993,"Decawave DW-8",0.959311,1,12,0x4F96,0x4F96,1,"6188CBF2F00200010000964F"
187,70360500,70414331,70641915,70612425,70628304,70628305,70641915,70412283,70646011,"decoded_payload_last_chip",1,95.505549,95.814229,262,0.000000,-1649.370567,"Decawave DW-8",0.959311,1,12,0xD398,0xD398,1,"6188CCF2F0020001000098D3"
188,70739100,70792802,71020386,70990896,71006775,71006776,71020386,70790754,71024482,"decoded_payload_last_chip",1,96.018883,96.327563,262,0.000000,-1631.455338,"Decawave DW-8",0.959260,1,12,0x5227,0x5227,1,"6188CDF2F002000100002752"
189,71117300,71171272,71398856,71369366,71385245,71385246,71398856,71169224,71402952,"decoded_payload_last_chip",1,96.532216,96.840896,262,0.000000,-1638.756541,"Decawave DW-8",0.958733,1,12,0xD8F7,0xD8F7,1,"6188CEF2F00200010000F7D8"
190,71495900,71549743,71777327,71747837,71763716,71763717,71777327,71547695,71781423,"decoded_payload_last_chip",1,97.045550,97.354230,262,0.000000,-1650.627677,"Decawave DW-8",0.959123,1,12,0x5948,0x5948,1,"6188CFF2F002000100004859"
191,71874700,71928213,72155797,72126307,72142186,72142187,72155797,71926165,72159893,"decoded_payload_last_chip",1,97.558883,97.867563,262,0.000000,-1646.520422,"Decawave DW-8",0.959063,1,12,0xB382,0xB382,1,"6188D0F2F0020001000082B3"
192,72252700,72306684,72534268,72504778,72520657,72520658,72534268,72304636,72538364,"decoded_payload_last_chip",1,98.072217,98.380897,262,0.000000,-1639.528460,"Decawave DW-8",0.959195,1,12,0x323D,0x323D,1,"6188D1F2F002000100003D32"
193,72631200,72685154,72912738,72883249,72899127,72899129,72912738,72683106,72916834,"decoded_payload_last_chip",1,98.585550,98.894230,262,0.000000,-1649.430363,"Decawave DW-8",0.958747,1,12,0xB8ED,0xB8ED,1,"6188D2F2F00200010000EDB8"
194,73009700,73063625,73291209,73261719,73277598,73277599,73291209,73061577,73295305,"decoded_payload_last_chip",1,99.098884,99.407564,262,-0.000000,-1634.335632,"Decawave DW-8",0.958913,1,12,0x3952,0x3952,1,"6188D3F2F002000100005239"
195,73388100,73442095,73669679,73640189,73656068,73656069,73669679,73440047,73673775,"decoded_payload_last_chip",1,99.612217,99.920897,262,0.000000,-1642.645014,"Decawave DW-8",0.958859,1,12,0xA55C,0xA55C,1,"6188D4F2F002000100005CA5"
196,73766700,73820566,74048150,74018660,74034539,74034540,74048150,73818518,74052246,"decoded_payload_last_chip",1,100.125551,100.434231,262,0.000000,-1624.758431,"Decawave DW-8",0.958777,1,12,0x24E3,0x24E3,1,"6188D5F2F00200010000E324"
197,74145100,74199036,74426620,74397130,74413009,74413010,74426620,74196988,74430716,"decoded_payload_last_chip",1,100.638883,100.947564,262,0.000000,-1643.680029,"Decawave DW-8",0.958534,1,12,0xAE33,0xAE33,1,"6188D6F2F0020001000033AE"
198,74523600,74577506,74805090,74775601,74791479,74791481,74805090,74575458,74809186,"decoded_payload_last_chip",1,101.152216,101.460897,262,-0.000000,-1643.738943,"Decawave DW-8",0.959005,1,12,0x2F8C,0x2F8C,1,"6188D7F2F002000100008C2F"
199,74901312,74955977,75183561,75154071,75169950,75169951,75183561,74953929,75187657,"decoded_payload_last_chip",1,101.665550,101.974231,262,0.000000,-1638.757167,"Decawave DW-8",0.958744,1,12,0x9E3E,0x9E3E,1,"6188D8F2F002000100003E9E"
200,75280500,75334448,75562032,75532542,75548420,75548422,75562032,75332400,75566128,"decoded_payload_last_chip",1,102.178885,102.487565,262,0.000000,-1672.092973,"Decawave DW-8",0.958687,1,12,0x1F81,0x1F81,1,"6188D9F2F00200010000811F"
201,75657800,75712918,75940502,75911013,75926891,75926892,75940502,75710870,75944598,"decoded_payload_last_chip",1,102.692217,103.000898,262,0.000000,-1642.745059,"Decawave DW-8",0.958838,1,12,0x9551,0x9551,1,"6188DAF2F002000100005195"
202,76037400,76091388,76318972,76289483,76305361,76305363,76318972,76089340,76323068,"decoded_payload_last_chip",1,103.205550,103.514231,262,0.000000,-1670.135429,"Decawave DW-8",0.958601,1,12,0x14EE,0x14EE,1,"6188DBF2F00200010000EE14"
203,76415900,76469859,76697443,76667953,76683832,76683833,76697443,76467811,76701539,"decoded_payload_last_chip",1,103.718884,104.027565,262,-0.000000,-1639.682059,"Decawave DW-8",0.958685,1,12,0x88E0,0x88E0,1,"6188DCF2F00200010000E088"
204,76794500,76848329,77075914,77046424,77062302,77062304,77075914,76846281,77080010,"decoded_payload_last_chip",1,104.232217,104.540899,262,0.000000,-1648.164146,"Decawave DW-8",0.958718,1,12,0x095F,0x095F,1,"6188DDF2F002000100005F09"
205,77172800,77226800,77454384,77424895,77440773,77440774,77454384,77224752,77458480,"decoded_payload_last_chip",1,104.745551,105.054232,262,0.000000,-1645.968378,"Decawave DW-8",0.958248,1,12,0x838F,0x838F,1,"6188DEF2F002000100008F83"
206,77551300,77605270,77832855,77803365,77819243,77819245,77832855,77603222,77836951,"decoded_payload_last_chip",1,105.258884,105.567566,262,0.000000,-1654.407906,"Decawave DW-8",0.958640,1,12,0x0230,0x0230,1,"6188DFF2F002000100003002"
207,77929800,77983741,78211325,78181835,78197714,78197715,78211325,77981693,78215421,"decoded_payload_last_chip",1,105.772218,106.080899,262,0.000000,-1644.776974,"Decawave DW-8",0.958352,1,12,0x5E0A,0x5E0A,1,"6188E0F2F002000100000A5E"
208,78308400,78362212,78589796,78560306,78576185,78576186,78589796,78360164,78593892,"decoded_payload_last_chip",1,106.285552,106.594233,262,0.000000,-1632.887358,"Decawave DW-8",0.958869,1,12,0xDFB5,0xDFB5,1,"6188E1F2F00200010000B5DF"
209,78686700,78740682,78968266,78938776,78954654,78954656,78968266,78738634,78972362,"decoded_payload_last_chip",1,106.798885,107.107566,262,0.000000,-1661.321429,"Decawave DW-8",0.958895,1,12,0x5565,0x5565,1,"6188E2F2F002000100006555"
210,79065000,79119152,79346736,79317247,79333125,79333127,79346736,79117104,79350832,"decoded_payload_last_chip",1,107.312218,107.620898,262,0.000000,-1646.794570,"Decawave DW-8",0.958206,1,12,0xD4DA,0xD4DA,1,"6188E3F2F00200010000DAD4"
211,79443700,79497623,79725207,79695718,79711596,79711598,79725207,79495575,79729303,"decoded_payload_last_chip",1,107.825552,108.134233,262,0.000000,-1638.597082,"Decawave DW-8",0.958627,1,12,0x48D4,0x48D4,1,"6188E4F2F00200010000D448"
212,79822100,79876093,80103678,80074188,80090066,80090068,80103678,79874045,80107774,"decoded_payload_last_chip",1,108.338885,108.647567,262,0.000000,-1683.851048,"Decawave DW-8",0.958809,1,12,0xC96B,0xC96B,1,"6188E5F2F002000100006BC9"
213,80200600,80254564,80482148,80452658,80468537,80468538,80482148,80252516,80486244,"decoded_payload_last_chip",1,108.852219,109.160900,262,0.000000,-1639.914495,"Decawave DW-8",0.958652,1,12,0x43BB,0x43BB,1,"6188E6F2F00200010000BB43"
214,80579100,80633034,80860619,80831129,80847007,80847009,80860619,80630986,80864715,"decoded_payload_last_chip",1,109.365552,109.674234,262,-0.000000,-1645.415813,"Decawave DW-8",0.958634,1,12,0xC204,0xC204,1,"6188E7F2F0020001000004C2"
215,80957600,81011505,81239089,81209599,81225478,81225479,81239089,81009457,81243185,"decoded_payload_last_chip",1,109.878886,110.187566,262,0.000000,-1677.298440,"Decawave DW-8",0.958126,1,12,0x73B6,0x73B6,1,"6188E8F2F00200010000B673"
216,81336000,81389976,81617560,81588070,81603949,81603950,81617560,81387928,81621656,"decoded_payload_last_chip",1,110.392220,110.700901,262,0.000000,-1642.568337,"Decawave DW-8",0.958404,1,12,0xF209,0xF209,1,"6188E9F2F0020001000009F2"
217,81714356,81768446,81996030,81966541,81982419,81982420,81996030,81766398,82000126,"decoded_payload_last_chip",1,110.905553,111.214233,262,0.000000,-1649.571625,"Decawave DW-8",0.958069,1,12,0x78D9,0x78D9,1,"6188EAF2F00200010000D978"
218,82093000,82146917,82374501,82345011,82360889,82360891,82374501,82144869,82378597,"decoded_payload_last_chip",1,111.418887,111.727568,262,0.000000,-1655.286121,"Decawave DW-8",0.958363,1,12,0xF966,0xF966,1,"6188EBF2F0020001000066F9"
219,82471400,82525387,82752971,82723481,82739360,82739361,82752971,82523339,82757067,"decoded_payload_last_chip",1,111.932220,112.240900,262,0.000000,-1674.152593,"Decawave DW-8",0.957729,1,12,0x6568,0x6568,1,"6188ECF2F002000100006865"
220,82849900,82903857,83131441,83101952,83117830,83117832,83131441,82901809,83135537,"decoded_payload_last_chip",1,112.445553,112.754233,262,0.000000,-1636.390669,"Decawave DW-8",0.958371,1,12,0xE4D7,0xE4D7,1,"6188EDF2F00200010000D7E4"
221,83228500,83282328,83509912,83480422,83496301,83496302,83509912,83280280,83514008,"decoded_payload_last_chip",1,112.958887,113.267567,262,0.000000,-1637.887100,"Decawave DW-8",0.958622,1,12,0x6E07,0x6E07,1,"6188EEF2F00200010000076E"
222,83606800,83660799,83888383,83858893,83874771,83874773,83888383,83658751,83892479,"decoded_payload_last_chip",1,113.472221,113.780901,262,0.000000,-1626.690025,"Decawave DW-8",0.958251,1,12,0xEFB8,0xEFB8,1,"6188EFF2F00200010000B8EF"
223,83985300,84039269,84266853,84237364,84253242,84253243,84266853,84037221,84270949,"decoded_payload_last_chip",1,113.985554,114.294234,262,0.000000,-1667.227726,"Decawave DW-8",0.958152,1,12,0x0572,0x0572,1,"6188F0F2F002000100007205"
224,84363800,84417739,84645324,84615834,84631712,84631714,84645324,84415691,84649420,"decoded_payload_last_chip",1,114.498886,114.807568,262,0.000000,-1626.923162,"Decawave DW-8",0.958009,1,12,0x84CD,0x84CD,1,"6188F1F2F00200010000CD84"
225,84742400,84796209,85023794,84994304,85010182,85010184,85023794,84794161,85027890,"decoded_payload_last_chip",1,115.012219,115.320901,262,0.000000,-1656.829790,"Decawave DW-8",0.958259,1,12,0x0E1D,0x0E1D,1,"6188F2F2F002000100001D0E"
226,85120700,85174680,85402264,85372775,85388653,85388654,85402264,85172632,85406360,"decoded_payload_last_chip",1,115.525553,115.834234,262,0.000000,-1631.645128,"Decawave DW-8",0.958416,1,12,0x8FA2,0x8FA2,1,"6188F3F2F00200010000A28F"
227,85499300,85553151,85780735,85751245,85767124,85767125,85780735,85551103,85784831,"decoded_payload_last_chip",1,116.038888,116.347568,262,0.000000,-1652.232166,"Decawave DW-8",0.957982,1,12,0x13AC,0x13AC,1,"6188F4F2F00200010000AC13"
228,85877700,85931621,86159205,86129716,86145594,86145595,86159205,85929573,86163301,"decoded_payload_last_chip",1,116.552220,116.860901,262,0.000000,-1651.233262,"Decawave DW-8",0.958575,1,12,0x9213,0x9213,1,"6188F5F2F002000100001392"
229,86256100,86310092,86537676,86508186,86524065,86524066,86537676,86308044,86541772,"decoded_payload_last_chip",1,117.065554,117.374235,262,0.000000,-1661.139794,"Decawave DW-8",0.958443,1,12,0x18C3,0x18C3,1,"6188F6F2F00200010000C318"
230,86634600,86688562,86916147,86886657,86902535,86902537,86916147,86686514,86920243,"decoded_payload_last_chip",1,117.578887,117.887569,262,0.000000,-1629.747016,"Decawave DW-8",0.958305,1,12,0x997C,0x997C,1,"6188F7F2F002000100007C99"
231,87013200,87067033,87294617,87265128,87281006,87281008,87294617,87064985,87298713,"decoded_payload_last_chip",1,118.092221,118.400902,262,0.000000,-1639.615425,"Decawave DW-8",0.958071,1,12,0x28CE,0x28CE,1,"6188F8F2F00200010000CE28"
232,87391700,87445504,87673088,87643598,87659476,87659478,87673088,87443456,87677184,"decoded_payload_last_chip",1,118.605556,118.914236,262,0.000000,-1632.255601,"Decawave DW-8",0.957959,1,12,0xA971,0xA971,1,"6188F9F2F0020001000071A9"
233,87770000,87823973,88051559,88022069,88037947,88037949,88051559,87821925,88055655,"decoded_payload_last_chip",1,119.118887,119.427570,262,4.506842,-1838.981136,"Decawave DW-8",0.957365,1,12,0x23A1,0x23A1,1,"6188FAF2F00200010000A123"
234,88148500,88202445,88430029,88400539,88416418,88416419,88430029,88200397,88434125,"decoded_payload_last_chip",1,119.632222,119.940903,262,0.000000,-1650.069792,"Decawave DW-8",0.958438,1,12,0xA21E,0xA21E,1,"6188FBF2F002000100001EA2"
235,88526264,88580915,88808499,88779009,88794888,88794889,88808499,88578867,88812595,"decoded_payload_last_chip",1,120.145555,120.454236,262,0.000000,-1657.486016,"Decawave DW-8",0.957957,1,12,0x3E10,0x3E10,1,"6188FCF2F00200010000103E"
236,88905400,88959385,89186969,89157480,89173358,89173360,89186969,88957337,89191065,"decoded_payload_last_chip",1,120.658888,120.967569,262,0.000000,-1636.660942,"Decawave DW-8",0.958360,1,12,0xBFAF,0xBFAF,1,"6188FDF2F00200010000AFBF"
237,89283900,89337856,89565440,89535950,89551829,89551830,89565440,89335808,89569536,"decoded_payload_last_chip",1,121.172222,121.480903,262,0.000000,-1652.053117,"Decawave DW-8",0.958277,1,12,0x357F,0x357F,1,"6188FEF2F002000100007F35"
238,89662500,89716326,89943911,89914421,89930299,89930301,89943911,89714278,89948007,"decoded_payload_last_chip",1,121.685555,121.994237,262,0.000000,-1680.759986,"Decawave DW-8",0.957741,1,12,0xB4C0,0xB4C0,1,"6188FFF2F00200010000C0B4"
239,90040800,90094797,90322381,90292892,90308770,90308771,90322381,90092749,90326477,"decoded_payload_last_chip",1,122.198889,122.507570,262,0.000000,-1649.571263,"Decawave DW-8",0.958394,1,12,0x46E9,0x46E9,1,"618800F2F00200010000E946"
240,90419600,90473267,90700851,90671361,90687240,90687241,90700851,90471219,90704947,"decoded_payload_last_chip",1,122.712222,123.020903,262,0.000000,-1660.567143,"Decawave DW-8",0.957842,1,12,0xC756,0xC756,1,"618801F2F0020001000056C7"
241,90797800,90851738,91079322,91049832,91065711,91065712,91079322,90849690,91083418,"decoded_payload_last_chip",1,123.225556,123.534237,262,0.000000,-1645.562791,"Decawave DW-8",0.957591,1,12,0x4D86,0x4D86,1,"618802F2F00200010000864D"
242,91176400,91230208,91457792,91428303,91444181,91444182,91457792,91228160,91461888,"decoded_payload_last_chip",1,123.738889,124.047569,262,0.000000,-1652.633908,"Decawave DW-8",0.958120,1,12,0xCC39,0xCC39,1,"618803F2F0020001000039CC"
243,91554800,91608679,91836263,91806773,91822652,91822653,91836263,91606631,91840359,"decoded_payload_last_chip",1,124.252223,124.560904,262,0.000000,-1656.384959,"Decawave DW-8",0.957866,1,12,0x5037,0x5037,1,"618804F2F002000100003750"
244,91933400,91987149,92214733,92185243,92201122,92201123,92214733,91985101,92218829,"decoded_payload_last_chip",1,124.765556,125.074236,262,0.084390,-1634.240254,"Decawave DW-8",0.959043,1,12,0xD188,0xD188,1,"618805F2F0020001000088D1"
245,92311700,92365620,92593204,92563714,92579592,92579594,92593204,92363572,92597300,"decoded_payload_last_chip",1,125.278890,125.587571,262,0.000000,-1650.259787,"Decawave DW-8",0.957960,1,12,0x5B58,0x5B58,1,"618806F2F00200010000585B"
246,92690100,92744090,92971675,92942185,92958063,92958065,92971675,92742042,92975771,"decoded_payload_last_chip",1,125.792223,126.100905,262,0.000000,-1637.964394,"Decawave DW-8",0.958303,1,12,0xDAE7,0xDAE7,1,"618807F2F00200010000E7DA"
247,93068600,93122561,93350145,93320655,93336534,93336535,93350145,93120513,93354241,"decoded_payload_last_chip",1,126.305557,126.614237,262,0.000000,-1664.198090,"Decawave DW-8",0.958141,1,12,0x6B55,0x6B55,1,"618808F2F00200010000556B"
248,93447200,93501031,93728616,93699126,93715005,93715006,93728616,93498983,93732712,"decoded_payload_last_chip",1,126.818890,127.127572,262,4.297672,-1878.975215,"Decawave DW-8",0.958904,1,12,0xEAEA,0xEAEA,1,"618809F2F00200010000EAEA"
249,93825800,93879502,94107086,94077596,94093475,94093476,94107086,93877454,94111182,"decoded_payload_last_chip",1,127.332224,127.640904,262,0.000000,-1629.363915,"Decawave DW-8",0.957355,1,12,0x603A,0x603A,1,"61880AF2F002000100003A60"
250,94204000,94257972,94485556,94456066,94471945,94471946,94485556,94255924,94489652,"decoded_payload_last_chip",1,127.845557,128.154237,262,0.000000,-1633.986853,"Decawave DW-8",0.958118,1,12,0xE185,0xE185,1,"61880BF2F0020001000085E1"
251,94582700,94636443,94864027,94834538,94850416,94850417,94864027,94634395,94868123,"decoded_payload_last_chip",1,128.358891,128.667571,262,0.000000,-1644.285639,"Decawave DW-8",0.958150,1,12,0x7D8B,0x7D8B,1,"61880CF2F002000100008B7D"
252,94961300,95014913,95242497,95213008,95228886,95228887,95242497,95012865,95246593,"decoded_payload_last_chip",1,128.872224,129.180904,262,0.000000,-1622.878761,"Decawave DW-8",0.957562,1,12,0xFC34,0xFC34,1,"61880DF2F0020001000034FC"
253,95338872,95393384,95620968,95591478,95607357,95607358,95620968,95391336,95625064,"decoded_payload_last_chip",1,129.385558,129.694238,262,-0.000000,-1637.047646,"Decawave DW-8",0.957511,1,12,0x76E4,0x76E4,1,"61880EF2F00200010000E476"
254,95717900,95771854,95999438,95969949,95985827,95985829,95999438,95769806,96003534,"decoded_payload_last_chip",1,129.898891,130.207571,262,0.000000,-1645.190588,"Decawave DW-8",0.958116,1,12,0xF75B,0xF75B,1,"61880FF2F002000100005BF7"
255,96096400,96150325,96377909,96348419,96364298,96364299,96377909,96148277,96382005,"decoded_payload_last_chip",1,130.412225,130.720905,262,0.000000,-1653.254971,"Decawave DW-8",0.958265,1,12,0x1D91,0x1D91,1,"618810F2F00200010000911D"
256,96474800,96528796,96756380,96726890,96742769,96742770,96756380,96526748,96760476,"decoded_payload_last_chip",1,130.925559,131.234239,262,0.300785,-1630.705659,"Decawave DW-8",0.960233,1,12,0x9C2E,0x9C2E,1,"618811F2F002000100002E9C"
257,96853400,96907266,97134850,97105360,97121239,97121240,97134850,96905218,97138946,"decoded_payload_last_chip",1,131.438892,131.747572,262,0.000000,-1665.524511,"Decawave DW-8",0.958189,1,12,0x16FE,0x16FE,1,"618812F2F00200010000FE16"
258,97231800,97285736,97513321,97483831,97499709,97499711,97513321,97283688,97517417,"decoded_payload_last_chip",1,131.952224,132.260906,262,0.000000,-1633.121391,"Decawave DW-8",0.957480,1,12,0x9741,0x9741,1,"618813F2F002000100004197"
259,97610300,97664207,97891791,97862301,97878180,97878181,97891791,97662159,97895887,"decoded_payload_last_chip",1,132.465559,132.774239,262,0.000000,-1679.496456,"Decawave DW-8",0.957628,1,12,0x0B4F,0x0B4F,1,"618814F2F002000100004F0B"
260,97988700,98042677,98270261,98240772,98256650,98256652,98270261,98040629,98274357,"decoded_payload_last_chip",1,132.978891,133.287572,262,-0.000000,-1661.277720,"Decawave DW-8",0.957792,1,12,0x8AF0,0x8AF0,1,"618815F2F00200010000F08A"
261,98367200,98421148,98648732,98619242,98635120,98635122,98648732,98419100,98652828,"decoded_payload_last_chip",1,133.492225,133.800906,262,0.000000,-1659.266106,"Decawave DW-8",0.957430,1,12,0x0020,0x0020,1,"618816F2F002000100002000"
262,98745000,98799618,99027202,98997713,99013591,99013592,99027202,98797570,99031298,"decoded_payload_last_chip",1,134.005558,134.314239,262,0.000000,-1657.709445,"Decawave DW-8",0.957431,1,12,0x819F,0x819F,1,"618817F2F002000100009F81"
263,99124100,99178089,99405673,99376183,99392062,99392063,99405673,99176041,99409769,"decoded_payload_last_chip",1,134.518892,134.827573,262,0.000000,-1631.608649,"Decawave DW-8",0.957481,1,12,0x302D,0x302D,1,"618818F2F002000100002D30"
264,99502600,99556559,99784144,99754654,99770532,99770534,99784144,99554511,99788240,"decoded_payload_last_chip",1,135.032225,135.340907,262,0.000000,-1622.703229,"Decawave DW-8",0.957064,1,12,0xB192,0xB192,1,"618819F2F0020001000092B1"
265,99881100,99935030,100162614,100133124,100149003,100149004,100162614,99932982,100166710,"decoded_payload_last_chip",1,135.545559,135.854240,262,-0.000000,-1607.300757,"Decawave DW-8",0.957681,1,12,0x3B42,0x3B42,1,"61881AF2F00200010000423B"
266,100259500,100313500,100541084,100511595,100527473,100527474,100541084,100311452,100545180,"decoded_payload_last_chip",1,136.058892,136.367573,262,0.000000,-1651.388289,"Decawave DW-8",0.957766,1,12,0xBAFD,0xBAFD,1,"61881BF2F00200010000FDBA"
267,100638000,100691970,100919555,100890065,100905943,100905945,100919555,100689922,100923651,"decoded_payload_last_chip",1,136.572225,136.880907,262,0.000000,-1661.598600,"Decawave DW-8",0.957860,1,12,0x26F3,0x26F3,1,"61881CF2F00200010000F326"
268,101016500,101070441,101298025,101268535,101284414,101284415,101298025,101068393,101302121,"decoded_payload_last_chip",1,137.085559,137.394240,262,0.000000,-1651.740413,"Decawave DW-8",0.957883,1,12,0xA74C,0xA74C,1,"61881DF2F002000100004CA7"
269,101395100,101448912,101676496,101647006,101662885,101662886,101676496,101446864,101680592,"decoded_payload_last_chip",1,137.598893,137.907574,262,0.000000,-1670.240710,"Decawave DW-8",0.957731,1,12,0x2D9C,0x2D9C,1,"61881EF2F002000100009C2D"
270,101773400,101827382,102054967,102025477,102041355,102041357,102054967,101825334,102059063,"decoded_payload_last_chip",1,138.112226,138.420908,262,0.000000,-1645.116785,"Decawave DW-8",0.958236,1,12,0xAC23,0xAC23,1,"61881FF2F0020001000023AC"
271,102151900,102205853,102433437,102403947,102419826,102419827,102433437,102203805,102437533,"decoded_payload_last_chip",1,138.625560,138.934241,262,0.000000,-1645.201959,"Decawave DW-8",0.957497,1,12,0xF019,0xF019,1,"618820F2F0020001000019F0"
272,102530400,102584323,102811907,102782418,102798296,102798298,102811907,102582275,102816003,"decoded_payload_last_chip",1,139.138893,139.447574,262,0.000000,-1639.660168,"Decawave DW-8",0.957781,1,12,0x71A6,0x71A6,1,"618821F2F00200010000A671"
273,102908800,102962793,103190378,103160888,103176766,103176768,103190378,102960745,103194474,"decoded_payload_last_chip",1,139.652226,139.960908,262,0.000000,-1626.012292,"Decawave DW-8",0.957804,1,12,0xFB76,0xFB76,1,"618822F2F0020001000076FB"
274,103287300,103341264,103568849,103539359,103555238,103555239,103568849,103339216,103572945,"decoded_payload_last_chip",1,140.165560,140.474242,262,3.559502,-1842.814613,"Decawave DW-8",0.959284,1,12,0x7AC9,0x7AC9,1,"618823F2F00200010000C97A"
275,103665800,103719734,103947319,103917829,103933708,103933709,103947319,103717686,103951415,"decoded_payload_last_chip",1,140.678893,140.987575,262,1.960025,-1704.954271,"Decawave DW-8",0.956501,1,12,0xE6C7,0xE6C7,1,"618824F2F00200010000C7E6"
276,104044300,104098205,104325790,104296300,104312178,104312180,104325790,104096157,104329886,"decoded_payload_last_chip",1,141.192227,141.500909,262,0.000000,-1628.276791,"Decawave DW-8",0.957892,1,12,0x6778,0x6778,1,"618825F2F002000100007867"
277,104422700,104476676,104704260,104674770,104690649,104690650,104704260,104474628,104708356,"decoded_payload_last_chip",1,141.705561,142.014242,262,0.000000,-1653.360702,"Decawave DW-8",0.958117,1,12,0xEDA8,0xEDA8,1,"618826F2F00200010000A8ED"
278,104801200,104855146,105082730,105053241,105069119,105069120,105082730,104853098,105086826,"decoded_payload_last_chip",1,142.218894,142.527574,262,0.000000,-1653.804262,"Decawave DW-8",0.958066,1,12,0x6C17,0x6C17,1,"618827F2F00200010000176C"
279,105179700,105233617,105461201,105431711,105447589,105447591,105461201,105231569,105465297,"decoded_payload_last_chip",1,142.732228,143.040908,262,0.000000,-1633.609688,"Decawave DW-8",0.957723,1,12,0xDDA5,0xDDA5,1,"618828F2F00200010000A5DD"
280,105558100,105612087,105839672,105810182,105826060,105826062,105839672,105610039,105843768,"decoded_payload_last_chip",1,143.245561,143.554243,262,0.000000,-1638.954004,"Decawave DW-8",0.957693,1,12,0x5C1A,0x5C1A,1,"618829F2F002000100001A5C"
281,105936600,105990558,106218142,106188652,106204531,106204532,106218142,105988510,106222238,"decoded_payload_last_chip",1,143.758895,144.067575,262,0.000000,-1650.775969,"Decawave DW-8",0.957675,1,12,0xD6CA,0xD6CA,1,"61882AF2F00200010000CAD6"
282,106315200,106369028,106596612,106567122,106583001,106583002,106596612,106366980,106600708,"decoded_payload_last_chip",1,144.272228,144.580908,262,0.000000,-1626.751563,"Decawave DW-8",0.958454,1,12,0x5775,0x5775,1,"61882BF2F002000100007557"
283,106693500,106747499,106975083,106945593,106961471,106961473,106975083,106745451,106979179,"decoded_payload_last_chip",1,144.785562,145.094242,262,0.000000,-1641.050171,"Decawave DW-8",0.957466,1,12,0xCB7B,0xCB7B,1,"61882CF2F002000100007BCB"
284,107072000,107125969,107353553,107324064,107339942,107339943,107353553,107123921,107357649,"decoded_payload_last_chip",1,145.298895,145.607575,262,0.000000,-1621.785659,"Decawave DW-8",0.958095,1,12,0x4AC4,0x4AC4,1,"61882DF2F00200010000C44A"
285,107450500,107504439,107732024,107702534,107718412,107718414,107732024,107502391,107736120,"decoded_payload_last_chip",1,145.812227,146.120909,262,0.000000,-1644.644978,"Decawave DW-8",0.958014,1,12,0xC014,0xC014,1,"61882EF2F0020001000014C0"
286,107829100,107882910,108110494,108081005,108096883,108096885,108110494,107880862,108114590,"decoded_payload_last_chip",1,146.325562,146.634242,262,0.000000,-1675.570560,"Decawave DW-8",0.957794,1,12,0x41AB,0x41AB,1,"61882FF2F00200010000AB41"
287,108207400,108261381,108488965,108459475,108475354,108475355,108488965,108259333,108493061,"decoded_payload_last_chip",1,146.838896,147.147576,262,0.000000,-1639.933885,"Decawave DW-8",0.958071,1,12,0xAB61,0xAB61,1,"618830F2F0020001000061AB"
288,108586000,108639851,108867435,108837945,108853824,108853825,108867435,108637803,108871531,"decoded_payload_last_chip",1,147.352228,147.660909,262,0.000000,-1664.098717,"Decawave DW-8",0.957106,1,12,0x2ADE,0x2ADE,1,"618831F2F00200010000DE2A"
289,108964400,109018322,109245906,109216416,109232295,109232296,109245906,109016274,109250002,"decoded_payload_last_chip",1,147.865563,148.174243,262,0.000000,-1666.653443,"Decawave DW-8",0.957884,1,12,0xA00E,0xA00E,1,"618832F2F002000100000EA0"
290,109342800,109396792,109624376,109594886,109610765,109610766,109624376,109394744,109628472,"decoded_payload_last_chip",1,148.378895,148.687576,262,0.000000,-1631.491328,"Decawave DW-8",0.957512,1,12,0x21B1,0x21B1,1,"618833F2F00200010000B121"
291,109721300,109775262,110002847,109973357,109989235,109989237,110002847,109773214,110006943,"decoded_payload_last_chip",1,148.892228,149.200910,262,0.000000,-1625.405666,"Decawave DW-8",0.957946,1,12,0xBDBF,0xBDBF,1,"618834F2F00200010000BFBD"
292,110099800,110153733,110381317,110351827,110367706,110367707,110381317,110151685,110385413,"decoded_payload_last_chip",1,149.405562,149.714243,262,0.000000,-1644.352655,"Decawave DW-8",0.958176,1,12,0x3C00,0x3C00,1,"618835F2F00200010000003C"
293,110478300,110532203,110759788,110730298,110746177,110746178,110759788,110530155,110763884,"decoded_payload_last_chip",1,149.918895,150.227577,262,3.111281,-1783.025501,"Decawave DW-8",0.960049,1,12,0xB6D0,0xB6D0,1,"618836F2F00200010000D0B6"
294,110856700,110910674,111138258,111108769,111124647,111124649,111138258,110908626,111142354,"decoded_payload_last_chip",1,150.432229,150.740910,262,0.000000,-1653.837849,"Decawave DW-8",0.957849,1,12,0x376F,0x376F,1,"618837F2F002000100006F37"
295,111235300,111289145,111516729,111487239,111503118,111503119,111516729,111287097,111520825,"decoded_payload_last_chip",1,150.945563,151.254244,262,0.000000,-1615.201001,"Decawave DW-8",0.957895,1,12,0x86DD,0x86DD,1,"618838F2F00200010000DD86"
296,111613700,111667615,111895199,111865710,111881588,111881589,111895199,111665567,111899295,"decoded_payload_last_chip",1,151.458896,151.767577,262,0.000000,-1680.583284,"Decawave DW-8",0.958195,1,12,0x0762,0x0762,1,"618839F2F002000100006207"
297,111992100,112046085,112273671,112244181,112260059,112260061,112273671,112044037,112277767,"decoded_payload_last_chip",1,151.972229,152.280912,262,5.480123,-1922.383641,"Decawave DW-8",0.951687,1,12,0x8DB2,0x8DB2,1,"61883AF2F00200010000B28D"
298,112370600,112424556,112652141,112622651,112638529,112638531,112652141,112422508,112656237,"decoded_payload_last_chip",1,152.485563,152.794245,262,-0.000000,-1658.706067,"Decawave DW-8",0.957872,1,12,0x0C0D,0x0C0D,1,"61883BF2F002000100000D0C"
299,112749200,112803026,113030611,113001121,113016999,113017001,113030611,112800978,113034707,"decoded_payload_last_chip",1,152.998896,153.307578,262,0.000000,-1632.517969,"Decawave DW-8",0.957962,1,12,0x9003,0x9003,1,"61883CF2F002000100000390"
300,113127500,113181497,113409081,113379592,113395470,113395471,113409081,113179449,113413177,"decoded_payload_last_chip",1,153.512230,153.820911,262,0.000000,-1632.309241,"Decawave DW-8",0.957938,1,12,0x11BC,0x11BC,1,"61883DF2F00200010000BC11"
301,113506200,113559967,113787552,113758062,113773940,113773942,113787552,113557919,113791648,"decoded_payload_last_chip",1,154.025563,154.334245,262,0.000000,-1639.565177,"Decawave DW-8",0.958160,1,12,0x9B6C,0x9B6C,1,"61883EF2F002000100006C9B"
302,113884500,113938438,114166022,114136532,114152411,114152412,114166022,113936390,114170118,"decoded_payload_last_chip",1,154.538897,154.847578,262,0.000000,-1642.031436,"Decawave DW-8",0.957969,1,12,0x1AD3,0x1AD3,1,"61883FF2F00200010000D31A"
303,114260748,114316909,114544493,114515003,114530882,114530883,114544493,114314861,114548589,"decoded_payload_last_chip",1,155.052231,155.360912,262,0.000000,-1637.203963,"Decawave DW-8",0.957971,1,12,0x2318,0x2318,1,"618840F2F002000100001823"
304,114641500,114695379,114922963,114893473,114909352,114909353,114922963,114693331,114927059,"decoded_payload_last_chip",1,155.565564,155.874245,262,0.000000,-1681.098822,"Decawave DW-8",0.957923,1,12,0xA2A7,0xA2A7,1,"618841F2F00200010000A7A2"
305,115020100,115073850,115301434,115271944,115287823,115287824,115301434,115071802,115305530,"decoded_payload_last_chip",1,156.078898,156.387579,262,0.000000,-1663.742145,"Decawave DW-8",0.958237,1,12,0x2877,0x2877,1,"618842F2F002000100007728"
306,115398400,115452320,115679904,115650415,115666293,115666295,115679904,115450272,115684000,"decoded_payload_last_chip",1,156.592231,156.900911,262,0.000000,-1659.844526,"Decawave DW-8",0.958089,1,12,0xA9C8,0xA9C8,1,"618843F2F00200010000C8A9"
307,115776800,115830790,116058375,116028885,116044763,116044765,116058375,115828742,116062471,"decoded_payload_last_chip",1,157.105564,157.414246,262,0.000000,-1665.595221,"Decawave DW-8",0.958110,1,12,0x35C6,0x35C6,1,"618844F2F00200010000C635"
308,116155300,116209261,116436845,116407355,116423234,116423235,116436845,116207213,116440941,"decoded_payload_last_chip",1,157.618898,157.927578,262,0.000000,-1650.398373,"Decawave DW-8",0.958194,1,12,0xB479,0xB479,1,"618845F2F0020001000079B4"
309,116533900,116587732,116815316,116785826,116801705,116801706,116815316,116585684,116819412,"decoded_payload_last_chip",1,158.132232,158.440913,262,0.000000,-1628.054424,"Decawave DW-8",0.958348,1,12,0x3EA9,0x3EA9,1,"618846F2F00200010000A93E"
310,116912500,116966202,117193787,117164297,117180175,117180177,117193787,116964154,117197883,"decoded_payload_last_chip",1,158.645565,158.954247,262,0.000000,-1628.134935,"Decawave DW-8",0.958045,1,12,0xBF16,0xBF16,1,"618847F2F0020001000016BF"
311,117290700,117344673,117572257,117542767,117558646,117558647,117572257,117342625,117576353,"decoded_payload_last_chip",1,159.158899,159.467579,262,0.000000,-1659.994607,"Decawave DW-8",0.957679,1,12,0x0EA4,0x0EA4,1,"618848F2F00200010000A40E"
312,117669400,117723143,117950727,117921238,117937116,117937117,117950727,117721095,117954823,"decoded_payload_last_chip",1,159.672232,159.980912,262,0.000000,-1651.251992,"Decawave DW-8",0.957733,1,12,0x8F1B,0x8F1B,1,"618849F2F002000100001B8F"
313,118048000,118101614,118329198,118299708,118315587,118315588,118329198,118099566,118333294,"decoded_payload_last_chip",1,160.185566,160.494246,262,0.000000,-1657.002746,"Decawave DW-8",0.958767,1,12,0x05CB,0x05CB,1,"61884AF2F00200010000CB05"
314,118426100,118480084,118707668,118678178,118694057,118694058,118707668,118478036,118711764,"decoded_payload_last_chip",1,160.698899,161.007579,262,0.000000,-1641.535458,"Decawave DW-8",0.958096,1,12,0x8474,0x8474,1,"61884BF2F002000100007484"
315,118804600,118858554,119086138,119056649,119072527,119072529,119086138,118856506,119090234,"decoded_payload_last_chip",1,161.212231,161.520912,262,0.000000,-1673.537602,"Decawave DW-8",0.958471,1,12,0x187A,0x187A,1,"61884CF2F002000100007A18"
316,119183100,119237025,119464610,119435120,119450999,119451000,119464610,119234977,119468706,"decoded_payload_last_chip",1,161.725566,162.034248,262,5.515915,-1941.294720,"Decawave DW-8",0.952502,1,12,0x99C5,0x99C5,1,"61884DF2F00200010000C599"
317,119561500,119615496,119843080,119813590,119829468,119829470,119843080,119613448,119847176,"decoded_payload_last_chip",1,162.238900,162.547580,262,0.000000,-1684.656049,"Decawave DW-8",0.958121,1,12,0x1315,0x1315,1,"61884EF2F002000100001513"
318,119940100,119993966,120221551,120192061,120207939,120207941,120221551,119991918,120225647,"decoded_payload_last_chip",1,162.752233,163.060914,262,0.000000,-1639.631914,"Decawave DW-8",0.958110,1,12,0x92AA,0x92AA,1,"61884FF2F00200010000AA92"
319,120318500,120372436,120600021,120570531,120586409,120586411,120600021,120370388,120604117,"decoded_payload_last_chip",1,163.265565,163.574247,262,0.000000,-1627.638520,"Decawave DW-8",0.958183,1,12,0x7860,0x7860,1,"618850F2F002000100006078"
320,120697000,120750907,120978491,120949001,120964880,120964881,120978491,120748859,120982587,"decoded_payload_last_chip",1,163.778899,164.087580,262,0.000000,-1641.512548,"Decawave DW-8",0.958632,1,12,0xF9DF,0xF9DF,1,"618851F2F00200010000DFF9"
321,121075400,121129378,121356962,121327472,121343351,121343352,121356962,121127330,121361058,"decoded_payload_last_chip",1,164.292234,164.600914,262,0.000000,-1633.381412,"Decawave DW-8",0.957833,1,12,0x730F,0x730F,1,"618852F2F002000100000F73"
322,121453900,121507848,121735433,121705943,121721821,121721823,121735433,121505800,121739529,"decoded_payload_last_chip",1,164.805566,165.114248,262,-0.000000,-1647.376378,"Decawave DW-8",0.958601,1,12,0xF2B0,0xF2B0,1,"618853F2F00200010000B0F2"
323,121832400,121886319,122113903,122084413,122100292,122100293,122113903,121884271,122117999,"decoded_payload_last_chip",1,165.318901,165.627581,262,0.000000,-1653.593465,"Decawave DW-8",0.957785,1,12,0x6EBE,0x6EBE,1,"618854F2F00200010000BE6E"
324,122210800,122264789,122492373,122462883,122478762,122478763,122492373,122262741,122496469,"decoded_payload_last_chip",1,165.832233,166.140914,262,0.000000,-1644.496134,"Decawave DW-8",0.958421,1,12,0xEF01,0xEF01,1,"618855F2F0020001000001EF"
325,122589300,122643259,122870844,122841354,122857232,122857234,122870844,122641211,122874940,"decoded_payload_last_chip",1,166.345566,166.654248,262,0.000000,-1642.406946,"Decawave DW-8",0.957685,1,12,0x65D1,0x65D1,1,"618856F2F00200010000D165"
326,122967800,123021730,123249314,123219824,123235703,123235704,123249314,123019682,123253410,"decoded_payload_last_chip",1,166.858900,167.167581,262,-0.000000,-1647.201579,"Decawave DW-8",0.958015,1,12,0xE46E,0xE46E,1,"618857F2F002000100006EE4"
327,123346200,123400201,123627785,123598295,123614174,123614175,123627785,123398153,123631881,"decoded_payload_last_chip",1,167.372234,167.680915,262,0.000000,-1660.001525,"Decawave DW-8",0.958379,1,12,0x55DC,0x55DC,1,"618858F2F00200010000DC55"
328,123724700,123778671,124006255,123976766,123992644,123992646,124006255,123776623,124010351,"decoded_payload_last_chip",1,167.885567,168.194248,262,0.000000,-1637.536783,"Decawave DW-8",0.957901,1,12,0xD463,0xD463,1,"618859F2F0020001000063D4"
329,124103200,124157142,124384726,124355236,124371115,124371116,124384726,124155094,124388822,"decoded_payload_last_chip",1,168.398901,168.707582,262,0.000000,-1639.304722,"Decawave DW-8",0.957543,1,12,0x5EB3,0x5EB3,1,"61885AF2F00200010000B35E"
330,124481800,124535612,124763196,124733706,124749585,124749586,124763196,124533564,124767292,"decoded_payload_last_chip",1,168.912234,169.220915,262,0.000000,-1654.120097,"Decawave DW-8",0.958333,1,12,0xDF0C,0xDF0C,1,"61885BF2F002000100000CDF"
331,124860100,124914082,125141667,125112177,125128055,125128057,125141667,124912034,125145763,"decoded_payload_last_chip",1,169.425567,169.734249,262,-0.000000,-1627.098554,"Decawave DW-8",0.957807,1,12,0x4302,0x4302,1,"61885CF2F002000100000243"
332,125238600,125292553,125520137,125490647,125506526,125506527,125520137,125290505,125524233,"decoded_payload_last_chip",1,169.938901,170.247582,262,0.000000,-1636.038771,"Decawave DW-8",0.958136,1,12,0xC2BD,0xC2BD,1,"61885DF2F00200010000BDC2"
333,125617100,125671023,125898607,125869118,125884996,125884998,125898607,125668975,125902703,"decoded_payload_last_chip",1,170.452234,170.760914,262,0.000000,-1639.638717,"Decawave DW-8",0.958623,1,12,0x486D,0x486D,1,"61885EF2F002000100006D48"
334,125995500,126049494,126277078,126247589,126263467,126263468,126277078,126047446,126281174,"decoded_payload_last_chip",1,170.965568,171.274249,262,0.000000,-1669.125472,"Decawave DW-8",0.958140,1,12,0xC9D2,0xC9D2,1,"61885FF2F00200010000D2C9"
335,126374000,126427965,126655549,126626059,126641937,126641939,126655549,126425917,126659645,"decoded_payload_last_chip",1,171.478902,171.787583,262,0.000000,-1663.664792,"Decawave DW-8",0.958042,1,12,0x95E8,0x95E8,1,"618860F2F00200010000E895"
336,126752500,126806435,127034019,127004530,127020408,127020409,127034019,126804387,127038115,"decoded_payload_last_chip",1,171.992235,172.300916,262,0.000000,-1652.767605,"Decawave DW-8",0.957738,1,12,0x1457,0x1457,1,"618861F2F002000100005714"
337,127129600,127184906,127412490,127383000,127398879,127398880,127412490,127182858,127416586,"decoded_payload_last_chip",1,172.505569,172.814250,262,-0.000000,-1648.009881,"Decawave DW-8",0.957385,1,12,0x9E87,0x9E87,1,"618862F2F00200010000879E"
338,127509400,127563376,127790961,127761471,127777349,127777351,127790961,127561328,127795057,"decoded_payload_last_chip",1,173.018902,173.327584,262,0.960146,-1673.160333,"Decawave DW-8",0.962066,1,12,0x1F38,0x1F38,1,"618863F2F00200010000381F"
339,127887900,127941846,128169431,128139941,128155820,128155821,128169431,127939798,128173527,"decoded_payload_last_chip",1,173.532235,173.840917,262,3.894437,-1818.203984,"Decawave DW-8",0.957535,1,12,0x8336,0x8336,1,"618864F2F002000100003683"
340,128266400,128320317,128547902,128518412,128534290,128534292,128547902,128318269,128551998,"decoded_payload_last_chip",1,174.045569,174.354251,262,0.000000,-1646.933030,"Decawave DW-8",0.958158,1,12,0x0289,0x0289,1,"618865F2F002000100008902"
341,128644800,128698787,128926372,128896882,128912760,128912762,128926372,128696739,128930468,"decoded_payload_last_chip",1,174.558902,174.867584,262,0.000000,-1673.528573,"Decawave DW-8",0.958468,1,12,0x8859,0x8859,1,"618866F2F002000100005988"
342,129023200,129077258,129304843,129275353,129291232,129291233,129304843,129075210,129308939,"decoded_payload_last_chip",1,175.072236,175.380918,262,5.454182,-1947.794727,"Decawave DW-8",0.954101,1,12,0x09E6,0x09E6,1,"618867F2F00200010000E609"
343,129401900,129455729,129683313,129653823,129669702,129669703,129683313,129453681,129687409,"decoded_payload_last_chip",1,175.585570,175.894250,262,0.000000,-1655.180917,"Decawave DW-8",0.957578,1,12,0xB854,0xB854,1,"618868F2F0020001000054B8"
344,129780200,129834199,130061784,130032294,130048172,130048174,130061784,129832151,130065880,"decoded_payload_last_chip",1,176.098903,176.407585,262,-0.000000,-1647.884340,"Decawave DW-8",0.957845,1,12,0x39EB,0x39EB,1,"618869F2F00200010000EB39"
345,130158700,130212670,130440254,130410764,130426643,130426644,130440254,130210622,130444350,"decoded_payload_last_chip",1,176.612237,176.920917,262,0.000000,-1654.257776,"Decawave DW-8",0.957751,1,12,0xB33B,0xB33B,1,"61886AF2F002000100003BB3"
346,130537200,130591140,130818724,130789235,130805113,130805115,130818724,130589092,130822820,"decoded_payload_last_chip",1,177.125570,177.434250,262,0.000000,-1642.499171,"Decawave DW-8",0.958350,1,12,0x3284,0x3284,1,"61886BF2F002000100008432"
347,130915700,130969611,131197195,131167705,131183584,131183585,131197195,130967563,131201291,"decoded_payload_last_chip",1,177.638904,177.947584,262,0.000000,-1670.158976,"Decawave DW-8",0.958180,1,12,0xAE8A,0xAE8A,1,"61886CF2F002000100008AAE"
348,131294100,131348081,131575665,131546175,131562054,131562055,131575665,131346033,131579761,"decoded_payload_last_chip",1,178.152237,178.460917,262,0.000000,-1673.776130,"Decawave DW-8",0.958403,1,12,0x2F35,0x2F35,1,"61886DF2F00200010000352F"
349,131672600,131726551,131954136,131924646,131940524,131940526,131954136,131724503,131958232,"decoded_payload_last_chip",1,178.665569,178.974251,262,0.000000,-1643.878282,"Decawave DW-8",0.958188,1,12,0xA5E5,0xA5E5,1,"61886EF2F00200010000E5A5"
350,132051100,132105022,132332606,132303116,132318995,132318996,132332606,132102974,132336702,"decoded_payload_last_chip",1,179.178904,179.487584,262,0.000000,-1653.705330,"Decawave DW-8",0.957918,1,12,0x245A,0x245A,1,"61886FF2F002000100005A24"
351,132429500,132483493,132711077,132681587,132697466,132697467,132711077,132481445,132715173,"decoded_payload_last_chip",1,179.692238,180.000918,262,0.000000,-1645.601866,"Decawave DW-8",0.958275,1,12,0xCE90,0xCE90,1,"618870F2F0020001000090CE"
352,132808000,132861963,133089547,133060058,133075936,133075937,133089547,132859915,133093643,"decoded_payload_last_chip",1,180.205570,180.514251,262,0.000000,-1647.278534,"Decawave DW-8",0.957521,1,12,0x4F2F,0x4F2F,1,"618871F2F002000100002F4F"
353,133186500,133240434,133468018,133438528,133454406,133454408,133468018,133238386,133472114,"decoded_payload_last_chip",1,180.718905,181.027585,262,0.000000,-1631.472475,"Decawave DW-8",0.958318,1,12,0xC5FF,0xC5FF,1,"618872F2F00200010000FFC5"
354,133565000,133618904,133846488,133816999,133832877,133832878,133846488,133616856,133850584,"decoded_payload_last_chip",1,181.232237,181.540918,262,0.000000,-1646.598880,"Decawave DW-8",0.958269,1,12,0x4440,0x4440,1,"618873F2F002000100004044"
355,133943400,133997374,134224958,134195469,134211347,134211349,134224958,133995326,134229054,"decoded_payload_last_chip",1,181.745570,182.054251,262,0.000000,-1637.511227,"Decawave DW-8",0.958347,1,12,0xD84E,0xD84E,1,"618874F2F002000100004ED8"
356,134322100,134375845,134603429,134573940,134589818,134589820,134603429,134373797,134607525,"decoded_payload_last_chip",1,182.258904,182.567585,262,0.000000,-1663.568357,"Decawave DW-8",0.958606,1,12,0x59F1,0x59F1,1,"618875F2F00200010000F159"
357,134700500,134754315,134981900,134952410,134968288,134968290,134981900,134752267,134985996,"decoded_payload_last_chip",1,182.772237,183.080919,262,0.000000,-1649.747259,"Decawave DW-8",0.958213,1,12,0xD321,0xD321,1,"618876F2F0020001000021D3"
358,135078800,135132786,135360370,135330880,135346759,135346760,135360370,135130738,135364466,"decoded_payload_last_chip",1,183.285571,183.594252,262,0.000000,-1655.036629,"Decawave DW-8",0.957765,1,12,0x529E,0x529E,1,"618877F2F002000100009E52"
359,135457300,135511256,135738841,135709351,135725229,135725231,135738841,135509208,135742937,"decoded_payload_last_chip",1,183.798904,184.107586,262,-0.000000,-1653.834974,"Decawave DW-8",0.958593,1,12,0xE32C,0xE32C,1,"618878F2F002000100002CE3"
360,135835900,135889727,136117311,136087822,136103700,136103702,136117311,135887679,136121407,"decoded_payload_last_chip",1,184.312238,184.620919,262,0.000000,-1641.088285,"Decawave DW-8",0.958456,1,12,0x6293,0x6293,1,"618879F2F002000100009362"
361,136214200,136268197,136495782,136466293,136482171,136482173,136495782,136266149,136499878,"decoded_payload_last_chip",1,184.825571,185.134253,262,5.101844,-1916.994757,"Decawave DW-8",0.956098,1,12,0xE843,0xE843,1,"61887AF2F0020001000043E8"
362,136592700,136646668,136874252,136844763,136860641,136860643,136874252,136644620,136878348,"decoded_payload_last_chip",1,185.338905,185.647586,262,0.000000,-1623.967342,"Decawave DW-8",0.958209,1,12,0x69FC,0x69FC,1,"61887BF2F00200010000FC69"
363,136967800,137025139,137252723,137223233,137239112,137239113,137252723,137023091,137256819,"decoded_payload_last_chip",1,185.852239,186.160920,262,0.000000,-1637.480453,"Decawave DW-8",0.958206,1,12,0xF5F2,0xF5F2,1,"61887CF2F00200010000F2F5"
364,137349800,137403609,137631193,137601703,137617582,137617583,137631193,137401561,137635289,"decoded_payload_last_chip",1,186.365572,186.674253,262,0.000000,-1671.266782,"Decawave DW-8",0.958212,1,12,0x744D,0x744D,1,"61887DF2F002000100004D74"
365,137728200,137782080,138009664,137980174,137996053,137996054,138009664,137780032,138013760,"decoded_payload_last_chip",1,186.878906,187.187587,262,0.000000,-1649.837102,"Decawave DW-8",0.958134,1,12,0xFE9D,0xFE9D,1,"61887EF2F002000100009DFE"
366,138106600,138160550,138388134,138358644,138374523,138374524,138388134,138158502,138392230,"decoded_payload_last_chip",1,187.392239,187.700920,262,0.000000,-1647.675434,"Decawave DW-8",0.958404,1,12,0x7F22,0x7F22,1,"61887FF2F00200010000227F"
367,138485100,138539020,138766604,138737115,138752993,138752995,138766604,138536972,138770700,"decoded_payload_last_chip",1,187.905572,188.214252,262,0.000000,-1644.479990,"Decawave DW-8",0.958502,1,12,0x8D0B,0x8D0B,1,"618880F2F002000100000B8D"
368,138863500,138917491,139145075,139115586,139131464,139131466,139145075,138915443,139149171,"decoded_payload_last_chip",1,188.418906,188.727587,262,0.000000,-1629.511947,"Decawave DW-8",0.958482,1,12,0x0CB4,0x0CB4,1,"618881F2F00200010000B40C"
369,139242000,139295962,139523546,139494056,139509935,139509936,139523546,139293914,139527642,"decoded_payload_last_chip",1,188.932240,189.240921,262,0.000000,-1624.094567,"Decawave DW-8",0.958457,1,12,0x8664,0x8664,1,"618882F2F002000100006486"
370,139620600,139674432,139902016,139872526,139888405,139888406,139902016,139672384,139906112,"decoded_payload_last_chip",1,189.445573,189.754253,262,0.000000,-1653.867216,"Decawave DW-8",0.959030,1,12,0x07DB,0x07DB,1,"618883F2F00200010000DB07"
371,139999200,140052902,140280487,140250997,140266875,140266877,140280487,140050854,140284583,"decoded_payload_last_chip",1,189.958906,190.267588,262,0.000000,-1658.911720,"Decawave DW-8",0.958152,1,12,0x9BD5,0x9BD5,1,"618884F2F00200010000D59B"
372,140377400,140431373,140658957,140629467,140645346,140645347,140658957,140429325,140663053,"decoded_payload_last_chip",1,190.472240,190.780920,262,0.000000,-1655.536574,"Decawave DW-8",0.958234,1,12,0x1A6A,0x1A6A,1,"618885F2F002000100006A1A"
373,140756100,140809843,141037428,141007938,141023817,141023818,141037428,140807795,141041524,"decoded_payload_last_chip",1,190.985573,191.294255,262,4.241521,-1882.724077,"Decawave DW-8",0.959472,1,12,0x90BA,0x90BA,1,"618886F2F00200010000BA90"
374,141134700,141188314,141415898,141386408,141402287,141402288,141415898,141186266,141419994,"decoded_payload_last_chip",1,191.498907,191.807587,262,0.000000,-1657.467453,"Decawave DW-8",0.958491,1,12,0x1105,0x1105,1,"618887F2F002000100000511"
375,141513000,141566784,141794369,141764879,141780757,141780759,141794369,141564736,141798465,"decoded_payload_last_chip",1,192.012240,192.320921,262,0.000000,-1642.518692,"Decawave DW-8",0.957990,1,12,0xA0B7,0xA0B7,1,"618888F2F00200010000B7A0"
376,141891300,141945255,142172839,142143349,142159228,142159229,142172839,141943207,142176935,"decoded_payload_last_chip",1,192.525574,192.834254,262,0.000000,-1625.247429,"Decawave DW-8",0.958677,1,12,0x2108,0x2108,1,"618889F2F002000100000821"
377,142269800,142323725,142551310,142521820,142537698,142537700,142551310,142321677,142555406,"decoded_payload_last_chip",1,193.038907,193.347588,262,0.000000,-1672.252646,"Decawave DW-8",0.958736,1,12,0xABD8,0xABD8,1,"61888AF2F00200010000D8AB"
378,142648200,142702196,142929780,142900290,142916168,142916170,142929780,142700148,142933876,"decoded_payload_last_chip",1,193.552241,193.860921,262,0.000000,-1635.296216,"Decawave DW-8",0.958522,1,12,0x2A67,0x2A67,1,"61888BF2F00200010000672A"
379,143027000,143080666,143308250,143278761,143294639,143294641,143308250,143078618,143312346,"decoded_payload_last_chip",1,194.065573,194.374254,262,0.000000,-1630.293283,"Decawave DW-8",0.958744,1,12,0xB669,0xB669,1,"61888CF2F0020001000069B6"
380,143405200,143459136,143686722,143657232,143673110,143673112,143686722,143457088,143690818,"decoded_payload_last_chip",1,194.578906,194.887590,262,4.071427,-1848.099198,"Decawave DW-8",0.958830,1,12,0x37D6,0x37D6,1,"61888DF2F00200010000D637"
381,143783800,143837607,144065192,144035702,144051580,144051582,144065192,143835559,144069288,"decoded_payload_last_chip",1,195.092240,195.400922,262,0.000000,-1646.289217,"Decawave DW-8",0.958529,1,12,0xBD06,0xBD06,1,"61888EF2F0020001000006BD"
382,144162100,144216078,144443662,144414172,144430051,144430052,144443662,144214030,144447758,"decoded_payload_last_chip",1,195.605575,195.914255,262,0.000000,-1662.581538,"Decawave DW-8",0.958936,1,12,0x3CB9,0x3CB9,1,"61888FF2F00200010000B93C"
383,144540600,144594548,144822133,144792643,144808521,144808523,144822133,144592500,144826229,"decoded_payload_last_chip",1,196.118907,196.427589,262,0.000000,-1655.514751,"Decawave DW-8",0.959140,1,12,0xD673,0xD673,1,"618890F2F0020001000073D6"
384,144919100,144973019,145200603,145171113,145186992,145186993,145200603,144970971,145204699,"decoded_payload_last_chip",1,196.632241,196.940922,262,0.000000,-1645.381257,"Decawave DW-8",0.958331,1,12,0x57CC,0x57CC,1,"618891F2F00200010000CC57"
385,145297500,145351490,145579074,145549584,145565463,145565464,145579074,145349442,145583170,"decoded_payload_last_chip",1,197.145576,197.454256,262,0.000000,-1656.148991,"Decawave DW-8",0.958575,1,12,0xDD1C,0xDD1C,1,"618892F2F002000100001CDD"
386,145676000,145729960,145957544,145928055,145943933,145943935,145957544,145727912,145961640,"decoded_payload_last_chip",1,197.658908,197.967589,262,0.000000,-1660.498382,"Decawave DW-8",0.958301,1,12,0x5CA3,0x5CA3,1,"618893F2F00200010000A35C"
387,146054500,146108431,146336015,146306525,146322404,146322405,146336015,146106383,146340111,"decoded_payload_last_chip",1,198.172243,198.480923,262,0.000000,-1638.993670,"Decawave DW-8",0.958825,1,12,0xC0AD,0xC0AD,1,"618894F2F00200010000ADC0"
388,146433000,146486901,146714485,146684996,146700874,146700875,146714485,146484853,146718581,"decoded_payload_last_chip",1,198.685575,198.994256,262,0.000000,-1645.096359,"Decawave DW-8",0.958774,1,12,0x4112,0x4112,1,"618895F2F002000100001241"
389,146811400,146865371,147092955,147063466,147079344,147079346,147092955,146863323,147097051,"decoded_payload_last_chip",1,199.198908,199.507589,262,0.000000,-1637.209016,"Decawave DW-8",0.959122,1,12,0xCBC2,0xCBC2,1,"618896F2F00200010000C2CB"
390,147189900,147243842,147471426,147441936,147457815,147457816,147471426,147241794,147475522,"decoded_payload_last_chip",1,199.712242,200.020923,262,0.000000,-1633.101943,"Decawave DW-8",0.959162,1,12,0x4A7D,0x4A7D,1,"618897F2F002000100007D4A"
391,147568800,147622313,147849897,147820407,147836286,147836287,147849897,147620265,147853993,"decoded_payload_last_chip",1,200.225576,200.534257,262,0.000000,-1649.432270,"Decawave DW-8",0.958684,1,12,0xFBCF,0xFBCF,1,"618898F2F00200010000CFFB"
392,147946800,148000783,148228367,148198878,148214756,148214757,148228367,147998735,148232463,"decoded_payload_last_chip",1,200.738909,201.047590,262,0.000000,-1633.953919,"Decawave DW-8",0.958760,1,12,0x7A70,0x7A70,1,"618899F2F00200010000707A"
393,148325300,148379253,148606838,148577348,148593226,148593228,148606838,148377205,148610934,"decoded_payload_last_chip",1,201.252242,201.560924,262,0.000000,-1654.567694,"Decawave DW-8",0.958456,1,12,0xF0A0,0xF0A0,1,"61889AF2F00200010000A0F0"
394,148703800,148757724,148985308,148955818,148971697,148971698,148985308,148755676,148989404,"decoded_payload_last_chip",1,201.765576,202.074257,262,-0.000000,-1620.480166,"Decawave DW-8",0.958654,1,12,0x711F,0x711F,1,"61889BF2F002000100001F71"
395,149082200,149136194,149363778,149334289,149350167,149350168,149363778,149134146,149367874,"decoded_payload_last_chip",1,202.278909,202.587590,262,-0.000000,-1649.893219,"Decawave DW-8",0.958816,1,12,0xED11,0xED11,1,"61889CF2F0020001000011ED"
396,149460700,149514665,149742249,149712759,149728637,149728639,149742249,149512617,149746345,"decoded_payload_last_chip",1,202.792243,203.100924,262,0.000000,-1647.947548,"Decawave DW-8",0.958861,1,12,0x6CAE,0x6CAE,1,"61889DF2F00200010000AE6C"
397,149839200,149893135,150120719,150091230,150107108,150107109,150120719,149891087,150124815,"decoded_payload_last_chip",1,203.305576,203.614256,262,0.000000,-1652.749634,"Decawave DW-8",0.958518,1,12,0xE67E,0xE67E,1,"61889EF2F002000100007EE6"
398,150217700,150271605,150499190,150469700,150485578,150485580,150499190,150269557,150503286,"decoded_payload_last_chip",1,203.818909,204.127591,262,0.000000,-1654.624688,"Decawave DW-8",0.958425,1,12,0x67C1,0x67C1,1,"61889FF2F00200010000C167"
399,150596100,150650076,150877661,150848171,150864049,150864051,150877661,150648028,150881757,"decoded_payload_last_chip",1,204.332243,204.640925,262,0.000000,-1642.293761,"Decawave DW-8",0.959032,1,12,0x3BFB,0x3BFB,1,"6188A0F2F00200010000FB3B"
400,150974600,151028547,151256131,151226641,151242520,151242521,151256131,151026499,151260227,"decoded_payload_last_chip",1,204.845577,205.154258,262,0.000000,-1659.623724,"Decawave DW-8",0.958935,1,12,0xBA44,0xBA44,1,"6188A1F2F0020001000044BA"
401,151353100,151407017,151634602,151605112,151620990,151620992,151634602,151404969,151638698,"decoded_payload_last_chip",1,205.358910,205.667592,262,0.000000,-1635.414730,"Decawave DW-8",0.958559,1,12,0x3094,0x3094,1,"6188A2F2F002000100009430"
402,151731500,151785487,152013072,151983582,151999460,151999462,152013072,151783439,152017168,"decoded_payload_last_chip",1,205.872243,206.180924,262,0.000000,-1644.618294,"Decawave DW-8",0.958208,1,12,0xB12B,0xB12B,1,"6188A3F2F002000100002BB1"
403,152110000,152163958,152391543,152362053,152377932,152377933,152391543,152161910,152395639,"decoded_payload_last_chip",1,206.385577,206.694259,262,5.349433,-1914.842381,"Decawave DW-8",0.955235,1,12,0x2D25,0x2D25,1,"6188A4F2F00200010000252D"
404,152488600,152542429,152770013,152740523,152756402,152756403,152770013,152540381,152774109,"decoded_payload_last_chip",1,206.898911,207.207591,262,0.000000,-1656.451459,"Decawave DW-8",0.958849,1,12,0xAC9A,0xAC9A,1,"6188A5F2F002000100009AAC"
405,152866900,152920899,153148484,153118994,153134872,153134874,153148484,152918851,153152580,"decoded_payload_last_chip",1,207.412244,207.720926,262,-0.000000,-1644.634991,"Decawave DW-8",0.958846,1,12,0x264A,0x264A,1,"6188A6F2F002000100004A26"
406,153245400,153299370,153526954,153497464,153513343,153513344,153526954,153297322,153531050,"decoded_payload_last_chip",1,207.925578,208.234258,262,0.000000,-1634.095727,"Decawave DW-8",0.958770,1,12,0xA7F5,0xA7F5,1,"6188A7F2F00200010000F5A7"
407,153623900,153677840,153905424,153875935,153891813,153891815,153905424,153675792,153909520,"decoded_payload_last_chip",1,208.438911,208.747591,262,0.000000,-1633.647962,"Decawave DW-8",0.958935,1,12,0x1647,0x1647,1,"6188A8F2F002000100004716"
408,154002500,154056311,154283895,154254405,154270284,154270285,154283895,154054263,154287991,"decoded_payload_last_chip",1,208.952245,209.260925,262,0.000000,-1638.853856,"Decawave DW-8",0.958289,1,12,0x97F8,0x97F8,1,"6188A9F2F00200010000F897"
409,154380800,154434782,154662366,154632876,154648754,154648756,154662366,154432734,154666462,"decoded_payload_last_chip",1,209.465579,209.774259,262,0.000000,-1649.266489,"Decawave DW-8",0.958808,1,12,0x1D28,0x1D28,1,"6188AAF2F00200010000281D"
410,154759300,154813252,155040836,155011347,155027225,155027226,155040836,154811204,155044932,"decoded_payload_last_chip",1,209.978912,210.287592,262,0.000000,-1643.445526,"Decawave DW-8",0.958537,1,12,0x9C97,0x9C97,1,"6188ABF2F00200010000979C"
411,155137800,155191722,155419307,155389817,155405695,155405697,155419307,155189674,155423403,"decoded_payload_last_chip",1,210.492244,210.800926,262,-0.000000,-1672.705192,"Decawave DW-8",0.958538,1,12,0x0099,0x0099,1,"6188ACF2F002000100009900"
412,155516200,155570193,155797777,155768287,155784166,155784167,155797777,155568145,155801873,"decoded_payload_last_chip",1,211.005579,211.314259,262,0.000000,-1663.592906,"Decawave DW-8",0.958705,1,12,0x8126,0x8126,1,"6188ADF2F002000100002681"
413,155894700,155948663,156176247,156146758,156162636,156162637,156176247,155946615,156180343,"decoded_payload_last_chip",1,211.518911,211.827592,262,0.000000,-1649.918945,"Decawave DW-8",0.959073,1,12,0x0BF6,0x0BF6,1,"6188AEF2F00200010000F60B"
414,156273200,156327134,156554718,156525228,156541106,156541108,156554718,156325086,156558814,"decoded_payload_last_chip",1,212.032246,212.340926,262,0.000000,-1651.324532,"Decawave DW-8",0.958543,1,12,0x8A49,0x8A49,1,"6188AFF2F00200010000498A"
415,156651700,156705604,156933188,156903699,156919577,156919578,156933188,156703556,156937284,"decoded_payload_last_chip",1,212.545578,212.854259,262,0.000000,-1630.077360,"Decawave DW-8",0.958903,1,12,0x6083,0x6083,1,"6188B0F2F002000100008360"
416,157030100,157084075,157311659,157282169,157298048,157298049,157311659,157082027,157315755,"decoded_payload_last_chip",1,213.058912,213.367593,262,0.000000,-1657.145451,"Decawave DW-8",0.958457,1,12,0xE13C,0xE13C,1,"6188B1F2F002000100003CE1"
417,157408600,157462545,157690130,157660640,157676518,157676520,157690130,157460497,157694226,"decoded_payload_last_chip",1,213.572245,213.880927,262,0.000000,-1623.421553,"Decawave DW-8",0.958825,1,12,0x6BEC,0x6BEC,1,"6188B2F2F00200010000EC6B"
418,157787100,157841016,158068600,158039110,158054989,158054990,158068600,157838968,158072696,"decoded_payload_last_chip",1,214.085579,214.394260,262,0.000000,-1639.859644,"Decawave DW-8",0.958248,1,12,0xEA53,0xEA53,1,"6188B3F2F0020001000053EA"
419,158165500,158219486,158447070,158417580,158433459,158433460,158447070,158217438,158451166,"decoded_payload_last_chip",1,214.598912,214.907593,262,0.000000,-1642.526658,"Decawave DW-8",0.958554,1,12,0x765D,0x765D,1,"6188B4F2F002000100005D76"
420,158544000,158597956,158825541,158796051,158811929,158811931,158825541,158595908,158829637,"decoded_payload_last_chip",1,215.112245,215.420927,262,-0.000000,-1639.010663,"Decawave DW-8",0.958723,1,12,0xF7E2,0xF7E2,1,"6188B5F2F00200010000E2F7"
421,158922600,158976427,159204011,159174522,159190400,159190402,159204011,158974379,159208107,"decoded_payload_last_chip",1,215.625579,215.934260,262,0.000000,-1641.246226,"Decawave DW-8",0.959346,1,12,0x7D32,0x7D32,1,"6188B6F2F00200010000327D"
422,159300900,159354898,159582482,159552992,159568871,159568872,159582482,159352850,159586578,"decoded_payload_last_chip",1,216.138913,216.447594,262,-0.000000,-1644.350726,"Decawave DW-8",0.958664,1,12,0xFC8D,0xFC8D,1,"6188B7F2F002000100008DFC"
423,159679400,159733368,159960952,159931463,159947341,159947343,159960952,159731320,159965048,"decoded_payload_last_chip",1,216.652246,216.960927,262,0.000000,-1662.289855,"Decawave DW-8",0.959038,1,12,0x4D3F,0x4D3F,1,"6188B8F2F002000100003F4D"
424,160057900,160111839,160339423,160309933,160325812,160325813,160339423,160109791,160343519,"decoded_payload_last_chip",1,217.165580,217.474261,262,0.000000,-1626.051806,"Decawave DW-8",0.959081,1,12,0xCC80,0xCC80,1,"6188B9F2F0020001000080CC"
425,160436400,160490309,160717893,160688404,160704282,160704284,160717893,160488261,160721989,"decoded_payload_last_chip",1,217.678913,217.987594,262,0.000000,-1643.161669,"Decawave DW-8",0.958605,1,12,0x4650,0x4650,1,"6188BAF2F002000100005046"
426,160814900,160868780,161096364,161066874,161082753,161082754,161096364,160866732,161100460,"decoded_payload_last_chip",1,218.192247,218.500928,262,0.000000,-1663.656485,"Decawave DW-8",0.959191,1,12,0xC7EF,0xC7EF,1,"6188BBF2F00200010000EFC7"
427,161193300,161247251,161474835,161445345,161461223,161461225,161474835,161245203,161478931,"decoded_payload_last_chip",1,218.705581,219.014262,262,0.000000,-1637.901393,"Decawave DW-8",0.958999,1,12,0x5BE1,0x5BE1,1,"6188BCF2F00200010000E15B"
428,161571800,161625721,161853305,161823816,161839694,161839695,161853305,161623673,161857401,"decoded_payload_last_chip",1,219.218914,219.527595,262,0.000000,-1646.807392,"Decawave DW-8",0.958801,1,12,0xDA5E,0xDA5E,1,"6188BDF2F002000100005EDA"
429,161950200,162004191,162231775,162202286,162218164,162218166,162231775,162002143,162235871,"decoded_payload_last_chip",1,219.732247,220.040927,262,0.000000,-1666.210366,"Decawave DW-8",0.959473,1,12,0x508E,0x508E,1,"6188BEF2F002000100008E50"
430,162328700,162382662,162610246,162580756,162596635,162596636,162610246,162380614,162614342,"decoded_payload_last_chip",1,220.245581,220.554262,262,0.000000,-1680.121406,"Decawave DW-8",0.959106,1,12,0xD131,0xD131,1,"6188BFF2F0020001000031D1"
431,162707300,162761132,162988717,162959227,162975105,162975107,162988717,162759084,162992813,"decoded_payload_last_chip",1,220.758914,221.067596,262,0.000000,-1643.606731,"Decawave DW-8",0.959027,1,12,0xE8FA,0xE8FA,1,"6188C0F2F00200010000FAE8"
432,163085900,163139602,163367187,163337697,163353575,163353577,163367187,163137554,163371283,"decoded_payload_last_chip",1,221.272247,221.580929,262,0.000000,-1663.461802,"Decawave DW-8",0.958963,1,12,0x6945,0x6945,1,"6188C1F2F002000100004569"
433,163464100,163518073,163745658,163716168,163732046,163732048,163745658,163516025,163749754,"decoded_payload_last_chip",1,221.785581,222.094263,262,-0.000000,-1662.809903,"Decawave DW-8",0.959003,1,12,0xE395,0xE395,1,"6188C2F2F0020001000095E3"
434,163842700,163896543,164124128,164094638,164110516,164110518,164124128,163894495,164128224,"decoded_payload_last_chip",1,222.298914,222.607595,262,0.000000,-1642.950193,"Decawave DW-8",0.959212,1,12,0x622A,0x622A,1,"6188C3F2F002000100002A62"
435,164221500,164275014,164502598,164473109,164488987,164488988,164502598,164272966,164506694,"decoded_payload_last_chip",1,222.812248,223.120928,262,0.000000,-1652.702360,"Decawave DW-8",0.958944,1,12,0xFE24,0xFE24,1,"6188C4F2F0020001000024FE"
436,164599700,164653484,164881069,164851579,164867457,164867459,164881069,164651436,164885165,"decoded_payload_last_chip",1,223.325581,223.634262,262,0.000000,-1672.172255,"Decawave DW-8",0.959565,1,12,0x7F9B,0x7F9B,1,"6188C5F2F002000100009B7F"
437,164978000,165031955,165259539,165230049,165245928,165245929,165259539,165029907,165263635,"decoded_payload_last_chip",1,223.838915,224.147595,262,0.000000,-1635.437953,"Decawave DW-8",0.959318,1,12,0xF54B,0xF54B,1,"6188C6F2F002000100004BF5"
438,165345992,165410426,165638010,165608520,165624399,165624400,165638010,165408378,165642106,"decoded_payload_last_chip",1,224.352249,224.660929,262,0.000000,-1659.301673,"Decawave DW-8",0.959480,1,12,0x74F4,0x74F4,1,"6188C7F2F00200010000F474"
439,165734900,165788896,166016481,165986991,166002869,166002871,166016481,165786848,166020577,"decoded_payload_last_chip",1,224.865582,225.174264,262,0.000000,-1618.111998,"Decawave DW-8",0.959203,1,12,0xC546,0xC546,1,"6188C8F2F0020001000046C5"
440,166113700,166167367,166394951,166365461,166381340,166381341,166394951,166165319,166399047,"decoded_payload_last_chip",1,225.378916,225.687596,262,0.000000,-1634.577689,"Decawave DW-8",0.958601,1,12,0x44F9,0x44F9,1,"6188C9F2F00200010000F944"
441,166491900,166545837,166773421,166743932,166759810,166759812,166773421,166543789,166777517,"decoded_payload_last_chip",1,225.892249,226.200929,262,0.000000,-1642.915505,"Decawave DW-8",0.958658,1,12,0xCE29,0xCE29,1,"6188CAF2F0020001000029CE"
442,166870500,166924308,167151892,167122403,167138281,167138282,167151892,166922260,167155988,"decoded_payload_last_chip",1,226.405583,226.714263,262,0.000000,-1638.259495,"Decawave DW-8",0.959188,1,12,0x4F96,0x4F96,1,"6188CBF2F00200010000964F"
443,167248800,167302778,167530362,167500872,167516751,167516752,167530362,167300730,167534458,"decoded_payload_last_chip",1,226.918915,227.227596,262,0.000000,-1625.378905,"Decawave DW-8",0.959267,1,12,0xD398,0xD398,1,"6188CCF2F0020001000098D3"
444,167627600,167681248,167908833,167879343,167895221,167895223,167908833,167679200,167912929,"decoded_payload_last_chip",1,227.432248,227.740930,262,0.000000,-1628.369473,"Decawave DW-8",0.958562,1,12,0x5227,0x5227,1,"6188CDF2F002000100002752"
445,168002400,168059719,168287304,168257814,168273692,168273694,168287304,168057671,168291400,"decoded_payload_last_chip",1,227.945582,228.254264,262,0.000000,-1628.265315,"Decawave DW-8",0.958930,1,12,0xD8F7,0xD8F7,1,"6188CEF2F00200010000F7D8"
446,168384200,168438190,168665774,168636284,168652163,168652164,168665774,168436142,168669870,"decoded_payload_last_chip",1,228.458917,228.767597,262,0.000000,-1655.578766,"Decawave DW-8",0.959017,1,12,0x5948,0x5948,1,"6188CFF2F002000100004859"
447,168762700,168816660,169044244,169014755,169030633,169030635,169044244,168814612,169048340,"decoded_payload_last_chip",1,228.972249,229.280930,262,0.000000,-1663.077903,"Decawave DW-8",0.958837,1,12,0xB382,0xB382,1,"6188D0F2F0020001000082B3"
448,169141200,169195131,169422715,169393225,169409104,169409105,169422715,169193083,169426811,"decoded_payload_last_chip",1,229.485583,229.794264,262,0.000000,-1655.118427,"Decawave DW-8",0.958956,1,12,0x323D,0x323D,1,"6188D1F2F002000100003D32"
449,169519900,169573601,169801185,169771695,169787574,169787575,169801185,169571553,169805281,"decoded_payload_last_chip",1,229.998916,230.307597,262,0.000000,-1648.830601,"Decawave DW-8",0.959102,1,12,0xB8ED,0xB8ED,1,"6188D2F2F00200010000EDB8"
450,169898100,169952072,170179656,170150166,170166045,170166046,170179656,169950024,170183752,"decoded_payload_last_chip",1,230.512250,230.820931,262,0.000000,-1650.210581,"Decawave DW-8",0.959063,1,12,0x3952,0x3952,1,"6188D3F2F002000100005239"
451,170276600,170330542,170558127,170528637,170544515,170544517,170558127,170328494,170562223,"decoded_payload_last_chip",1,231.025583,231.334265,262,0.000000,-1662.466593,"Decawave DW-8",0.958632,1,12,0xA55C,0xA55C,1,"6188D4F2F002000100005CA5"
452,170655400,170709012,170936597,170907107,170922985,170922987,170936597,170706964,170940693,"decoded_payload_last_chip",1,231.538916,231.847598,262,0.000000,-1644.687413,"Decawave DW-8",0.958971,1,12,0x24E3,0x24E3,1,"6188D5F2F00200010000E324"
453,171033500,171087483,171315067,171285578,171301456,171301457,171315067,171085435,171319163,"decoded_payload_last_chip",1,232.052250,232.360931,262,0.000000,-1647.507217,"Decawave DW-8",0.959561,1,12,0xAE33,0xAE33,1,"6188D6F2F0020001000033AE"
454,171412000,171465953,171693538,171664048,171679926,171679928,171693538,171463905,171697634,"decoded_payload_last_chip",1,232.565583,232.874265,262,0.000000,-1674.759654,"Decawave DW-8",0.959121,1,12,0x2F8C,0x2F8C,1,"6188D7F2F002000100008C2F"
455,171790500,171844424,172072008,172042518,172058397,172058398,172072008,171842376,172076104,"decoded_payload_last_chip",1,233.078917,233.387598,262,-0.000000,-1641.233373,"Decawave DW-8",0.959204,1,12,0x9E3E,0x9E3E,1,"6188D8F2F002000100003E9E"
456,172168404,172222894,172450479,172420989,172436867,172436869,172450479,172220846,172454575,"decoded_payload_last_chip",1,233.592250,233.900932,262,0.000000,-1653.445570,"Decawave DW-8",0.958843,1,12,0x1F81,0x1F81,1,"6188D9F2F00200010000811F"
457,172547400,172601365,172828950,172799460,172815338,172815340,172828950,172599317,172833046,"decoded_payload_last_chip",1,234.105584,234.414266,262,0.000000,-1630.648500,"Decawave DW-8",0.959231,1,12,0x9551,0x9551,1,"6188DAF2F002000100005195"
458,172925900,172979836,173207420,173177930,173193809,173193810,173207420,172977788,173211516,"decoded_payload_last_chip",1,234.618918,234.927599,262,0.000000,-1667.991707,"Decawave DW-8",0.958720,1,12,0x14EE,0x14EE,1,"6188DBF2F00200010000EE14"
459,173304400,173358306,173585890,173556401,173572279,173572281,173585890,173356258,173589986,"decoded_payload_last_chip",1,235.132251,235.440932,262,-0.000000,-1665.358164,"Decawave DW-8",0.959158,1,12,0x88E0,0x88E0,1,"6188DCF2F00200010000E088"
460,173682800,173736776,173964361,173934871,173950749,173950751,173964361,173734728,173968457,"decoded_payload_last_chip",1,235.645584,235.954266,262,0.000000,-1662.860337,"Decawave DW-8",0.958867,1,12,0x095F,0x095F,1,"6188DDF2F002000100005F09"
461,174061300,174115247,174342831,174313341,174329220,174329221,174342831,174113199,174346927,"decoded_payload_last_chip",1,236.158918,236.467598,262,0.000000,-1645.737922,"Decawave DW-8",0.959078,1,12,0x838F,0x838F,1,"6188DEF2F002000100008F83"
462,174439800,174493717,174721302,174691812,174707690,174707692,174721302,174491669,174725398,"decoded_payload_last_chip",1,236.672251,236.980933,262,0.000000,-1639.380648,"Decawave DW-8",0.959062,1,12,0x0230,0x0230,1,"6188DFF2F002000100003002"
463,174818200,174872188,175099772,175070283,175086161,175086163,175099772,174870140,175103868,"decoded_payload_last_chip",1,237.185585,237.494265,262,-0.000000,-1665.144902,"Decawave DW-8",0.959219,1,12,0x5E0A,0x5E0A,1,"6188E0F2F002000100000A5E"
464,175196700,175250659,175478243,175448753,175464632,175464633,175478243,175248611,175482339,"decoded_payload_last_chip",1,237.698919,238.007600,262,0.000000,-1651.628011,"Decawave DW-8",0.959620,1,12,0xDFB5,0xDFB5,1,"6188E1F2F00200010000B5DF"
465,175575300,175629129,175856714,175827224,175843102,175843104,175856714,175627081,175860810,"decoded_payload_last_chip",1,238.212252,238.520934,262,0.000000,-1640.307552,"Decawave DW-8",0.959664,1,12,0x5565,0x5565,1,"6188E2F2F002000100006555"
466,175953600,176007599,176235184,176205694,176221572,176221574,176235184,176005551,176239280,"decoded_payload_last_chip",1,238.725585,239.034266,262,-0.000000,-1646.898289,"Decawave DW-8",0.959402,1,12,0xD4DA,0xD4DA,1,"6188E3F2F00200010000DAD4"
467,176332100,176386070,176613655,176584165,176600044,176600045,176613655,176384022,176617751,"decoded_payload_last_chip",1,239.238919,239.547601,262,5.137308,-1902.361974,"Decawave DW-8",0.954640,1,12,0x48D4,0x48D4,1,"6188E4F2F00200010000D448"
468,176710600,176764541,176992125,176962635,176978514,176978515,176992125,176762493,176996221,"decoded_payload_last_chip",1,239.752253,240.060933,262,0.079137,-1646.905401,"Decawave DW-8",0.960296,1,12,0xC96B,0xC96B,1,"6188E5F2F002000100006BC9"
469,177089200,177143011,177370595,177341105,177356984,177356985,177370595,177140963,177374691,"decoded_payload_last_chip",1,240.265586,240.574266,262,0.000000,-1649.396905,"Decawave DW-8",0.959436,1,12,0x43BB,0x43BB,1,"6188E6F2F00200010000BB43"
470,177467500,177521482,177749066,177719576,177735454,177735456,177749066,177519434,177753162,"decoded_payload_last_chip",1,240.778920,241.087600,262,0.000000,-1646.588253,"Decawave DW-8",0.958815,1,12,0xC204,0xC204,1,"6188E7F2F0020001000004C2"
471,177846000,177899952,178127536,178098047,178113925,178113926,178127536,177897904,178131632,"decoded_payload_last_chip",1,241.292253,241.600933,262,0.000000,-1671.293074,"Decawave DW-8",0.958887,1,12,0x73B6,0x73B6,1,"6188E8F2F00200010000B673"
472,178224500,178278422,178506007,178476517,178492395,178492397,178506007,178276374,178510103,"decoded_payload_last_chip",1,241.805585,242.114267,262,-0.000000,-1665.930360,"Decawave DW-8",0.958823,1,12,0xF209,0xF209,1,"6188E9F2F0020001000009F2"
473,178602900,178656893,178884478,178854988,178870866,178870868,178884478,178654845,178888574,"decoded_payload_last_chip",1,242.318920,242.627601,262,0.000000,-1642.984014,"Decawave DW-8",0.958793,1,12,0x78D9,0x78D9,1,"6188EAF2F00200010000D978"
474,178981400,179035364,179262948,179233458,179249337,179249338,179262948,179033316,179267044,"decoded_payload_last_chip",1,242.832254,243.140934,262,-0.000000,-1647.701955,"Decawave DW-8",0.958657,1,12,0xF966,0xF966,1,"6188EBF2F0020001000066F9"
475,179359900,179413834,179641419,179611929,179627807,179627809,179641419,179411786,179645515,"decoded_payload_last_chip",1,243.345586,243.654268,262,-0.000000,-1656.962179,"Decawave DW-8",0.959127,1,12,0x6568,0x6568,1,"6188ECF2F002000100006865"
476,179738400,179792305,180019889,179990399,180006278,180006279,180019889,179790257,180023985,"decoded_payload_last_chip",1,243.858921,244.167601,262,0.000000,-1672.160870,"Decawave DW-8",0.958727,1,12,0xE4D7,0xE4D7,1,"6188EDF2F00200010000D7E4"
477,180116800,180170775,180398359,180368869,180384748,180384749,180398359,180168727,180402455,"decoded_payload_last_chip",1,244.372253,244.680934,262,0.000000,-1640.058972,"Decawave DW-8",0.959679,1,12,0x6E07,0x6E07,1,"6188EEF2F00200010000076E"
478,180495300,180549245,180776830,180747340,180763218,180763220,180776830,180547197,180780926,"decoded_payload_last_chip",1,244.885586,245.194268,262,-0.000000,-1658.984736,"Decawave DW-8",0.959137,1,12,0xEFB8,0xEFB8,1,"6188EFF2F00200010000B8EF"
479,180873800,180927716,181155300,181125810,181141689,181141690,181155300,180925668,181159396,"decoded_payload_last_chip",1,245.398920,245.707601,262,0.000000,-1615.280859,"Decawave DW-8",0.959231,1,12,0x0572,0x0572,1,"6188F0F2F002000100007205"
480,181252200,181306187,181533771,181504281,181520160,181520161,181533771,181304139,181537867,"decoded_payload_last_chip",1,245.912255,246.220935,262,0.000000,-1633.254639,"Decawave DW-8",0.959549,1,12,0x84CD,0x84CD,1,"6188F1F2F00200010000CD84"
481,181630700,181684657,181912241,181882752,181898630,181898632,181912241,181682609,181916337,"decoded_payload_last_chip",1,246.425587,246.734268,262,0.000000,-1638.865736,"Decawave DW-8",0.959114,1,12,0x0E1D,0x0E1D,1,"6188F2F2F002000100001D0E"
482,182009300,182063127,182290711,182261222,182277100,182277102,182290711,182061079,182294807,"decoded_payload_last_chip",1,246.938920,247.247601,262,0.000000,-1686.875243,"Decawave DW-8",0.959859,1,12,0x8FA2,0x8FA2,1,"6188F3F2F00200010000A28F"
483,182387600,182441598,182669182,182639692,182655571,182655572,182669182,182439550,182673278,"decoded_payload_last_chip",1,247.452254,247.760935,262,-0.000000,-1649.682215,"Decawave DW-8",0.959403,1,12,0x13AC,0x13AC,1,"6188F4F2F00200010000AC13"
484,182766100,182820068,183047652,183018163,183034041,183034043,183047652,182818020,183051748,"decoded_payload_last_chip",1,247.965587,248.274268,262,0.000000,-1641.997747,"Decawave DW-8",0.959463,1,12,0x9213,0x9213,1,"6188F5F2F002000100001392"
485,183144600,183198539,183426123,183396633,183412512,183412513,183426123,183196491,183430219,"decoded_payload_last_chip",1,248.478921,248.787602,262,0.000000,-1653.406285,"Decawave DW-8",0.959550,1,12,0x18C3,0x18C3,1,"6188F6F2F00200010000C318"
486,183523200,183577009,183804594,183775104,183790982,183790984,183804594,183574961,183808690,"decoded_payload_last_chip",1,248.992254,249.300936,262,0.000000,-1661.541431,"Decawave DW-8",0.959695,1,12,0x997C,0x997C,1,"6188F7F2F002000100007C99"
487,183901500,183955480,184183064,184153575,184169453,184169454,184183064,183953432,184187160,"decoded_payload_last_chip",1,249.505588,249.814269,262,0.000000,-1639.848984,"Decawave DW-8",0.958707,1,12,0x28CE,0x28CE,1,"6188F8F2F00200010000CE28"
488,184280100,184333951,184561535,184532045,184547924,184547925,184561535,184331903,184565631,"decoded_payload_last_chip",1,250.018922,250.327603,262,-0.000000,-1664.463657,"Decawave DW-8",0.959638,1,12,0xA971,0xA971,1,"6188F9F2F0020001000071A9"
489,184658500,184712421,184940005,184910516,184926394,184926395,184940005,184710373,184944101,"decoded_payload_last_chip",1,250.532255,250.840936,262,0.000000,-1612.676692,"Decawave DW-8",0.959372,1,12,0x23A1,0x23A1,1,"6188FAF2F00200010000A123"
490,185036900,185090891,185318476,185288987,185304865,185304867,185318476,185088843,185322572,"decoded_payload_last_chip",1,251.045588,251.354270,262,4.818463,-1872.883204,"Decawave DW-8",0.958258,1,12,0xA21E,0xA21E,1,"6188FBF2F002000100001EA2"
491,185415400,185469362,185696947,185667457,185683335,185683337,185696947,185467314,185701043,"decoded_payload_last_chip",1,251.558922,251.867604,262,0.000000,-1642.804050,"Decawave DW-8",0.958850,1,12,0x3E10,0x3E10,1,"6188FCF2F00200010000103E"
492,185794000,185847832,186075417,186045927,186061805,186061807,186075417,185845784,186079513,"decoded_payload_last_chip",1,252.072255,252.380937,262,0.000000,-1645.539582,"Decawave DW-8",0.959307,1,12,0xBFAF,0xBFAF,1,"6188FDF2F00200010000AFBF"
493,186172600,186226303,186453887,186424398,186440276,186440278,186453887,186224255,186457983,"decoded_payload_last_chip",1,252.585589,252.894269,262,0.000000,-1675.609919,"Decawave DW-8",0.959045,1,12,0x357F,0x357F,1,"6188FEF2F002000100007F35"
494,186550800,186604773,186832358,186802868,186818746,186818748,186832358,186602725,186836454,"decoded_payload_last_chip",1,253.098922,253.407604,262,0.000000,-1671.723440,"Decawave DW-8",0.958495,1,12,0xB4C0,0xB4C0,1,"6188FFF2F00200010000C0B4"
495,186929300,186983244,187210828,187181338,187197217,187197218,187210828,186981196,187214924,"decoded_payload_last_chip",1,253.612256,253.920936,262,0.000000,-1647.532777,"Decawave DW-8",0.959736,1,12,0x46E9,0x46E9,1,"618800F2F00200010000E946"
496,187307924,187361714,187589299,187559809,187575687,187575689,187589299,187359666,187593395,"decoded_payload_last_chip",1,254.125589,254.434271,262,0.000000,-1655.130342,"Decawave DW-8",0.959679,1,12,0xC756,0xC756,1,"618801F2F0020001000056C7"
497,187686400,187740185,187967769,187938280,187954158,187954160,187967769,187738137,187971865,"decoded_payload_last_chip",1,254.638923,254.947603,262,0.000000,-1643.357488,"Decawave DW-8",0.959693,1,12,0x4D86,0x4D86,1,"618802F2F00200010000864D"
498,188064700,188118656,188346240,188316750,188332629,188332630,188346240,188116608,188350336,"decoded_payload_last_chip",1,255.152257,255.460937,262,0.000000,-1635.066597,"Decawave DW-8",0.959207,1,12,0xCC39,0xCC39,1,"618803F2F0020001000039CC"
499,188443300,188497126,188724710,188695220,188711099,188711100,188724710,188495078,188728806,"decoded_payload_last_chip",1,255.665590,255.974270,262,0.000000,-1633.141504,"Decawave DW-8",0.960098,1,12,0x5037,0x5037,1,"618804F2F002000100003750"
500,188821600,188875596,189103181,189073691,189089569,189089571,189103181,188873548,189107277,"decoded_payload_last_chip",1,256.178923,256.487604,262,0.000000,-1670.642579,"Decawave DW-8",0.959101,1,12,0xD188,0xD188,1,"618805F2F0020001000088D1"
501,189200200,189254067,189481651,189452162,189468040,189468041,189481651,189252019,189485747,"decoded_payload_last_chip",1,256.692257,257.000937,262,0.000000,-1623.901441,"Decawave DW-8",0.959537,1,12,0x5B58,0x5B58,1,"618806F2F00200010000585B"
502,189578600,189632537,189860121,189830632,189846510,189846512,189860121,189630489,189864217,"decoded_payload_last_chip",1,257.205589,257.514270,262,0.000000,-1653.248709,"Decawave DW-8",0.959465,1,12,0xDAE7,0xDAE7,1,"618807F2F00200010000E7DA"
503,189957200,190011008,190238592,190209103,190224981,190224982,190238592,190008960,190242688,"decoded_payload_last_chip",1,257.718924,258.027604,262,0.000000,-1651.199748,"Decawave DW-8",0.959290,1,12,0x6B55,0x6B55,1,"618808F2F00200010000556B"
504,190335600,190389478,190617062,190587573,190603451,190603453,190617062,190387430,190621158,"decoded_payload_last_chip",1,258.232256,258.540937,262,0.000000,-1667.791306,"Decawave DW-8",0.959649,1,12,0xEAEA,0xEAEA,1,"618809F2F00200010000EAEA"
505,190714200,190767949,190995533,190966043,190981922,190981923,190995533,190765901,190999629,"decoded_payload_last_chip",1,258.745591,259.054271,262,0.000000,-1688.697872,"Decawave DW-8",0.959153,1,12,0x603A,0x603A,1,"61880AF2F002000100003A60"
506,191092500,191146420,191374004,191344514,191360392,191360394,191374004,191144372,191378100,"decoded_payload_last_chip",1,259.258925,259.567605,262,0.000000,-1646.927367,"Decawave DW-8",0.959499,1,12,0xE185,0xE185,1,"61880BF2F0020001000085E1"
507,191470900,191524890,191752474,191722984,191738863,191738864,191752474,191522842,191756570,"decoded_payload_last_chip",1,259.772257,260.080938,262,0.000000,-1616.006212,"Decawave DW-8",0.959648,1,12,0x7D8B,0x7D8B,1,"61880CF2F002000100008B7D"
508,191849400,191903360,192130944,192101455,192117333,192117335,192130944,191901312,192135040,"decoded_payload_last_chip",1,260.285590,260.594271,262,0.000000,-1660.016305,"Decawave DW-8",0.959262,1,12,0xFC34,0xFC34,1,"61880DF2F0020001000034FC"
509,192228000,192281831,192509415,192479925,192495804,192495805,192509415,192279783,192513511,"decoded_payload_last_chip",1,260.798924,261.107605,262,0.000000,-1656.343054,"Decawave DW-8",0.959692,1,12,0x76E4,0x76E4,1,"61880EF2F00200010000E476"
510,192606600,192660302,192887886,192858396,192874275,192874276,192887886,192658254,192891982,"decoded_payload_last_chip",1,261.312259,261.620939,262,0.000000,-1648.109467,"Decawave DW-8",0.959582,1,12,0xF75B,0xF75B,1,"61880FF2F002000100005BF7"
511,192984800,193038772,193266356,193236866,193252745,193252746,193266356,193036724,193270452,"decoded_payload_last_chip",1,261.825591,262.134272,262,0.000000,-1651.370841,"Decawave DW-8",0.959633,1,12,0x1D91,0x1D91,1,"618810F2F00200010000911D"
512,193363300,193417242,193644827,193615337,193631215,193631217,193644827,193415194,193648923,"decoded_payload_last_chip",1,262.338924,262.647606,262,0.000000,-1639.270309,"Decawave DW-8",0.959414,1,12,0x9C2E,0x9C2E,1,"618811F2F002000100002E9C"
513,193742200,193795713,194023297,193993807,194009686,194009687,194023297,193793665,194027393,"decoded_payload_last_chip",1,262.852258,263.160939,262,0.000000,-1667.871603,"Decawave DW-8",0.959579,1,12,0x16FE,0x16FE,1,"618812F2F00200010000FE16"
514,194120200,194174184,194401768,194372278,194388157,194388158,194401768,194172136,194405864,"decoded_payload_last_chip",1,263.365592,263.674273,262,0.000000,-1672.297980,"Decawave DW-8",0.959104,1,12,0x9741,0x9741,1,"618813F2F002000100004197"
515,194498700,194552654,194780238,194750749,194766627,194766629,194780238,194550606,194784334,"decoded_payload_last_chip",1,263.878925,264.187606,262,0.000000,-1640.732880,"Decawave DW-8",0.959329,1,12,0x0B4F,0x0B4F,1,"618814F2F002000100004F0B"
516,194877200,194931125,195158709,195129219,195145098,195145099,195158709,194929077,195162805,"decoded_payload_last_chip",1,264.392259,264.700940,262,0.000000,-1627.421725,"Decawave DW-8",0.959963,1,12,0x8AF0,0x8AF0,1,"618815F2F00200010000F08A"
517,195255600,195309595,195537179,195507689,195523568,195523569,195537179,195307547,195541275,"decoded_payload_last_chip",1,264.905592,265.214273,262,0.000000,-1631.880628,"Decawave DW-8",0.958921,1,12,0x0020,0x0020,1,"618816F2F002000100002000"
518,195634200,195688066,195915650,195886160,195902039,195902040,195915650,195686018,195919746,"decoded_payload_last_chip",1,265.418926,265.727607,262,0.000000,-1640.317585,"Decawave DW-8",0.958935,1,12,0x819F,0x819F,1,"618817F2F002000100009F81"
519,196012600,196066536,196294120,196264630,196280509,196280510,196294120,196064488,196298216,"decoded_payload_last_chip",1,265.932259,266.240940,262,0.000000,-1643.774799,"Decawave DW-8",0.959893,1,12,0x302D,0x302D,1,"618818F2F002000100002D30"
520,196391100,196445006,196672590,196643101,196658979,196658981,196672590,196442958,196676686,"decoded_payload_last_chip",1,266.445592,266.754272,262,-0.000000,-1642.149859,"Decawave DW-8",0.959105,1,12,0xB192,0xB192,1,"618819F2F0020001000092B1"
521,196769500,196823477,197051061,197021572,197037450,197037452,197051061,196821429,197055157,"decoded_payload_last_chip",1,266.958926,267.267607,262,-0.000000,-1644.741805,"Decawave DW-8",0.959486,1,12,0x3B42,0x3B42,1,"61881AF2F00200010000423B"
522,197148000,197201948,197429532,197400042,197415920,197415922,197429532,197199900,197433628,"decoded_payload_last_chip",1,267.472260,267.780941,262,0.000000,-1658.983626,"Decawave DW-8",0.959637,1,12,0xBAFD,0xBAFD,1,"61881BF2F00200010000FDBA"
523,197526500,197580418,197808002,197778513,197794391,197794392,197808002,197578370,197812098,"decoded_payload_last_chip",1,267.985593,268.294274,262,-0.000000,-1621.633140,"Decawave DW-8",0.959223,1,12,0x26F3,0x26F3,1,"61881CF2F00200010000F326"
524,197904900,197958888,198186472,198156983,198172861,198172863,198186472,197956840,198190568,"decoded_payload_last_chip",1,268.498926,268.807606,262,0.000000,-1637.502348,"Decawave DW-8",0.959775,1,12,0xA74C,0xA74C,1,"61881DF2F002000100004CA7"
525,198283400,198337359,198564943,198535453,198551332,198551333,198564943,198335311,198569039,"decoded_payload_last_chip",1,269.012260,269.320940,262,0.000000,-1682.758750,"Decawave DW-8",0.959234,1,12,0x2D9C,0x2D9C,1,"61881EF2F002000100009C2D"
526,198662000,198715829,198943414,198913924,198929802,198929804,198943414,198713781,198947510,"decoded_payload_last_chip",1,269.525593,269.834275,262,0.000000,-1649.705414,"Decawave DW-8",0.959390,1,12,0xAC23,0xAC23,1,"61881FF2F0020001000023AC"
527,199040300,199094300,199321884,199292395,199308273,199308274,199321884,199092252,199325980,"decoded_payload_last_chip",1,270.038927,270.347607,262,0.000000,-1655.503205,"Decawave DW-8",0.959594,1,12,0xF019,0xF019,1,"618820F2F0020001000019F0"
528,199418800,199472770,199700355,199670865,199686743,199686745,199700355,199470722,199704451,"decoded_payload_last_chip",1,270.552260,270.860942,262,0.000000,-1643.267058,"Decawave DW-8",0.959728,1,12,0x71A6,0x71A6,1,"618821F2F00200010000A671"
529,199797300,199851241,200078825,200049335,200065214,200065215,200078825,199849193,200082921,"decoded_payload_last_chip",1,271.065594,271.374274,262,0.000000,-1640.516239,"Decawave DW-8",0.959623,1,12,0xFB76,0xFB76,1,"618822F2F0020001000076FB"
530,200175900,200229712,200457296,200427806,200443685,200443686,200457296,200227664,200461392,"decoded_payload_last_chip",1,271.578928,271.887609,262,0.000000,-1651.985402,"Decawave DW-8",0.958864,1,12,0x7AC9,0x7AC9,1,"618823F2F00200010000C97A"
531,200554200,200608182,200835766,200806277,200822155,200822157,200835766,200606134,200839862,"decoded_payload_last_chip",1,272.092261,272.400941,262,2.840378,-1790.482983,"Decawave DW-8",0.960178,1,12,0xE6C7,0xE6C7,1,"618824F2F00200010000C7E6"
532,200931404,200986652,201214237,201184747,201200626,201200627,201214237,200984604,201218333,"decoded_payload_last_chip",1,272.605594,272.914275,262,2.796048,-1717.391312,"Decawave DW-8",0.959910,1,12,0x6778,0x6778,1,"618825F2F002000100007867"
533,201311200,201365123,201592707,201563218,201579096,201579098,201592707,201363075,201596803,"decoded_payload_last_chip",1,273.118928,273.427608,262,0.000000,-1639.901344,"Decawave DW-8",0.959311,1,12,0xEDA8,0xEDA8,1,"618826F2F00200010000A8ED"
534,201689600,201743593,201971178,201941688,201957566,201957568,201971178,201741545,201975274,"decoded_payload_last_chip",1,273.632260,273.940942,262,0.000000,-1677.147027,"Decawave DW-8",0.959151,1,12,0x6C17,0x6C17,1,"618827F2F00200010000176C"
535,202068100,202122064,202349648,202320158,202336037,202336038,202349648,202120016,202353744,"decoded_payload_last_chip",1,274.145595,274.454275,262,0.000000,-1638.751974,"Decawave DW-8",0.959718,1,12,0xDDA5,0xDDA5,1,"618828F2F00200010000A5DD"
536,202446600,202500534,202728119,202698629,202714507,202714509,202728119,202498486,202732215,"decoded_payload_last_chip",1,274.658927,274.967609,262,-0.000000,-1658.716878,"Decawave DW-8",0.959445,1,12,0x5C1A,0x5C1A,1,"618829F2F002000100001A5C"
537,202825100,202879005,203106589,203077099,203092978,203092979,203106589,202876957,203110685,"decoded_payload_last_chip",1,275.172262,275.480942,262,0.000000,-1655.474947,"Decawave DW-8",0.959584,1,12,0xD6CA,0xD6CA,1,"61882AF2F00200010000CAD6"
538,203203500,203257476,203485060,203455570,203471449,203471450,203485060,203255428,203489156,"decoded_payload_last_chip",1,275.685596,275.994276,262,0.000000,-1628.942993,"Decawave DW-8",0.959109,1,12,0x5775,0x5775,1,"61882BF2F002000100007557"
539,203582000,203635946,203863530,203834041,203849919,203849920,203863530,203633898,203867626,"decoded_payload_last_chip",1,276.198928,276.507609,262,0.000000,-1636.863734,"Decawave DW-8",0.959378,1,12,0xCB7B,0xCB7B,1,"61882CF2F002000100007BCB"
540,203960500,204014417,204242001,204212511,204228389,204228391,204242001,204012369,204246097,"decoded_payload_last_chip",1,276.712263,277.020943,262,0.000000,-1630.089423,"Decawave DW-8",0.959166,1,12,0x4AC4,0x4AC4,1,"61882DF2F00200010000C44A"
541,204338900,204392887,204620471,204590981,204606860,204606861,204620471,204390839,204624567,"decoded_payload_last_chip",1,277.225595,277.534276,262,0.000000,-1620.938989,"Decawave DW-8",0.959951,1,12,0xC014,0xC014,1,"61882EF2F0020001000014C0"
542,204717400,204771357,204998941,204969452,204985330,204985332,204998941,204769309,205003037,"decoded_payload_last_chip",1,277.738928,278.047609,262,0.000000,-1656.607110,"Decawave DW-8",0.959686,1,12,0x41AB,0x41AB,1,"61882FF2F00200010000AB41"
543,205094988,205149828,205377412,205347922,205363801,205363802,205377412,205147780,205381508,"decoded_payload_last_chip",1,278.252262,278.560943,262,0.000000,-1656.514105,"Decawave DW-8",0.959702,1,12,0xAB61,0xAB61,1,"618830F2F0020001000061AB"
544,205474300,205528299,205755883,205726393,205742271,205742273,205755883,205526251,205759979,"decoded_payload_last_chip",1,278.765597,279.074277,262,0.000000,-1657.014092,"Decawave DW-8",0.959577,1,12,0x2ADE,0x2ADE,1,"618831F2F00200010000DE2A"
545,205852800,205906769,206134353,206104864,206120742,206120743,206134353,205904721,206138449,"decoded_payload_last_chip",1,279.278929,279.587610,262,0.000000,-1622.641215,"Decawave DW-8",0.959508,1,12,0xA00E,0xA00E,1,"618832F2F002000100000EA0"
546,206231300,206285239,206512824,206483334,206499212,206499214,206512824,206283191,206516920,"decoded_payload_last_chip",1,279.792262,280.100944,262,0.000000,-1650.632538,"Decawave DW-8",0.959139,1,12,0x21B1,0x21B1,1,"618833F2F00200010000B121"
547,206609800,206663710,206891294,206861804,206877683,206877684,206891294,206661662,206895390,"decoded_payload_last_chip",1,280.305596,280.614277,262,0.000000,-1637.646503,"Decawave DW-8",0.959978,1,12,0xBDBF,0xBDBF,1,"618834F2F00200010000BFBD"
548,206988200,207042180,207269764,207240275,207256153,207256154,207269764,207040132,207273860,"decoded_payload_last_chip",1,280.818929,281.127610,262,0.000000,-1668.181841,"Decawave DW-8",0.959903,1,12,0x3C00,0x3C00,1,"618835F2F00200010000003C"
549,207366700,207420651,207648235,207618745,207634623,207634625,207648235,207418603,207652331,"decoded_payload_last_chip",1,281.332263,281.640944,262,0.000000,-1639.131620,"Decawave DW-8",0.959444,1,12,0xB6D0,0xB6D0,1,"618836F2F00200010000D0B6"
550,207745200,207799122,208026706,207997216,208013095,208013096,208026706,207797074,208030802,"decoded_payload_last_chip",1,281.845597,282.154278,262,0.570374,-1684.161838,"Decawave DW-8",0.963287,1,12,0x376F,0x376F,1,"618837F2F002000100006F37"
551,208123600,208177592,208405176,208375686,208391565,208391566,208405176,208175544,208409272,"decoded_payload_last_chip",1,282.358930,282.667611,262,0.000000,-1631.897803,"Decawave DW-8",0.959610,1,12,0x86DD,0x86DD,1,"618838F2F00200010000DD86"
552,208502100,208556062,208783647,208754157,208770035,208770037,208783647,208554014,208787743,"decoded_payload_last_chip",1,282.872263,283.180945,262,0.000000,-1644.011093,"Decawave DW-8",0.959369,1,12,0x0762,0x0762,1,"618839F2F002000100006207"
553,208880600,208934533,209162117,209132627,209148506,209148507,209162117,208932485,209166213,"decoded_payload_last_chip",1,283.385597,283.694278,262,0.000000,-1631.758580,"Decawave DW-8",0.959403,1,12,0x8DB2,0x8DB2,1,"61883AF2F00200010000B28D"
554,209259300,209313003,209540587,209511098,209526976,209526978,209540587,209310955,209544683,"decoded_payload_last_chip",1,283.898930,284.207610,262,0.000000,-1640.405553,"Decawave DW-8",0.959119,1,12,0x0C0D,0x0C0D,1,"61883BF2F002000100000D0C"
555,209637500,209691474,209919058,209889569,209905447,209905449,209919058,209689426,209923154,"decoded_payload_last_chip",1,284.412264,284.720945,262,0.000000,-1617.732894,"Decawave DW-8",0.959819,1,12,0x9003,0x9003,1,"61883CF2F002000100000390"
556,210016000,210069945,210297529,210268039,210283918,210283919,210297529,210067897,210301625,"decoded_payload_last_chip",1,284.925598,285.234279,262,0.000000,-1658.138947,"Decawave DW-8",0.959976,1,12,0x11BC,0x11BC,1,"61883DF2F00200010000BC11"
557,210394600,210448415,210675999,210646509,210662388,210662389,210675999,210446367,210680095,"decoded_payload_last_chip",1,285.438931,285.747611,262,0.000000,-1642.149802,"Decawave DW-8",0.959873,1,12,0x9B6C,0x9B6C,1,"61883EF2F002000100006C9B"
558,210773100,210826885,211054469,211024980,211040858,211040860,211054469,210824837,211058565,"decoded_payload_last_chip",1,285.952264,286.260944,262,0.000000,-1658.239693,"Decawave DW-8",0.959804,1,12,0x1AD3,0x1AD3,1,"61883FF2F00200010000D31A"
559,211151400,211205356,211432940,211403450,211419329,211419330,211432940,211203308,211437036,"decoded_payload_last_chip",1,286.465598,286.774278,262,0.000000,-1679.024284,"Decawave DW-8",0.959542,1,12,0x2318,0x2318,1,"618840F2F002000100001823"
560,211530200,211583826,211811411,211781921,211797799,211797801,211811411,211581778,211815507,"decoded_payload_last_chip",1,286.978931,287.287613,262,0.000000,-1638.092863,"Decawave DW-8",0.959627,1,12,0xA2A7,0xA2A7,1,"618841F2F00200010000A7A2"
561,211908300,211962297,212189881,212160392,212176270,212176271,212189881,211960249,212193977,"decoded_payload_last_chip",1,287.492265,287.800945,262,0.000000,-1662.373331,"Decawave DW-8",0.959890,1,12,0x2877,0x2877,1,"618842F2F002000100007728"
562,212287000,212340767,212568352,212538862,212554740,212554742,212568352,212338719,212572448,"decoded_payload_last_chip",1,288.005598,288.314280,262,0.000000,-1643.224743,"Decawave DW-8",0.960063,1,12,0xA9C8,0xA9C8,1,"618843F2F00200010000C8A9"
563,212665300,212719238,212946822,212917332,212933211,212933212,212946822,212717190,212950918,"decoded_payload_last_chip",1,288.518932,288.827612,262,0.000000,-1646.168090,"Decawave DW-8",0.959498,1,12,0x35C6,0x35C6,1,"618844F2F00200010000C635"
564,213043900,213097708,213325292,213295803,213311681,213311682,213325292,213095660,213329388,"decoded_payload_last_chip",1,289.032265,289.340945,262,0.000000,-1673.754116,"Decawave DW-8",0.959704,1,12,0xB479,0xB479,1,"618845F2F0020001000079B4"
565,213422300,213476179,213703763,213674273,213690152,213690153,213703763,213474131,213707859,"decoded_payload_last_chip",1,289.545599,289.854279,262,-0.000000,-1663.670742,"Decawave DW-8",0.959390,1,12,0x3EA9,0x3EA9,1,"618846F2F00200010000A93E"
566,213800900,213854649,214082234,214052744,214068623,214068624,214082234,213852601,214086330,"decoded_payload_last_chip",1,290.058931,290.367613,262,4.626368,-1869.855822,"Decawave DW-8",0.960376,1,12,0xBF16,0xBF16,1,"618847F2F0020001000016BF"
567,214179200,214233120,214460704,214431214,214447092,214447094,214460704,214231072,214464800,"decoded_payload_last_chip",1,290.572266,290.880946,262,0.000000,-1633.425237,"Decawave DW-8",0.959522,1,12,0x0EA4,0x0EA4,1,"618848F2F00200010000A40E"
568,214557600,214611590,214839175,214809685,214825563,214825565,214839175,214609542,214843271,"decoded_payload_last_chip",1,291.085598,291.394280,262,0.000000,-1663.370631,"Decawave DW-8",0.959831,1,12,0x8F1B,0x8F1B,1,"618849F2F002000100001B8F"
569,214936100,214990061,215217645,215188155,215204034,215204035,215217645,214988013,215221741,"decoded_payload_last_chip",1,291.598933,291.907613,262,0.000000,-1628.495989,"Decawave DW-8",0.959438,1,12,0x05CB,0x05CB,1,"61884AF2F00200010000CB05"
570,215314700,215368531,215596116,215566626,215582505,215582506,215596116,215366483,215600212,"decoded_payload_last_chip",1,292.112265,292.420947,262,4.827657,-1854.010106,"Decawave DW-8",0.958337,1,12,0x8474,0x8474,1,"61884BF2F002000100007484"
571,215693300,215747002,215974586,215945096,215960975,215960976,215974586,215744954,215978682,"decoded_payload_last_chip",1,292.625600,292.934280,262,0.000000,-1629.052218,"Decawave DW-8",0.959901,1,12,0x187A,0x187A,1,"61884CF2F002000100007A18"
572,216071500,216125472,216353056,216323566,216339445,216339446,216353056,216123424,216357152,"decoded_payload_last_chip",1,293.138932,293.447613,262,0.000000,-1659.833701,"Decawave DW-8",0.959177,1,12,0x99C5,0x99C5,1,"61884DF2F00200010000C599"
573,216450200,216503943,216731527,216702038,216717916,216717917,216731527,216501895,216735623,"decoded_payload_last_chip",1,293.652266,293.960947,262,0.000000,-1646.397393,"Decawave DW-8",0.959481,1,12,0x1315,0x1315,1,"61884EF2F002000100001513"
574,216826420,216882413,217109997,217080508,217096386,217096388,217109997,216880365,217114093,"decoded_payload_last_chip",1,294.165599,294.474280,262,0.000000,-1658.556017,"Decawave DW-8",0.959634,1,12,0x92AA,0x92AA,1,"61884FF2F00200010000AA92"
575,217206500,217260884,217488468,217458979,217474857,217474858,217488468,217258836,217492564,"decoded_payload_last_chip",1,294.678933,294.987614,262,0.000000,-1658.000258,"Decawave DW-8",0.960168,1,12,0x7860,0x7860,1,"618850F2F002000100006078"
576,217585400,217639354,217866938,217837449,217853327,217853329,217866938,217637306,217871034,"decoded_payload_last_chip",1,295.192266,295.500947,262,0.000000,-1645.065875,"Decawave DW-8",0.959493,1,12,0xF9DF,0xF9DF,1,"618851F2F00200010000DFF9"
577,217963900,218017825,218245409,218215919,218231798,218231799,218245409,218015777,218249505,"decoded_payload_last_chip",1,295.705600,296.014281,262,0.000000,-1640.324476,"Decawave DW-8",0.959505,1,12,0x730F,0x730F,1,"618852F2F002000100000F73"
578,218342300,218396296,218623880,218594390,218610268,218610270,218623880,218394248,218627976,"decoded_payload_last_chip",1,296.218934,296.527615,262,0.000000,-1602.242894,"Decawave DW-8",0.959546,1,12,0xF2B0,0xF2B0,1,"618853F2F00200010000B0F2"
579,218719600,218774766,219002350,218972861,218988739,218988740,219002350,218772718,219006446,"decoded_payload_last_chip",1,296.732267,297.040948,262,0.000000,-1641.673698,"Decawave DW-8",0.959838,1,12,0x6EBE,0x6EBE,1,"618854F2F00200010000BE6E"
580,219099300,219153236,219380821,219351331,219367209,219367211,219380821,219151188,219384917,"decoded_payload_last_chip",1,297.245600,297.554282,262,0.000000,-1660.013246,"Decawave DW-8",0.959489,1,12,0xEF01,0xEF01,1,"618855F2F0020001000001EF"
581,219477800,219531707,219759291,219729801,219745680,219745681,219759291,219529659,219763387,"decoded_payload_last_chip",1,297.758934,298.067615,262,0.000000,-1647.780159,"Decawave DW-8",0.959454,1,12,0x65D1,0x65D1,1,"618856F2F00200010000D165"
582,219856200,219910177,220137761,220108272,220124150,220124152,220137761,219908129,220141857,"decoded_payload_last_chip",1,298.272267,298.580948,262,-0.000000,-1654.120856,"Decawave DW-8",0.959936,1,12,0xE46E,0xE46E,1,"618857F2F002000100006EE4"
583,220234700,220288648,220516232,220486742,220502620,220502622,220516232,220286600,220520328,"decoded_payload_last_chip",1,298.785601,299.094282,262,0.000000,-1642.376616,"Decawave DW-8",0.958799,1,12,0x55DC,0x55DC,1,"618858F2F00200010000DC55"
584,220613200,220667118,220894702,220865213,220881091,220881092,220894702,220665070,220898798,"decoded_payload_last_chip",1,299.298934,299.607614,262,-0.000000,-1651.280328,"Decawave DW-8",0.959641,1,12,0xD463,0xD463,1,"618859F2F0020001000063D4"
585,220991600,221045589,221273173,221243683,221259562,221259563,221273173,221043541,221277269,"decoded_payload_last_chip",1,299.812268,300.120949,262,0.000000,-1631.157196,"Decawave DW-8",0.959620,1,12,0x5EB3,0x5EB3,1,"61885AF2F00200010000B35E"
586,221370100,221424059,221651644,221622154,221638032,221638034,221651644,221422011,221655740,"decoded_payload_last_chip",1,300.325601,300.634283,262,0.000000,-1642.884733,"Decawave DW-8",0.959941,1,12,0xDF0C,0xDF0C,1,"61885BF2F002000100000CDF"
587,221748600,221802530,222030114,222000624,222016503,222016504,222030114,221800482,222034210,"decoded_payload_last_chip",1,300.838935,301.147616,262,-0.000000,-1647.494038,"Decawave DW-8",0.959075,1,12,0x4302,0x4302,1,"61885CF2F002000100000243"
588,222127000,222181000,222408584,222379095,222394973,222394974,222408584,222178952,222412680,"decoded_payload_last_chip",1,301.352268,301.660948,262,-0.000000,-1674.700845,"Decawave DW-8",0.959844,1,12,0xC2BD,0xC2BD,1,"61885DF2F00200010000BDC2"
589,222505500,222559470,222787055,222757565,222773443,222773445,222787055,222557422,222791151,"decoded_payload_last_chip",1,301.865601,302.174282,262,0.000000,-1653.369336,"Decawave DW-8",0.959214,1,12,0x486D,0x486D,1,"61885EF2F002000100006D48"
590,222884000,222937941,223165525,223136035,223151914,223151915,223165525,222935893,223169621,"decoded_payload_last_chip",1,302.378935,302.687615,262,0.000000,-1651.892729,"Decawave DW-8",0.959167,1,12,0xC9D2,0xC9D2,1,"61885FF2F00200010000D2C9"
591,223262600,223316412,223543996,223514506,223530385,223530386,223543996,223314364,223548092,"decoded_payload_last_chip",1,302.892269,303.200949,262,0.000000,-1668.245590,"Decawave DW-8",0.959747,1,12,0x95E8,0x95E8,1,"618860F2F00200010000E895"
592,223640900,223694882,223922467,223892977,223908855,223908857,223922467,223692834,223926563,"decoded_payload_last_chip",1,303.405602,303.714284,262,0.000000,-1626.039875,"Decawave DW-8",0.959459,1,12,0x1457,0x1457,1,"618861F2F002000100005714"
593,224019400,224073353,224300937,224271447,224287326,224287327,224300937,224071305,224305033,"decoded_payload_last_chip",1,303.918936,304.227616,262,0.000000,-1647.891410,"Decawave DW-8",0.959740,1,12,0x9E87,0x9E87,1,"618862F2F00200010000879E"
594,224397900,224451823,224679407,224649918,224665796,224665798,224679407,224449775,224683503,"decoded_payload_last_chip",1,304.432269,304.740949,262,0.000000,-1658.786484,"Decawave DW-8",0.959500,1,12,0x1F38,0x1F38,1,"618863F2F00200010000381F"
595,224776300,224830293,225057878,225028388,225044266,225044268,225057878,224828245,225061974,"decoded_payload_last_chip",1,304.945601,305.254283,262,0.000000,-1621.055111,"Decawave DW-8",0.959296,1,12,0x8336,0x8336,1,"618864F2F002000100003683"
596,225154800,225208764,225436349,225406859,225422738,225422739,225436349,225206716,225440445,"decoded_payload_last_chip",1,305.458936,305.767617,262,4.944556,-1871.132122,"Decawave DW-8",0.957713,1,12,0x0289,0x0289,1,"618865F2F002000100008902"
597,225533300,225587235,225814819,225785330,225801208,225801209,225814819,225585187,225818915,"decoded_payload_last_chip",1,305.972270,306.280950,262,0.000000,-1633.670063,"Decawave DW-8",0.959356,1,12,0x8859,0x8859,1,"618866F2F002000100005988"
598,225911800,225965705,226193290,226163800,226179678,226179680,226193290,225963657,226197386,"decoded_payload_last_chip",1,306.485602,306.794284,262,0.000000,-1644.232549,"Decawave DW-8",0.959669,1,12,0x09E6,0x09E6,1,"618867F2F00200010000E609"
599,226290200,226344176,226571760,226542270,226558149,226558150,226571760,226342128,226575856,"decoded_payload_last_chip",1,306.998937,307.307617,262,0.000000,-1666.705144,"Decawave DW-8",0.959832,1,12,0xB854,0xB854,1,"618868F2F0020001000054B8"
600,226668700,226722646,226950230,226920741,226936619,226936620,226950230,226720598,226954326,"decoded_payload_last_chip",1,307.512269,307.820950,262,0.000000,-1638.401386,"Decawave DW-8",0.960082,1,12,0x39EB,0x39EB,1,"618869F2F00200010000EB39"
601,227047200,227101117,227328701,227299211,227315089,227315091,227328701,227099069,227332797,"decoded_payload_last_chip",1,308.025604,308.334284,262,0.000000,-1658.615355,"Decawave DW-8",0.959896,1,12,0xB33B,0xB33B,1,"61886AF2F002000100003BB3"
602,227425600,227479587,227707172,227677682,227693560,227693562,227707172,227477539,227711268,"decoded_payload_last_chip",1,308.538936,308.847618,262,0.000000,-1632.252704,"Decawave DW-8",0.959873,1,12,0x3284,0x3284,1,"61886BF2F002000100008432"
603,227804100,227858058,228085642,228056152,228072031,228072032,228085642,227856010,228089738,"decoded_payload_last_chip",1,309.052271,309.360951,262,0.000000,-1622.486734,"Decawave DW-8",0.959672,1,12,0xAE8A,0xAE8A,1,"61886CF2F002000100008AAE"
604,228182700,228236528,228464112,228434622,228450501,228450502,228464112,228234480,228468208,"decoded_payload_last_chip",1,309.565603,309.874284,262,0.000000,-1630.619619,"Decawave DW-8",0.959690,1,12,0x2F35,0x2F35,1,"61886DF2F00200010000352F"
605,228561000,228614999,228842583,228813093,228828971,228828973,228842583,228612951,228846679,"decoded_payload_last_chip",1,310.078937,310.387618,262,0.000000,-1636.256584,"Decawave DW-8",0.959405,1,12,0xA5E5,0xA5E5,1,"61886EF2F00200010000E5A5"
606,228939500,228993469,229221053,229191564,229207442,229207443,229221053,228991421,229225149,"decoded_payload_last_chip",1,310.592270,310.900951,262,0.000000,-1665.282999,"Decawave DW-8",0.959362,1,12,0x245A,0x245A,1,"61886FF2F002000100005A24"
607,229318000,229371939,229599524,229570034,229585912,229585914,229599524,229369891,229603620,"decoded_payload_last_chip",1,311.105603,311.414285,262,0.000000,-1636.792200,"Decawave DW-8",0.960326,1,12,0xCE90,0xCE90,1,"618870F2F0020001000090CE"
608,229696600,229750410,229977994,229948505,229964383,229964385,229977994,229748362,229982090,"decoded_payload_last_chip",1,311.618937,311.927618,262,0.000000,-1663.482655,"Decawave DW-8",0.959494,1,12,0x4F2F,0x4F2F,1,"618871F2F002000100002F4F"
609,230074900,230128881,230356465,230326975,230342854,230342855,230356465,230126833,230360561,"decoded_payload_last_chip",1,312.132271,312.440952,262,0.000000,-1634.262646,"Decawave DW-8",0.959312,1,12,0xC5FF,0xC5FF,1,"618872F2F00200010000FFC5"
610,230453500,230507351,230734935,230705445,230721324,230721325,230734935,230505303,230739031,"decoded_payload_last_chip",1,312.645604,312.954285,262,0.000000,-1631.368890,"Decawave DW-8",0.959493,1,12,0x4440,0x4440,1,"618873F2F002000100004044"
611,230831900,230885822,231113406,231083916,231099795,231099796,231113406,230883774,231117502,"decoded_payload_last_chip",1,313.158938,313.467619,262,0.000000,-1643.259644,"Decawave DW-8",0.959748,1,12,0xD84E,0xD84E,1,"618874F2F002000100004ED8"
612,231209452,231264292,231491877,231462387,231478265,231478267,231491877,231262244,231495973,"decoded_payload_last_chip",1,313.672271,313.980953,262,0.000000,-1644.747080,"Decawave DW-8",0.959691,1,12,0x59F1,0x59F1,1,"618875F2F00200010000F159"
613,231588800,231642762,231870347,231840857,231856735,231856737,231870347,231640714,231874443,"decoded_payload_last_chip",1,314.185604,314.494286,262,0.000000,-1669.601084,"Decawave DW-8",0.959848,1,12,0xD321,0xD321,1,"618876F2F0020001000021D3"
614,231967300,232021233,232248817,232219327,232235206,232235207,232248817,232019185,232252913,"decoded_payload_last_chip",1,314.698938,315.007619,262,0.000000,-1649.380498,"Decawave DW-8",0.959628,1,12,0x529E,0x529E,1,"618877F2F002000100009E52"
615,232345800,232399703,232627289,232597799,232613677,232613679,232627289,232397655,232631385,"decoded_payload_last_chip",1,315.212271,315.520954,262,5.473884,-1914.341211,"Decawave DW-8",0.953496,1,12,0xE32C,0xE32C,1,"618878F2F002000100002CE3"
616,232724200,232778174,233005758,232976269,232992147,232992149,233005758,232776126,233009854,"decoded_payload_last_chip",1,315.725605,316.034285,262,0.000000,-1646.092920,"Decawave DW-8",0.959493,1,12,0x6293,0x6293,1,"618879F2F002000100009362"
617,233102800,233156645,233384229,233354739,233370618,233370619,233384229,233154597,233388325,"decoded_payload_last_chip",1,316.238939,316.547620,262,0.000000,-1647.651186,"Decawave DW-8",0.958815,1,12,0xE843,0xE843,1,"61887AF2F0020001000043E8"
618,233481300,233535115,233762700,233733210,233749088,233749090,233762700,233533067,233766796,"decoded_payload_last_chip",1,316.752272,317.060954,262,0.000000,-1650.844051,"Decawave DW-8",0.959955,1,12,0x69FC,0x69FC,1,"61887BF2F00200010000FC69"
619,233859600,233913586,234141171,234111681,234127559,234127561,234141171,233911538,234145267,"decoded_payload_last_chip",1,317.265606,317.574288,262,1.901904,-1692.281860,"Decawave DW-8",0.958513,1,12,0xF5F2,0xF5F2,1,"61887CF2F00200010000F2F5"
620,234238100,234292056,234519641,234490151,234506029,234506031,234519641,234290008,234523737,"decoded_payload_last_chip",1,317.778939,318.087621,262,-0.000000,-1639.468931,"Decawave DW-8",0.959266,1,12,0x744D,0x744D,1,"61887DF2F002000100004D74"
621,234616700,234670526,234898111,234868621,234884499,234884501,234898111,234668478,234902207,"decoded_payload_last_chip",1,318.292272,318.600954,262,0.000000,-1645.148351,"Decawave DW-8",0.959201,1,12,0xFE9D,0xFE9D,1,"61887EF2F002000100009DFE"
622,234995000,235048997,235276581,235247092,235262970,235262971,235276581,235046949,235280677,"decoded_payload_last_chip",1,318.805606,319.114286,262,0.000000,-1642.745151,"Decawave DW-8",0.959639,1,12,0x7F22,0x7F22,1,"61887FF2F00200010000227F"
623,235373500,235427468,235655052,235625562,235641440,235641442,235655052,235425420,235659148,"decoded_payload_last_chip",1,319.318940,319.627620,262,0.000000,-1666.022310,"Decawave DW-8",0.959283,1,12,0x8D0B,0x8D0B,1,"618880F2F002000100000B8D"
624,235750600,235805938,236033522,236004033,236019911,236019912,236033522,235803890,236037618,"decoded_payload_last_chip",1,319.832273,320.140953,262,0.000000,-1636.980061,"Decawave DW-8",0.959598,1,12,0x0CB4,0x0CB4,1,"618881F2F00200010000B40C"
625,236130600,236184409,236411993,236382503,236398382,236398383,236411993,236182361,236416089,"decoded_payload_last_chip",1,320.345607,320.654287,262,0.000000,-1629.237512,"Decawave DW-8",0.959814,1,12,0x8664,0x8664,1,"618882F2F002000100006486"
626,236509000,236562879,236790463,236760973,236776852,236776853,236790463,236560831,236794559,"decoded_payload_last_chip",1,320.858940,321.167620,262,0.000000,-1626.304703,"Decawave DW-8",0.959769,1,12,0x07DB,0x07DB,1,"618883F2F00200010000DB07"
627,236887600,236941350,237168934,237139444,237155323,237155324,237168934,236939302,237173030,"decoded_payload_last_chip",1,321.372274,321.680954,262,0.000000,-1634.447080,"Decawave DW-8",0.959800,1,12,0x9BD5,0x9BD5,1,"618884F2F00200010000D59B"
628,237265900,237319820,237547404,237517915,237533793,237533795,237547404,237317772,237551500,"decoded_payload_last_chip",1,321.885607,322.194287,262,0.000000,-1644.659044,"Decawave DW-8",0.959731,1,12,0x1A6A,0x1A6A,1,"618885F2F002000100006A1A"
629,237644300,237698290,237925875,237896385,237912263,237912265,237925875,237696242,237929971,"decoded_payload_last_chip",1,322.398939,322.707621,262,0.000000,-1667.800976,"Decawave DW-8",0.959672,1,12,0x90BA,0x90BA,1,"618886F2F00200010000BA90"
630,238022800,238076761,238304345,238274855,238290734,238290735,238304345,238074713,238308441,"decoded_payload_last_chip",1,322.912273,323.220954,262,0.000000,-1657.966496,"Decawave DW-8",0.959713,1,12,0x1105,0x1105,1,"618887F2F002000100000511"
631,238401400,238455232,238682816,238653326,238669205,238669206,238682816,238453184,238686912,"decoded_payload_last_chip",1,323.425608,323.734288,262,-0.000000,-1652.059490,"Decawave DW-8",0.959832,1,12,0xA0B7,0xA0B7,1,"618888F2F00200010000B7A0"
632,238780000,238833702,239061287,239031797,239047675,239047677,239061287,238831654,239065383,"decoded_payload_last_chip",1,323.938940,324.247622,262,0.000000,-1656.393864,"Decawave DW-8",0.959116,1,12,0x2108,0x2108,1,"618889F2F002000100000821"
633,239158200,239212173,239439757,239410267,239426146,239426147,239439757,239210125,239443853,"decoded_payload_last_chip",1,324.452275,324.760955,262,0.000000,-1645.053020,"Decawave DW-8",0.958978,1,12,0xABD8,0xABD8,1,"61888AF2F00200010000D8AB"
634,239536900,239590643,239818227,239788738,239804616,239804617,239818227,239588595,239822323,"decoded_payload_last_chip",1,324.965607,325.274288,262,0.000000,-1656.143143,"Decawave DW-8",0.959710,1,12,0x2A67,0x2A67,1,"61888BF2F00200010000672A"
635,239915500,239969114,240196698,240167208,240183087,240183088,240196698,239967066,240200794,"decoded_payload_last_chip",1,325.478942,325.787622,262,0.000000,-1619.452727,"Decawave DW-8",0.959528,1,12,0xB669,0xB669,1,"61888CF2F0020001000069B6"
636,240293600,240347584,240575168,240545678,240561557,240561558,240575168,240345536,240579264,"decoded_payload_last_chip",1,325.992274,326.300955,262,0.000000,-1657.463832,"Decawave DW-8",0.959600,1,12,0x37D6,0x37D6,1,"61888DF2F00200010000D637"
637,240672000,240726055,240953639,240924149,240940028,240940029,240953639,240724007,240957735,"decoded_payload_last_chip",1,326.505608,326.814289,262,0.000000,-1651.161389,"Decawave DW-8",0.959165,1,12,0xBD06,0xBD06,1,"61888EF2F0020001000006BD"
638,241050800,241104525,241332110,241302620,241318498,241318500,241332110,241102477,241336206,"decoded_payload_last_chip",1,327.018941,327.327623,262,-0.000000,-1623.506978,"Decawave DW-8",0.959755,1,12,0x3CB9,0x3CB9,1,"61888FF2F00200010000B93C"
639,241429000,241482996,241710580,241681090,241696968,241696970,241710580,241480948,241714676,"decoded_payload_last_chip",1,327.532275,327.840956,262,0.000000,-1680.576333,"Decawave DW-8",0.959691,1,12,0xD673,0xD673,1,"618890F2F0020001000073D6"
640,241807600,241861466,242089051,242059561,242075439,242075441,242089051,241859418,242093147,"decoded_payload_last_chip",1,328.045608,328.354290,262,-0.000000,-1643.836139,"Decawave DW-8",0.959240,1,12,0x57CC,0x57CC,1,"618891F2F00200010000CC57"
641,242186000,242239936,242467521,242438031,242453909,242453911,242467521,242237888,242471617,"decoded_payload_last_chip",1,328.558941,328.867623,262,0.000000,-1651.132248,"Decawave DW-8",0.959782,1,12,0xDD1C,0xDD1C,1,"618892F2F002000100001CDD"
642,242564500,242618407,242845991,242816501,242832380,242832381,242845991,242616359,242850087,"decoded_payload_last_chip",1,329.072275,329.380956,262,0.000000,-1653.478743,"Decawave DW-8",0.960191,1,12,0x5CA3,0x5CA3,1,"618893F2F00200010000A35C"
643,242942900,242996878,243224462,243194972,243210851,243210852,243224462,242994830,243228558,"decoded_payload_last_chip",1,329.585609,329.894290,262,0.000000,-1656.992532,"Decawave DW-8",0.959796,1,12,0xC0AD,0xC0AD,1,"618894F2F00200010000ADC0"
644,243321400,243375348,243602933,243573443,243589321,243589323,243602933,243373300,243607029,"decoded_payload_last_chip",1,330.098942,330.407624,262,-0.000000,-1650.119546,"Decawave DW-8",0.959342,1,12,0x4112,0x4112,1,"618895F2F002000100001241"
645,243699900,243753819,243981403,243951913,243967792,243967793,243981403,243751771,243985499,"decoded_payload_last_chip",1,330.612276,330.920957,262,0.000000,-1640.095588,"Decawave DW-8",0.959410,1,12,0xCBC2,0xCBC2,1,"618896F2F00200010000C2CB"
646,244078300,244132289,244359873,244330383,244346262,244346263,244359873,244130241,244363969,"decoded_payload_last_chip",1,331.125609,331.434290,262,0.000000,-1657.392240,"Decawave DW-8",0.960327,1,12,0x4A7D,0x4A7D,1,"618897F2F002000100007D4A"
647,244456800,244510759,244738344,244708854,244724732,244724734,244738344,244508711,244742440,"decoded_payload_last_chip",1,331.638942,331.947624,262,0.000000,-1629.403740,"Decawave DW-8",0.960170,1,12,0xFBCF,0xFBCF,1,"618898F2F00200010000CFFB"
648,244835400,244889230,245116814,245087325,245103203,245103205,245116814,244887182,245120910,"decoded_payload_last_chip",1,332.152276,332.460956,262,0.000000,-1646.116970,"Decawave DW-8",0.959638,1,12,0x7A70,0x7A70,1,"618899F2F00200010000707A"
649,245213700,245267701,245495285,245465795,245481674,245481675,245495285,245265653,245499381,"decoded_payload_last_chip",1,332.665610,332.974291,262,0.000000,-1650.116488,"Decawave DW-8",0.960201,1,12,0xF0A0,0xF0A0,1,"61889AF2F00200010000A0F0"
650,245592200,245646171,245873755,245844266,245860144,245860146,245873755,245644123,245877851,"decoded_payload_last_chip",1,333.178943,333.487623,262,0.000000,-1657.078034,"Decawave DW-8",0.959979,1,12,0x711F,0x711F,1,"61889BF2F002000100001F71"
651,245970700,246024642,246252226,246222736,246238615,246238616,246252226,246022594,246256322,"decoded_payload_last_chip",1,333.692277,334.000958,262,0.000000,-1644.532673,"Decawave DW-8",0.959759,1,12,0xED11,0xED11,1,"61889CF2F0020001000011ED"
652,246349300,246403112,246630696,246601206,246617085,246617086,246630696,246401064,246634792,"decoded_payload_last_chip",1,334.205610,334.514290,262,0.000000,-1661.310386,"Decawave DW-8",0.959413,1,12,0x6CAE,0x6CAE,1,"61889DF2F00200010000AE6C"
653,246727600,246781582,247009167,246979677,246995555,246995557,247009167,246779534,247013263,"decoded_payload_last_chip",1,334.718943,335.027625,262,0.000000,-1640.452678,"Decawave DW-8",0.959857,1,12,0xE67E,0xE67E,1,"61889EF2F002000100007EE6"
654,247106100,247160053,247387637,247358147,247374026,247374027,247387637,247158005,247391733,"decoded_payload_last_chip",1,335.232277,335.540957,262,0.000000,-1658.711890,"Decawave DW-8",0.959669,1,12,0x67C1,0x67C1,1,"61889FF2F00200010000C167"
655,247484600,247538523,247766107,247736618,247752496,247752498,247766107,247536475,247770203,"decoded_payload_last_chip",1,335.745610,336.054290,262,0.000000,-1634.672502,"Decawave DW-8",0.959290,1,12,0x3BFB,0x3BFB,1,"6188A0F2F00200010000FB3B"
656,247863000,247916994,248144578,248115089,248130967,248130968,248144578,247914946,248148674,"decoded_payload_last_chip",1,336.258944,336.567624,262,0.000000,-1650.714631,"Decawave DW-8",0.959845,1,12,0xBA44,0xBA44,1,"6188A1F2F0020001000044BA"
657,248241500,248295465,248523049,248493559,248509437,248509439,248523049,248293417,248527145,"decoded_payload_last_chip",1,336.772278,337.080958,262,0.000000,-1666.130465,"Decawave DW-8",0.959760,1,12,0x3094,0x3094,1,"6188A2F2F002000100009430"
658,248620000,248673935,248901519,248872030,248887908,248887909,248901519,248671887,248905615,"decoded_payload_last_chip",1,337.285611,337.594291,262,0.000000,-1648.958410,"Decawave DW-8",0.959355,1,12,0xB12B,0xB12B,1,"6188A3F2F002000100002BB1"
659,248998500,249052405,249279990,249250500,249266378,249266380,249279990,249050357,249284086,"decoded_payload_last_chip",1,337.798943,338.107625,262,0.000000,-1638.371009,"Decawave DW-8",0.959726,1,12,0x2D25,0x2D25,1,"6188A4F2F00200010000252D"
660,249376900,249430876,249658461,249628971,249644850,249644851,249658461,249428828,249662557,"decoded_payload_last_chip",1,338.312278,338.620959,262,5.470272,-1926.539435,"Decawave DW-8",0.954176,1,12,0xAC9A,0xAC9A,1,"6188A5F2F002000100009AAC"
661,249755400,249809347,250036931,250007441,250023320,250023321,250036931,249807299,250041027,"decoded_payload_last_chip",1,338.825612,339.134292,262,0.000000,-1678.927884,"Decawave DW-8",0.959458,1,12,0x264A,0x264A,1,"6188A6F2F002000100004A26"
662,250128200,250187817,250415401,250385911,250401790,250401791,250415401,250185769,250419497,"decoded_payload_last_chip",1,339.338944,339.647625,262,0.000000,-1680.740863,"Decawave DW-8",0.959757,1,12,0xA7F5,0xA7F5,1,"6188A7F2F00200010000F5A7"
663,250512300,250566287,250793872,250764382,250780260,250780262,250793872,250564239,250797968,"decoded_payload_last_chip",1,339.852277,340.160959,262,0.000000,-1640.020219,"Decawave DW-8",0.959791,1,12,0x1647,0x1647,1,"6188A8F2F002000100004716"
664,250890800,250944758,251172342,251142852,251158731,251158732,251172342,250942710,251176438,"decoded_payload_last_chip",1,340.365611,340.674292,262,0.000000,-1651.334547,"Decawave DW-8",0.959644,1,12,0x97F8,0x97F8,1,"6188A9F2F00200010000F897"
665,251269400,251323229,251550813,251521323,251537202,251537203,251550813,251321181,251554909,"decoded_payload_last_chip",1,340.878946,341.187626,262,0.000000,-1651.562170,"Decawave DW-8",0.959940,1,12,0x1D28,0x1D28,1,"6188AAF2F00200010000281D"
666,251647700,251701699,251929284,251899794,251915672,251915674,251929284,251699651,251933380,"decoded_payload_last_chip",1,341.392278,341.700960,262,-0.000000,-1636.256218,"Decawave DW-8",0.959985,1,12,0x9C97,0x9C97,1,"6188ABF2F00200010000979C"
667,252026200,252080170,252307754,252278264,252294143,252294144,252307754,252078122,252311850,"decoded_payload_last_chip",1,341.905613,342.214293,262,0.000000,-1650.277277,"Decawave DW-8",0.959403,1,12,0x0099,0x0099,1,"6188ACF2F002000100009900"
668,252404500,252458640,252686225,252656735,252672613,252672615,252686225,252456592,252690321,"decoded_payload_last_chip",1,342.418945,342.727627,262,0.000000,-1629.528310,"Decawave DW-8",0.959837,1,12,0x8126,0x8126,1,"6188ADF2F002000100002681"
669,252783300,252837110,253064694,253035205,253051083,253051085,253064694,252835062,253068790,"decoded_payload_last_chip",1,342.932278,343.240959,262,0.000000,-1652.843263,"Decawave DW-8",0.959898,1,12,0x0BF6,0x0BF6,1,"6188AEF2F00200010000F60B"
670,253161600,253215581,253443165,253413675,253429554,253429555,253443165,253213533,253447261,"decoded_payload_last_chip",1,343.445612,343.754293,262,0.000000,-1648.353398,"Decawave DW-8",0.960345,1,12,0x8A49,0x8A49,1,"6188AFF2F00200010000498A"
671,253540100,253594051,253821636,253792146,253808024,253808026,253821636,253592003,253825732,"decoded_payload_last_chip",1,343.958945,344.267627,262,0.000000,-1645.272886,"Decawave DW-8",0.959453,1,12,0x6083,0x6083,1,"6188B0F2F002000100008360"
672,253918600,253972522,254200106,254170616,254186495,254186496,254200106,253970474,254204202,"decoded_payload_last_chip",1,344.472279,344.780960,262,0.000000,-1644.388248,"Decawave DW-8",0.960006,1,12,0xE13C,0xE13C,1,"6188B1F2F002000100003CE1"
673,254297000,254350993,254578577,254549087,254564966,254564967,254578577,254348945,254582673,"decoded_payload_last_chip",1,344.985613,345.294294,262,0.000000,-1677.426775,"Decawave DW-8",0.959572,1,12,0x6BEC,0x6BEC,1,"6188B2F2F00200010000EC6B"
674,254675500,254729463,254957047,254927558,254943436,254943437,254957047,254727415,254961143,"decoded_payload_last_chip",1,345.498946,345.807627,262,0.000000,-1632.358046,"Decawave DW-8",0.960321,1,12,0xEA53,0xEA53,1,"6188B3F2F0020001000053EA"
675,255054000,255107934,255335518,255306028,255321906,255321908,255335518,255105886,255339614,"decoded_payload_last_chip",1,346.012280,346.320961,262,0.000000,-1636.821967,"Decawave DW-8",0.959729,1,12,0x765D,0x765D,1,"6188B4F2F002000100005D76"
676,255432500,255486404,255713988,255684499,255700377,255700378,255713988,255484356,255718084,"decoded_payload_last_chip",1,346.525613,346.834294,262,0.000000,-1638.939766,"Decawave DW-8",0.959722,1,12,0xF7E2,0xF7E2,1,"6188B5F2F00200010000E2F7"
677,255810900,255864874,256092458,256062969,256078847,256078849,256092458,255862826,256096554,"decoded_payload_last_chip",1,347.038946,347.347626,262,0.000000,-1642.946741,"Decawave DW-8",0.959714,1,12,0x7D32,0x7D32,1,"6188B6F2F00200010000327D"
678,256189600,256243345,256470929,256441440,256457318,256457320,256470929,256241297,256475025,"decoded_payload_last_chip",1,347.552280,347.860961,262,0.000000,-1657.206479,"Decawave DW-8",0.959854,1,12,0xFC8D,0xFC8D,1,"6188B7F2F002000100008DFC"
679,256567900,256621815,256849400,256819911,256835789,256835791,256849400,256619767,256853496,"decoded_payload_last_chip",1,348.065613,348.374295,262,5.105784,-1906.202344,"Decawave DW-8",0.957705,1,12,0x4D3F,0x4D3F,1,"6188B8F2F002000100003F4D"
680,256946300,257000286,257227870,257198380,257214259,257214260,257227870,256998238,257231966,"decoded_payload_last_chip",1,348.578947,348.887627,262,0.000000,-1659.774505,"Decawave DW-8",0.959831,1,12,0xCC80,0xCC80,1,"6188B9F2F0020001000080CC"
681,257324800,257378756,257606341,257576851,257592729,257592731,257606341,257376708,257610437,"decoded_payload_last_chip",1,349.092280,349.400962,262,-0.000000,-1656.293473,"Decawave DW-8",0.959725,1,12,0x4650,0x4650,1,"6188BAF2F002000100005046"
682,257702800,257757227,257984811,257955321,257971200,257971201,257984811,257755179,257988907,"decoded_payload_last_chip",1,349.605614,349.914294,262,0.000000,-1642.632096,"Decawave DW-8",0.960258,1,12,0xC7EF,0xC7EF,1,"6188BBF2F00200010000EFC7"
683,258081700,258135697,258363282,258333792,258349671,258349672,258363282,258133649,258367378,"decoded_payload_last_chip",1,350.118947,350.427629,262,4.042202,-1807.767663,"Decawave DW-8",0.959499,1,12,0x5BE1,0x5BE1,1,"6188BCF2F00200010000E15B"
684,258460400,258514168,258741752,258712263,258728141,258728143,258741752,258512120,258745848,"decoded_payload_last_chip",1,350.632281,350.940961,262,0.000000,-1678.252813,"Decawave DW-8",0.959656,1,12,0xDA5E,0xDA5E,1,"6188BDF2F002000100005EDA"
685,258838700,258892639,259120223,259090733,259106612,259106613,259120223,258890591,259124319,"decoded_payload_last_chip",1,351.145615,351.454296,262,0.000000,-1643.436704,"Decawave DW-8",0.959853,1,12,0x508E,0x508E,1,"6188BEF2F002000100008E50"
686,259217300,259271109,259498693,259469203,259485082,259485083,259498693,259269061,259502789,"decoded_payload_last_chip",1,351.658948,351.967628,262,0.000000,-1630.384519,"Decawave DW-8",0.959890,1,12,0xD131,0xD131,1,"6188BFF2F0020001000031D1"
687,259595600,259649579,259877164,259847674,259863552,259863554,259877164,259647531,259881260,"decoded_payload_last_chip",1,352.172281,352.480962,262,0.000000,-1651.140647,"Decawave DW-8",0.960078,1,12,0xE8FA,0xE8FA,1,"6188C0F2F00200010000FAE8"
688,259974300,260028050,260255634,260226144,260242023,260242024,260255634,260026002,260259730,"decoded_payload_last_chip",1,352.685615,352.994295,262,0.000000,-1661.869917,"Decawave DW-8",0.960344,1,12,0x6945,0x6945,1,"6188C1F2F002000100004569"
689,260352600,260406520,260634104,260604615,260620493,260620495,260634104,260404472,260638200,"decoded_payload_last_chip",1,353.198947,353.507628,262,0.000000,-1640.769552,"Decawave DW-8",0.959451,1,12,0xE395,0xE395,1,"6188C2F2F0020001000095E3"
690,260731000,260784991,261012575,260983086,260998964,260998966,261012575,260782943,261016671,"decoded_payload_last_chip",1,353.712282,354.020962,262,0.000000,-1664.139408,"Decawave DW-8",0.959936,1,12,0x622A,0x622A,1,"6188C3F2F002000100002A62"
691,261109500,261163462,261391046,261361556,261377435,261377436,261391046,261161414,261395142,"decoded_payload_last_chip",1,354.225616,354.534296,262,0.000000,-1663.131760,"Decawave DW-8",0.959755,1,12,0xFE24,0xFE24,1,"6188C4F2F0020001000024FE"
692,261487092,261541932,261769516,261740026,261755905,261755906,261769516,261539884,261773612,"decoded_payload_last_chip",1,354.738949,355.047629,262,0.000000,-1643.921696,"Decawave DW-8",0.960442,1,12,0x7F9B,0x7F9B,1,"6188C5F2F002000100009B7F"
693,261866700,261920402,262147987,262118497,262134375,262134377,262147987,261918354,262152083,"decoded_payload_last_chip",1,355.252281,355.560963,262,0.000000,-1665.023450,"Decawave DW-8",0.959514,1,12,0xF54B,0xF54B,1,"6188C6F2F002000100004BF5"
694,262244900,262298873,262526457,262496967,262512846,262512847,262526457,262296825,262530553,"decoded_payload_last_chip",1,355.765616,356.074296,262,0.000000,-1624.249973,"Decawave DW-8",0.960076,1,12,0x74F4,0x74F4,1,"6188C7F2F00200010000F474"
695,262623500,262677343,262904928,262875438,262891316,262891318,262904928,262675295,262909024,"decoded_payload_last_chip",1,356.278948,356.587630,262,0.000000,-1616.940431,"Decawave DW-8",0.959347,1,12,0xC546,0xC546,1,"6188C8F2F0020001000046C5"
696,263002000,263055814,263283398,263253908,263269787,263269788,263283398,263053766,263287494,"decoded_payload_last_chip",1,356.792282,357.100963,262,0.000000,-1690.281046,"Decawave DW-8",0.959562,1,12,0x44F9,0x44F9,1,"6188C9F2F00200010000F944"
697,263380300,263434284,263661869,263632379,263648257,263648259,263661869,263432236,263665965,"decoded_payload_last_chip",1,357.305615,357.614297,262,0.000000,-1655.111354,"Decawave DW-8",0.959508,1,12,0xCE29,0xCE29,1,"6188CAF2F0020001000029CE"
698,263758800,263812755,264040339,264010849,264026728,264026729,264040339,263810707,264044435,"decoded_payload_last_chip",1,357.818949,358.127630,262,0.000000,-1673.665875,"Decawave DW-8",0.959970,1,12,0x4F96,0x4F96,1,"6188CBF2F00200010000964F"
699,264137500,264191225,264418810,264389320,264405198,264405200,264418810,264189177,264422906,"decoded_payload_last_chip",1,358.332282,358.640964,262,-0.000000,-1634.956055,"Decawave DW-8",0.959705,1,12,0xD398,0xD398,1,"6188CCF2F0020001000098D3"
700,264515700,264569696,264797280,264767790,264783668,264783670,264797280,264567648,264801376,"decoded_payload_last_chip",1,358.845616,359.154297,262,0.000000,-1670.589358,"Decawave DW-8",0.959936,1,12,0x5227,0x5227,1,"6188CDF2F002000100002752"
701,264894500,264948166,265175750,265146261,265162139,265162141,265175750,264946118,265179846,"decoded_payload_last_chip",1,359.358949,359.667630,262,0.000000,-1653.649640,"Decawave DW-8",0.960010,1,12,0xD8F7,0xD8F7,1,"6188CEF2F00200010000F7D8"
702,265272700,265326636,265554222,265524732,265540610,265540612,265554222,265324588,265558318,"decoded_payload_last_chip",1,359.872282,360.180965,262,4.940615,-1877.157474,"Decawave DW-8",0.957430,1,12,0x5948,0x5948,1,"6188CFF2F002000100004859"
703,265651200,265705108,265932692,265903202,265919081,265919082,265932692,265703060,265936788,"decoded_payload_last_chip",1,360.385617,360.694298,262,0.000000,-1668.639770,"Decawave DW-8",0.959323,1,12,0xB382,0xB382,1,"6188D0F2F0020001000082B3"
704,266029600,266083578,266311162,266281672,266297551,266297552,266311162,266081530,266315258,"decoded_payload_last_chip",1,360.898950,361.207631,262,0.000000,-1656.761457,"Decawave DW-8",0.959760,1,12,0x323D,0x323D,1,"6188D1F2F002000100003D32"
705,266408100,266462048,266689633,266660143,266676021,266676023,266689633,266460000,266693729,"decoded_payload_last_chip",1,361.412283,361.720965,262,0.000000,-1649.267186,"Decawave DW-8",0.959545,1,12,0xB8ED,0xB8ED,1,"6188D2F2F00200010000EDB8"
706,266786600,266840519,267068103,267038613,267054492,267054493,267068103,266838471,267072199,"decoded_payload_last_chip",1,361.925617,362.234298,262,0.000000,-1647.708602,"Decawave DW-8",0.959869,1,12,0x3952,0x3952,1,"6188D3F2F002000100005239"
707,267165000,267218990,267446574,267417084,267432963,267432964,267446574,267216942,267450670,"decoded_payload_last_chip",1,362.438951,362.747632,262,0.000000,-1664.008169,"Decawave DW-8",0.960215,1,12,0xA55C,0xA55C,1,"6188D4F2F002000100005CA5"
708,267542012,267597460,267825044,267795555,267811433,267811435,267825044,267595412,267829140,"decoded_payload_last_chip",1,362.952284,363.260965,262,0.000000,-1634.656200,"Decawave DW-8",0.959839,1,12,0x24E3,0x24E3,1,"6188D5F2F00200010000E324"
709,267922100,267975930,268203514,268174025,268189903,268189905,268203514,267973882,268207610,"decoded_payload_last_chip",1,363.465617,363.774297,262,0.000000,-1635.354406,"Decawave DW-8",0.959604,1,12,0xAE33,0xAE33,1,"6188D6F2F0020001000033AE"
710,268300700,268354401,268581985,268552495,268568374,268568375,268581985,268352353,268586081,"decoded_payload_last_chip",1,363.978951,364.287632,262,0.000000,-1634.541908,"Decawave DW-8",0.960047,1,12,0x2F8C,0x2F8C,1,"6188D7F2F002000100008C2F"
711,268677540,268732871,268960456,268930966,268946844,268946846,268960456,268730823,268964552,"decoded_payload_last_chip",1,364.492284,364.800966,262,0.000000,-1604.660775,"Decawave DW-8",0.959874,1,12,0x9E3E,0x9E3E,1,"6188D8F2F002000100003E9E"
712,269057400,269111342,269338926,269309436,269325315,269325316,269338926,269109294,269343022,"decoded_payload_last_chip",1,365.005618,365.314299,262,0.000000,-1640.707666,"Decawave DW-8",0.959377,1,12,0x1F81,0x1F81,1,"6188D9F2F00200010000811F"
713,269436000,269489812,269717397,269687907,269703785,269703787,269717397,269487764,269721493,"decoded_payload_last_chip",1,365.518951,365.827633,262,0.000000,-1658.404708,"Decawave DW-8",0.959799,1,12,0x9551,0x9551,1,"6188DAF2F002000100005195"
714,269814300,269868283,270095867,270066378,270082256,270082257,270095867,269866235,270099963,"decoded_payload_last_chip",1,366.032285,366.340965,262,0.000000,-1661.038708,"Decawave DW-8",0.960031,1,12,0x14EE,0x14EE,1,"6188DBF2F00200010000EE14"
715,270192800,270246753,270474338,270444848,270460726,270460728,270474338,270244705,270478434,"decoded_payload_last_chip",1,366.545618,366.854300,262,0.000000,-1623.771921,"Decawave DW-8",0.959610,1,12,0x88E0,0x88E0,1,"6188DCF2F00200010000E088"
716,270571300,270625224,270852808,270823318,270839197,270839198,270852808,270623176,270856904,"decoded_payload_last_chip",1,367.058952,367.367632,262,-0.000000,-1639.483152,"Decawave DW-8",0.959778,1,12,0x095F,0x095F,1,"6188DDF2F002000100005F09"
717,270949700,271003694,271231278,271201789,271217667,271217668,271231278,271001646,271235374,"decoded_payload_last_chip",1,367.572285,367.880965,262,0.000000,-1665.864528,"Decawave DW-8",0.959768,1,12,0x838F,0x838F,1,"6188DEF2F002000100008F83"
718,271328200,271382165,271609749,271580259,271596137,271596139,271609749,271380117,271613845,"decoded_payload_last_chip",1,368.085619,368.394299,262,-0.000000,-1648.284283,"Decawave DW-8",0.960193,1,12,0x0230,0x0230,1,"6188DFF2F002000100003002"
719,271706700,271760635,271988219,271958730,271974608,271974609,271988219,271758587,271992315,"decoded_payload_last_chip",1,368.598952,368.907632,262,-0.000000,-1636.006194,"Decawave DW-8",0.959798,1,12,0x5E0A,0x5E0A,1,"6188E0F2F002000100000A5E"
720,272085200,272139105,272366690,272337200,272353078,272353080,272366690,272137057,272370786,"decoded_payload_last_chip",1,369.112284,369.420966,262,0.000000,-1645.478123,"Decawave DW-8",0.959760,1,12,0xDFB5,0xDFB5,1,"6188E1F2F00200010000B5DF"
721,272463600,272517576,272745161,272715671,272731549,272731551,272745161,272515528,272749257,"decoded_payload_last_chip",1,369.625618,369.934300,262,0.000000,-1631.306597,"Decawave DW-8",0.960103,1,12,0x5565,0x5565,1,"6188E2F2F002000100006555"
722,272842100,272896047,273123631,273094141,273110020,273110021,273123631,272893999,273127727,"decoded_payload_last_chip",1,370.138953,370.447633,262,0.000000,-1645.269815,"Decawave DW-8",0.960442,1,12,0xD4DA,0xD4DA,1,"6188E3F2F00200010000DAD4"
723,273220600,273274517,273502102,273472612,273488490,273488492,273502102,273272469,273506198,"decoded_payload_last_chip",1,370.652285,370.960967,262,0.000000,-1652.364952,"Decawave DW-8",0.959960,1,12,0x48D4,0x48D4,1,"6188E4F2F00200010000D448"
724,273599000,273652987,273880573,273851083,273866961,273866963,273880573,273650939,273884669,"decoded_payload_last_chip",1,371.165618,371.474301,262,4.328867,-1863.814677,"Decawave DW-8",0.960227,1,12,0xC96B,0xC96B,1,"6188E5F2F002000100006BC9"
725,273977500,274031459,274259043,274229553,274245432,274245433,274259043,274029411,274263139,"decoded_payload_last_chip",1,371.678954,371.987634,262,0.675452,-1637.801192,"Decawave DW-8",0.963554,1,12,0x43BB,0x43BB,1,"6188E6F2F00200010000BB43"
726,274356100,274409929,274637513,274608023,274623902,274623903,274637513,274407881,274641609,"decoded_payload_last_chip",1,372.192287,372.500967,262,0.000000,-1632.549056,"Decawave DW-8",0.959814,1,12,0xC204,0xC204,1,"6188E7F2F0020001000004C2"
727,274734400,274788399,275015984,274986494,275002372,275002374,275015984,274786351,275020080,"decoded_payload_last_chip",1,372.705619,373.014301,262,-0.000000,-1660.929190,"Decawave DW-8",0.959680,1,12,0x73B6,0x73B6,1,"6188E8F2F00200010000B673"
728,275112900,275166870,275394454,275364964,275380843,275380844,275394454,275164822,275398550,"decoded_payload_last_chip",1,373.218953,373.527634,262,0.000000,-1654.268002,"Decawave DW-8",0.960512,1,12,0xF209,0xF209,1,"6188E9F2F0020001000009F2"
729,275491400,275545340,275772924,275743435,275759313,275759315,275772924,275543292,275777020,"decoded_payload_last_chip",1,373.732286,374.040967,262,0.000000,-1635.164732,"Decawave DW-8",0.959599,1,12,0x78D9,0x78D9,1,"6188EAF2F00200010000D978"
730,275870000,275923811,276151395,276121905,276137784,276137785,276151395,275921763,276155491,"decoded_payload_last_chip",1,374.245620,374.554301,262,0.000000,-1637.834378,"Decawave DW-8",0.960322,1,12,0xF966,0xF966,1,"6188EBF2F0020001000066F9"
731,276248300,276302282,276529866,276500376,276516254,276516256,276529866,276300234,276533962,"decoded_payload_last_chip",1,374.758955,375.067635,262,0.000000,-1624.610449,"Decawave DW-8",0.959548,1,12,0x6568,0x6568,1,"6188ECF2F002000100006865"
732,276626800,276680752,276908336,276878847,276894725,276894726,276908336,276678704,276912432,"decoded_payload_last_chip",1,375.272287,375.580968,262,0.000000,-1636.409534,"Decawave DW-8",0.960149,1,12,0xE4D7,0xE4D7,1,"6188EDF2F00200010000D7E4"
733,277005300,277059222,277286807,277257317,277273195,277273197,277286807,277057174,277290903,"decoded_payload_last_chip",1,375.785620,376.094302,262,-0.000000,-1656.786186,"Decawave DW-8",0.960569,1,12,0x6E07,0x6E07,1,"6188EEF2F00200010000076E"
734,277383700,277437693,277665277,277635787,277651666,277651667,277665277,277435645,277669373,"decoded_payload_last_chip",1,376.298954,376.607635,262,0.000000,-1637.685246,"Decawave DW-8",0.959871,1,12,0xEFB8,0xEFB8,1,"6188EFF2F00200010000B8EF"
735,277762200,277816163,278043747,278014258,278030136,278030137,278043747,277814115,278047843,"decoded_payload_last_chip",1,376.812287,377.120968,262,0.000000,-1634.388565,"Decawave DW-8",0.960115,1,12,0x0572,0x0572,1,"6188F0F2F002000100007205"
736,278140700,278194634,278422218,278392728,278408606,278408608,278422218,278192586,278426314,"decoded_payload_last_chip",1,377.325621,377.634302,262,0.000000,-1659.909851,"Decawave DW-8",0.959960,1,12,0x84CD,0x84CD,1,"6188F1F2F00200010000CD84"
737,278519200,278573104,278800688,278771199,278787077,278787078,278800688,278571056,278804784,"decoded_payload_last_chip",1,377.838954,378.147635,262,0.000000,-1642.952088,"Decawave DW-8",0.959750,1,12,0x0E1D,0x0E1D,1,"6188F2F2F002000100001D0E"
738,278897600,278951575,279179159,279149669,279165548,279165549,279179159,278949527,279183255,"decoded_payload_last_chip",1,378.352288,378.660969,262,0.000000,-1677.662229,"Decawave DW-8",0.960403,1,12,0x8FA2,0x8FA2,1,"6188F3F2F00200010000A28F"
739,279276300,279330045,279557629,279528140,279544018,279544020,279557629,279327997,279561725,"decoded_payload_last_chip",1,378.865621,379.174301,262,-0.000000,-1636.225925,"Decawave DW-8",0.959327,1,12,0x13AC,0x13AC,1,"6188F4F2F00200010000AC13"
740,279654600,279708516,279936100,279906610,279922489,279922490,279936100,279706468,279940196,"decoded_payload_last_chip",1,379.378955,379.687636,262,0.000000,-1634.585151,"Decawave DW-8",0.959775,1,12,0x9213,0x9213,1,"6188F5F2F002000100001392"
741,280033000,280086986,280314570,280285080,280300959,280300960,280314570,280084938,280318666,"decoded_payload_last_chip",1,379.892288,380.200968,262,0.000000,-1643.911876,"Decawave DW-8",0.959999,1,12,0x18C3,0x18C3,1,"6188F6F2F00200010000C318"
742,280411500,280465456,280693041,280663551,280679429,280679431,280693041,280463408,280697137,"decoded_payload_last_chip",1,380.405621,380.714303,262,-0.000000,-1651.773128,"Decawave DW-8",0.960356,1,12,0x997C,0x997C,1,"6188F7F2F002000100007C99"
743,280790100,280843927,281071511,281042022,281057900,281057902,281071511,280841879,281075607,"decoded_payload_last_chip",1,380.918955,381.227635,262,0.000000,-1638.982045,"Decawave DW-8",0.959626,1,12,0x28CE,0x28CE,1,"6188F8F2F00200010000CE28"
744,281168400,281222398,281449982,281420492,281436371,281436372,281449982,281220350,281454078,"decoded_payload_last_chip",1,381.432289,381.740970,262,-0.000000,-1647.213309,"Decawave DW-8",0.959558,1,12,0xA971,0xA971,1,"6188F9F2F0020001000071A9"
745,281546900,281600868,281828452,281798963,281814841,281814843,281828452,281598820,281832548,"decoded_payload_last_chip",1,381.945622,382.254302,262,0.000000,-1659.127332,"Decawave DW-8",0.959912,1,12,0x23A1,0x23A1,1,"6188FAF2F00200010000A123"
746,281925400,281979339,282206923,282177433,282193312,282193313,282206923,281977291,282211019,"decoded_payload_last_chip",1,382.458956,382.767636,262,0.000000,-1640.713437,"Decawave DW-8",0.960173,1,12,0xA21E,0xA21E,1,"6188FBF2F002000100001EA2"
747,282303900,282357809,282585393,282555904,282571782,282571784,282585393,282355761,282589489,"decoded_payload_last_chip",1,382.972289,383.280969,262,0.000000,-1647.332894,"Decawave DW-8",0.960066,1,12,0x3E10,0x3E10,1,"6188FCF2F00200010000103E"
748,282682300,282736280,282963864,282934375,282950253,282950254,282963864,282734232,282967960,"decoded_payload_last_chip",1,383.485623,383.794303,262,0.000000,-1653.046024,"Decawave DW-8",0.959575,1,12,0xBFAF,0xBFAF,1,"6188FDF2F00200010000AFBF"
749,283060800,283114751,283342335,283312845,283328723,283328725,283342335,283112703,283346431,"decoded_payload_last_chip",1,383.998957,384.307638,262,0.000000,-1642.539627,"Decawave DW-8",0.960171,1,12,0x357F,0x357F,1,"6188FEF2F002000100007F35"
750,283439300,283493221,283720805,283691316,283707194,283707195,283720805,283491173,283724901,"decoded_payload_last_chip",1,384.512290,384.820970,262,0.000000,-1635.184551,"Decawave DW-8",0.960028,1,12,0xB4C0,0xB4C0,1,"6188FFF2F00200010000C0B4"
751,283817700,283871691,284099275,284069786,284085664,284085666,284099275,283869643,284103371,"decoded_payload_last_chip",1,385.025623,385.334303,262,0.000000,-1648.397266,"Decawave DW-8",0.960110,1,12,0x46E9,0x46E9,1,"618800F2F00200010000E946"
752,284195700,284250162,284477746,284448256,284464134,284464136,284477746,284248114,284481842,"decoded_payload_last_chip",1,385.538957,385.847637,262,0.000000,-1649.371182,"Decawave DW-8",0.959853,1,12,0xC756,0xC756,1,"618801F2F0020001000056C7"
753,284574800,284628632,284856217,284826727,284842605,284842607,284856217,284626584,284860313,"decoded_payload_last_chip",1,386.052289,386.360971,262,0.000000,-1650.922639,"Decawave DW-8",0.959636,1,12,0x4D86,0x4D86,1,"618802F2F00200010000864D"
754,284953400,285007102,285234687,285205197,285221075,285221077,285234687,285005054,285238783,"decoded_payload_last_chip",1,386.565622,386.874304,262,0.000000,-1642.051778,"Decawave DW-8",0.959940,1,12,0xCC39,0xCC39,1,"618803F2F0020001000039CC"
755,285331600,285385573,285613158,285583668,285599546,285599548,285613158,285383525,285617254,"decoded_payload_last_chip",1,387.078956,387.387638,262,-0.000000,-1676.197112,"Decawave DW-8",0.959914,1,12,0x5037,0x5037,1,"618804F2F002000100003750"
756,285710100,285764044,285991628,285962138,285978017,285978018,285991628,285761996,285995724,"decoded_payload_last_chip",1,387.592291,387.900971,262,0.000000,-1621.136170,"Decawave DW-8",0.960189,1,12,0xD188,0xD188,1,"618805F2F0020001000088D1"
757,286088900,286142515,286370099,286340609,286356487,286356489,286370099,286140467,286374195,"decoded_payload_last_chip",1,388.105625,388.414305,262,0.000000,-1647.618516,"Decawave DW-8",0.959564,1,12,0x5B58,0x5B58,1,"618806F2F00200010000585B"
758,286467000,286520984,286748569,286719079,286734957,286734959,286748569,286518936,286752665,"decoded_payload_last_chip",1,388.618956,388.927638,262,0.000000,-1657.032826,"Decawave DW-8",0.960032,1,12,0xDAE7,0xDAE7,1,"618807F2F00200010000E7DA"
759,286845500,286899455,287127039,287097549,287113428,287113429,287127039,286897407,287131135,"decoded_payload_last_chip",1,389.132290,389.440971,262,0.000000,-1672.591382,"Decawave DW-8",0.959658,1,12,0x6B55,0x6B55,1,"618808F2F00200010000556B"
760,287224100,287277926,287505510,287476020,287491899,287491900,287505510,287275878,287509606,"decoded_payload_last_chip",1,389.645624,389.954305,262,0.000000,-1656.692402,"Decawave DW-8",0.959204,1,12,0xEAEA,0xEAEA,1,"618809F2F00200010000EAEA"
761,287602400,287656396,287883981,287854491,287870369,287870371,287883981,287654348,287888077,"decoded_payload_last_chip",1,390.158957,390.467639,262,0.000000,-1635.027938,"Decawave DW-8",0.960067,1,12,0x603A,0x603A,1,"61880AF2F002000100003A60"
762,287981200,288034867,288262451,288232961,288248840,288248841,288262451,288032819,288266547,"decoded_payload_last_chip",1,390.672291,390.980972,262,0.000000,-1654.525124,"Decawave DW-8",0.960054,1,12,0xE185,0xE185,1,"61880BF2F0020001000085E1"
763,288359400,288413337,288640921,288611432,288627310,288627312,288640921,288411289,288645017,"decoded_payload_last_chip",1,391.185624,391.494305,262,0.000000,-1633.302328,"Decawave DW-8",0.960057,1,12,0x7D8B,0x7D8B,1,"61880CF2F002000100008B7D"
764,288738000,288791808,289019392,288989903,289005781,289005782,289019392,288789760,289023488,"decoded_payload_last_chip",1,391.698958,392.007639,262,0.000000,-1641.358890,"Decawave DW-8",0.960052,1,12,0xFC34,0xFC34,1,"61880DF2F0020001000034FC"
765,289116300,289170278,289397862,289368372,289384251,289384252,289397862,289168230,289401958,"decoded_payload_last_chip",1,392.212291,392.520972,262,0.000000,-1634.587706,"Decawave DW-8",0.960124,1,12,0x76E4,0x76E4,1,"61880EF2F00200010000E476"
766,289495000,289548749,289776333,289746843,289762722,289762723,289776333,289546701,289780429,"decoded_payload_last_chip",1,392.725625,393.034306,262,0.000000,-1670.415648,"Decawave DW-8",0.959883,1,12,0xF75B,0xF75B,1,"61880FF2F002000100005BF7"
767,289873300,289927220,290154804,290125314,290141192,290141194,290154804,289925172,290158900,"decoded_payload_last_chip",1,393.238959,393.547640,262,0.000000,-1652.877493,"Decawave DW-8",0.959978,1,12,0x1D91,0x1D91,1,"618810F2F00200010000911D"
768,290251700,290305690,290533274,290503784,290519663,290519664,290533274,290303642,290537370,"decoded_payload_last_chip",1,393.752292,394.060973,262,0.000000,-1650.824710,"Decawave DW-8",0.959700,1,12,0x9C2E,0x9C2E,1,"618811F2F002000100002E9C"
769,290630200,290684160,290911744,290882255,290898133,290898135,290911744,290682112,290915840,"decoded_payload_last_chip",1,394.265625,394.574306,262,0.000000,-1660.790283,"Decawave DW-8",0.959971,1,12,0x16FE,0x16FE,1,"618812F2F00200010000FE16"
770,291008800,291062631,291290215,291260725,291276604,291276605,291290215,291060583,291294311,"decoded_payload_last_chip",1,394.778959,395.087640,262,0.000000,-1641.103830,"Decawave DW-8",0.960336,1,12,0x9741,0x9741,1,"618813F2F002000100004197"
771,291387400,291441101,291668685,291639195,291655074,291655075,291668685,291439053,291672781,"decoded_payload_last_chip",1,395.292292,395.600972,262,0.000000,-1629.765671,"Decawave DW-8",0.959808,1,12,0x0B4F,0x0B4F,1,"618814F2F002000100004F0B"
772,291765600,291819572,292047156,292017666,292033545,292033546,292047156,291817524,292051252,"decoded_payload_last_chip",1,395.805626,396.114307,262,0.000000,-1645.377951,"Decawave DW-8",0.960113,1,12,0x8AF0,0x8AF0,1,"618815F2F00200010000F08A"
773,292144200,292198042,292425626,292396136,292412015,292412016,292425626,292195994,292429722,"decoded_payload_last_chip",1,396.318959,396.627639,262,0.000000,-1644.875152,"Decawave DW-8",0.960629,1,12,0x0020,0x0020,1,"618816F2F002000100002000"
774,292522700,292576512,292804097,292774607,292790485,292790487,292804097,292574464,292808193,"decoded_payload_last_chip",1,396.832292,397.140974,262,-0.000000,-1665.078130,"Decawave DW-8",0.960143,1,12,0x819F,0x819F,1,"618817F2F002000100009F81"
775,292901000,292954983,293182567,293153078,293168956,293168957,293182567,292952935,293186663,"decoded_payload_last_chip",1,397.345626,397.654306,262,0.000000,-1647.447581,"Decawave DW-8",0.960542,1,12,0x302D,0x302D,1,"618818F2F002000100002D30"
776,293279500,293333453,293561038,293531548,293547426,293547428,293561038,293331405,293565134,"decoded_payload_last_chip",1,397.858959,398.167641,262,0.000000,-1672.194329,"Decawave DW-8",0.960409,1,12,0xB192,0xB192,1,"618819F2F0020001000092B1"
777,293658000,293711924,293939508,293910018,293925897,293925898,293939508,293709876,293943604,"decoded_payload_last_chip",1,398.372293,398.680973,262,-0.000000,-1663.679770,"Decawave DW-8",0.960639,1,12,0x3B42,0x3B42,1,"61881AF2F00200010000423B"
778,294036400,294090395,294317979,294288489,294304368,294304369,294317979,294088347,294322075,"decoded_payload_last_chip",1,398.885627,399.194307,262,0.000000,-1655.579273,"Decawave DW-8",0.959900,1,12,0xBAFD,0xBAFD,1,"61881BF2F00200010000FDBA"
779,294414900,294468865,294696450,294666960,294682838,294682840,294696450,294466817,294700546,"decoded_payload_last_chip",1,399.398960,399.707642,262,0.000000,-1639.765565,"Decawave DW-8",0.959893,1,12,0x26F3,0x26F3,1,"61881CF2F00200010000F326"
780,294793400,294847336,295074920,295045430,295061309,295061310,295074920,294845288,295079016,"decoded_payload_last_chip",1,399.912294,400.220974,262,0.000000,-1663.438290,"Decawave DW-8",0.960153,1,12,0xA74C,0xA74C,1,"61881DF2F002000100004CA7"
781,295171900,295225806,295453390,295423901,295439779,295439781,295453390,295223758,295457486,"decoded_payload_last_chip",1,400.425627,400.734307,262,-0.000000,-1643.320647,"Decawave DW-8",0.960061,1,12,0x2D9C,0x2D9C,1,"61881EF2F002000100009C2D"
782,295550300,295604276,295831861,295802371,295818249,295818251,295831861,295602228,295835957,"decoded_payload_last_chip",1,400.938959,401.247641,262,0.000000,-1648.236180,"Decawave DW-8",0.959895,1,12,0xAC23,0xAC23,1,"61881FF2F0020001000023AC"
783,295928800,295982747,296210331,296180841,296196720,296196721,296210331,295980699,296214427,"decoded_payload_last_chip",1,401.452294,401.760974,262,0.000000,-1628.479472,"Decawave DW-8",0.960432,1,12,0xF019,0xF019,1,"618820F2F0020001000019F0"
784,296307300,296361217,296588802,296559312,296575190,296575192,296588802,296359169,296592898,"decoded_payload_last_chip",1,401.965626,402.274308,262,0.000000,-1617.989624,"Decawave DW-8",0.960026,1,12,0x71A6,0x71A6,1,"618821F2F00200010000A671"
785,296685700,296739688,296967272,296937783,296953661,296953663,296967272,296737640,296971368,"decoded_payload_last_chip",1,402.478961,402.787641,262,0.000000,-1640.822233,"Decawave DW-8",0.960153,1,12,0xFB76,0xFB76,1,"618822F2F0020001000076FB"
786,297064200,297118159,297345743,297316253,297332132,297332133,297345743,297116111,297349839,"decoded_payload_last_chip",1,402.992295,403.300975,262,0.000000,-1663.759064,"Decawave DW-8",0.960161,1,12,0x7AC9,0x7AC9,1,"618823F2F00200010000C97A"
787,297442800,297496629,297724214,297694724,297710602,297710604,297724214,297494581,297728310,"decoded_payload_last_chip",1,403.505627,403.814309,262,0.000000,-1628.657910,"Decawave DW-8",0.960119,1,12,0xE6C7,0xE6C7,1,"618824F2F00200010000C7E6"
788,297821100,297875100,298102684,298073195,298089073,298089075,298102684,297873052,298106780,"decoded_payload_last_chip",1,404.018962,404.327642,262,1.046507,-1693.817666,"Decawave DW-8",0.962590,1,12,0x6778,0x6778,1,"618825F2F002000100007867"
789,298199600,298253570,298481155,298451665,298467543,298467545,298481155,298251522,298485251,"decoded_payload_last_chip",1,404.532294,404.840976,262,3.703327,-1799.329622,"Decawave DW-8",0.960159,1,12,0xEDA8,0xEDA8,1,"618826F2F00200010000A8ED"
790,298578100,298632041,298859625,298830135,298846014,298846015,298859625,298629993,298863721,"decoded_payload_last_chip",1,405.045629,405.354309,262,0.000000,-1645.971878,"Decawave DW-8",0.959965,1,12,0x6C17,0x6C17,1,"618827F2F00200010000176C"
791,298956700,299010511,299238095,299208605,299224484,299224485,299238095,299008463,299242191,"decoded_payload_last_chip",1,405.558961,405.867642,262,0.000000,-1681.696836,"Decawave DW-8",0.959596,1,12,0xDDA5,0xDDA5,1,"618828F2F00200010000A5DD"
792,299333600,299388982,299616566,299587076,299602955,299602956,299616566,299386934,299620662,"decoded_payload_last_chip",1,406.072295,406.380976,262,0.000000,-1661.832738,"Decawave DW-8",0.959991,1,12,0x5C1A,0x5C1A,1,"618829F2F002000100001A5C"
793,299712940,299767452,299995036,299965546,299981425,299981426,299995036,299765404,299999132,"decoded_payload_last_chip",1,406.585628,406.894309,262,-0.000000,-1639.857418,"Decawave DW-8",0.960011,1,12,0xD6CA,0xD6CA,1,"61882AF2F00200010000CAD6"
794,300092000,300145922,300373507,300344017,300359895,300359897,300373507,300143874,300377603,"decoded_payload_last_chip",1,407.098961,407.407643,262,-0.000000,-1647.310668,"Decawave DW-8",0.960073,1,12,0x5775,0x5775,1,"61882BF2F002000100007557"
795,300470400,300524393,300751978,300722488,300738366,300738368,300751978,300522345,300756074,"decoded_payload_last_chip",1,407.612295,407.920977,262,0.000000,-1623.474500,"Decawave DW-8",0.960261,1,12,0xCB7B,0xCB7B,1,"61882CF2F002000100007BCB"
796,300848900,300902864,301130448,301100958,301116837,301116838,301130448,300900816,301134544,"decoded_payload_last_chip",1,408.125629,408.434310,262,0.000000,-1645.418492,"Decawave DW-8",0.959892,1,12,0x4AC4,0x4AC4,1,"61882DF2F00200010000C44A"
797,301227400,301281334,301508919,301479429,301495307,301495309,301508919,301279286,301513015,"decoded_payload_last_chip",1,408.638962,408.947644,262,-0.000000,-1665.841389,"Decawave DW-8",0.959733,1,12,0xC014,0xC014,1,"61882EF2F0020001000014C0"
798,301605900,301659805,301887389,301857899,301873778,301873779,301887389,301657757,301891485,"decoded_payload_last_chip",1,409.152296,409.460977,262,0.000000,-1645.484945,"Decawave DW-8",0.960245,1,12,0x41AB,0x41AB,1,"61882FF2F00200010000AB41"
799,301984300,302038275,302265859,302236369,302252248,302252249,302265859,302036227,302269955,"decoded_payload_last_chip",1,409.665629,409.974310,262,0.000000,-1658.994604,"Decawave DW-8",0.960216,1,12,0xAB61,0xAB61,1,"618830F2F0020001000061AB"
800,302362800,302416745,302644330,302614840,302630718,302630720,302644330,302414697,302648426,"decoded_payload_last_chip",1,410.178962,410.487644,262,0.000000,-1663.338541,"Decawave DW-8",0.959907,1,12,0x2ADE,0x2ADE,1,"618831F2F00200010000DE2A"
801,302741300,302795216,303022800,302993310,303009189,303009190,303022800,302793168,303026896,"decoded_payload_last_chip",1,410.692296,411.000977,262,0.000000,-1636.458429,"Decawave DW-8",0.960109,1,12,0xA00E,0xA00E,1,"618832F2F002000100000EA0"
802,303119700,303173687,303401271,303371781,303387660,303387661,303401271,303171639,303405367,"decoded_payload_last_chip",1,411.205630,411.514311,262,0.000000,-1642.833828,"Decawave DW-8",0.960253,1,12,0x21B1,0x21B1,1,"618833F2F00200010000B121"
803,303498200,303552157,303779741,303750252,303766130,303766132,303779741,303550109,303783837,"decoded_payload_last_chip",1,411.718963,412.027644,262,0.000000,-1674.652041,"Decawave DW-8",0.959829,1,12,0xBDBF,0xBDBF,1,"618834F2F00200010000BFBD"
804,303875300,303930628,304158212,304128722,304144601,304144602,304158212,303928580,304162308,"decoded_payload_last_chip",1,412.232297,412.540978,262,-0.000000,-1657.119597,"Decawave DW-8",0.959696,1,12,0x3C00,0x3C00,1,"618835F2F00200010000003C"
805,304255100,304309098,304536682,304507192,304523071,304523072,304536682,304307050,304540778,"decoded_payload_last_chip",1,412.745630,413.054310,262,-0.000000,-1665.064613,"Decawave DW-8",0.960217,1,12,0xB6D0,0xB6D0,1,"618836F2F00200010000D0B6"
806,304633800,304687569,304915153,304885663,304901542,304901543,304915153,304685521,304919249,"decoded_payload_last_chip",1,413.258964,413.567645,262,0.000000,-1621.189822,"Decawave DW-8",0.959911,1,12,0x376F,0x376F,1,"618837F2F002000100006F37"
807,305012100,305066039,305293624,305264134,305280012,305280014,305293624,305063991,305297720,"decoded_payload_last_chip",1,413.772297,414.080979,262,0.571688,-1660.062290,"Decawave DW-8",0.963087,1,12,0x86DD,0x86DD,1,"618838F2F00200010000DD86"
808,305390700,305444509,305672094,305642604,305658482,305658484,305672094,305442461,305676190,"decoded_payload_last_chip",1,414.285630,414.594312,262,0.000000,-1657.802760,"Decawave DW-8",0.959927,1,12,0x0762,0x0762,1,"618839F2F002000100006207"
809,305769000,305822980,306050564,306021075,306036953,306036954,306050564,305820932,306054660,"decoded_payload_last_chip",1,414.798964,415.107644,262,0.000000,-1641.533255,"Decawave DW-8",0.960212,1,12,0x8DB2,0x8DB2,1,"61883AF2F00200010000B28D"
810,306147600,306201451,306429035,306399545,306415424,306415425,306429035,306199403,306433131,"decoded_payload_last_chip",1,415.312298,415.620978,262,-0.000000,-1638.380235,"Decawave DW-8",0.959816,1,12,0x0C0D,0x0C0D,1,"61883BF2F002000100000D0C"
811,306525312,306579921,306807505,306778016,306793894,306793896,306807505,306577873,306811601,"decoded_payload_last_chip",1,415.825631,416.134311,262,0.000000,-1659.423711,"Decawave DW-8",0.959654,1,12,0x9003,0x9003,1,"61883CF2F002000100000390"
812,306904400,306958392,307185976,307156486,307172365,307172366,307185976,306956344,307190072,"decoded_payload_last_chip",1,416.338965,416.647645,262,0.000000,-1608.700809,"Decawave DW-8",0.960113,1,12,0x11BC,0x11BC,1,"61883DF2F00200010000BC11"
813,307282900,307336862,307564447,307534957,307550835,307550837,307564447,307334814,307568543,"decoded_payload_last_chip",1,416.852298,417.160980,262,0.000000,-1651.186395,"Decawave DW-8",0.959819,1,12,0x9B6C,0x9B6C,1,"61883EF2F002000100006C9B"
814,307661500,307715332,307942917,307913427,307929305,307929307,307942917,307713284,307947013,"decoded_payload_last_chip",1,417.365630,417.674312,262,0.000000,-1627.963086,"Decawave DW-8",0.959993,1,12,0x1AD3,0x1AD3,1,"61883FF2F00200010000D31A"
815,308040100,308093803,308321387,308291898,308307776,308307778,308321387,308091755,308325483,"decoded_payload_last_chip",1,417.878965,418.187645,262,0.000000,-1652.501048,"Decawave DW-8",0.960188,1,12,0x2318,0x2318,1,"618840F2F002000100001823"
816,308418300,308472273,308699858,308670368,308686246,308686248,308699858,308470225,308703954,"decoded_payload_last_chip",1,418.392297,418.700979,262,-0.000000,-1632.108080,"Decawave DW-8",0.959842,1,12,0xA2A7,0xA2A7,1,"618841F2F00200010000A7A2"
817,308796800,308850744,309078328,309048838,309064717,309064718,309078328,308848696,309082424,"decoded_payload_last_chip",1,418.905632,419.214312,262,0.000000,-1644.180744,"Decawave DW-8",0.960461,1,12,0x2877,0x2877,1,"618842F2F002000100007728"
818,309175600,309229215,309456799,309427309,309443187,309443189,309456799,309227167,309460895,"decoded_payload_last_chip",1,419.418966,419.727646,262,0.000000,-1664.229216,"Decawave DW-8",0.960253,1,12,0xA9C8,0xA9C8,1,"618843F2F00200010000C8A9"
819,309553900,309607685,309835269,309805780,309821658,309821660,309835269,309605637,309839365,"decoded_payload_last_chip",1,419.932298,420.240979,262,0.000000,-1644.298492,"Decawave DW-8",0.960081,1,12,0x35C6,0x35C6,1,"618844F2F00200010000C635"
820,309932200,309986156,310213740,310184250,310200129,310200130,310213740,309984108,310217836,"decoded_payload_last_chip",1,420.445633,420.754313,262,0.000000,-1635.050063,"Decawave DW-8",0.960056,1,12,0xB479,0xB479,1,"618845F2F0020001000079B4"
821,310310900,310364626,310592210,310562721,310578599,310578600,310592210,310362578,310596306,"decoded_payload_last_chip",1,420.958965,421.267646,262,0.000000,-1618.923508,"Decawave DW-8",0.959806,1,12,0x3EA9,0x3EA9,1,"618846F2F00200010000A93E"
822,310689100,310743096,310970681,310941191,310957069,310957071,310970681,310741048,310974777,"decoded_payload_last_chip",1,421.472298,421.780980,262,0.000000,-1642.111237,"Decawave DW-8",0.959533,1,12,0xBF16,0xBF16,1,"618847F2F0020001000016BF"
823,311067900,311121567,311349151,311319661,311335540,311335541,311349151,311119519,311353247,"decoded_payload_last_chip",1,421.985632,422.294313,262,0.000000,-1634.304860,"Decawave DW-8",0.959899,1,12,0x0EA4,0x0EA4,1,"618848F2F00200010000A40E"
824,311446100,311500037,311727621,311698132,311714010,311714012,311727621,311497989,311731717,"decoded_payload_last_chip",1,422.498965,422.807646,262,0.000000,-1640.000970,"Decawave DW-8",0.959938,1,12,0x8F1B,0x8F1B,1,"618849F2F002000100001B8F"
825,311824700,311878508,312106092,312076603,312092481,312092482,312106092,311876460,312110188,"decoded_payload_last_chip",1,423.012299,423.320980,262,0.000000,-1658.776051,"Decawave DW-8",0.959969,1,12,0x05CB,0x05CB,1,"61884AF2F00200010000CB05"
826,312203000,312256979,312484563,312455073,312470952,312470953,312484563,312254931,312488659,"decoded_payload_last_chip",1,423.525633,423.834314,262,0.000000,-1652.148508,"Decawave DW-8",0.959990,1,12,0x8474,0x8474,1,"61884BF2F002000100007484"
827,312581700,312635449,312863033,312833543,312849422,312849423,312863033,312633401,312867129,"decoded_payload_last_chip",1,424.038966,424.347647,262,0.000000,-1684.893635,"Decawave DW-8",0.960357,1,12,0x187A,0x187A,1,"61884CF2F002000100007A18"
828,312960000,313013920,313241504,313212014,313227892,313227894,313241504,313011872,313245600,"decoded_payload_last_chip",1,424.552300,424.860981,262,0.000000,-1662.605778,"Decawave DW-8",0.960236,1,12,0x99C5,0x99C5,1,"61884DF2F00200010000C599"
829,313338400,313392390,313619974,313590484,313606363,313606364,313619974,313390342,313624070,"decoded_payload_last_chip",1,425.065633,425.374314,262,0.000000,-1655.965493,"Decawave DW-8",0.960318,1,12,0x1315,0x1315,1,"61884EF2F002000100001513"
830,313716900,313770860,313998445,313968955,313984834,313984835,313998445,313768812,314002541,"decoded_payload_last_chip",1,425.578966,425.887648,262,4.142026,-1861.386606,"Decawave DW-8",0.959825,1,12,0x92AA,0x92AA,1,"61884FF2F00200010000AA92"
831,314095500,314149331,314376915,314347425,314363304,314363305,314376915,314147283,314381011,"decoded_payload_last_chip",1,426.092300,426.400981,262,0.000000,-1652.721848,"Decawave DW-8",0.960182,1,12,0x7860,0x7860,1,"618850F2F002000100006078"
832,314474100,314527802,314755386,314725896,314741775,314741776,314755386,314525754,314759482,"decoded_payload_last_chip",1,426.605634,426.914315,262,0.000000,-1623.440844,"Decawave DW-8",0.960618,1,12,0xF9DF,0xF9DF,1,"618851F2F00200010000DFF9"
833,314852300,314906272,315133856,315104366,315120245,315120246,315133856,314904224,315137952,"decoded_payload_last_chip",1,427.118967,427.427648,262,0.000000,-1627.366264,"Decawave DW-8",0.960060,1,12,0x730F,0x730F,1,"618852F2F002000100000F73"
834,315230800,315284742,315512327,315482837,315498715,315498717,315512327,315282694,315516423,"decoded_payload_last_chip",1,427.632300,427.940982,262,0.000000,-1626.319664,"Decawave DW-8",0.959722,1,12,0xF2B0,0xF2B0,1,"618853F2F00200010000B0F2"
835,315609600,315663213,315890797,315861308,315877186,315877187,315890797,315661165,315894893,"decoded_payload_last_chip",1,428.145634,428.454315,262,0.000000,-1651.986843,"Decawave DW-8",0.959961,1,12,0x6EBE,0x6EBE,1,"618854F2F00200010000BE6E"
836,315987700,316041684,316269268,316239778,316255657,316255658,316269268,316039636,316273364,"decoded_payload_last_chip",1,428.658968,428.967649,262,0.000000,-1645.717272,"Decawave DW-8",0.960204,1,12,0xEF01,0xEF01,1,"618855F2F0020001000001EF"
837,316366200,316420154,316647738,316618249,316634127,316634129,316647738,316418106,316651834,"decoded_payload_last_chip",1,429.172301,429.480981,262,0.000000,-1624.789548,"Decawave DW-8",0.960438,1,12,0x65D1,0x65D1,1,"618856F2F00200010000D165"
838,316744700,316798625,317026209,316996719,317012598,317012599,317026209,316796577,317030305,"decoded_payload_last_chip",1,429.685635,429.994316,262,0.000000,-1657.507614,"Decawave DW-8",0.960673,1,12,0xE46E,0xE46E,1,"618857F2F002000100006EE4"
839,317123100,317177095,317404679,317375189,317391068,317391069,317404679,317175047,317408775,"decoded_payload_last_chip",1,430.198968,430.507648,262,0.000000,-1656.436251,"Decawave DW-8",0.960422,1,12,0x55DC,0x55DC,1,"618858F2F00200010000DC55"
840,317501600,317555565,317783150,317753660,317769538,317769540,317783150,317553517,317787246,"decoded_payload_last_chip",1,430.712301,431.020983,262,0.000000,-1634.576996,"Decawave DW-8",0.960361,1,12,0xD463,0xD463,1,"618859F2F0020001000063D4"
841,317880000,317934036,318161620,318132131,318148009,318148011,318161620,317931988,318165716,"decoded_payload_last_chip",1,431.225635,431.534315,262,0.000000,-1629.841732,"Decawave DW-8",0.960386,1,12,0x5EB3,0x5EB3,1,"61885AF2F00200010000B35E"
842,318258600,318312506,318540090,318510601,318526479,318526481,318540090,318310458,318544186,"decoded_payload_last_chip",1,431.738968,432.047648,262,-0.000000,-1632.969830,"Decawave DW-8",0.959933,1,12,0xDF0C,0xDF0C,1,"61885BF2F002000100000CDF"
843,318637000,318690977,318918561,318889072,318904950,318904952,318918561,318688929,318922657,"decoded_payload_last_chip",1,432.252302,432.560982,262,-0.000000,-1642.090229,"Decawave DW-8",0.960086,1,12,0x4302,0x4302,1,"61885CF2F002000100000243"
844,319015500,319069448,319297032,319267542,319283420,319283422,319297032,319067400,319301128,"decoded_payload_last_chip",1,432.765636,433.074316,262,0.000000,-1609.650100,"Decawave DW-8",0.960089,1,12,0xC2BD,0xC2BD,1,"61885DF2F00200010000BDC2"
845,319394000,319447918,319675502,319646013,319661891,319661892,319675502,319445870,319679598,"decoded_payload_last_chip",1,433.278969,433.587649,262,-0.000000,-1641.290245,"Decawave DW-8",0.959717,1,12,0x486D,0x486D,1,"61885EF2F002000100006D48"
846,319772400,319826388,320053972,320024483,320040361,320040363,320053972,319824340,320058068,"decoded_payload_last_chip",1,433.792301,434.100982,262,0.000000,-1647.969384,"Decawave DW-8",0.960055,1,12,0xC9D2,0xC9D2,1,"61885FF2F00200010000D2C9"
847,320150900,320204859,320432443,320402953,320418832,320418833,320432443,320202811,320436539,"decoded_payload_last_chip",1,434.305636,434.614316,262,-0.000000,-1678.975467,"Decawave DW-8",0.960248,1,12,0x95E8,0x95E8,1,"618860F2F00200010000E895"
848,320529500,320583329,320810914,320781424,320797302,320797304,320810914,320581281,320815010,"decoded_payload_last_chip",1,434.818968,435.127650,262,0.000000,-1649.709370,"Decawave DW-8",0.960387,1,12,0x1457,0x1457,1,"618861F2F002000100005714"
849,320907800,320961800,321189384,321159895,321175773,321175774,321189384,320959752,321193480,"decoded_payload_last_chip",1,435.332303,435.640983,262,0.000000,-1680.647787,"Decawave DW-8",0.959933,1,12,0x9E87,0x9E87,1,"618862F2F00200010000879E"
850,321286300,321340270,321567855,321538365,321554243,321554245,321567855,321338222,321571951,"decoded_payload_last_chip",1,435.845635,436.154317,262,0.000000,-1643.150033,"Decawave DW-8",0.959978,1,12,0x1F38,0x1F38,1,"618863F2F00200010000381F"
851,321664800,321718741,321946325,321916835,321932714,321932715,321946325,321716693,321950421,"decoded_payload_last_chip",1,436.358969,436.667650,262,0.000000,-1650.662202,"Decawave DW-8",0.960095,1,12,0x8336,0x8336,1,"618864F2F002000100003683"
852,322043400,322097212,322324796,322295306,322311185,322311186,322324796,322095164,322328892,"decoded_payload_last_chip",1,436.872304,437.180984,262,0.000000,-1644.133374,"Decawave DW-8",0.960208,1,12,0x0289,0x0289,1,"618865F2F002000100008902"
853,322421700,322475682,322703267,322673777,322689656,322689657,322703267,322473634,322707363,"decoded_payload_last_chip",1,437.385636,437.694318,262,5.473884,-1914.056949,"Decawave DW-8",0.953566,1,12,0x8859,0x8859,1,"618866F2F002000100005988"
854,322798900,322854152,323081737,323052247,323068125,323068127,323081737,322852104,323085833,"decoded_payload_last_chip",1,437.898969,438.207651,262,0.000000,-1679.597321,"Decawave DW-8",0.959824,1,12,0x09E6,0x09E6,1,"618867F2F00200010000E609"
855,323178700,323232623,323460207,323430718,323446596,323446598,323460207,323230575,323464303,"decoded_payload_last_chip",1,438.412303,438.720984,262,0.000000,-1635.424747,"Decawave DW-8",0.959700,1,12,0xB854,0xB854,1,"618868F2F0020001000054B8"
856,323557100,323611093,323838678,323809188,323825066,323825068,323838678,323609045,323842774,"decoded_payload_last_chip",1,438.925636,439.234318,262,0.000000,-1675.309924,"Decawave DW-8",0.960186,1,12,0x39EB,0x39EB,1,"618869F2F00200010000EB39"
857,323935600,323989564,324217148,324187658,324203537,324203538,324217148,323987516,324221244,"decoded_payload_last_chip",1,439.438970,439.747651,262,0.000000,-1652.081310,"Decawave DW-8",0.960260,1,12,0xB33B,0xB33B,1,"61886AF2F002000100003BB3"
858,324314100,324368034,324595619,324566129,324582007,324582009,324595619,324365986,324599715,"decoded_payload_last_chip",1,439.952303,440.260985,262,-0.000000,-1662.003051,"Decawave DW-8",0.960131,1,12,0x3284,0x3284,1,"61886BF2F002000100008432"
859,324692600,324746505,324974089,324944599,324960478,324960479,324974089,324744457,324978185,"decoded_payload_last_chip",1,440.465637,440.774318,262,0.000000,-1643.311048,"Decawave DW-8",0.960016,1,12,0xAE8A,0xAE8A,1,"61886CF2F002000100008AAE"
860,325071000,325124976,325352560,325323070,325338949,325338950,325352560,325122928,325356656,"decoded_payload_last_chip",1,440.978971,441.287652,262,-0.000000,-1601.336652,"Decawave DW-8",0.960086,1,12,0x2F35,0x2F35,1,"61886DF2F00200010000352F"
861,325449500,325503446,325731030,325701541,325717419,325717420,325731030,325501398,325735126,"decoded_payload_last_chip",1,441.492304,441.800985,262,0.000000,-1639.762101,"Decawave DW-8",0.960268,1,12,0xA5E5,0xA5E5,1,"61886EF2F00200010000E5A5"
862,325828000,325881917,326109501,326080011,326095889,326095891,326109501,325879869,326113597,"decoded_payload_last_chip",1,442.005638,442.314319,262,0.000000,-1655.084266,"Decawave DW-8",0.959910,1,12,0x245A,0x245A,1,"61886FF2F002000100005A24"
863,326206400,326260387,326487971,326458481,326474360,326474361,326487971,326258339,326492067,"decoded_payload_last_chip",1,442.518971,442.827652,262,0.000000,-1617.574990,"Decawave DW-8",0.960332,1,12,0xCE90,0xCE90,1,"618870F2F0020001000090CE"
864,326584900,326638857,326866441,326836952,326852830,326852832,326866441,326636809,326870537,"decoded_payload_last_chip",1,443.032304,443.340984,262,0.000000,-1678.738133,"Decawave DW-8",0.960024,1,12,0x4F2F,0x4F2F,1,"618871F2F002000100002F4F"
865,326963500,327017328,327244912,327215422,327231301,327231302,327244912,327015280,327249008,"decoded_payload_last_chip",1,443.545638,443.854319,262,0.000000,-1662.829475,"Decawave DW-8",0.959871,1,12,0xC5FF,0xC5FF,1,"618872F2F00200010000FFC5"
866,327341800,327395799,327623383,327593893,327609771,327609773,327623383,327393751,327627479,"decoded_payload_last_chip",1,444.058972,444.367653,262,0.000000,-1654.592813,"Decawave DW-8",0.960111,1,12,0x4440,0x4440,1,"618873F2F002000100004044"
867,327720300,327774269,328001853,327972364,327988242,327988243,328001853,327772221,328005949,"decoded_payload_last_chip",1,444.572305,444.880986,262,0.000000,-1642.280404,"Decawave DW-8",0.960053,1,12,0xD84E,0xD84E,1,"618874F2F002000100004ED8"
868,328098800,328152739,328380324,328350834,328366712,328366714,328380324,328150691,328384420,"decoded_payload_last_chip",1,445.085638,445.394320,262,0.000000,-1667.441431,"Decawave DW-8",0.959948,1,12,0x59F1,0x59F1,1,"618875F2F00200010000F159"
869,328477400,328531209,328758794,328729305,328745183,328745185,328758794,328529161,328762890,"decoded_payload_last_chip",1,445.598971,445.907652,262,3.362482,-1752.643047,"Decawave DW-8",0.961260,1,12,0xD321,0xD321,1,"618876F2F0020001000021D3"
870,328855800,328909680,329137265,329107775,329123653,329123655,329137265,328907632,329141361,"decoded_payload_last_chip",1,446.112305,446.420987,262,0.000000,-1666.118566,"Decawave DW-8",0.960128,1,12,0x529E,0x529E,1,"618877F2F002000100009E52"
871,329234200,329288151,329515735,329486245,329502123,329502125,329515735,329286103,329519831,"decoded_payload_last_chip",1,446.625639,446.934319,262,0.000000,-1658.858258,"Decawave DW-8",0.959978,1,12,0xE32C,0xE32C,1,"618878F2F002000100002CE3"
872,329612700,329666621,329894206,329864717,329880595,329880597,329894206,329664573,329898302,"decoded_payload_last_chip",1,447.138972,447.447654,262,5.315283,-1921.635984,"Decawave DW-8",0.955212,1,12,0x6293,0x6293,1,"618879F2F002000100009362"
873,329991100,330045092,330272676,330243186,330259065,330259066,330272676,330043044,330276772,"decoded_payload_last_chip",1,447.652306,447.960986,262,0.000000,-1656.736755,"Decawave DW-8",0.960382,1,12,0xE843,0xE843,1,"61887AF2F0020001000043E8"
874,330369600,330423562,330651147,330621657,330637535,330637537,330651147,330421514,330655243,"decoded_payload_last_chip",1,448.165639,448.474320,262,0.000000,-1643.212035,"Decawave DW-8",0.960399,1,12,0x69FC,0x69FC,1,"61887BF2F00200010000FC69"
875,330748100,330802033,331029617,331000127,331016006,331016007,331029617,330799985,331033713,"decoded_payload_last_chip",1,448.678973,448.987653,262,0.000000,-1642.527881,"Decawave DW-8",0.960285,1,12,0xF5F2,0xF5F2,1,"61887CF2F00200010000F2F5"
876,331126600,331180503,331408088,331378598,331394476,331394478,331408088,331178455,331412184,"decoded_payload_last_chip",1,449.192306,449.500987,262,0.000000,-1661.655094,"Decawave DW-8",0.959892,1,12,0x744D,0x744D,1,"61887DF2F002000100004D74"
877,331505000,331558974,331786558,331757069,331772947,331772949,331786558,331556926,331790654,"decoded_payload_last_chip",1,449.705640,450.014320,262,0.000000,-1642.007692,"Decawave DW-8",0.960420,1,12,0xFE9D,0xFE9D,1,"61887EF2F002000100009DFE"
878,331883500,331937445,332165029,332135539,332151418,332151419,332165029,331935397,332169125,"decoded_payload_last_chip",1,450.218974,450.527654,262,0.000000,-1627.365979,"Decawave DW-8",0.959458,1,12,0x7F22,0x7F22,1,"61887FF2F00200010000227F"
879,332262200,332315915,332543499,332514009,332529888,332529889,332543499,332313867,332547595,"decoded_payload_last_chip",1,450.732307,451.040987,262,0.000000,-1630.719960,"Decawave DW-8",0.960165,1,12,0x8D0B,0x8D0B,1,"618880F2F002000100000B8D"
880,332640400,332694385,332921969,332892480,332908358,332908360,332921969,332692337,332926065,"decoded_payload_last_chip",1,451.245639,451.554320,262,0.000000,-1639.552260,"Decawave DW-8",0.960261,1,12,0x0CB4,0x0CB4,1,"618881F2F00200010000B40C"
881,333018900,333072856,333300440,333270950,333286829,333286830,333300440,333070808,333304536,"decoded_payload_last_chip",1,451.758974,452.067654,262,0.000000,-1657.611012,"Decawave DW-8",0.960038,1,12,0x8664,0x8664,1,"618882F2F002000100006486"
882,333397500,333451326,333678911,333649421,333665299,333665301,333678911,333449278,333683007,"decoded_payload_last_chip",1,452.272306,452.580988,262,0.000000,-1634.542008,"Decawave DW-8",0.959864,1,12,0x07DB,0x07DB,1,"618883F2F00200010000DB07"
883,333775800,333829797,334057381,334027892,334043770,334043771,334057381,333827749,334061477,"decoded_payload_last_chip",1,452.785640,453.094321,262,0.000000,-1638.609451,"Decawave DW-8",0.960235,1,12,0x9BD5,0x9BD5,1,"618884F2F00200010000D59B"
884,334154600,334208267,334435852,334406362,334422241,334422242,334435852,334206219,334439948,"decoded_payload_last_chip",1,453.298973,453.607655,262,4.927481,-1889.482264,"Decawave DW-8",0.958808,1,12,0x1A6A,0x1A6A,1,"618885F2F002000100006A1A"
885,334532800,334586738,334814322,334784832,334800711,334800712,334814322,334584690,334818418,"decoded_payload_last_chip",1,453.812307,454.120988,262,0.000000,-1665.093696,"Decawave DW-8",0.960028,1,12,0x90BA,0x90BA,1,"618886F2F00200010000BA90"
886,334911400,334965208,335192792,335163303,335179181,335179182,335192792,334963160,335196888,"decoded_payload_last_chip",1,454.325640,454.634321,262,-0.000000,-1634.386581,"Decawave DW-8",0.960925,1,12,0x1105,0x1105,1,"618887F2F002000100000511"
887,335289800,335343679,335571263,335541773,335557652,335557653,335571263,335341631,335575359,"decoded_payload_last_chip",1,454.838974,455.147655,262,0.000000,-1663.124156,"Decawave DW-8",0.960532,1,12,0xA0B7,0xA0B7,1,"618888F2F00200010000B7A0"
888,335668400,335722149,335949734,335920244,335936123,335936124,335949734,335720101,335953830,"decoded_payload_last_chip",1,455.352307,455.660989,262,4.440184,-1852.098008,"Decawave DW-8",0.959474,1,12,0x2108,0x2108,1,"618889F2F002000100000821"
889,336046700,336100620,336328204,336298714,336314592,336314594,336328204,336098572,336332300,"decoded_payload_last_chip",1,455.865641,456.174322,262,0.000000,-1658.391030,"Decawave DW-8",0.960019,1,12,0xABD8,0xABD8,1,"61888AF2F00200010000D8AB"
890,336425100,336479090,336706675,336677185,336693063,336693065,336706675,336477042,336710771,"decoded_payload_last_chip",1,456.378974,456.687656,262,0.000000,-1634.766586,"Decawave DW-8",0.959954,1,12,0x2A67,0x2A67,1,"61888BF2F00200010000672A"
891,336803600,336857561,337085145,337055655,337071534,337071535,337085145,336855513,337089241,"decoded_payload_last_chip",1,456.892308,457.200989,262,0.000000,-1642.202142,"Decawave DW-8",0.960609,1,12,0xB669,0xB669,1,"61888CF2F0020001000069B6"
892,337182200,337236032,337463616,337434126,337450005,337450006,337463616,337233984,337467712,"decoded_payload_last_chip",1,457.405642,457.714323,262,0.000000,-1640.417418,"Decawave DW-8",0.959733,1,12,0x37D6,0x37D6,1,"61888DF2F00200010000D637"
893,337560800,337614502,337842086,337812596,337828475,337828476,337842086,337612454,337846182,"decoded_payload_last_chip",1,457.918975,458.227656,262,0.000000,-1651.656721,"Decawave DW-8",0.960331,1,12,0xBD06,0xBD06,1,"61888EF2F0020001000006BD"
894,337939000,337992973,338220557,338191067,338206946,338206947,338220557,337990925,338224653,"decoded_payload_last_chip",1,458.432309,458.740990,262,1.358456,-1704.220416,"Decawave DW-8",0.959473,1,12,0x3CB9,0x3CB9,1,"61888FF2F00200010000B93C"
895,338317700,338371443,338599027,338569538,338585416,338585417,338599027,338369395,338603123,"decoded_payload_last_chip",1,458.945642,459.254323,262,0.000000,-1650.992625,"Decawave DW-8",0.959430,1,12,0xD673,0xD673,1,"618890F2F0020001000073D6"
896,338696300,338749913,338977497,338948008,338963886,338963887,338977497,338747865,338981593,"decoded_payload_last_chip",1,459.458975,459.767655,262,0.000000,-1665.163575,"Decawave DW-8",0.960562,1,12,0x57CC,0x57CC,1,"618891F2F00200010000CC57"
897,339074400,339128384,339355968,339326478,339342357,339342358,339355968,339126336,339360064,"decoded_payload_last_chip",1,459.972309,460.280990,262,0.000000,-1655.290294,"Decawave DW-8",0.960654,1,12,0xDD1C,0xDD1C,1,"618892F2F002000100001CDD"
898,339452900,339506854,339734438,339704949,339720827,339720829,339734438,339504806,339738534,"decoded_payload_last_chip",1,460.485642,460.794322,262,0.000000,-1649.374661,"Decawave DW-8",0.959646,1,12,0x5CA3,0x5CA3,1,"618893F2F00200010000A35C"
899,339831400,339885325,340112909,340083419,340099298,340099299,340112909,339883277,340117005,"decoded_payload_last_chip",1,460.998976,461.307657,262,0.000000,-1649.418739,"Decawave DW-8",0.960469,1,12,0xC0AD,0xC0AD,1,"618894F2F00200010000ADC0"
900,340209800,340263796,340491380,340461890,340477768,340477770,340491380,340261748,340495476,"decoded_payload_last_chip",1,461.512310,461.820991,262,0.000000,-1645.859495,"Decawave DW-8",0.959885,1,12,0x4112,0x4112,1,"618895F2F002000100001241"
901,340588400,340642266,340869850,340840360,340856239,340856240,340869850,340640218,340873946,"decoded_payload_last_chip",1,462.025643,462.334323,262,0.000000,-1660.972383,"Decawave DW-8",0.960444,1,12,0xCBC2,0xCBC2,1,"618896F2F00200010000C2CB"
902,340966800,341020736,341248321,341218831,341234709,341234711,341248321,341018688,341252417,"decoded_payload_last_chip",1,462.538976,462.847658,262,0.000000,-1633.245347,"Decawave DW-8",0.959868,1,12,0x4A7D,0x4A7D,1,"618897F2F002000100007D4A"
903,341345300,341399207,341626791,341597301,341613180,341613181,341626791,341397159,341630887,"decoded_payload_last_chip",1,463.052310,463.360990,262,0.000000,-1658.930831,"Decawave DW-8",0.960190,1,12,0xFBCF,0xFBCF,1,"618898F2F00200010000CFFB"
904,341723700,341777677,342005261,341975772,341991650,341991652,342005261,341775629,342009357,"decoded_payload_last_chip",1,463.565643,463.874323,262,-0.000000,-1648.575189,"Decawave DW-8",0.959754,1,12,0x7A70,0x7A70,1,"618899F2F00200010000707A"
905,342102200,342156148,342383732,342354242,342370120,342370122,342383732,342154100,342387828,"decoded_payload_last_chip",1,464.078977,464.387657,262,0.000000,-1653.169029,"Decawave DW-8",0.960462,1,12,0xF0A0,0xF0A0,1,"61889AF2F00200010000A0F0"
906,342479788,342534618,342762202,342732713,342748591,342748592,342762202,342532570,342766298,"decoded_payload_last_chip",1,464.592310,464.900990,262,0.000000,-1626.636303,"Decawave DW-8",0.960039,1,12,0x711F,0x711F,1,"61889BF2F002000100001F71"
907,342859100,342913089,343140673,343111183,343127062,343127063,343140673,342911041,343144769,"decoded_payload_last_chip",1,465.105644,465.414324,262,0.000000,-1659.378469,"Decawave DW-8",0.959732,1,12,0xED11,0xED11,1,"61889CF2F0020001000011ED"
908,343237600,343291559,343519144,343489654,343505532,343505534,343519144,343289511,343523240,"decoded_payload_last_chip",1,465.618977,465.927658,262,0.000000,-1650.862784,"Decawave DW-8",0.959848,1,12,0x6CAE,0x6CAE,1,"61889DF2F00200010000AE6C"
909,343616200,343670029,343897614,343868124,343884002,343884004,343897614,343667981,343901710,"decoded_payload_last_chip",1,466.132309,466.440991,262,0.000000,-1648.087002,"Decawave DW-8",0.959802,1,12,0xE67E,0xE67E,1,"61889EF2F002000100007EE6"
910,343994500,344048500,344276084,344246595,344262473,344262474,344276084,344046452,344280180,"decoded_payload_last_chip",1,466.645643,466.954324,262,0.000000,-1637.957610,"Decawave DW-8",0.960061,1,12,0x67C1,0x67C1,1,"61889FF2F00200010000C167"
911,344373000,344426970,344654555,344625065,344640943,344640945,344654555,344424922,344658651,"decoded_payload_last_chip",1,467.158976,467.467658,262,0.000000,-1638.822568,"Decawave DW-8",0.959790,1,12,0x3BFB,0x3BFB,1,"6188A0F2F00200010000FB3B"
912,344751500,344805441,345033025,345003535,345019414,345019415,345033025,344803393,345037121,"decoded_payload_last_chip",1,467.672310,467.980991,262,0.000000,-1683.643831,"Decawave DW-8",0.959780,1,12,0xBA44,0xBA44,1,"6188A1F2F0020001000044BA"
913,345130100,345183912,345411496,345382006,345397885,345397886,345411496,345181864,345415592,"decoded_payload_last_chip",1,468.185645,468.494325,262,0.000000,-1648.076183,"Decawave DW-8",0.960040,1,12,0x3094,0x3094,1,"6188A2F2F002000100009430"
914,345508400,345562382,345789967,345760477,345776355,345776357,345789967,345560334,345794063,"decoded_payload_last_chip",1,468.698977,469.007659,262,0.000000,-1636.776234,"Decawave DW-8",0.960392,1,12,0xB12B,0xB12B,1,"6188A3F2F002000100002BB1"
915,345886900,345940853,346168437,346138947,346154826,346154827,346168437,345938805,346172533,"decoded_payload_last_chip",1,469.212311,469.520992,262,0.000000,-1641.804411,"Decawave DW-8",0.959514,1,12,0x2D25,0x2D25,1,"6188A4F2F00200010000252D"
916,346265400,346319323,346546907,346517418,346533296,346533298,346546907,346317275,346551003,"decoded_payload_last_chip",1,469.725644,470.034325,262,0.000000,-1623.454056,"Decawave DW-8",0.959538,1,12,0xAC9A,0xAC9A,1,"6188A5F2F002000100009AAC"
917,346643800,346697793,346925379,346895889,346911767,346911769,346925379,346695745,346929475,"decoded_payload_last_chip",1,470.238977,470.547660,262,4.640816,-1877.393800,"Decawave DW-8",0.959582,1,12,0x264A,0x264A,1,"6188A6F2F002000100004A26"
918,347022300,347076265,347303849,347274359,347290238,347290239,347303849,347074217,347307945,"decoded_payload_last_chip",1,470.752313,471.060993,262,0.149079,-1629.611420,"Decawave DW-8",0.961198,1,12,0xA7F5,0xA7F5,1,"6188A7F2F00200010000F5A7"
919,347400800,347454735,347682319,347652830,347668708,347668709,347682319,347452687,347686415,"decoded_payload_last_chip",1,471.265645,471.574326,262,0.000000,-1619.806671,"Decawave DW-8",0.960199,1,12,0x1647,0x1647,1,"6188A8F2F002000100004716"
920,347779300,347833205,348060790,348031300,348047178,348047180,348060790,347831157,348064886,"decoded_payload_last_chip",1,471.778978,472.087660,262,0.000000,-1625.339370,"Decawave DW-8",0.959984,1,12,0x97F8,0x97F8,1,"6188A9F2F00200010000F897"
921,348157700,348211676,348439260,348409770,348425649,348425650,348439260,348209628,348443356,"decoded_payload_last_chip",1,472.292312,472.600993,262,0.000000,-1661.023659,"Decawave DW-8",0.959709,1,12,0x1D28,0x1D28,1,"6188AAF2F00200010000281D"
922,348536200,348590146,348817730,348788241,348804119,348804120,348817730,348588098,348821826,"decoded_payload_last_chip",1,472.805645,473.114326,262,0.000000,-1625.593487,"Decawave DW-8",0.960129,1,12,0x9C97,0x9C97,1,"6188ABF2F00200010000979C"
923,348914700,348968617,349196201,349166711,349182589,349182591,349196201,348966569,349200297,"decoded_payload_last_chip",1,473.318979,473.627660,262,0.000000,-1647.026395,"Decawave DW-8",0.960132,1,12,0x0099,0x0099,1,"6188ACF2F002000100009900"
924,349293100,349347087,349574672,349545182,349561060,349561062,349574672,349345039,349578768,"decoded_payload_last_chip",1,473.832312,474.140994,262,0.000000,-1666.268813,"Decawave DW-8",0.960227,1,12,0x8126,0x8126,1,"6188ADF2F002000100002681"
925,349671600,349725558,349953142,349923652,349939531,349939532,349953142,349723510,349957238,"decoded_payload_last_chip",1,474.345646,474.654327,262,0.000000,-1645.891090,"Decawave DW-8",0.959821,1,12,0x0BF6,0x0BF6,1,"6188AEF2F00200010000F60B"
926,350050200,350104028,350331612,350302122,350318001,350318002,350331612,350101980,350335708,"decoded_payload_last_chip",1,474.858979,475.167660,262,0.000000,-1671.447291,"Decawave DW-8",0.959716,1,12,0x8A49,0x8A49,1,"6188AFF2F00200010000498A"
927,350428500,350482499,350710083,350680593,350696471,350696473,350710083,350480451,350714179,"decoded_payload_last_chip",1,475.372313,475.680994,262,0.000000,-1646.824701,"Decawave DW-8",0.959442,1,12,0x6083,0x6083,1,"6188B0F2F002000100008360"
928,350807000,350860969,351088553,351059064,351074942,351074943,351088553,350858921,351092649,"decoded_payload_last_chip",1,475.885646,476.194326,262,0.000000,-1645.912513,"Decawave DW-8",0.959801,1,12,0xE13C,0xE13C,1,"6188B1F2F002000100003CE1"
929,351185500,351239439,351467024,351437534,351453412,351453414,351467024,351237391,351471120,"decoded_payload_last_chip",1,476.398979,476.707661,262,0.000000,-1657.991479,"Decawave DW-8",0.960202,1,12,0x6BEC,0x6BEC,1,"6188B2F2F00200010000EC6B"
930,351564100,351617910,351845494,351816005,351831883,351831885,351845494,351615862,351849590,"decoded_payload_last_chip",1,476.912313,477.220993,262,0.000000,-1644.885446,"Decawave DW-8",0.959589,1,12,0xEA53,0xEA53,1,"6188B3F2F0020001000053EA"
931,351942400,351996381,352223965,352194475,352210354,352210355,352223965,351994333,352228061,"decoded_payload_last_chip",1,477.425647,477.734328,262,0.000000,-1628.211116,"Decawave DW-8",0.959714,1,12,0x765D,0x765D,1,"6188B4F2F002000100005D76"
932,352320900,352374851,352602436,352572946,352588824,352588826,352602436,352372803,352606532,"decoded_payload_last_chip",1,477.938980,478.247662,262,0.000000,-1661.092267,"Decawave DW-8",0.959561,1,12,0xF7E2,0xF7E2,1,"6188B5F2F00200010000E2F7"
933,352699400,352753322,352980906,352951416,352967295,352967296,352980906,352751274,352985002,"decoded_payload_last_chip",1,478.452314,478.760994,262,0.000000,-1662.285289,"Decawave DW-8",0.960446,1,12,0x7D32,0x7D32,1,"6188B6F2F00200010000327D"
934,353077800,353131792,353359376,353329886,353345765,353345766,353359376,353129744,353363472,"decoded_payload_last_chip",1,478.965647,479.274327,262,0.000000,-1660.442371,"Decawave DW-8",0.960291,1,12,0xFC8D,0xFC8D,1,"6188B7F2F002000100008DFC"
935,353456300,353510262,353737847,353708357,353724235,353724237,353737847,353508214,353741943,"decoded_payload_last_chip",1,479.478979,479.787661,262,0.000000,-1641.554997,"Decawave DW-8",0.960237,1,12,0x4D3F,0x4D3F,1,"6188B8F2F002000100003F4D"
936,353834800,353888733,354116318,354086828,354102707,354102708,354116318,353886685,354120414,"decoded_payload_last_chip",1,479.992314,480.300996,262,4.085875,-1854.695577,"Decawave DW-8",0.960263,1,12,0xCC80,0xCC80,1,"6188B9F2F0020001000080CC"
937,354213300,354267204,354494788,354465299,354481177,354481179,354494788,354265156,354498884,"decoded_payload_last_chip",1,480.505648,480.814328,262,0.830441,-1638.315091,"Decawave DW-8",0.962739,1,12,0x4650,0x4650,1,"6188BAF2F002000100005046"
938,354591700,354645674,354873258,354843769,354859647,354859649,354873258,354643626,354877354,"decoded_payload_last_chip",1,481.018981,481.327661,262,0.000000,-1635.499926,"Decawave DW-8",0.960541,1,12,0xC7EF,0xC7EF,1,"6188BBF2F00200010000EFC7"
939,354970152,355024145,355251729,355222239,355238118,355238119,355251729,355022097,355255825,"decoded_payload_last_chip",1,481.532315,481.840995,262,0.000000,-1642.875115,"Decawave DW-8",0.960550,1,12,0x5BE1,0x5BE1,1,"6188BCF2F00200010000E15B"
940,355348800,355402615,355630200,355600710,355616588,355616590,355630200,355400567,355634296,"decoded_payload_last_chip",1,482.045648,482.354329,262,0.000000,-1633.798291,"Decawave DW-8",0.959712,1,12,0xDA5E,0xDA5E,1,"6188BDF2F002000100005EDA"
941,355727200,355781086,356008670,355979180,355995058,355995060,356008670,355779038,356012766,"decoded_payload_last_chip",1,482.558982,482.867662,262,0.000000,-1644.192231,"Decawave DW-8",0.959985,1,12,0x508E,0x508E,1,"6188BEF2F002000100008E50"
942,356105600,356159556,356387141,356357651,356373529,356373531,356387141,356157508,356391237,"decoded_payload_last_chip",1,483.072314,483.380996,262,0.000000,-1646.420584,"Decawave DW-8",0.959861,1,12,0xD131,0xD131,1,"6188BFF2F0020001000031D1"
943,356484400,356538026,356765611,356736121,356751999,356752001,356765611,356535978,356769707,"decoded_payload_last_chip",1,483.585647,483.894329,262,0.000000,-1651.099506,"Decawave DW-8",0.960372,1,12,0xE8FA,0xE8FA,1,"6188C0F2F00200010000FAE8"
944,356862500,356916497,357144081,357114592,357130470,357130471,357144081,356914449,357148177,"decoded_payload_last_chip",1,484.098981,484.407662,262,0.000000,-1652.120451,"Decawave DW-8",0.960079,1,12,0x6945,0x6945,1,"6188C1F2F002000100004569"
945,357241100,357294968,357522552,357493062,357508941,357508942,357522552,357292920,357526648,"decoded_payload_last_chip",1,484.612316,484.920996,262,0.000000,-1641.767591,"Decawave DW-8",0.960331,1,12,0xE395,0xE395,1,"6188C2F2F0020001000095E3"
946,357619500,357673438,357901022,357871532,357887411,357887412,357901022,357671390,357905118,"decoded_payload_last_chip",1,485.125648,485.434329,262,0.000000,-1630.385064,"Decawave DW-8",0.960033,1,12,0x622A,0x622A,1,"6188C3F2F002000100002A62"
947,357998100,358051909,358279493,358250003,358265882,358265883,358279493,358049861,358283589,"decoded_payload_last_chip",1,485.638982,485.947663,262,0.000000,-1663.336510,"Decawave DW-8",0.960282,1,12,0xFE24,0xFE24,1,"6188C4F2F0020001000024FE"
948,358376500,358430379,358657963,358628473,358644352,358644353,358657963,358428331,358662059,"decoded_payload_last_chip",1,486.152315,486.460996,262,0.000000,-1655.256270,"Decawave DW-8",0.959781,1,12,0x7F9B,0x7F9B,1,"6188C5F2F002000100009B7F"
949,358755100,358808850,359036434,359006944,359022823,359022824,359036434,358806802,359040530,"decoded_payload_last_chip",1,486.665649,486.974330,262,0.000000,-1659.797301,"Decawave DW-8",0.959880,1,12,0xF54B,0xF54B,1,"6188C6F2F002000100004BF5"
950,359132808,359187320,359414905,359385415,359401294,359401295,359414905,359185272,359419001,"decoded_payload_last_chip",1,487.178982,487.487664,262,4.387973,-1921.849715,"Decawave DW-8",0.959374,1,12,0x74F4,0x74F4,1,"6188C7F2F00200010000F474"
951,359511800,359565790,359793375,359763885,359779763,359779765,359793375,359563742,359797471,"decoded_payload_last_chip",1,487.692315,488.000997,262,0.000000,-1673.179571,"Decawave DW-8",0.959732,1,12,0xC546,0xC546,1,"6188C8F2F0020001000046C5"
952,359890300,359944261,360171845,360142355,360158234,360158235,360171845,359942213,360175941,"decoded_payload_last_chip",1,488.205649,488.514330,262,0.000000,-1630.963839,"Decawave DW-8",0.960253,1,12,0x44F9,0x44F9,1,"6188C9F2F00200010000F944"
953,360268900,360322732,360550316,360520826,360536705,360536706,360550316,360320684,360554412,"decoded_payload_last_chip",1,488.718983,489.027664,262,0.000000,-1670.775121,"Decawave DW-8",0.959998,1,12,0xCE29,0xCE29,1,"6188CAF2F0020001000029CE"
954,360647300,360701202,360928786,360899296,360915175,360915176,360928786,360699154,360932882,"decoded_payload_last_chip",1,489.232316,489.540997,262,0.000000,-1621.193215,"Decawave DW-8",0.959884,1,12,0x4F96,0x4F96,1,"6188CBF2F00200010000964F"
955,361025700,361079673,361307257,361277767,361293646,361293647,361307257,361077625,361311353,"decoded_payload_last_chip",1,489.745650,490.054331,262,0.000000,-1651.770277,"Decawave DW-8",0.959929,1,12,0xD398,0xD398,1,"6188CCF2F0020001000098D3"
956,361404400,361458143,361685727,361656238,361672116,361672117,361685727,361456095,361689823,"decoded_payload_last_chip",1,490.258983,490.567664,262,0.000000,-1635.013887,"Decawave DW-8",0.960510,1,12,0x5227,0x5227,1,"6188CDF2F002000100002752"
957,361783000,361836614,362064198,362034708,362050587,362050588,362064198,361834566,362068294,"decoded_payload_last_chip",1,490.772317,491.080998,262,0.000000,-1627.164175,"Decawave DW-8",0.959604,1,12,0xD8F7,0xD8F7,1,"6188CEF2F00200010000F7D8"
958,362161100,362215084,362442668,362413178,362429057,362429058,362442668,362213036,362446764,"decoded_payload_last_chip",1,491.285650,491.594331,262,0.000000,-1639.956413,"Decawave DW-8",0.960106,1,12,0x5948,0x5948,1,"6188CFF2F002000100004859"
959,362538300,362593555,362821139,362791649,362807528,362807529,362821139,362591507,362825235,"decoded_payload_last_chip",1,491.798984,492.107665,262,0.000000,-1645.026043,"Decawave DW-8",0.960079,1,12,0xB382,0xB382,1,"6188D0F2F0020001000082B3"
960,362918100,362972025,363199610,363170120,363185998,363186000,363199610,362969977,363203706,"decoded_payload_last_chip",1,492.312317,492.620999,262,0.000000,-1635.323248,"Decawave DW-8",0.959818,1,12,0x323D,0x323D,1,"6188D1F2F002000100003D32"
961,363296500,363350496,363578080,363548590,363564468,363564470,363578080,363348448,363582176,"decoded_payload_last_chip",1,492.825651,493.134332,262,0.000000,-1642.067056,"Decawave DW-8",0.960125,1,12,0xB8ED,0xB8ED,1,"6188D2F2F00200010000EDB8"
962,363675100,363728966,363956551,363927061,363942939,363942941,363956551,363726918,363960647,"decoded_payload_last_chip",1,493.338984,493.647666,262,0.000000,-1676.592020,"Decawave DW-8",0.959471,1,12,0x3952,0x3952,1,"6188D3F2F002000100005239"
963,364053500,364107436,364335021,364305531,364321409,364321411,364335021,364105388,364339117,"decoded_payload_last_chip",1,493.852317,494.160999,262,0.000000,-1642.082120,"Decawave DW-8",0.960063,1,12,0xA55C,0xA55C,1,"6188D4F2F002000100005CA5"
964,364432000,364485907,364713491,364684001,364699880,364699881,364713491,364483859,364717587,"decoded_payload_last_chip",1,494.365651,494.674331,262,0.000000,-1669.786370,"Decawave DW-8",0.959540,1,12,0x24E3,0x24E3,1,"6188D5F2F00200010000E324"
965,364810400,364864378,365091962,365062472,365078351,365078352,365091962,364862330,365096058,"decoded_payload_last_chip",1,494.878985,495.187665,262,0.000000,-1616.345458,"Decawave DW-8",0.959557,1,12,0xAE33,0xAE33,1,"6188D6F2F0020001000033AE"
966,365188900,365242848,365470433,365440943,365456821,365456823,365470433,365240800,365474529,"decoded_payload_last_chip",1,495.392318,495.701000,262,0.000000,-1659.418290,"Decawave DW-8",0.959575,1,12,0x2F8C,0x2F8C,1,"6188D7F2F002000100008C2F"
967,365567400,365621319,365848903,365819413,365835292,365835293,365848903,365619271,365852999,"decoded_payload_last_chip",1,495.905652,496.214332,262,0.000000,-1653.240817,"Decawave DW-8",0.959907,1,12,0x9E3E,0x9E3E,1,"6188D8F2F002000100003E9E"
968,365945800,365999789,366227373,366197883,366213762,366213763,366227373,365997741,366231469,"decoded_payload_last_chip",1,496.418985,496.727665,262,0.000000,-1667.660765,"Decawave DW-8",0.960041,1,12,0x1F81,0x1F81,1,"6188D9F2F00200010000811F"
969,366324300,366378259,366605844,366576354,366592232,366592234,366605844,366376211,366609940,"decoded_payload_last_chip",1,496.932317,497.240999,262,0.000000,-1619.458871,"Decawave DW-8",0.960196,1,12,0x9551,0x9551,1,"6188DAF2F002000100005195"
970,366702900,366756730,366984314,366954825,366970703,366970705,366984314,366754682,366988410,"decoded_payload_last_chip",1,497.445652,497.754332,262,0.000000,-1658.255750,"Decawave DW-8",0.959488,1,12,0x14EE,0x14EE,1,"6188DBF2F00200010000EE14"
971,367081200,367135201,367362785,367333295,367349174,367349175,367362785,367133153,367366881,"decoded_payload_last_chip",1,497.958986,498.267666,262,0.000000,-1630.454558,"Decawave DW-8",0.959797,1,12,0x88E0,0x88E0,1,"6188DCF2F00200010000E088"
972,367459700,367513671,367741255,367711766,367727644,367727646,367741255,367511623,367745351,"decoded_payload_last_chip",1,498.472319,498.780999,262,0.000000,-1615.281743,"Decawave DW-8",0.959464,1,12,0x095F,0x095F,1,"6188DDF2F002000100005F09"
973,367838120,367892141,368119726,368090236,368106114,368106116,368119726,367890093,368123822,"decoded_payload_last_chip",1,498.985651,499.294333,262,0.000000,-1667.964258,"Decawave DW-8",0.960086,1,12,0x838F,0x838F,1,"6188DEF2F002000100008F83"
974,368216800,368270612,368498197,368468707,368484586,368484587,368498197,368268564,368502293,"decoded_payload_last_chip",1,499.498985,499.807667,262,1.618523,-1715.722980,"Decawave DW-8",0.959256,1,12,0x0230,0x0230,1,"6188DFF2F002000100003002"
975,368595100,368649082,368876667,368847177,368863055,368863057,368876667,368647034,368880763,"decoded_payload_last_chip",1,500.012318,500.321000,262,0.000000,-1639.572623,"Decawave DW-8",0.959701,1,12,0x5E0A,0x5E0A,1,"6188E0F2F002000100000A5E"
976,368973600,369027553,369255137,369225647,369241526,369241527,369255137,369025505,369259233,"decoded_payload_last_chip",1,500.525652,500.834333,262,0.000000,-1651.480658,"Decawave DW-8",0.959920,1,12,0xDFB5,0xDFB5,1,"6188E1F2F00200010000B5DF"
977,369352100,369406023,369633607,369604118,369619996,369619998,369633607,369403975,369637703,"decoded_payload_last_chip",1,501.038985,501.347666,262,0.000000,-1675.948823,"Decawave DW-8",0.959683,1,12,0x5565,0x5565,1,"6188E2F2F002000100006555"
978,369730500,369784494,370012078,369982589,369998467,369998468,370012078,369782446,370016174,"decoded_payload_last_chip",1,501.552319,501.861000,262,0.000000,-1631.328175,"Decawave DW-8",0.960270,1,12,0xD4DA,0xD4DA,1,"6188E3F2F00200010000DAD4"
979,370109000,370162965,370390549,370361059,370376937,370376939,370390549,370160917,370394645,"decoded_payload_last_chip",1,502.065653,502.374334,262,0.000000,-1647.836219,"Decawave DW-8",0.959925,1,12,0x48D4,0x48D4,1,"6188E4F2F00200010000D448"
980,370487500,370541435,370769019,370739530,370755408,370755409,370769019,370539387,370773115,"decoded_payload_last_chip",1,502.578986,502.887667,262,0.000000,-1619.401560,"Decawave DW-8",0.959668,1,12,0xC96B,0xC96B,1,"6188E5F2F002000100006BC9"
981,370865408,370919906,371147490,371118000,371133879,371133880,371147490,370917858,371151586,"decoded_payload_last_chip",1,503.092320,503.401001,262,0.000000,-1638.980901,"Decawave DW-8",0.959690,1,12,0x43BB,0x43BB,1,"6188E6F2F00200010000BB43"
982,371244400,371298376,371525961,371496471,371512349,371512351,371525961,371296328,371530057,"decoded_payload_last_chip",1,503.605653,503.914335,262,3.181551,-1781.791299,"Decawave DW-8",0.959544,1,12,0xC204,0xC204,1,"6188E7F2F0020001000004C2"
983,371622900,371676847,371904431,371874941,371890820,371890821,371904431,371674799,371908527,"decoded_payload_last_chip",1,504.118987,504.427668,262,0.000000,-1657.085317,"Decawave DW-8",0.959606,1,12,0x73B6,0x73B6,1,"6188E8F2F00200010000B673"
984,372001400,372055317,372282902,372253412,372269290,372269292,372282902,372053269,372286998,"decoded_payload_last_chip",1,504.632320,504.941002,262,0.000000,-1620.157982,"Decawave DW-8",0.959965,1,12,0xF209,0xF209,1,"6188E9F2F0020001000009F2"
985,372379800,372433787,372661372,372631882,372647760,372647762,372661372,372431739,372665468,"decoded_payload_last_chip",1,505.145653,505.454335,262,0.000000,-1645.822983,"Decawave DW-8",0.959165,1,12,0x78D9,0x78D9,1,"6188EAF2F00200010000D978"
986,372758300,372812258,373039842,373010352,373026231,373026232,373039842,372810210,373043938,"decoded_payload_last_chip",1,505.658987,505.967668,262,0.000000,-1670.381572,"Decawave DW-8",0.960553,1,12,0xF966,0xF966,1,"6188EBF2F0020001000066F9"
987,373136900,373190729,373418313,373388823,373404702,373404703,373418313,373188681,373422409,"decoded_payload_last_chip",1,506.172321,506.481002,262,0.000000,-1633.736159,"Decawave DW-8",0.960046,1,12,0x6568,0x6568,1,"6188ECF2F002000100006865"
988,373515200,373569199,373796784,373767294,373783172,373783174,373796784,373567151,373800880,"decoded_payload_last_chip",1,506.685654,506.994336,262,0.000000,-1632.875192,"Decawave DW-8",0.960100,1,12,0xE4D7,0xE4D7,1,"6188EDF2F00200010000D7E4"
989,373893700,373947670,374175254,374145764,374161643,374161644,374175254,373945622,374179350,"decoded_payload_last_chip",1,507.198988,507.507669,262,0.000000,-1631.038525,"Decawave DW-8",0.959692,1,12,0x6E07,0x6E07,1,"6188EEF2F00200010000076E"
990,374272200,374326140,374553724,374524235,374540113,374540115,374553724,374324092,374557820,"decoded_payload_last_chip",1,507.712321,508.021002,262,0.000000,-1639.591531,"Decawave DW-8",0.959976,1,12,0xEFB8,0xEFB8,1,"6188EFF2F00200010000B8EF"
991,374650800,374704610,374932194,374902705,374918583,374918585,374932194,374702562,374936290,"decoded_payload_last_chip",1,508.225654,508.534334,262,0.000000,-1658.851487,"Decawave DW-8",0.960035,1,12,0x0572,0x0572,1,"6188F0F2F002000100007205"
992,375029100,375083081,375310665,375281175,375297054,375297055,375310665,375081033,375314761,"decoded_payload_last_chip",1,508.738988,509.047668,262,0.000000,-1645.660563,"Decawave DW-8",0.959507,1,12,0x84CD,0x84CD,1,"6188F1F2F00200010000CD84"
993,375407600,375461551,375689136,375659646,375675524,375675526,375689136,375459503,375693232,"decoded_payload_last_chip",1,509.252321,509.561003,262,0.000000,-1623.813707,"Decawave DW-8",0.959346,1,12,0x0E1D,0x0E1D,1,"6188F2F2F002000100001D0E"
994,375786100,375840022,376067606,376038116,376053995,376053996,376067606,375837974,376071702,"decoded_payload_last_chip",1,509.765655,510.074335,262,0.000000,-1645.171898,"Decawave DW-8",0.959720,1,12,0x8FA2,0x8FA2,1,"6188F3F2F00200010000A28F"
995,376164500,376218493,376446077,376416587,376432466,376432467,376446077,376216445,376450173,"decoded_payload_last_chip",1,510.278989,510.587670,262,0.000000,-1647.931609,"Decawave DW-8",0.959609,1,12,0x13AC,0x13AC,1,"6188F4F2F00200010000AC13"
996,376543000,376596963,376824547,376795058,376810936,376810937,376824547,376594915,376828643,"decoded_payload_last_chip",1,510.792322,511.101002,262,0.000000,-1649.983029,"Decawave DW-8",0.959712,1,12,0x9213,0x9213,1,"6188F5F2F002000100001392"
997,376921500,376975434,377203018,377173528,377189406,377189408,377203018,376973386,377207114,"decoded_payload_last_chip",1,511.305656,511.614336,262,0.000000,-1656.921682,"Decawave DW-8",0.960033,1,12,0x18C3,0x18C3,1,"6188F6F2F00200010000C318"
998,377300000,377353904,377581488,377551999,377567877,377567878,377581488,377351856,377585584,"decoded_payload_last_chip",1,511.818989,512.127669,262,0.000000,-1630.978136,"Decawave DW-8",0.960361,1,12,0x997C,0x997C,1,"6188F7F2F002000100007C99"
999,377678400,377732374,377959958,377930469,377946347,377946349,377959958,377730326,377964054,"decoded_payload_last_chip",1,512.332322,512.641002,262,0.000000,-1648.795840,"Decawave DW-8",0.959868,1,12,0x28CE,0x28CE,1,"6188F8F2F00200010000CE28"
1000,378057100,378110845,378338429,378308940,378324818,378324820,378338429,378108797,378342525,"decoded_payload_last_chip",1,512.845656,513.154336,262,0.000000,-1631.045267,"Decawave DW-8",0.959745,1,12,0xA971,0xA971,1,"6188F9F2F0020001000071A9"
1001,378435400,378489315,378716900,378687410,378703289,378703290,378716900,378487267,378720996,"decoded_payload_last_chip",1,513.358988,513.667670,262,4.410302,-1873.989892,"Decawave DW-8",0.959412,1,12,0x23A1,0x23A1,1,"6188FAF2F00200010000A123"
1002,378813800,378867786,379095370,379065880,379081759,379081760,379095370,378865738,379099466,"decoded_payload_last_chip",1,513.872323,514.181003,262,0.000000,-1644.820009,"Decawave DW-8",0.960189,1,12,0xA21E,0xA21E,1,"6188FBF2F002000100001EA2"
1003,379192300,379246256,379473841,379444351,379460229,379460231,379473841,379244208,379477937,"decoded_payload_last_chip",1,514.385655,514.694337,262,-0.000000,-1659.151660,"Decawave DW-8",0.960079,1,12,0x3E10,0x3E10,1,"6188FCF2F00200010000103E"
1004,379570900,379624727,379852311,379822822,379838700,379838702,379852311,379622679,379856407,"decoded_payload_last_chip",1,514.898990,515.207670,262,0.000000,-1628.027005,"Decawave DW-8",0.959500,1,12,0xBFAF,0xBFAF,1,"6188FDF2F00200010000AFBF"
1005,379949200,380003198,380230782,380201292,380217171,380217172,380230782,380001150,380234878,"decoded_payload_last_chip",1,515.412324,515.721004,262,0.000000,-1652.459187,"Decawave DW-8",0.959259,1,12,0x357F,0x357F,1,"6188FEF2F002000100007F35"
1006,380327900,380381668,380609252,380579763,380595641,380595643,380609252,380379620,380613348,"decoded_payload_last_chip",1,515.925656,516.234337,262,0.000000,-1629.450502,"Decawave DW-8",0.959542,1,12,0xB4C0,0xB4C0,1,"6188FFF2F00200010000C0B4"
1007,380706200,380760139,380987723,380958233,380974112,380974113,380987723,380758091,380991819,"decoded_payload_last_chip",1,516.438991,516.747671,262,0.000000,-1643.164940,"Decawave DW-8",0.959319,1,12,0x46E9,0x46E9,1,"618800F2F00200010000E946"
1008,381084700,381138609,381366193,381336704,381352582,381352584,381366193,381136561,381370289,"decoded_payload_last_chip",1,516.952323,517.261004,262,0.000000,-1681.905652,"Decawave DW-8",0.959727,1,12,0xC756,0xC756,1,"618801F2F0020001000056C7"
1009,381462000,381517080,381744664,381715174,381731053,381731054,381744664,381515032,381748760,"decoded_payload_last_chip",1,517.465658,517.774338,262,0.000000,-1656.121988,"Decawave DW-8",0.959229,1,12,0x4D86,0x4D86,1,"618802F2F00200010000864D"
1010,381841800,381895550,382123134,382093644,382109523,382109524,382123134,381893502,382127230,"decoded_payload_last_chip",1,517.978990,518.287671,262,0.000000,-1640.791802,"Decawave DW-8",0.959599,1,12,0xCC39,0xCC39,1,"618803F2F0020001000039CC"
1011,382220100,382274020,382501604,382472115,382487993,382487995,382501604,382271972,382505700,"decoded_payload_last_chip",1,518.492323,518.801004,262,0.000000,-1624.597351,"Decawave DW-8",0.960171,1,12,0x5037,0x5037,1,"618804F2F002000100003750"
1012,382598500,382652491,382880075,382850586,382866464,382866466,382880075,382650443,382884171,"decoded_payload_last_chip",1,519.005657,519.314338,262,0.000000,-1609.525826,"Decawave DW-8",0.960098,1,12,0xD188,0xD188,1,"618805F2F0020001000088D1"
1013,382977000,383030962,383258546,383229056,383244935,383244936,383258546,383028914,383262642,"decoded_payload_last_chip",1,519.518991,519.827672,262,0.000000,-1639.680854,"Decawave DW-8",0.959749,1,12,0x5B58,0x5B58,1,"618806F2F00200010000585B"
1014,383355600,383409432,383637016,383607526,383623405,383623406,383637016,383407384,383641112,"decoded_payload_last_chip",1,520.032324,520.341005,262,0.000000,-1680.426648,"Decawave DW-8",0.959265,1,12,0xDAE7,0xDAE7,1,"618807F2F00200010000E7DA"
1015,383734200,383787902,384015487,383985997,384001875,384001877,384015487,383785854,384019583,"decoded_payload_last_chip",1,520.545657,520.854339,262,0.000000,-1645.596879,"Decawave DW-8",0.960073,1,12,0x6B55,0x6B55,1,"618808F2F00200010000556B"
1016,384112400,384166373,384393957,384364467,384380346,384380347,384393957,384164325,384398053,"decoded_payload_last_chip",1,521.058991,521.367672,262,0.000000,-1657.090734,"Decawave DW-8",0.959825,1,12,0xEAEA,0xEAEA,1,"618809F2F00200010000EAEA"
1017,384491000,384544843,384772428,384742938,384758816,384758818,384772428,384542795,384776524,"decoded_payload_last_chip",1,521.572324,521.881006,262,0.000000,-1654.984451,"Decawave DW-8",0.959688,1,12,0x603A,0x603A,1,"61880AF2F002000100003A60"
1018,384869700,384923314,385150898,385121408,385137287,385137288,385150898,384921266,385154994,"decoded_payload_last_chip",1,522.085658,522.394339,262,0.000000,-1649.851578,"Decawave DW-8",0.959988,1,12,0xE185,0xE185,1,"61880BF2F0020001000085E1"
1019,385247600,385301785,385529369,385499879,385515758,385515759,385529369,385299737,385533465,"decoded_payload_last_chip",1,522.598992,522.907673,262,0.000000,-1633.946851,"Decawave DW-8",0.959236,1,12,0x7D8B,0x7D8B,1,"61880CF2F002000100008B7D"
1020,385626300,385680255,385907839,385878349,385894228,385894229,385907839,385678207,385911935,"decoded_payload_last_chip",1,523.112325,523.421006,262,0.000000,-1638.479724,"Decawave DW-8",0.960071,1,12,0xFC34,0xFC34,1,"61880DF2F0020001000034FC"
1021,386005000,386058725,386286310,386256820,386272698,386272700,386286310,386056677,386290406,"decoded_payload_last_chip",1,523.625658,523.934340,262,0.000000,-1624.423913,"Decawave DW-8",0.959482,1,12,0x76E4,0x76E4,1,"61880EF2F00200010000E476"
1022,386383200,386437196,386664780,386635290,386651168,386651170,386664780,386435148,386668876,"decoded_payload_last_chip",1,524.138992,524.447673,262,0.000000,-1682.956944,"Decawave DW-8",0.958975,1,12,0xF75B,0xF75B,1,"61880FF2F002000100005BF7"
1023,386762000,386815666,387043250,387013761,387029639,387029641,387043250,386813618,387047346,"decoded_payload_last_chip",1,524.652325,524.961005,262,0.000000,-1635.503802,"Decawave DW-8",0.959682,1,12,0x1D91,0x1D91,1,"618810F2F00200010000911D"
1024,387140200,387194137,387421722,387392232,387408110,387408112,387421722,387192089,387425818,"decoded_payload_last_chip",1,525.165659,525.474341,262,0.962445,-1657.281385,"Decawave DW-8",0.961994,1,12,0x9C2E,0x9C2E,1,"618811F2F002000100002E9C"
1025,387518800,387572607,387800192,387770702,387786580,387786582,387800192,387570559,387804288,"decoded_payload_last_chip",1,525.678992,525.987674,262,0.000000,-1671.693777,"Decawave DW-8",0.959354,1,12,0x16FE,0x16FE,1,"618812F2F00200010000FE16"
1026,387897100,387951078,388178662,388149172,388165051,388165052,388178662,387949030,388182758,"decoded_payload_last_chip",1,526.192326,526.501006,262,0.000000,-1625.384248,"Decawave DW-8",0.959739,1,12,0x9741,0x9741,1,"618813F2F002000100004197"
1027,388275600,388329548,388557133,388527643,388543521,388543523,388557133,388327500,388561229,"decoded_payload_last_chip",1,526.705659,527.014341,262,0.000000,-1653.641619,"Decawave DW-8",0.960247,1,12,0x0B4F,0x0B4F,1,"618814F2F002000100004F0B"
1028,388654100,388708019,388935603,388906113,388921992,388921993,388935603,388705971,388939699,"decoded_payload_last_chip",1,527.218993,527.527673,262,0.000000,-1640.453069,"Decawave DW-8",0.958915,1,12,0x8AF0,0x8AF0,1,"618815F2F00200010000F08A"
1029,389032500,389086490,389314074,389284584,389300463,389300464,389314074,389084442,389318170,"decoded_payload_last_chip",1,527.732327,528.041007,262,0.000000,-1656.488208,"Decawave DW-8",0.959416,1,12,0x0020,0x0020,1,"618816F2F002000100002000"
1030,389411000,389464960,389692544,389663055,389678933,389678935,389692544,389462912,389696640,"decoded_payload_last_chip",1,528.245660,528.554340,262,0.000000,-1641.362183,"Decawave DW-8",0.959883,1,12,0x819F,0x819F,1,"618817F2F002000100009F81"
1031,389789600,389843430,390071014,390041525,390057403,390057405,390071014,389841382,390075110,"decoded_payload_last_chip",1,528.758993,529.067673,262,0.000000,-1626.850833,"Decawave DW-8",0.959961,1,12,0x302D,0x302D,1,"618818F2F002000100002D30"
1032,390167900,390221901,390449485,390419995,390435874,390435875,390449485,390219853,390453581,"decoded_payload_last_chip",1,529.272327,529.581007,262,0.000000,-1656.451760,"Decawave DW-8",0.959761,1,12,0xB192,0xB192,1,"618819F2F0020001000092B1"
1033,390546400,390600371,390827955,390798466,390814344,390814346,390827955,390598323,390832051,"decoded_payload_last_chip",1,529.785659,530.094340,262,0.000000,-1664.366078,"Decawave DW-8",0.959170,1,12,0x3B42,0x3B42,1,"61881AF2F00200010000423B"
1034,390924900,390978842,391206426,391176936,391192815,391192816,391206426,390976794,391210522,"decoded_payload_last_chip",1,530.298994,530.607674,262,0.000000,-1666.020990,"Decawave DW-8",0.959330,1,12,0xBAFD,0xBAFD,1,"61881BF2F00200010000FDBA"
1035,391303500,391357312,391584897,391555407,391571285,391571287,391584897,391355264,391588993,"decoded_payload_last_chip",1,530.812326,531.121008,262,0.000000,-1638.338481,"Decawave DW-8",0.959674,1,12,0x26F3,0x26F3,1,"61881CF2F00200010000F326"
1036,391681800,391735783,391963367,391933878,391949756,391949757,391963367,391733735,391967463,"decoded_payload_last_chip",1,531.325661,531.634341,262,0.000000,-1632.951433,"Decawave DW-8",0.959984,1,12,0xA74C,0xA74C,1,"61881DF2F002000100004CA7"
1037,392060300,392114253,392341838,392312348,392328226,392328228,392341838,392112205,392345934,"decoded_payload_last_chip",1,531.838993,532.147675,262,0.000000,-1642.870803,"Decawave DW-8",0.959306,1,12,0x2D9C,0x2D9C,1,"61881EF2F002000100009C2D"
1038,392438800,392492724,392720308,392690818,392706697,392706698,392720308,392490676,392724404,"decoded_payload_last_chip",1,532.352327,532.661008,262,-0.000000,-1649.767510,"Decawave DW-8",0.959821,1,12,0xAC23,0xAC23,1,"61881FF2F0020001000023AC"
1039,392817200,392871194,393098778,393069289,393085167,393085168,393098778,392869146,393102874,"decoded_payload_last_chip",1,532.865660,533.174341,262,0.000000,-1653.306693,"Decawave DW-8",0.959952,1,12,0xF019,0xF019,1,"618820F2F0020001000019F0"
1040,393195700,393249665,393477249,393447759,393463637,393463639,393477249,393247617,393481345,"decoded_payload_last_chip",1,533.378994,533.687675,262,-0.000000,-1627.856534,"Decawave DW-8",0.959364,1,12,0x71A6,0x71A6,1,"618821F2F00200010000A671"
1041,393574200,393628135,393855719,393826230,393842108,393842109,393855719,393626087,393859815,"decoded_payload_last_chip",1,533.892327,534.201008,262,0.000000,-1641.351811,"Decawave DW-8",0.960167,1,12,0xFB76,0xFB76,1,"618822F2F0020001000076FB"
1042,393952700,394006605,394234191,394204701,394220579,394220581,394234191,394004557,394238287,"decoded_payload_last_chip",1,534.405660,534.714343,262,3.441947,-1849.969530,"Decawave DW-8",0.959734,1,12,0x7AC9,0x7AC9,1,"618823F2F00200010000C97A"
1043,394331100,394385076,394612661,394583171,394599049,394599051,394612661,394383028,394616757,"decoded_payload_last_chip",1,534.918994,535.227676,262,0.000000,-1634.509231,"Decawave DW-8",0.959398,1,12,0xE6C7,0xE6C7,1,"618824F2F00200010000C7E6"
1044,394709600,394763547,394991131,394961641,394977520,394977521,394991131,394761499,394995227,"decoded_payload_last_chip",1,535.432328,535.741009,262,0.000000,-1662.554384,"Decawave DW-8",0.958914,1,12,0x6778,0x6778,1,"618825F2F002000100007867"
1045,395088100,395142017,395369602,395340112,395355990,395355992,395369602,395139969,395373698,"decoded_payload_last_chip",1,535.945661,536.254343,262,0.000000,-1624.333953,"Decawave DW-8",0.959741,1,12,0xEDA8,0xEDA8,1,"618826F2F00200010000A8ED"
1046,395462800,395520488,395748072,395718582,395734461,395734462,395748072,395518440,395752168,"decoded_payload_last_chip",1,536.458995,536.767676,262,0.000000,-1657.669636,"Decawave DW-8",0.959374,1,12,0x6C17,0x6C17,1,"618827F2F00200010000176C"
1047,395845000,395898959,396126543,396097053,396112932,396112933,396126543,395896911,396130639,"decoded_payload_last_chip",1,536.972329,537.281010,262,-0.000000,-1627.315242,"Decawave DW-8",0.959670,1,12,0xDDA5,0xDDA5,1,"618828F2F00200010000A5DD"
1048,396223600,396277429,396505013,396475523,396491402,396491403,396505013,396275381,396509109,"decoded_payload_last_chip",1,537.485662,537.794343,262,0.000000,-1642.413011,"Decawave DW-8",0.959978,1,12,0x5C1A,0x5C1A,1,"618829F2F002000100001A5C"
1049,396601900,396655899,396883484,396853994,396869872,396869874,396883484,396653851,396887580,"decoded_payload_last_chip",1,537.998995,538.307677,262,-0.000000,-1647.269300,"Decawave DW-8",0.959477,1,12,0xD6CA,0xD6CA,1,"61882AF2F00200010000CAD6"
1050,396980400,397034370,397261954,397232464,397248343,397248344,397261954,397032322,397266050,"decoded_payload_last_chip",1,538.512329,538.821010,262,0.000000,-1635.874103,"Decawave DW-8",0.959798,1,12,0x5775,0x5775,1,"61882BF2F002000100007557"
1051,397358900,397412840,397640424,397610935,397626813,397626815,397640424,397410792,397644520,"decoded_payload_last_chip",1,539.025662,539.334342,262,0.000000,-1658.826592,"Decawave DW-8",0.958821,1,12,0xCB7B,0xCB7B,1,"61882CF2F002000100007BCB"
1052,397737500,397791311,398018895,397989405,398005284,398005285,398018895,397789263,398022991,"decoded_payload_last_chip",1,539.538996,539.847677,262,0.000000,-1660.800217,"Decawave DW-8",0.960110,1,12,0x4AC4,0x4AC4,1,"61882DF2F00200010000C44A"
1053,398115800,398169782,398397366,398367876,398383754,398383756,398397366,398167734,398401462,"decoded_payload_last_chip",1,540.052330,540.361011,262,0.000000,-1630.889292,"Decawave DW-8",0.958996,1,12,0xC014,0xC014,1,"61882EF2F0020001000014C0"
1054,398493004,398548252,398775836,398746347,398762225,398762226,398775836,398546204,398779932,"decoded_payload_last_chip",1,540.565663,540.874344,262,0.000000,-1644.552022,"Decawave DW-8",0.959162,1,12,0x41AB,0x41AB,1,"61882FF2F00200010000AB41"
1055,398872800,398926722,399154307,399124817,399140695,399140697,399154307,398924674,399158403,"decoded_payload_last_chip",1,541.078996,541.387678,262,-0.000000,-1658.774037,"Decawave DW-8",0.959997,1,12,0xAB61,0xAB61,1,"618830F2F0020001000061AB"
1056,399251200,399305193,399532777,399503287,399519166,399519167,399532777,399303145,399536873,"decoded_payload_last_chip",1,541.592330,541.901010,262,0.000000,-1663.125710,"Decawave DW-8",0.959486,1,12,0x2ADE,0x2ADE,1,"618831F2F00200010000DE2A"
1057,399629700,399683663,399911247,399881758,399897636,399897637,399911247,399681615,399915343,"decoded_payload_last_chip",1,542.105663,542.414343,262,0.000000,-1623.661993,"Decawave DW-8",0.959634,1,12,0xA00E,0xA00E,1,"618832F2F002000100000EA0"
1058,400008200,400062134,400289718,400260228,400276106,400276108,400289718,400060086,400293814,"decoded_payload_last_chip",1,542.618997,542.927677,262,0.000000,-1651.129747,"Decawave DW-8",0.960039,1,12,0x21B1,0x21B1,1,"618833F2F00200010000B121"
1059,400386700,400440604,400668188,400638699,400654577,400654578,400668188,400438556,400672284,"decoded_payload_last_chip",1,543.132330,543.441010,262,0.000000,-1661.571393,"Decawave DW-8",0.959733,1,12,0xBDBF,0xBDBF,1,"618834F2F00200010000BFBD"
1060,400765100,400819075,401046659,401017169,401033048,401033049,401046659,400817027,401050755,"decoded_payload_last_chip",1,543.645664,543.954344,262,0.000000,-1636.150377,"Decawave DW-8",0.959314,1,12,0x3C00,0x3C00,1,"618835F2F00200010000003C"
1061,401143800,401197545,401425129,401395640,401411518,401411520,401425129,401195497,401429225,"decoded_payload_last_chip",1,544.158997,544.467677,262,-0.000000,-1626.194248,"Decawave DW-8",0.959327,1,12,0xB6D0,0xB6D0,1,"618836F2F00200010000D0B6"
1062,401522100,401576016,401803600,401774110,401789989,401789990,401803600,401573968,401807696,"decoded_payload_last_chip",1,544.672331,544.981011,262,0.000000,-1651.686231,"Decawave DW-8",0.959383,1,12,0x376F,0x376F,1,"618837F2F002000100006F37"
1063,401900500,401954486,402182070,402152580,402168459,402168460,402182070,401952438,402186166,"decoded_payload_last_chip",1,545.185664,545.494344,262,0.000000,-1659.042434,"Decawave DW-8",0.959533,1,12,0x86DD,0x86DD,1,"618838F2F00200010000DD86"
1064,402279000,402332956,402560541,402531051,402546929,402546931,402560541,402330908,402564637,"decoded_payload_last_chip",1,545.698996,546.007678,262,-0.000000,-1667.205909,"Decawave DW-8",0.959119,1,12,0x0762,0x0762,1,"618839F2F002000100006207"
1065,402657600,402711427,402939011,402909522,402925400,402925402,402939011,402709379,402943107,"decoded_payload_last_chip",1,546.212330,546.521011,262,0.000000,-1634.936151,"Decawave DW-8",0.959643,1,12,0x8DB2,0x8DB2,1,"61883AF2F00200010000B28D"
1066,403035900,403089898,403317482,403287992,403303871,403303872,403317482,403087850,403321578,"decoded_payload_last_chip",1,546.725665,547.034345,262,-0.000000,-1633.057971,"Decawave DW-8",0.959361,1,12,0x0C0D,0x0C0D,1,"61883BF2F002000100000D0C"
1067,403414500,403468369,403695953,403666463,403682341,403682343,403695953,403466321,403700049,"decoded_payload_last_chip",1,547.238999,547.547679,262,0.000000,-1645.187588,"Decawave DW-8",0.959761,1,12,0x9003,0x9003,1,"61883CF2F002000100000390"
1068,403792900,403846839,404074423,404044933,404060812,404060813,404074423,403844791,404078519,"decoded_payload_last_chip",1,547.752332,548.061012,262,0.000000,-1618.717158,"Decawave DW-8",0.959676,1,12,0x11BC,0x11BC,1,"61883DF2F00200010000BC11"
1069,404171500,404225309,404452894,404423404,404439282,404439284,404452894,404223261,404456990,"decoded_payload_last_chip",1,548.265664,548.574346,262,0.000000,-1630.092855,"Decawave DW-8",0.959875,1,12,0x9B6C,0x9B6C,1,"61883EF2F002000100006C9B"
1070,404549900,404603780,404831364,404801874,404817753,404817754,404831364,404601732,404835460,"decoded_payload_last_chip",1,548.778998,549.087679,262,0.000000,-1613.570893,"Decawave DW-8",0.959664,1,12,0x1AD3,0x1AD3,1,"61883FF2F00200010000D31A"
1071,404928300,404982251,405209835,405180345,405196223,405196225,405209835,404980203,405213931,"decoded_payload_last_chip",1,549.292333,549.601013,262,0.000000,-1641.401583,"Decawave DW-8",0.959653,1,12,0x2318,0x2318,1,"618840F2F002000100001823"
1072,405306800,405360721,405588305,405558816,405574694,405574695,405588305,405358673,405592401,"decoded_payload_last_chip",1,549.805665,550.114346,262,0.000000,-1647.512531,"Decawave DW-8",0.959537,1,12,0xA2A7,0xA2A7,1,"618841F2F00200010000A7A2"
1073,405685200,405739191,405966775,405937286,405953164,405953166,405966775,405737143,405970871,"decoded_payload_last_chip",1,550.318998,550.627679,262,0.000000,-1634.180062,"Decawave DW-8",0.959175,1,12,0x2877,0x2877,1,"618842F2F002000100007728"
1074,406063700,406117662,406345246,406315756,406331635,406331636,406345246,406115614,406349342,"decoded_payload_last_chip",1,550.832332,551.141013,262,0.000000,-1668.958687,"Decawave DW-8",0.960172,1,12,0xA9C8,0xA9C8,1,"618843F2F00200010000C8A9"
1075,406442300,406496132,406723717,406694227,406710105,406710107,406723717,406494084,406727813,"decoded_payload_last_chip",1,551.345665,551.654347,262,0.000000,-1652.687416,"Decawave DW-8",0.959718,1,12,0x35C6,0x35C6,1,"618844F2F00200010000C635"
1076,406820900,406874602,407102187,407072697,407088575,407088577,407102187,406872554,407106283,"decoded_payload_last_chip",1,551.858998,552.167680,262,0.000000,-1644.104419,"Decawave DW-8",0.959991,1,12,0xB479,0xB479,1,"618845F2F0020001000079B4"
1077,407199100,407253073,407480658,407451168,407467046,407467048,407480658,407251025,407484754,"decoded_payload_last_chip",1,552.372332,552.681014,262,-0.000000,-1617.466813,"Decawave DW-8",0.959408,1,12,0x3EA9,0x3EA9,1,"618846F2F00200010000A93E"
1078,407577600,407631544,407859128,407829638,407845517,407845518,407859128,407629496,407863224,"decoded_payload_last_chip",1,552.885666,553.194347,262,0.000000,-1668.551150,"Decawave DW-8",0.959302,1,12,0xBF16,0xBF16,1,"618847F2F0020001000016BF"
1079,407956400,408010015,408237599,408208109,408223987,408223989,408237599,408007967,408241695,"decoded_payload_last_chip",1,553.399000,553.707681,262,0.000000,-1652.735031,"Decawave DW-8",0.959371,1,12,0x0EA4,0x0EA4,1,"618848F2F00200010000A40E"
1080,408334700,408388485,408616069,408586580,408602458,408602460,408616069,408386437,408620165,"decoded_payload_last_chip",1,553.912333,554.221014,262,0.640973,-1665.513218,"Decawave DW-8",0.963142,1,12,0x8F1B,0x8F1B,1,"618849F2F002000100001B8F"
1081,408713000,408766955,408994539,408965049,408980928,408980929,408994539,408764907,408998635,"decoded_payload_last_chip",1,554.425666,554.734347,262,0.000000,-1654.056375,"Decawave DW-8",0.959329,1,12,0x05CB,0x05CB,1,"61884AF2F00200010000CB05"
1082,409091700,409145426,409373010,409343521,409359399,409359400,409373010,409143378,409377106,"decoded_payload_last_chip",1,554.939000,555.247681,262,0.000000,-1646.671599,"Decawave DW-8",0.959665,1,12,0x8474,0x8474,1,"61884BF2F002000100007484"
1083,409469900,409523896,409751481,409721991,409737869,409737871,409751481,409521848,409755577,"decoded_payload_last_chip",1,555.452333,555.761015,262,0.000000,-1654.980252,"Decawave DW-8",0.959513,1,12,0x187A,0x187A,1,"61884CF2F002000100007A18"
1084,409848700,409902367,410129951,410100461,410116340,410116341,410129951,409900319,410134047,"decoded_payload_last_chip",1,555.965667,556.274348,262,0.000000,-1660.022902,"Decawave DW-8",0.959596,1,12,0x99C5,0x99C5,1,"61884DF2F00200010000C599"
1085,410226900,410280837,410508421,410478932,410494810,410494812,410508421,410278789,410512517,"decoded_payload_last_chip",1,556.479000,556.787680,262,0.000000,-1656.609586,"Decawave DW-8",0.959775,1,12,0x1315,0x1315,1,"61884EF2F002000100001513"
1086,410605500,410659308,410886892,410857403,410873281,410873282,410886892,410657260,410890988,"decoded_payload_last_chip",1,556.992334,557.301015,262,0.000000,-1639.264964,"Decawave DW-8",0.959150,1,12,0x92AA,0x92AA,1,"61884FF2F00200010000AA92"
1087,410983800,411037779,411265363,411235873,411251752,411251753,411265363,411035731,411269459,"decoded_payload_last_chip",1,557.505668,557.814349,262,0.902682,-1677.339055,"Decawave DW-8",0.962524,1,12,0x7860,0x7860,1,"618850F2F002000100006078"
1088,411362300,411416248,411643833,411614344,411630222,411630223,411643833,411414200,411647929,"decoded_payload_last_chip",1,558.019000,558.327681,262,3.580846,-1816.677639,"Decawave DW-8",0.960650,1,12,0xF9DF,0xF9DF,1,"618851F2F00200010000DFF9"
1089,411740800,411794720,412022304,411992814,412008692,412008694,412022304,411792672,412026400,"decoded_payload_last_chip",1,558.532335,558.841016,262,0.000000,-1644.075330,"Decawave DW-8",0.959543,1,12,0x730F,0x730F,1,"618852F2F002000100000F73"
1090,412119200,412173190,412400774,412371284,412387163,412387164,412400774,412171142,412404870,"decoded_payload_last_chip",1,559.045668,559.354348,262,0.000000,-1665.326593,"Decawave DW-8",0.959564,1,12,0xF2B0,0xF2B0,1,"618853F2F00200010000B0F2"
1091,412497700,412551660,412779244,412749755,412765633,412765635,412779244,412549612,412783340,"decoded_payload_last_chip",1,559.559001,559.867681,262,0.000000,-1611.929738,"Decawave DW-8",0.959782,1,12,0x6EBE,0x6EBE,1,"618854F2F00200010000BE6E"
1092,412876300,412930131,413157715,413128225,413144104,413144105,413157715,412928083,413161811,"decoded_payload_last_chip",1,560.072335,560.381015,262,0.000000,-1644.777823,"Decawave DW-8",0.958956,1,12,0xEF01,0xEF01,1,"618855F2F0020001000001EF"
1093,413254900,413308601,413536185,413506695,413522574,413522575,413536185,413306553,413540281,"decoded_payload_last_chip",1,560.585668,560.894348,262,0.000000,-1660.833187,"Decawave DW-8",0.958973,1,12,0x65D1,0x65D1,1,"618856F2F00200010000D165"
1094,413633100,413687072,413914656,413885166,413901045,413901046,413914656,413685024,413918752,"decoded_payload_last_chip",1,561.099002,561.407682,262,0.000000,-1639.492794,"Decawave DW-8",0.958945,1,12,0xE46E,0xE46E,1,"618857F2F002000100006EE4"
1095,414011600,414065542,414293127,414263637,414279515,414279517,414293127,414063494,414297223,"decoded_payload_last_chip",1,561.612335,561.921016,262,0.000000,-1644.943873,"Decawave DW-8",0.959813,1,12,0x55DC,0x55DC,1,"618858F2F00200010000DC55"
1096,414390200,414444012,414671597,414642107,414657985,414657987,414671597,414441964,414675693,"decoded_payload_last_chip",1,562.125667,562.434349,262,0.000000,-1643.079693,"Decawave DW-8",0.959776,1,12,0xD463,0xD463,1,"618859F2F0020001000063D4"
1097,414768500,414822483,415050067,415020578,415036456,415036457,415050067,414820435,415054163,"decoded_payload_last_chip",1,562.639001,562.947682,262,0.000000,-1642.476935,"Decawave DW-8",0.959630,1,12,0x5EB3,0x5EB3,1,"61885AF2F00200010000B35E"
1098,415144700,415200954,415428538,415399048,415414927,415414928,415428538,415198906,415432634,"decoded_payload_last_chip",1,563.152336,563.461016,262,0.000000,-1635.719255,"Decawave DW-8",0.959786,1,12,0xDF0C,0xDF0C,1,"61885BF2F002000100000CDF"
1099,415524748,415579424,415807009,415777519,415793397,415793399,415807009,415577376,415811105,"decoded_payload_last_chip",1,563.665668,563.974350,262,-0.000000,-1653.061602,"Decawave DW-8",0.959259,1,12,0x4302,0x4302,1,"61885CF2F002000100000243"
1100,415903900,415957895,416185479,416155989,416171868,416171869,416185479,415955847,416189575,"decoded_payload_last_chip",1,564.179003,564.487683,262,0.000000,-1646.574786,"Decawave DW-8",0.959197,1,12,0xC2BD,0xC2BD,1,"61885DF2F00200010000BDC2"
1101,416282400,416336365,416563950,416534460,416550338,416550340,416563950,416334317,416568046,"decoded_payload_last_chip",1,564.692335,565.001017,262,0.000000,-1666.915402,"Decawave DW-8",0.959186,1,12,0x486D,0x486D,1,"61885EF2F002000100006D48"
1102,416659444,416714835,416942420,416912930,416928809,416928810,416942420,416712787,416946516,"decoded_payload_last_chip",1,565.205668,565.514350,262,2.912947,-1747.580697,"Decawave DW-8",0.960138,1,12,0xC9D2,0xC9D2,1,"61885FF2F00200010000D2C9"
1103,417039400,417093306,417320890,417291401,417307279,417307281,417320890,417091258,417324986,"decoded_payload_last_chip",1,565.719002,566.027683,262,-0.000000,-1663.697244,"Decawave DW-8",0.960008,1,12,0x95E8,0x95E8,1,"618860F2F00200010000E895"
1104,417417800,417471776,417699361,417669871,417685749,417685751,417699361,417469728,417703457,"decoded_payload_last_chip",1,566.232335,566.541017,262,0.000000,-1668.105030,"Decawave DW-8",0.959118,1,12,0x1457,0x1457,1,"618861F2F002000100005714"
1105,417796300,417850247,418077831,418048341,418064220,418064221,418077831,417848199,418081927,"decoded_payload_last_chip",1,566.745669,567.054350,262,0.000000,-1625.644939,"Decawave DW-8",0.959565,1,12,0x9E87,0x9E87,1,"618862F2F00200010000879E"
1106,418174800,418228717,418456302,418426812,418442690,418442692,418456302,418226669,418460398,"decoded_payload_last_chip",1,567.259002,567.567684,262,0.079137,-1652.951468,"Decawave DW-8",0.960192,1,12,0x1F38,0x1F38,1,"618863F2F00200010000381F"
1107,418553200,418607188,418834772,418805283,418821161,418821163,418834772,418605140,418838868,"decoded_payload_last_chip",1,567.772336,568.081017,262,0.000000,-1648.474280,"Decawave DW-8",0.958983,1,12,0x8336,0x8336,1,"618864F2F002000100003683"
1108,418931700,418985659,419213243,419183753,419199632,419199633,419213243,418983611,419217339,"decoded_payload_last_chip",1,568.285670,568.594351,262,0.000000,-1634.097362,"Decawave DW-8",0.959417,1,12,0x0289,0x0289,1,"618865F2F002000100008902"
1109,419309900,419364129,419591713,419562223,419578102,419578103,419591713,419362081,419595809,"decoded_payload_last_chip",1,568.799003,569.107684,262,0.000000,-1633.513428,"Decawave DW-8",0.959301,1,12,0x8859,0x8859,1,"618866F2F002000100005988"
1110,419688600,419742599,419970185,419940695,419956573,419956575,419970185,419740551,419974281,"decoded_payload_last_chip",1,569.312336,569.621019,262,4.922884,-1869.272592,"Decawave DW-8",0.958248,1,12,0x09E6,0x09E6,1,"618867F2F00200010000E609"
1111,420067100,420121070,420348655,420319165,420335043,420335045,420348655,420119022,420352751,"decoded_payload_last_chip",1,569.825670,570.134352,262,0.000000,-1653.255737,"Decawave DW-8",0.959375,1,12,0xB854,0xB854,1,"618868F2F0020001000054B8"
1112,420445600,420499541,420727125,420697635,420713514,420713515,420727125,420497493,420731221,"decoded_payload_last_chip",1,570.339004,570.647685,262,0.000000,-1632.790105,"Decawave DW-8",0.959681,1,12,0x39EB,0x39EB,1,"618869F2F00200010000EB39"
1113,420824200,420878011,421105595,421076105,421091984,421091985,421105595,420875963,421109691,"decoded_payload_last_chip",1,570.852337,571.161018,262,-0.000000,-1656.421176,"Decawave DW-8",0.958887,1,12,0xB33B,0xB33B,1,"61886AF2F002000100003BB3"
1114,421202500,421256482,421484066,421454576,421470454,421470456,421484066,421254434,421488162,"decoded_payload_last_chip",1,571.365671,571.674352,262,0.000000,-1640.762383,"Decawave DW-8",0.959612,1,12,0x3284,0x3284,1,"61886BF2F002000100008432"
1115,421581000,421634952,421862536,421833047,421848925,421848926,421862536,421632904,421866632,"decoded_payload_last_chip",1,571.879004,572.187684,262,0.000000,-1630.258594,"Decawave DW-8",0.958679,1,12,0xAE8A,0xAE8A,1,"61886CF2F002000100008AAE"
1116,421959500,422013422,422241007,422211517,422227395,422227397,422241007,422011374,422245103,"decoded_payload_last_chip",1,572.392337,572.701019,262,-0.000000,-1673.013211,"Decawave DW-8",0.959426,1,12,0x2F35,0x2F35,1,"61886DF2F00200010000352F"
1117,422337900,422391893,422619478,422589988,422605866,422605868,422619478,422389845,422623574,"decoded_payload_last_chip",1,572.905671,573.214353,262,0.000000,-1614.883110,"Decawave DW-8",0.959261,1,12,0xA5E5,0xA5E5,1,"61886EF2F00200010000E5A5"
1118,422716400,422770364,422997948,422968458,422984337,422984338,422997948,422768316,423002044,"decoded_payload_last_chip",1,573.419005,573.727686,262,0.000000,-1660.866566,"Decawave DW-8",0.959640,1,12,0x245A,0x245A,1,"61886FF2F002000100005A24"
1119,423094900,423148834,423376419,423346929,423362807,423362809,423376419,423146786,423380515,"decoded_payload_last_chip",1,573.932338,574.241020,262,-0.000000,-1663.868771,"Decawave DW-8",0.959087,1,12,0xCE90,0xCE90,1,"618870F2F0020001000090CE"
1120,423473400,423527305,423754889,423725399,423741278,423741279,423754889,423525257,423758985,"decoded_payload_last_chip",1,574.445672,574.754352,262,0.000000,-1655.325312,"Decawave DW-8",0.959454,1,12,0x4F2F,0x4F2F,1,"618871F2F002000100002F4F"
1121,423851800,423905775,424133359,424103869,424119748,424119749,424133359,423903727,424137455,"decoded_payload_last_chip",1,574.959005,575.267685,262,0.000000,-1638.461620,"Decawave DW-8",0.959635,1,12,0xC5FF,0xC5FF,1,"618872F2F00200010000FFC5"
1122,424230300,424284245,424511830,424482340,424498218,424498220,424511830,424282197,424515926,"decoded_payload_last_chip",1,575.472338,575.781019,262,0.000000,-1674.694802,"Decawave DW-8",0.959834,1,12,0x4440,0x4440,1,"618873F2F002000100004044"
1123,424608800,424662716,424890300,424860810,424876689,424876690,424890300,424660668,424894396,"decoded_payload_last_chip",1,575.985672,576.294352,262,0.000000,-1639.286066,"Decawave DW-8",0.959586,1,12,0xD84E,0xD84E,1,"618874F2F002000100004ED8"
1124,424987200,425041187,425268771,425239281,425255160,425255161,425268771,425039139,425272867,"decoded_payload_last_chip",1,576.499006,576.807686,262,0.000000,-1638.401701,"Decawave DW-8",0.959420,1,12,0x59F1,0x59F1,1,"618875F2F00200010000F159"
1125,425365700,425419657,425647241,425617752,425633630,425633632,425647241,425417609,425651337,"decoded_payload_last_chip",1,577.012339,577.321019,262,0.000000,-1649.960335,"Decawave DW-8",0.959208,1,12,0xD321,0xD321,1,"618876F2F0020001000021D3"
1126,425744300,425798127,426025713,425996223,426012101,426012103,426025713,425796079,426029809,"decoded_payload_last_chip",1,577.525671,577.834355,262,5.325134,-1908.132670,"Decawave DW-8",0.953828,1,12,0x529E,0x529E,1,"618877F2F002000100009E52"
1127,426122600,426176598,426404182,426374692,426390571,426390572,426404182,426174550,426408278,"decoded_payload_last_chip",1,578.039006,578.347686,262,-0.000000,-1643.536789,"Decawave DW-8",0.959037,1,12,0xE32C,0xE32C,1,"618878F2F002000100002CE3"
1128,426501100,426555068,426782652,426753163,426769041,426769043,426782652,426553020,426786748,"decoded_payload_last_chip",1,578.552338,578.861019,262,0.000000,-1633.436399,"Decawave DW-8",0.959344,1,12,0x6293,0x6293,1,"618879F2F002000100009362"
1129,426879600,426933539,427161124,427131634,427147512,427147514,427161124,426931491,427165220,"decoded_payload_last_chip",1,579.065672,579.374354,262,3.925632,-1829.817713,"Decawave DW-8",0.960874,1,12,0xE843,0xE843,1,"61887AF2F0020001000043E8"
1130,427257512,427312010,427539594,427510104,427525983,427525984,427539594,427309962,427543690,"decoded_payload_last_chip",1,579.579007,579.887687,262,0.000000,-1639.237640,"Decawave DW-8",0.959356,1,12,0x69FC,0x69FC,1,"61887BF2F00200010000FC69"
1131,427636500,427690480,427918064,427888575,427904453,427904454,427918064,427688432,427922160,"decoded_payload_last_chip",1,580.092339,580.401020,262,0.000000,-1636.977064,"Decawave DW-8",0.959788,1,12,0xF5F2,0xF5F2,1,"61887CF2F00200010000F2F5"
1132,428015100,428068951,428296535,428267045,428282924,428282925,428296535,428066903,428300631,"decoded_payload_last_chip",1,580.605674,580.914354,262,-0.000000,-1645.786943,"Decawave DW-8",0.959044,1,12,0x744D,0x744D,1,"61887DF2F002000100004D74"
1133,428393500,428447421,428675005,428645516,428661394,428661395,428675005,428445373,428679101,"decoded_payload_last_chip",1,581.119006,581.427687,262,0.000000,-1661.050392,"Decawave DW-8",0.959398,1,12,0xFE9D,0xFE9D,1,"61887EF2F002000100009DFE"
1134,428771900,428825892,429053476,429023986,429039865,429039866,429053476,428823844,429057572,"decoded_payload_last_chip",1,581.632340,581.941021,262,0.000000,-1655.402792,"Decawave DW-8",0.959352,1,12,0x7F22,0x7F22,1,"61887FF2F00200010000227F"
1135,429150400,429204362,429431947,429402457,429418335,429418337,429431947,429202314,429436043,"decoded_payload_last_chip",1,582.145673,582.454355,262,0.000000,-1668.931421,"Decawave DW-8",0.959383,1,12,0x8D0B,0x8D0B,1,"618880F2F002000100000B8D"
1136,429529000,429582832,429810417,429780927,429796805,429796807,429810417,429580784,429814513,"decoded_payload_last_chip",1,582.659006,582.967688,262,0.000000,-1653.042880,"Decawave DW-8",0.959839,1,12,0x0CB4,0x0CB4,1,"618881F2F00200010000B40C"
1137,429907600,429961303,430188887,430159398,430175276,430175278,430188887,429959255,430192983,"decoded_payload_last_chip",1,583.172340,583.481021,262,0.000000,-1645.537038,"Decawave DW-8",0.958610,1,12,0x8664,0x8664,1,"618882F2F002000100006486"
1138,430285800,430339773,430567358,430537868,430553746,430553748,430567358,430337725,430571454,"decoded_payload_last_chip",1,583.685673,583.994355,262,-0.000000,-1659.203393,"Decawave DW-8",0.959253,1,12,0x07DB,0x07DB,1,"618883F2F00200010000DB07"
1139,430664300,430718244,430945828,430916338,430932217,430932218,430945828,430716196,430949924,"decoded_payload_last_chip",1,584.199007,584.507688,262,0.000000,-1657.545068,"Decawave DW-8",0.959034,1,12,0x9BD5,0x9BD5,1,"618884F2F00200010000D59B"
1140,431043100,431096715,431324299,431294809,431310687,431310689,431324299,431094667,431328395,"decoded_payload_last_chip",1,584.712341,585.021022,262,0.000000,-1654.857270,"Decawave DW-8",0.959487,1,12,0x1A6A,0x1A6A,1,"618885F2F002000100006A1A"
1141,431421200,431475185,431702769,431673280,431689158,431689160,431702769,431473137,431706865,"decoded_payload_last_chip",1,585.225674,585.534355,262,0.000000,-1629.970170,"Decawave DW-8",0.959116,1,12,0x90BA,0x90BA,1,"618886F2F00200010000BA90"
1142,431799700,431853656,432081240,432051750,432067629,432067630,432081240,431851608,432085336,"decoded_payload_last_chip",1,585.739008,586.047689,262,0.000000,-1641.891971,"Decawave DW-8",0.958928,1,12,0x1105,0x1105,1,"618887F2F002000100000511"
1143,432178300,432232126,432459710,432430220,432446099,432446100,432459710,432230078,432463806,"decoded_payload_last_chip",1,586.252341,586.561022,262,0.000000,-1647.402020,"Decawave DW-8",0.959234,1,12,0xA0B7,0xA0B7,1,"618888F2F00200010000B7A0"
1144,432556600,432610596,432838181,432808691,432824569,432824571,432838181,432608548,432842277,"decoded_payload_last_chip",1,586.765674,587.074356,262,0.000000,-1633.679878,"Decawave DW-8",0.959402,1,12,0x2108,0x2108,1,"618889F2F002000100000821"
1145,432935400,432989067,433216651,433187161,433203040,433203041,433216651,432987019,433220747,"decoded_payload_last_chip",1,587.279008,587.587689,262,0.000000,-1648.432046,"Decawave DW-8",0.959496,1,12,0xABD8,0xABD8,1,"61888AF2F00200010000D8AB"
1146,433313600,433367537,433595121,433565632,433581510,433581512,433595121,433365489,433599217,"decoded_payload_last_chip",1,587.792341,588.101021,262,0.000000,-1636.245026,"Decawave DW-8",0.959779,1,12,0x2A67,0x2A67,1,"61888BF2F00200010000672A"
1147,433692200,433746008,433973592,433944103,433959981,433959982,433973592,433743960,433977688,"decoded_payload_last_chip",1,588.305675,588.614355,262,0.000000,-1633.088722,"Decawave DW-8",0.959637,1,12,0xB669,0xB669,1,"61888CF2F0020001000069B6"
1148,434070500,434124479,434352063,434322573,434338452,434338453,434352063,434122431,434356159,"decoded_payload_last_chip",1,588.819009,589.127690,262,0.000000,-1637.130454,"Decawave DW-8",0.959202,1,12,0x37D6,0x37D6,1,"61888DF2F00200010000D637"
1149,434449200,434502949,434730533,434701043,434716922,434716923,434730533,434500901,434734629,"decoded_payload_last_chip",1,589.332342,589.641022,262,0.000000,-1651.379926,"Decawave DW-8",0.959601,1,12,0xBD06,0xBD06,1,"61888EF2F0020001000006BD"
1150,434827500,434881420,435109004,435079514,435095392,435095394,435109004,434879372,435113100,"decoded_payload_last_chip",1,589.845676,590.154357,262,0.000000,-1657.496730,"Decawave DW-8",0.959660,1,12,0x3CB9,0x3CB9,1,"61888FF2F00200010000B93C"
1151,435205900,435259890,435487474,435457984,435473863,435473864,435487474,435257842,435491570,"decoded_payload_last_chip",1,590.359009,590.667689,262,0.000000,-1638.790899,"Decawave DW-8",0.959307,1,12,0xD673,0xD673,1,"618890F2F0020001000073D6"
1152,435584400,435638360,435865946,435836456,435852334,435852336,435865946,435636312,435870042,"decoded_payload_last_chip",1,590.872342,591.181025,262,5.522154,-1914.555694,"Decawave DW-8",0.952255,1,12,0x57CC,0x57CC,1,"618891F2F00200010000CC57"
1153,435963000,436016831,436244415,436214925,436230804,436230805,436244415,436014783,436248511,"decoded_payload_last_chip",1,591.385676,591.694356,262,0.000000,-1656.866964,"Decawave DW-8",0.958951,1,12,0xDD1C,0xDD1C,1,"618892F2F002000100001CDD"
1154,436341600,436395302,436622886,436593396,436609275,436609276,436622886,436393254,436626982,"decoded_payload_last_chip",1,591.899010,592.207690,262,0.000000,-1653.472797,"Decawave DW-8",0.959557,1,12,0x5CA3,0x5CA3,1,"618893F2F00200010000A35C"
1155,436719800,436773772,437001356,436971866,436987745,436987746,437001356,436771724,437005452,"decoded_payload_last_chip",1,592.412343,592.721023,262,0.000000,-1643.510013,"Decawave DW-8",0.959203,1,12,0xC0AD,0xC0AD,1,"618894F2F00200010000ADC0"
1156,437098400,437152243,437379827,437350337,437366216,437366217,437379827,437150195,437383923,"decoded_payload_last_chip",1,592.925677,593.234357,262,0.000000,-1634.729258,"Decawave DW-8",0.959121,1,12,0x4112,0x4112,1,"618895F2F002000100001241"
1157,437477200,437530713,437758298,437728808,437744687,437744688,437758298,437528665,437762394,"decoded_payload_last_chip",1,593.439010,593.747692,262,5.105456,-1890.477171,"Decawave DW-8",0.954584,1,12,0xCBC2,0xCBC2,1,"618896F2F00200010000C2CB"
1158,437855200,437909184,438136768,438107278,438123157,438123158,438136768,437907136,438140864,"decoded_payload_last_chip",1,593.952344,594.261024,262,0.000000,-1658.820765,"Decawave DW-8",0.959361,1,12,0x4A7D,0x4A7D,1,"618897F2F002000100007D4A"
1159,438233700,438287654,438515238,438485749,438501627,438501629,438515238,438285606,438519334,"decoded_payload_last_chip",1,594.465677,594.774357,262,0.000000,-1668.189661,"Decawave DW-8",0.958546,1,12,0xFBCF,0xFBCF,1,"618898F2F00200010000CFFB"
1160,438612200,438666125,438893709,438864219,438880098,438880099,438893709,438664077,438897805,"decoded_payload_last_chip",1,594.979011,595.287691,262,0.000000,-1644.602404,"Decawave DW-8",0.958703,1,12,0x7A70,0x7A70,1,"618899F2F00200010000707A"
1161,438990600,439044595,439272179,439242689,439258568,439258569,439272179,439042547,439276275,"decoded_payload_last_chip",1,595.492343,595.801024,262,0.000000,-1642.896771,"Decawave DW-8",0.959430,1,12,0xF0A0,0xF0A0,1,"61889AF2F00200010000A0F0"
1162,439369200,439423066,439650650,439621160,439637039,439637040,439650650,439421018,439654746,"decoded_payload_last_chip",1,596.005678,596.314358,262,0.000000,-1652.866823,"Decawave DW-8",0.958980,1,12,0x711F,0x711F,1,"61889BF2F002000100001F71"
1163,439747600,439801536,440029120,439999630,440015509,440015510,440029120,439799488,440033216,"decoded_payload_last_chip",1,596.519010,596.827691,262,0.000000,-1643.276795,"Decawave DW-8",0.958591,1,12,0xED11,0xED11,1,"61889CF2F0020001000011ED"
1164,440126100,440180006,440407590,440378101,440393979,440393981,440407590,440177958,440411686,"decoded_payload_last_chip",1,597.032343,597.341024,262,-0.000000,-1633.273758,"Decawave DW-8",0.959280,1,12,0x6CAE,0x6CAE,1,"61889DF2F00200010000AE6C"
1165,440504500,440558477,440786061,440756572,440772450,440772452,440786061,440556429,440790157,"decoded_payload_last_chip",1,597.545677,597.854358,262,-0.000000,-1650.307130,"Decawave DW-8",0.959066,1,12,0xE67E,0xE67E,1,"61889EF2F002000100007EE6"
1166,440883000,440936948,441164532,441135042,441150920,441150922,441164532,440934900,441168628,"decoded_payload_last_chip",1,598.059012,598.367692,262,0.000000,-1628.856839,"Decawave DW-8",0.959129,1,12,0x67C1,0x67C1,1,"61889FF2F00200010000C167"
1167,441261500,441315418,441543002,441513513,441529391,441529392,441543002,441313370,441547098,"decoded_payload_last_chip",1,598.572344,598.881025,262,-0.000000,-1648.690573,"Decawave DW-8",0.959199,1,12,0x3BFB,0x3BFB,1,"6188A0F2F00200010000FB3B"
1168,441639900,441693888,441921472,441891983,441907861,441907863,441921472,441691840,441925568,"decoded_payload_last_chip",1,599.085677,599.394358,262,0.000000,-1650.512528,"Decawave DW-8",0.959534,1,12,0xBA44,0xBA44,1,"6188A1F2F0020001000044BA"
1169,442018400,442072359,442299943,442270453,442286332,442286333,442299943,442070311,442304039,"decoded_payload_last_chip",1,599.599011,599.907692,262,0.000000,-1656.563608,"Decawave DW-8",0.959587,1,12,0x3094,0x3094,1,"6188A2F2F002000100009430"
1170,442397000,442450829,442678414,442648924,442664802,442664804,442678414,442448781,442682510,"decoded_payload_last_chip",1,600.112344,600.421026,262,0.000000,-1653.316394,"Decawave DW-8",0.959056,1,12,0xB12B,0xB12B,1,"6188A3F2F002000100002BB1"
1171,442775300,442829300,443056884,443027395,443043273,443043274,443056884,442827252,443060980,"decoded_payload_last_chip",1,600.625678,600.934359,262,0.000000,-1645.818872,"Decawave DW-8",0.958927,1,12,0x2D25,0x2D25,1,"6188A4F2F00200010000252D"
1172,443154000,443207770,443435355,443405865,443421743,443421745,443435355,443205722,443439451,"decoded_payload_last_chip",1,601.139011,601.447693,262,-0.000000,-1652.677468,"Decawave DW-8",0.958632,1,12,0xAC9A,0xAC9A,1,"6188A5F2F002000100009AAC"
1173,443532300,443586241,443813825,443784335,443800214,443800215,443813825,443584193,443817921,"decoded_payload_last_chip",1,601.652345,601.961026,262,0.000000,-1633.690502,"Decawave DW-8",0.959610,1,12,0x264A,0x264A,1,"6188A6F2F002000100004A26"
1174,443910900,443964712,444192296,444162806,444178685,444178686,444192296,443962664,444196392,"decoded_payload_last_chip",1,602.165679,602.474360,262,0.000000,-1644.500325,"Decawave DW-8",0.959279,1,12,0xA7F5,0xA7F5,1,"6188A7F2F00200010000F5A7"
1175,444289200,444343182,444570766,444541277,444557155,444557157,444570766,444341134,444574862,"decoded_payload_last_chip",1,602.679012,602.987693,262,3.130655,-1765.599421,"Decawave DW-8",0.960921,1,12,0x1647,0x1647,1,"6188A8F2F002000100004716"
1176,444667700,444721653,444949237,444919747,444935626,444935627,444949237,444719605,444953333,"decoded_payload_last_chip",1,603.192346,603.501027,262,0.000000,-1644.620024,"Decawave DW-8",0.959174,1,12,0x97F8,0x97F8,1,"6188A9F2F00200010000F897"
1177,445046200,445100123,445327707,445298218,445314096,445314098,445327707,445098075,445331803,"decoded_payload_last_chip",1,603.705679,604.014360,262,0.000000,-1644.421565,"Decawave DW-8",0.958719,1,12,0x1D28,0x1D28,1,"6188AAF2F00200010000281D"
1178,445424600,445478593,445706178,445676688,445692566,445692568,445706178,445476545,445710274,"decoded_payload_last_chip",1,604.219012,604.527694,262,0.000000,-1645.204413,"Decawave DW-8",0.959441,1,12,0x9C97,0x9C97,1,"6188ABF2F00200010000979C"
1179,445803100,445857064,446084648,446055158,446071037,446071038,446084648,445855016,446088744,"decoded_payload_last_chip",1,604.732346,605.041026,262,0.000000,-1668.554072,"Decawave DW-8",0.959282,1,12,0x0099,0x0099,1,"6188ACF2F002000100009900"
1180,446181600,446235534,446463119,446433629,446449507,446449509,446463119,446233486,446467215,"decoded_payload_last_chip",1,605.245679,605.554361,262,-0.000000,-1679.317210,"Decawave DW-8",0.959348,1,12,0x8126,0x8126,1,"6188ADF2F002000100002681"
1181,446560100,446614005,446841589,446812099,446827978,446827979,446841589,446611957,446845685,"decoded_payload_last_chip",1,605.759013,606.067693,262,0.000000,-1635.584328,"Decawave DW-8",0.959237,1,12,0x0BF6,0x0BF6,1,"6188AEF2F00200010000F60B"
1182,446938500,446992476,447220060,447190570,447206449,447206450,447220060,446990428,447224156,"decoded_payload_last_chip",1,606.272347,606.581028,262,0.000000,-1663.134721,"Decawave DW-8",0.959246,1,12,0x8A49,0x8A49,1,"6188AFF2F00200010000498A"
1183,447317000,447370946,447598530,447569041,447584919,447584920,447598530,447368898,447602626,"decoded_payload_last_chip",1,606.785680,607.094360,262,0.000000,-1670.049855,"Decawave DW-8",0.959074,1,12,0x6083,0x6083,1,"6188B0F2F002000100008360"
1184,447695500,447749417,447977001,447947511,447963389,447963391,447977001,447747369,447981097,"decoded_payload_last_chip",1,607.299014,607.607694,262,0.000000,-1659.876128,"Decawave DW-8",0.959201,1,12,0xE13C,0xE13C,1,"6188B1F2F002000100003CE1"
1185,448073900,448127887,448355471,448325981,448341860,448341861,448355471,448125839,448359567,"decoded_payload_last_chip",1,607.812347,608.121027,262,0.000000,-1641.779244,"Decawave DW-8",0.958820,1,12,0x6BEC,0x6BEC,1,"6188B2F2F00200010000EC6B"
1186,448452400,448506357,448733941,448704452,448720330,448720332,448733941,448504309,448738037,"decoded_payload_last_chip",1,608.325680,608.634360,262,0.000000,-1623.293635,"Decawave DW-8",0.959247,1,12,0xEA53,0xEA53,1,"6188B3F2F0020001000053EA"
1187,448831000,448884828,449112412,449082922,449098801,449098802,449112412,448882780,449116508,"decoded_payload_last_chip",1,608.839014,609.147694,262,0.000000,-1643.749377,"Decawave DW-8",0.959149,1,12,0x765D,0x765D,1,"6188B4F2F002000100005D76"
1188,449209300,449263299,449490883,449461393,449477271,449477273,449490883,449261251,449494979,"decoded_payload_last_chip",1,609.352348,609.661028,262,0.000000,-1657.279207,"Decawave DW-8",0.959176,1,12,0xF7E2,0xF7E2,1,"6188B5F2F00200010000E2F7"
1189,449587800,449641769,449869353,449839864,449855742,449855743,449869353,449639721,449873449,"decoded_payload_last_chip",1,609.865681,610.174361,262,0.000000,-1658.435424,"Decawave DW-8",0.958955,1,12,0x7D32,0x7D32,1,"6188B6F2F00200010000327D"
1190,449966300,450020239,450247824,450218334,450234212,450234214,450247824,450018191,450251920,"decoded_payload_last_chip",1,610.379013,610.687695,262,0.000000,-1678.990414,"Decawave DW-8",0.958989,1,12,0xFC8D,0xFC8D,1,"6188B7F2F002000100008DFC"
1191,450337700,450398710,450626294,450596805,450612683,450612685,450626294,450396662,450630390,"decoded_payload_last_chip",1,610.892348,611.201028,262,0.000000,-1643.739557,"Decawave DW-8",0.959558,1,12,0x4D3F,0x4D3F,1,"6188B8F2F002000100003F4D"
1192,450723200,450777180,451004764,450975275,450991153,450991154,451004764,450775132,451008860,"decoded_payload_last_chip",1,611.405680,611.714361,262,0.000000,-1650.806674,"Decawave DW-8",0.959328,1,12,0xCC80,0xCC80,1,"6188B9F2F0020001000080CC"
1193,451101800,451155651,451383235,451353745,451369624,451369625,451383235,451153603,451387331,"decoded_payload_last_chip",1,611.919014,612.227695,262,0.000000,-1638.412005,"Decawave DW-8",0.958890,1,12,0x4650,0x4650,1,"6188BAF2F002000100005046"
1194,451480200,451534121,451761706,451732216,451748095,451748096,451761706,451532073,451765802,"decoded_payload_last_chip",1,612.432347,612.741029,262,4.281911,-1847.963447,"Decawave DW-8",0.959778,1,12,0xC7EF,0xC7EF,1,"6188BBF2F00200010000EFC7"
1195,451858600,451912592,452140176,452110686,452126565,452126566,452140176,451910544,452144272,"decoded_payload_last_chip",1,612.945681,613.254362,262,0.000000,-1644.769720,"Decawave DW-8",0.958862,1,12,0x5BE1,0x5BE1,1,"6188BCF2F00200010000E15B"
1196,452237100,452291062,452518647,452489157,452505035,452505037,452518647,452289014,452522743,"decoded_payload_last_chip",1,613.459014,613.767696,262,0.000000,-1632.087457,"Decawave DW-8",0.959021,1,12,0xDA5E,0xDA5E,1,"6188BDF2F002000100005EDA"
1197,452615700,452669533,452897117,452867628,452883506,452883508,452897117,452667485,452901213,"decoded_payload_last_chip",1,613.972348,614.281029,262,0.000000,-1625.363797,"Decawave DW-8",0.958907,1,12,0x508E,0x508E,1,"6188BEF2F002000100008E50"
1198,452991000,453048003,453275588,453246098,453261976,453261978,453275588,453045955,453279684,"decoded_payload_last_chip",1,614.485681,614.794363,262,0.000000,-1667.510363,"Decawave DW-8",0.958708,1,12,0xD131,0xD131,1,"6188BFF2F0020001000031D1"
1199,453372500,453426474,453654058,453624569,453640447,453640449,453654058,453424426,453658154,"decoded_payload_last_chip",1,614.999015,615.307696,262,0.000000,-1645.398382,"Decawave DW-8",0.958518,1,12,0xE8FA,0xE8FA,1,"6188C0F2F00200010000FAE8"
1200,453751000,453804945,454032529,454003039,454018918,454018919,454032529,453802897,454036625,"decoded_payload_last_chip",1,615.512349,615.821030,262,0.000000,-1615.320739,"Decawave DW-8",0.958934,1,12,0x6945,0x6945,1,"6188C1F2F002000100004569"
1201,454129700,454183415,454410999,454381509,454397388,454397389,454410999,454181367,454415095,"decoded_payload_last_chip",1,616.025682,616.334363,262,0.000000,-1624.527595,"Decawave DW-8",0.958985,1,12,0xE395,0xE395,1,"6188C2F2F0020001000095E3"
1202,454507900,454561885,454789469,454759980,454775858,454775860,454789469,454559837,454793565,"decoded_payload_last_chip",1,616.539015,616.847696,262,0.000000,-1682.617312,"Decawave DW-8",0.958206,1,12,0x622A,0x622A,1,"6188C3F2F002000100002A62"
1203,454886400,454940356,455167940,455138450,455154329,455154330,455167940,454938308,455172036,"decoded_payload_last_chip",1,617.052349,617.361030,262,0.000000,-1638.912181,"Decawave DW-8",0.959095,1,12,0xFE24,0xFE24,1,"6188C4F2F0020001000024FE"
1204,455264900,455318826,455546410,455516921,455532799,455532801,455546410,455316778,455550506,"decoded_payload_last_chip",1,617.565682,617.874363,262,0.000000,-1627.145527,"Decawave DW-8",0.959110,1,12,0x7F9B,0x7F9B,1,"6188C5F2F002000100009B7F"
1205,455643300,455697297,455924881,455895392,455911270,455911271,455924881,455695249,455928977,"decoded_payload_last_chip",1,618.079016,618.387697,262,0.000000,-1643.911745,"Decawave DW-8",0.958434,1,12,0xF54B,0xF54B,1,"6188C6F2F002000100004BF5"
1206,456022000,456075767,456303352,456273862,456289740,456289742,456303352,456073719,456307448,"decoded_payload_last_chip",1,618.592349,618.901031,262,0.000000,-1648.926620,"Decawave DW-8",0.959149,1,12,0x74F4,0x74F4,1,"6188C7F2F00200010000F474"
1207,456400300,456454238,456681822,456652332,456668211,456668212,456681822,456452190,456685918,"decoded_payload_last_chip",1,619.105683,619.414364,262,0.000000,-1656.977775,"Decawave DW-8",0.959127,1,12,0xC546,0xC546,1,"6188C8F2F0020001000046C5"
1208,456778800,456832708,457060293,457030803,457046681,457046683,457060293,456830660,457064389,"decoded_payload_last_chip",1,619.619016,619.927698,262,-0.000000,-1634.912497,"Decawave DW-8",0.958564,1,12,0x44F9,0x44F9,1,"6188C9F2F00200010000F944"
1209,457157200,457211179,457438763,457409273,457425152,457425153,457438763,457209131,457442859,"decoded_payload_last_chip",1,620.132350,620.441031,262,0.000000,-1633.246941,"Decawave DW-8",0.958808,1,12,0xCE29,0xCE29,1,"6188CAF2F0020001000029CE"
1210,457535900,457589650,457817234,457787744,457803623,457803624,457817234,457587602,457821330,"decoded_payload_last_chip",1,620.645684,620.954365,262,0.371383,-1654.630724,"Decawave DW-8",0.961874,1,12,0x4F96,0x4F96,1,"6188CBF2F00200010000964F"
1211,457914200,457968120,458195704,458166214,458182092,458182094,458195704,457966072,458199800,"decoded_payload_last_chip",1,621.159017,621.467697,262,0.000000,-1642.197803,"Decawave DW-8",0.959083,1,12,0xD398,0xD398,1,"6188CCF2F0020001000098D3"
1212,458292600,458346590,458574175,458544685,458560563,458560565,458574175,458344542,458578271,"decoded_payload_last_chip",1,621.672350,621.981032,262,0.000000,-1664.468895,"Decawave DW-8",0.959213,1,12,0x5227,0x5227,1,"6188CDF2F002000100002752"
1213,458671100,458725061,458952645,458923155,458939034,458939035,458952645,458723013,458956741,"decoded_payload_last_chip",1,622.185684,622.494364,262,0.000000,-1679.332451,"Decawave DW-8",0.958984,1,12,0xD8F7,0xD8F7,1,"6188CEF2F00200010000F7D8"
1214,459049700,459103532,459331116,459301626,459317505,459317506,459331116,459101484,459335212,"decoded_payload_last_chip",1,622.699018,623.007699,262,0.000000,-1642.470547,"Decawave DW-8",0.959128,1,12,0x5948,0x5948,1,"6188CFF2F002000100004859"
1215,459428300,459482002,459709586,459680096,459695975,459695976,459709586,459479954,459713682,"decoded_payload_last_chip",1,623.212351,623.521031,262,0.000000,-1629.946551,"Decawave DW-8",0.959180,1,12,0xB382,0xB382,1,"6188D0F2F0020001000082B3"
1216,459806500,459860472,460088057,460058567,460074446,460074447,460088057,459858424,460092153,"decoded_payload_last_chip",1,623.725684,624.034366,262,4.975751,-1919.296966,"Decawave DW-8",0.955897,1,12,0x323D,0x323D,1,"6188D1F2F002000100003D32"
1217,460185200,460238943,460466527,460437038,460452916,460452917,460466527,460236895,460470623,"decoded_payload_last_chip",1,624.239018,624.547698,262,0.000000,-1629.562584,"Decawave DW-8",0.959295,1,12,0xB8ED,0xB8ED,1,"6188D2F2F00200010000EDB8"
1218,460563900,460617413,460844998,460815508,460831386,460831388,460844998,460615365,460849094,"decoded_payload_last_chip",1,624.752351,625.061032,262,0.000000,-1643.173954,"Decawave DW-8",0.959121,1,12,0x3952,0x3952,1,"6188D3F2F002000100005239"
1219,460941372,460995884,461223468,461193978,461209857,461209858,461223468,460993836,461227564,"decoded_payload_last_chip",1,625.265685,625.574365,262,-0.000000,-1650.241553,"Decawave DW-8",0.958929,1,12,0xA55C,0xA55C,1,"6188D4F2F002000100005CA5"
1220,461320400,461374354,461601938,461572449,461588327,461588329,461601938,461372306,461606034,"decoded_payload_last_chip",1,625.779017,626.087698,262,0.000000,-1630.536301,"Decawave DW-8",0.958873,1,12,0x24E3,0x24E3,1,"6188D5F2F00200010000E324"
1221,461698900,461752825,461980409,461950919,461966798,461966799,461980409,461750777,461984505,"decoded_payload_last_chip",1,626.292352,626.601032,262,0.000000,-1646.014370,"Decawave DW-8",0.959438,1,12,0xAE33,0xAE33,1,"6188D6F2F0020001000033AE"
1222,462077300,462131296,462358880,462329390,462345268,462345270,462358880,462129248,462362976,"decoded_payload_last_chip",1,626.805686,627.114366,262,0.000000,-1641.914562,"Decawave DW-8",0.958667,1,12,0x2F8C,0x2F8C,1,"6188D7F2F002000100008C2F"
1223,462455900,462509766,462737350,462707860,462723739,462723740,462737350,462507718,462741446,"decoded_payload_last_chip",1,627.319019,627.627699,262,0.000000,-1662.841268,"Decawave DW-8",0.958725,1,12,0x9E3E,0x9E3E,1,"6188D8F2F002000100003E9E"
1224,462834300,462888236,463115821,463086331,463102209,463102211,463115821,462886188,463119917,"decoded_payload_last_chip",1,627.832351,628.141033,262,0.000000,-1667.833302,"Decawave DW-8",0.958872,1,12,0x1F81,0x1F81,1,"6188D9F2F00200010000811F"
1225,463212800,463266707,463494291,463464801,463480680,463480681,463494291,463264659,463498387,"decoded_payload_last_chip",1,628.345685,628.654366,262,0.000000,-1647.299328,"Decawave DW-8",0.959063,1,12,0x9551,0x9551,1,"6188DAF2F002000100005195"
1226,463591200,463645177,463872761,463843272,463859150,463859152,463872761,463643129,463876857,"decoded_payload_last_chip",1,628.859018,629.167699,262,-0.000000,-1638.794756,"Decawave DW-8",0.959477,1,12,0x14EE,0x14EE,1,"6188DBF2F00200010000EE14"
1227,463969700,464023648,464251232,464221742,464237620,464237622,464251232,464021600,464255328,"decoded_payload_last_chip",1,629.372352,629.681033,262,0.000000,-1644.366303,"Decawave DW-8",0.958966,1,12,0x88E0,0x88E0,1,"6188DCF2F00200010000E088"
1228,464348200,464402118,464629702,464600213,464616091,464616092,464629702,464400070,464633798,"decoded_payload_last_chip",1,629.885685,630.194366,262,-0.000000,-1673.702344,"Decawave DW-8",0.958694,1,12,0x095F,0x095F,1,"6188DDF2F002000100005F09"
1229,464726600,464780589,465008173,464978683,464994562,464994563,465008173,464778541,465012269,"decoded_payload_last_chip",1,630.399019,630.707700,262,0.000000,-1631.804446,"Decawave DW-8",0.959395,1,12,0x838F,0x838F,1,"6188DEF2F002000100008F83"
1230,465105100,465159059,465386644,465357154,465373032,465373034,465386644,465157011,465390740,"decoded_payload_last_chip",1,630.912352,631.221034,262,0.000000,-1645.768230,"Decawave DW-8",0.959130,1,12,0x0230,0x0230,1,"6188DFF2F002000100003002"
1231,465483700,465537529,465765114,465735624,465751502,465751504,465765114,465535481,465769210,"decoded_payload_last_chip",1,631.425685,631.734367,262,0.000000,-1651.852868,"Decawave DW-8",0.959657,1,12,0x5E0A,0x5E0A,1,"6188E0F2F002000100000A5E"
1232,465861100,465916000,466143584,466114095,466129973,466129975,466143584,465913952,466147680,"decoded_payload_last_chip",1,631.939019,632.247700,262,0.000000,-1625.782076,"Decawave DW-8",0.958733,1,12,0xDFB5,0xDFB5,1,"6188E1F2F00200010000B5DF"
1233,466240500,466294470,466522055,466492565,466508443,466508445,466522055,466292422,466526151,"decoded_payload_last_chip",1,632.452352,632.761034,262,0.000000,-1648.846681,"Decawave DW-8",0.958889,1,12,0x5565,0x5565,1,"6188E2F2F002000100006555"
1234,466619000,466672941,466900525,466871035,466886914,466886915,466900525,466670893,466904621,"decoded_payload_last_chip",1,632.965686,633.274367,262,0.000000,-1644.710661,"Decawave DW-8",0.959292,1,12,0xD4DA,0xD4DA,1,"6188E3F2F00200010000DAD4"
1235,466997600,467051412,467278996,467249506,467265385,467265386,467278996,467049364,467283092,"decoded_payload_last_chip",1,633.479020,633.787701,262,0.000000,-1629.347259,"Decawave DW-8",0.958815,1,12,0x48D4,0x48D4,1,"6188E4F2F00200010000D448"
1236,467375900,467429882,467657467,467627977,467643855,467643857,467657467,467427834,467661563,"decoded_payload_last_chip",1,633.992353,634.301035,262,0.000000,-1662.249432,"Decawave DW-8",0.959240,1,12,0xC96B,0xC96B,1,"6188E5F2F002000100006BC9"
1237,467753936,467808352,468035937,468006447,468022325,468022327,468035937,467806304,468040033,"decoded_payload_last_chip",1,634.505686,634.814368,262,-0.000000,-1636.024244,"Decawave DW-8",0.959271,1,12,0x43BB,0x43BB,1,"6188E6F2F00200010000BB43"
1238,468132900,468186823,468414407,468384918,468400796,468400798,468414407,468184775,468418503,"decoded_payload_last_chip",1,635.019020,635.327700,262,0.000000,-1656.540979,"Decawave DW-8",0.959776,1,12,0xC204,0xC204,1,"6188E7F2F0020001000004C2"
1239,468511300,468565293,468792879,468763389,468779267,468779269,468792879,468563245,468796975,"decoded_payload_last_chip",1,635.532353,635.841036,262,5.260117,-1917.505799,"Decawave DW-8",0.954439,1,12,0x73B6,0x73B6,1,"6188E8F2F00200010000B673"
1240,468889800,468943765,469171349,469141859,469157737,469157739,469171349,468941717,469175445,"decoded_payload_last_chip",1,636.045688,636.354369,262,0.000000,-1639.568549,"Decawave DW-8",0.959029,1,12,0xF209,0xF209,1,"6188E9F2F0020001000009F2"
1241,469268300,469322235,469549819,469520330,469536208,469536209,469549819,469320187,469553915,"decoded_payload_last_chip",1,636.559021,636.867702,262,0.000000,-1641.725533,"Decawave DW-8",0.959195,1,12,0x78D9,0x78D9,1,"6188EAF2F00200010000D978"
1242,469646800,469700705,469928290,469898800,469914678,469914680,469928290,469698657,469932386,"decoded_payload_last_chip",1,637.072354,637.381036,262,0.000000,-1635.966102,"Decawave DW-8",0.959446,1,12,0xF966,0xF966,1,"6188EBF2F0020001000066F9"
1243,470025200,470079176,470306760,470277270,470293149,470293150,470306760,470077128,470310856,"decoded_payload_last_chip",1,637.585688,637.894368,262,0.000000,-1649.099666,"Decawave DW-8",0.958917,1,12,0x6568,0x6568,1,"6188ECF2F002000100006865"
1244,470403700,470457646,470685230,470655741,470671619,470671620,470685230,470455598,470689326,"decoded_payload_last_chip",1,638.099021,638.407701,262,0.000000,-1671.311092,"Decawave DW-8",0.958209,1,12,0xE4D7,0xE4D7,1,"6188EDF2F00200010000D7E4"
1245,470782200,470836117,471063701,471034211,471050089,471050091,471063701,470834069,471067797,"decoded_payload_last_chip",1,638.612355,638.921035,262,0.000000,-1646.185791,"Decawave DW-8",0.958940,1,12,0x6E07,0x6E07,1,"6188EEF2F00200010000076E"
1246,471160600,471214587,471442172,471412682,471428560,471428562,471442172,471212539,471446268,"decoded_payload_last_chip",1,639.125688,639.434370,262,0.000000,-1624.245399,"Decawave DW-8",0.958245,1,12,0xEFB8,0xEFB8,1,"6188EFF2F00200010000B8EF"
1247,471539100,471593058,471820642,471791152,471807031,471807032,471820642,471591010,471824738,"decoded_payload_last_chip",1,639.639022,639.947702,262,0.000000,-1630.258719,"Decawave DW-8",0.959145,1,12,0x0572,0x0572,1,"6188F0F2F002000100007205"
1248,471914300,471971528,472199113,472169623,472185501,472185503,472199113,471969480,472203209,"decoded_payload_last_chip",1,640.152355,640.461037,262,2.303169,-1716.580752,"Decawave DW-8",0.957386,1,12,0x84CD,0x84CD,1,"6188F1F2F00200010000CD84"
1249,472296000,472349999,472577583,472548093,472563971,472563973,472577583,472347951,472581679,"decoded_payload_last_chip",1,640.665689,640.974369,262,0.000000,-1645.048893,"Decawave DW-8",0.959198,1,12,0x0E1D,0x0E1D,1,"6188F2F2F002000100001D0E"
1250,472674500,472728469,472956053,472926564,472942442,472942443,472956053,472726421,472960149,"decoded_payload_last_chip",1,641.179022,641.487702,262,0.000000,-1637.483985,"Decawave DW-8",0.959219,1,12,0x8FA2,0x8FA2,1,"6188F3F2F00200010000A28F"
1251,473053000,473106939,473334524,473305034,473320912,473320914,473334524,473104891,473338620,"decoded_payload_last_chip",1,641.692354,642.001036,262,0.000000,-1656.199998,"Decawave DW-8",0.959156,1,12,0x13AC,0x13AC,1,"6188F4F2F00200010000AC13"
1252,473431500,473485410,473712994,473683504,473699383,473699384,473712994,473483362,473717090,"decoded_payload_last_chip",1,642.205688,642.514369,262,0.000000,-1639.273677,"Decawave DW-8",0.958960,1,12,0x9213,0x9213,1,"6188F5F2F002000100001392"
1253,473809900,473863881,474091465,474061975,474077854,474077855,474091465,473861833,474095561,"decoded_payload_last_chip",1,642.719023,643.027703,262,0.000000,-1638.364793,"Decawave DW-8",0.958755,1,12,0x18C3,0x18C3,1,"6188F6F2F00200010000C318"
1254,474188500,474242351,474469936,474440446,474456324,474456326,474469936,474240303,474474032,"decoded_payload_last_chip",1,643.232355,643.541037,262,2.074297,-1743.626973,"Decawave DW-8",0.958812,1,12,0x997C,0x997C,1,"6188F7F2F002000100007C99"
1255,474566900,474620822,474848406,474818916,474834795,474834796,474848406,474618774,474852502,"decoded_payload_last_chip",1,643.745690,644.054370,262,0.000000,-1663.156612,"Decawave DW-8",0.958654,1,12,0x28CE,0x28CE,1,"6188F8F2F00200010000CE28"
1256,474945300,474999292,475226876,475197386,475213265,475213266,475226876,474997244,475230972,"decoded_payload_last_chip",1,644.259022,644.567703,262,0.000000,-1659.962644,"Decawave DW-8",0.959601,1,12,0xA971,0xA971,1,"6188F9F2F0020001000071A9"
1257,475323800,475377762,475605347,475575857,475591735,475591737,475605347,475375714,475609443,"decoded_payload_last_chip",1,644.772355,645.081037,262,0.000000,-1633.454870,"Decawave DW-8",0.958743,1,12,0x23A1,0x23A1,1,"6188FAF2F00200010000A123"
1258,475702300,475756233,475983818,475954328,475970207,475970208,475983818,475754185,475987914,"decoded_payload_last_chip",1,645.285689,645.594371,262,5.423972,-1939.892575,"Decawave DW-8",0.953594,1,12,0xA21E,0xA21E,1,"6188FBF2F002000100001EA2"
1259,476080800,476134704,476362288,476332799,476348677,476348678,476362288,476132656,476366384,"decoded_payload_last_chip",1,645.799023,646.107704,262,0.000000,-1646.306592,"Decawave DW-8",0.958632,1,12,0x3E10,0x3E10,1,"6188FCF2F00200010000103E"
1260,476459200,476513174,476740758,476711269,476727147,476727149,476740758,476511126,476744854,"decoded_payload_last_chip",1,646.312356,646.621037,262,0.000000,-1645.331222,"Decawave DW-8",0.959027,1,12,0xBFAF,0xBFAF,1,"6188FDF2F00200010000AFBF"
1261,476836244,476891645,477119229,477089739,477105618,477105619,477119229,476889597,477123325,"decoded_payload_last_chip",1,646.825690,647.134371,262,0.000000,-1666.077888,"Decawave DW-8",0.958992,1,12,0x357F,0x357F,1,"6188FEF2F002000100007F35"
1262,477216200,477270115,477497699,477468210,477484088,477484089,477497699,477268067,477501795,"decoded_payload_last_chip",1,647.339023,647.647704,262,0.000000,-1667.499054,"Decawave DW-8",0.958556,1,12,0xB4C0,0xB4C0,1,"6188FFF2F00200010000C0B4"
1263,477594600,477648586,477876170,477846680,477862559,477862560,477876170,477646538,477880266,"decoded_payload_last_chip",1,647.852357,648.161038,262,0.000000,-1658.540843,"Decawave DW-8",0.958896,1,12,0x46E9,0x46E9,1,"618800F2F00200010000E946"
1264,477971300,478027056,478254640,478225151,478241029,478241030,478254640,478025008,478258736,"decoded_payload_last_chip",1,648.365690,648.674371,262,0.000000,-1644.025762,"Decawave DW-8",0.959005,1,12,0xC756,0xC756,1,"618801F2F0020001000056C7"
1265,478351700,478405526,478633111,478603621,478619499,478619501,478633111,478403478,478637207,"decoded_payload_last_chip",1,648.879023,649.187705,262,0.000000,-1656.565407,"Decawave DW-8",0.958926,1,12,0x4D86,0x4D86,1,"618802F2F00200010000864D"
1266,478730000,478783997,479011581,478982092,478997970,478997971,479011581,478781949,479015677,"decoded_payload_last_chip",1,649.392357,649.701038,262,0.000000,-1640.731047,"Decawave DW-8",0.959128,1,12,0xCC39,0xCC39,1,"618803F2F0020001000039CC"
1267,479108600,479162468,479390052,479360562,479376441,479376442,479390052,479160420,479394148,"decoded_payload_last_chip",1,649.905691,650.214372,262,-0.000000,-1649.357222,"Decawave DW-8",0.959351,1,12,0x5037,0x5037,1,"618804F2F002000100003750"
1268,479487000,479540938,479768522,479739032,479754911,479754912,479768522,479538890,479772618,"decoded_payload_last_chip",1,650.419024,650.727705,262,0.000000,-1661.919896,"Decawave DW-8",0.958276,1,12,0xD188,0xD188,1,"618805F2F0020001000088D1"
1269,479865600,479919409,480146993,480117503,480133382,480133383,480146993,479917361,480151089,"decoded_payload_last_chip",1,650.932358,651.241039,262,0.000000,-1626.599507,"Decawave DW-8",0.958691,1,12,0x5B58,0x5B58,1,"618806F2F00200010000585B"
1270,480244000,480297879,480525463,480495973,480511852,480511853,480525463,480295831,480529559,"decoded_payload_last_chip",1,651.445691,651.754371,262,0.000000,-1642.420539,"Decawave DW-8",0.958837,1,12,0xDAE7,0xDAE7,1,"618807F2F00200010000E7DA"
1271,480622600,480676350,480903934,480874444,480890323,480890324,480903934,480674302,480908030,"decoded_payload_last_chip",1,651.959025,652.267706,262,0.000000,-1642.376491,"Decawave DW-8",0.958965,1,12,0x6B55,0x6B55,1,"618808F2F00200010000556B"
1272,481000900,481054820,481282404,481252915,481268793,481268795,481282404,481052772,481286500,"decoded_payload_last_chip",1,652.472358,652.781038,262,-0.000000,-1683.515012,"Decawave DW-8",0.958133,1,12,0xEAEA,0xEAEA,1,"618809F2F00200010000EAEA"
1273,481379300,481433290,481660875,481631385,481647263,481647265,481660875,481431242,481664971,"decoded_payload_last_chip",1,652.985691,653.294373,262,0.000000,-1669.046447,"Decawave DW-8",0.958998,1,12,0x603A,0x603A,1,"61880AF2F002000100003A60"
1274,481757800,481811761,482039345,482009855,482025734,482025735,482039345,481809713,482043441,"decoded_payload_last_chip",1,653.499025,653.807705,262,0.000000,-1625.302678,"Decawave DW-8",0.959145,1,12,0xE185,0xE185,1,"61880BF2F0020001000085E1"
1275,482136400,482190232,482417816,482388326,482404205,482404206,482417816,482188184,482421912,"decoded_payload_last_chip",1,654.012359,654.321039,262,0.000000,-1648.658425,"Decawave DW-8",0.959101,1,12,0x7D8B,0x7D8B,1,"61880CF2F002000100008B7D"
1276,482515000,482568702,482796287,482766797,482782675,482782677,482796287,482566654,482800383,"decoded_payload_last_chip",1,654.525692,654.834374,262,0.000000,-1649.035964,"Decawave DW-8",0.958617,1,12,0xFC34,0xFC34,1,"61880DF2F0020001000034FC"
1277,482893200,482947173,483174757,483145267,483161146,483161147,483174757,482945125,483178853,"decoded_payload_last_chip",1,655.039026,655.347706,262,0.000000,-1632.718808,"Decawave DW-8",0.959207,1,12,0x76E4,0x76E4,1,"61880EF2F00200010000E476"
1278,483271900,483325643,483553227,483523738,483539616,483539617,483553227,483323595,483557323,"decoded_payload_last_chip",1,655.552359,655.861039,262,0.000000,-1659.911169,"Decawave DW-8",0.959293,1,12,0xF75B,0xF75B,1,"61880FF2F002000100005BF7"
1279,483650500,483704114,483931698,483902208,483918087,483918088,483931698,483702066,483935794,"decoded_payload_last_chip",1,656.065693,656.374373,262,0.000000,-1612.340667,"Decawave DW-8",0.958956,1,12,0x1D91,0x1D91,1,"618810F2F00200010000911D"
1280,484028600,484082584,484310169,484280679,484296558,484296559,484310169,484080536,484314265,"decoded_payload_last_chip",1,656.579026,656.887708,262,1.402129,-1719.486065,"Decawave DW-8",0.959987,1,12,0x9C2E,0x9C2E,1,"618811F2F002000100002E9C"
1281,484407100,484461054,484688639,484659149,484675028,484675029,484688639,484459006,484692735,"decoded_payload_last_chip",1,657.092358,657.401040,262,3.367079,-1786.366446,"Decawave DW-8",0.959764,1,12,0x16FE,0x16FE,1,"618812F2F00200010000FE16"
1282,484785700,484839525,485067109,485037620,485053498,485053499,485067109,484837477,485071205,"decoded_payload_last_chip",1,657.605693,657.914373,262,0.000000,-1657.808652,"Decawave DW-8",0.958774,1,12,0x9741,0x9741,1,"618813F2F002000100004197"
1283,485164000,485217996,485445580,485416090,485431968,485431970,485445580,485215948,485449676,"decoded_payload_last_chip",1,658.119027,658.427707,262,0.000000,-1631.574028,"Decawave DW-8",0.958666,1,12,0x0B4F,0x0B4F,1,"618814F2F002000100004F0B"
1284,485542600,485596466,485824051,485794561,485810439,485810441,485824051,485594418,485828147,"decoded_payload_last_chip",1,658.632359,658.941041,262,0.000000,-1654.591810,"Decawave DW-8",0.958539,1,12,0x8AF0,0x8AF0,1,"618815F2F00200010000F08A"
1285,485921000,485974936,486202521,486173031,486188909,486188911,486202521,485972888,486206617,"decoded_payload_last_chip",1,659.145692,659.454374,262,0.000000,-1629.462795,"Decawave DW-8",0.958790,1,12,0x0020,0x0020,1,"618816F2F002000100002000"
1286,486299500,486353407,486580991,486551501,486567380,486567381,486580991,486351359,486585087,"decoded_payload_last_chip",1,659.659026,659.967707,262,0.000000,-1656.362976,"Decawave DW-8",0.958806,1,12,0x819F,0x819F,1,"618817F2F002000100009F81"
1287,486677900,486731878,486959462,486929972,486945851,486945852,486959462,486729830,486963558,"decoded_payload_last_chip",1,660.172361,660.481041,262,0.000000,-1659.285512,"Decawave DW-8",0.958513,1,12,0x302D,0x302D,1,"618818F2F002000100002D30"
1288,487056400,487110348,487337933,487308443,487324321,487324323,487337933,487108300,487342029,"decoded_payload_last_chip",1,660.685693,660.994375,262,0.000000,-1629.972428,"Decawave DW-8",0.959004,1,12,0xB192,0xB192,1,"618819F2F0020001000092B1"
1289,487434900,487488819,487716403,487686913,487702792,487702793,487716403,487486771,487720499,"decoded_payload_last_chip",1,661.199028,661.507708,262,0.000000,-1627.619187,"Decawave DW-8",0.958325,1,12,0x3B42,0x3B42,1,"61881AF2F00200010000423B"
1290,487813300,487867289,488094873,488065383,488081262,488081263,488094873,487865241,488098969,"decoded_payload_last_chip",1,661.712360,662.021041,262,0.000000,-1668.983606,"Decawave DW-8",0.958518,1,12,0xBAFD,0xBAFD,1,"61881BF2F00200010000FDBA"
1291,488191800,488245759,488473344,488443854,488459732,488459734,488473344,488243711,488477440,"decoded_payload_last_chip",1,662.225693,662.534375,262,0.000000,-1657.116742,"Decawave DW-8",0.959239,1,12,0x26F3,0x26F3,1,"61881CF2F00200010000F326"
1292,488570400,488624230,488851814,488822325,488838203,488838205,488851814,488622182,488855910,"decoded_payload_last_chip",1,662.739027,663.047708,262,0.000000,-1659.760674,"Decawave DW-8",0.958519,1,12,0xA74C,0xA74C,1,"61881DF2F002000100004CA7"
1293,488948700,489002701,489230285,489200795,489216674,489216675,489230285,489000653,489234381,"decoded_payload_last_chip",1,663.252361,663.561042,262,0.000000,-1649.565626,"Decawave DW-8",0.959234,1,12,0x2D9C,0x2D9C,1,"61881EF2F002000100009C2D"
1294,489327200,489381171,489608755,489579266,489595144,489595146,489608755,489379123,489612851,"decoded_payload_last_chip",1,663.765694,664.074375,262,0.000000,-1644.324661,"Decawave DW-8",0.958988,1,12,0xAC23,0xAC23,1,"61881FF2F0020001000023AC"
1295,489705700,489759642,489987226,489957736,489973615,489973616,489987226,489757594,489991322,"decoded_payload_last_chip",1,664.279028,664.587709,262,0.000000,-1649.833383,"Decawave DW-8",0.958275,1,12,0xF019,0xF019,1,"618820F2F0020001000019F0"
1296,490084300,490138112,490365697,490336207,490352086,490352087,490365697,490136064,490369793,"decoded_payload_last_chip",1,664.792361,665.101043,262,4.366629,-1879.387083,"Decawave DW-8",0.960098,1,12,0x71A6,0x71A6,1,"618821F2F00200010000A671"
1297,490462600,490516582,490744167,490714677,490730555,490730557,490744167,490514534,490748263,"decoded_payload_last_chip",1,665.305694,665.614376,262,0.000000,-1646.276451,"Decawave DW-8",0.959019,1,12,0xFB76,0xFB76,1,"618822F2F0020001000076FB"
1298,490841000,490895053,491122637,491093148,491109026,491109028,491122637,490893005,491126733,"decoded_payload_last_chip",1,665.819028,666.127709,262,0.000000,-1672.360815,"Decawave DW-8",0.958995,1,12,0x7AC9,0x7AC9,1,"618823F2F00200010000C97A"
1299,491219600,491273523,491501108,491471618,491487496,491487498,491501108,491271475,491505204,"decoded_payload_last_chip",1,666.332361,666.641043,262,0.308009,-1668.113900,"Decawave DW-8",0.961566,1,12,0xE6C7,0xE6C7,1,"618824F2F00200010000C7E6"
1300,491598000,491651994,491879578,491850089,491865967,491865968,491879578,491649946,491883674,"decoded_payload_last_chip",1,666.845695,667.154376,262,0.000000,-1647.371109,"Decawave DW-8",0.959486,1,12,0x6778,0x6778,1,"618825F2F002000100007867"
1301,491976500,492030465,492258049,492228559,492244437,492244439,492258049,492028417,492262145,"decoded_payload_last_chip",1,667.359029,667.667710,262,0.000000,-1663.651334,"Decawave DW-8",0.959120,1,12,0xEDA8,0xEDA8,1,"618826F2F00200010000A8ED"
1302,492355000,492408935,492636519,492607030,492622908,492622909,492636519,492406887,492640615,"decoded_payload_last_chip",1,667.872362,668.181042,262,0.000000,-1642.684968,"Decawave DW-8",0.958730,1,12,0x6C17,0x6C17,1,"618827F2F00200010000176C"
1303,492733500,492787405,493014990,492985500,493001378,493001380,493014990,492785357,493019086,"decoded_payload_last_chip",1,668.385695,668.694377,262,0.000000,-1643.827334,"Decawave DW-8",0.959347,1,12,0xDDA5,0xDDA5,1,"618828F2F00200010000A5DD"
1304,493110500,493165876,493393460,493363970,493379849,493379850,493393460,493163828,493397556,"decoded_payload_last_chip",1,668.899029,669.207709,262,0.000000,-1653.397149,"Decawave DW-8",0.959046,1,12,0x5C1A,0x5C1A,1,"618829F2F002000100001A5C"
1305,493490400,493544347,493771931,493742441,493758320,493758321,493771931,493542299,493776027,"decoded_payload_last_chip",1,669.412363,669.721044,262,0.000000,-1644.057308,"Decawave DW-8",0.958349,1,12,0xD6CA,0xD6CA,1,"61882AF2F00200010000CAD6"
1306,493868900,493922817,494150402,494120912,494136790,494136792,494150402,493920769,494154498,"decoded_payload_last_chip",1,669.925696,670.234378,262,0.000000,-1660.143260,"Decawave DW-8",0.959004,1,12,0x5775,0x5775,1,"61882BF2F002000100007557"
1307,494247300,494301287,494528872,494499382,494515260,494515262,494528872,494299239,494532968,"decoded_payload_last_chip",1,670.439029,670.747711,262,0.000000,-1623.678856,"Decawave DW-8",0.959295,1,12,0xCB7B,0xCB7B,1,"61882CF2F002000100007BCB"
1308,494625800,494679758,494907342,494877852,494893731,494893732,494907342,494677710,494911438,"decoded_payload_last_chip",1,670.952363,671.261043,262,0.000000,-1657.008868,"Decawave DW-8",0.959309,1,12,0x4AC4,0x4AC4,1,"61882DF2F00200010000C44A"
1309,495004400,495058229,495285813,495256323,495272202,495272203,495285813,495056181,495289909,"decoded_payload_last_chip",1,671.465697,671.774377,262,0.000000,-1633.606337,"Decawave DW-8",0.958972,1,12,0xC014,0xC014,1,"61882EF2F0020001000014C0"
1310,495382700,495436699,495664284,495634794,495650672,495650674,495664284,495434651,495668380,"decoded_payload_last_chip",1,671.979030,672.287712,262,-0.000000,-1638.721497,"Decawave DW-8",0.958825,1,12,0x41AB,0x41AB,1,"61882FF2F00200010000AB41"
1311,495760700,495815170,496042754,496013264,496029143,496029144,496042754,495813122,496046850,"decoded_payload_last_chip",1,672.492364,672.801044,262,0.000000,-1658.739365,"Decawave DW-8",0.958548,1,12,0xAB61,0xAB61,1,"618830F2F0020001000061AB"
1312,496139700,496193640,496421224,496391735,496407613,496407615,496421224,496191592,496425320,"decoded_payload_last_chip",1,673.005697,673.314377,262,0.000000,-1652.011259,"Decawave DW-8",0.958833,1,12,0x2ADE,0x2ADE,1,"618831F2F00200010000DE2A"
1313,496518300,496572110,496799694,496770205,496786083,496786085,496799694,496570062,496803790,"decoded_payload_last_chip",1,673.519029,673.827710,262,0.000000,-1659.690257,"Decawave DW-8",0.958656,1,12,0xA00E,0xA00E,1,"618832F2F002000100000EA0"
1314,496896500,496950581,497178165,497148676,497164554,497164556,497178165,496948533,497182261,"decoded_payload_last_chip",1,674.032364,674.341044,262,-0.000000,-1611.016495,"Decawave DW-8",0.958406,1,12,0x21B1,0x21B1,1,"618833F2F00200010000B121"
1315,497275100,497329051,497556636,497527146,497543024,497543026,497556636,497327003,497560732,"decoded_payload_last_chip",1,674.545696,674.854378,262,0.000000,-1642.368464,"Decawave DW-8",0.958658,1,12,0xBDBF,0xBDBF,1,"618834F2F00200010000BFBD"
1316,497653600,497707522,497935106,497905616,497921495,497921496,497935106,497705474,497939202,"decoded_payload_last_chip",1,675.059030,675.367711,262,0.000000,-1638.804997,"Decawave DW-8",0.958341,1,12,0x3C00,0x3C00,1,"618835F2F00200010000003C"
1317,498032000,498085993,498313577,498284087,498299966,498299967,498313577,498083945,498317673,"decoded_payload_last_chip",1,675.572365,675.881045,262,0.000000,-1634.013444,"Decawave DW-8",0.958534,1,12,0xB6D0,0xB6D0,1,"618836F2F00200010000D0B6"
1318,498410500,498464463,498692047,498662558,498678436,498678437,498692047,498462415,498696143,"decoded_payload_last_chip",1,676.085697,676.394378,262,0.000000,-1655.508219,"Decawave DW-8",0.958525,1,12,0x376F,0x376F,1,"618837F2F002000100006F37"
1319,498789000,498842934,499070518,499041028,499056906,499056908,499070518,498840886,499074614,"decoded_payload_last_chip",1,676.599032,676.907712,262,0.000000,-1647.852569,"Decawave DW-8",0.958802,1,12,0x86DD,0x86DD,1,"618838F2F00200010000DD86"
1320,499167600,499221404,499448989,499419499,499435377,499435379,499448989,499219356,499453085,"decoded_payload_last_chip",1,677.112364,677.421046,262,0.000000,-1659.868578,"Decawave DW-8",0.958882,1,12,0x0762,0x0762,1,"618839F2F002000100006207"
1321,499545900,499599874,499827458,499797969,499813847,499813849,499827458,499597826,499831554,"decoded_payload_last_chip",1,677.625697,677.934378,262,0.000000,-1636.275733,"Decawave DW-8",0.958761,1,12,0x8DB2,0x8DB2,1,"61883AF2F00200010000B28D"
1322,499924600,499978345,500205929,500176440,500192318,500192320,500205929,499976297,500210025,"decoded_payload_last_chip",1,678.139031,678.447712,262,0.000000,-1626.251707,"Decawave DW-8",0.958503,1,12,0x0C0D,0x0C0D,1,"61883BF2F002000100000D0C"
1323,500302900,500356816,500584400,500554910,500570789,500570790,500584400,500354768,500588496,"decoded_payload_last_chip",1,678.652365,678.961046,262,0.525059,-1649.756679,"Decawave DW-8",0.962092,1,12,0x9003,0x9003,1,"61883CF2F002000100000390"
1324,500681300,500735286,500962870,500933380,500949259,500949260,500962870,500733238,500966966,"decoded_payload_last_chip",1,679.165698,679.474379,262,0.000000,-1652.000391,"Decawave DW-8",0.958446,1,12,0x11BC,0x11BC,1,"61883DF2F00200010000BC11"
1325,501059800,501113756,501341341,501311851,501327729,501327731,501341341,501111708,501345437,"decoded_payload_last_chip",1,679.679031,679.987713,262,-0.000000,-1624.612591,"Decawave DW-8",0.958298,1,12,0x9B6C,0x9B6C,1,"61883EF2F002000100006C9B"
1326,501438400,501492227,501719811,501690322,501706200,501706202,501719811,501490179,501723907,"decoded_payload_last_chip",1,680.192365,680.501046,262,0.000000,-1652.106274,"Decawave DW-8",0.958667,1,12,0x1AD3,0x1AD3,1,"61883FF2F00200010000D31A"
1327,501816700,501870698,502098282,502068792,502084671,502084672,502098282,501868650,502102378,"decoded_payload_last_chip",1,680.705699,681.014380,262,0.000000,-1614.229761,"Decawave DW-8",0.958692,1,12,0x2318,0x2318,1,"618840F2F002000100001823"
1328,502189500,502249168,502476752,502447262,502463141,502463142,502476752,502247120,502480848,"decoded_payload_last_chip",1,681.219032,681.527713,262,0.000000,-1626.133558,"Decawave DW-8",0.958838,1,12,0xA2A7,0xA2A7,1,"618841F2F00200010000A7A2"
1329,502573700,502627639,502855223,502825733,502841612,502841613,502855223,502625591,502859319,"decoded_payload_last_chip",1,681.732366,682.041047,262,0.000000,-1652.836278,"Decawave DW-8",0.958672,1,12,0x2877,0x2877,1,"618842F2F002000100007728"
1330,502952300,503006109,503233693,503204203,503220082,503220083,503233693,503004061,503237789,"decoded_payload_last_chip",1,682.245699,682.554380,262,0.000000,-1654.474097,"Decawave DW-8",0.959270,1,12,0xA9C8,0xA9C8,1,"618843F2F00200010000C8A9"
1331,503330600,503384579,503612164,503582674,503598552,503598554,503612164,503382531,503616260,"decoded_payload_last_chip",1,682.759032,683.067714,262,0.000000,-1660.554260,"Decawave DW-8",0.958524,1,12,0x35C6,0x35C6,1,"618844F2F00200010000C635"
1332,503709300,503763050,503990634,503961144,503977023,503977024,503990634,503761002,503994730,"decoded_payload_last_chip",1,683.272366,683.581047,262,0.000000,-1667.676364,"Decawave DW-8",0.958446,1,12,0xB479,0xB479,1,"618845F2F0020001000079B4"
1333,504087600,504141520,504369104,504339615,504355493,504355495,504369104,504139472,504373200,"decoded_payload_last_chip",1,683.785699,684.094379,262,0.000000,-1669.031462,"Decawave DW-8",0.958800,1,12,0x3EA9,0x3EA9,1,"618846F2F00200010000A93E"
1334,504466000,504519991,504747575,504718086,504733964,504733966,504747575,504517943,504751671,"decoded_payload_last_chip",1,684.299033,684.607713,262,0.000000,-1635.670995,"Decawave DW-8",0.958184,1,12,0xBF16,0xBF16,1,"618847F2F0020001000016BF"
1335,504844500,504898462,505126046,505096556,505112435,505112436,505126046,504896414,505130142,"decoded_payload_last_chip",1,684.812367,685.121048,262,0.000000,-1666.836620,"Decawave DW-8",0.958757,1,12,0x0EA4,0x0EA4,1,"618848F2F00200010000A40E"
1336,505222988,505276932,505504516,505475026,505490905,505490906,505504516,505274884,505508612,"decoded_payload_last_chip",1,685.325700,685.634380,262,0.000000,-1667.336832,"Decawave DW-8",0.958491,1,12,0x8F1B,0x8F1B,1,"618849F2F002000100001B8F"
1337,505601700,505655402,505882987,505853497,505869375,505869377,505882987,505653354,505887083,"decoded_payload_last_chip",1,685.839033,686.147715,262,0.000000,-1651.682166,"Decawave DW-8",0.958796,1,12,0x05CB,0x05CB,1,"61884AF2F00200010000CB05"
1338,505979900,506033873,506261457,506231967,506247846,506247847,506261457,506031825,506265553,"decoded_payload_last_chip",1,686.352367,686.661047,262,0.000000,-1661.263388,"Decawave DW-8",0.959263,1,12,0x8474,0x8474,1,"61884BF2F002000100007484"
1339,506358500,506412343,506639928,506610438,506626316,506626318,506639928,506410295,506644024,"decoded_payload_last_chip",1,686.865700,687.174382,262,0.000000,-1649.892866,"Decawave DW-8",0.958317,1,12,0x187A,0x187A,1,"61884CF2F002000100007A18"
1340,506737200,506790814,507018398,506988908,507004787,507004788,507018398,506788766,507022494,"decoded_payload_last_chip",1,687.379034,687.687714,262,0.000000,-1633.146702,"Decawave DW-8",0.958947,1,12,0x99C5,0x99C5,1,"61884DF2F00200010000C599"
1341,507115500,507169284,507396869,507367379,507383257,507383259,507396869,507167236,507400965,"decoded_payload_last_chip",1,687.892367,688.201048,262,0.000000,-1652.877118,"Decawave DW-8",0.958813,1,12,0x1315,0x1315,1,"61884EF2F002000100001513"
1342,507493800,507547755,507775339,507745849,507761728,507761729,507775339,507545707,507779435,"decoded_payload_last_chip",1,688.405701,688.714381,262,0.000000,-1649.388520,"Decawave DW-8",0.958536,1,12,0x92AA,0x92AA,1,"61884FF2F00200010000AA92"
1343,507872600,507926226,508153810,508124320,508140199,508140200,508153810,507924178,508157906,"decoded_payload_last_chip",1,688.919035,689.227715,262,0.000000,-1662.869515,"Decawave DW-8",0.958220,1,12,0x7860,0x7860,1,"618850F2F002000100006078"
1344,508250700,508304696,508532280,508502790,508518668,508518670,508532280,508302648,508536376,"decoded_payload_last_chip",1,689.432368,689.741048,262,0.000000,-1670.300861,"Decawave DW-8",0.958546,1,12,0xF9DF,0xF9DF,1,"618851F2F00200010000DFF9"
1345,508629300,508683166,508910751,508881261,508897139,508897141,508910751,508681118,508914847,"decoded_payload_last_chip",1,689.945700,690.254382,262,-0.000000,-1638.315359,"Decawave DW-8",0.958640,1,12,0x730F,0x730F,1,"618852F2F002000100000F73"
1346,509007700,509061637,509289221,509259732,509275610,509275612,509289221,509059589,509293317,"decoded_payload_last_chip",1,690.459035,690.767715,262,0.000000,-1648.648985,"Decawave DW-8",0.958847,1,12,0xF2B0,0xF2B0,1,"618853F2F00200010000B0F2"
1347,509386300,509440107,509667692,509638202,509654080,509654082,509667692,509438059,509671788,"decoded_payload_last_chip",1,690.972367,691.281049,262,0.000000,-1662.835082,"Decawave DW-8",0.958387,1,12,0x6EBE,0x6EBE,1,"618854F2F00200010000BE6E"
1348,509764600,509818578,510046162,510016672,510032551,510032552,510046162,509816530,510050258,"decoded_payload_last_chip",1,691.485701,691.794382,262,0.000000,-1633.728164,"Decawave DW-8",0.958757,1,12,0xEF01,0xEF01,1,"618855F2F0020001000001EF"
1349,510143100,510197048,510424633,510395143,510411021,510411023,510424633,510195000,510428729,"decoded_payload_last_chip",1,691.999034,692.307716,262,0.000000,-1672.153595,"Decawave DW-8",0.958891,1,12,0x65D1,0x65D1,1,"618856F2F00200010000D165"
1350,510521600,510575519,510803103,510773613,510789492,510789493,510803103,510573471,510807199,"decoded_payload_last_chip",1,692.512368,692.821049,262,0.000000,-1655.426252,"Decawave DW-8",0.958405,1,12,0xE46E,0xE46E,1,"618857F2F002000100006EE4"
1351,510900000,510953990,511181574,511152084,511167963,511167964,511181574,510951942,511185670,"decoded_payload_last_chip",1,693.025703,693.334383,262,0.000000,-1643.142795,"Decawave DW-8",0.959093,1,12,0x55DC,0x55DC,1,"618858F2F00200010000DC55"
1352,511278500,511332460,511560044,511530555,511546433,511546435,511560044,511330412,511564140,"decoded_payload_last_chip",1,693.539035,693.847716,262,0.000000,-1646.120255,"Decawave DW-8",0.958718,1,12,0xD463,0xD463,1,"618859F2F0020001000063D4"
1353,511657100,511710930,511938514,511909025,511924903,511924905,511938514,511708882,511942610,"decoded_payload_last_chip",1,694.052368,694.361049,262,0.000000,-1659.963574,"Decawave DW-8",0.958709,1,12,0x5EB3,0x5EB3,1,"61885AF2F00200010000B35E"
1354,512035500,512089401,512316985,512287496,512303374,512303375,512316985,512087353,512321081,"decoded_payload_last_chip",1,694.565702,694.874383,262,0.000000,-1653.462204,"Decawave DW-8",0.958487,1,12,0xDF0C,0xDF0C,1,"61885BF2F002000100000CDF"
1355,512413900,512467871,512695455,512665966,512681844,512681846,512695455,512465823,512699551,"decoded_payload_last_chip",1,695.079035,695.387716,262,0.000000,-1649.851346,"Decawave DW-8",0.959149,1,12,0x4302,0x4302,1,"61885CF2F002000100000243"
1356,512792400,512846342,513073926,513044436,513060315,513060316,513073926,512844294,513078022,"decoded_payload_last_chip",1,695.592369,695.901050,262,0.000000,-1648.971065,"Decawave DW-8",0.958532,1,12,0xC2BD,0xC2BD,1,"61885DF2F00200010000BDC2"
1357,513171200,513224812,513452397,513422907,513438785,513438787,513452397,513222764,513456493,"decoded_payload_last_chip",1,696.105702,696.414384,262,0.000000,-1643.985489,"Decawave DW-8",0.958629,1,12,0x486D,0x486D,1,"61885EF2F002000100006D48"
1358,513549300,513603283,513830867,513801378,513817256,513817257,513830867,513601235,513834963,"decoded_payload_last_chip",1,696.619036,696.927717,262,0.000000,-1648.762384,"Decawave DW-8",0.958541,1,12,0xC9D2,0xC9D2,1,"61885FF2F00200010000D2C9"
1359,513927800,513981753,514209338,514179848,514195726,514195728,514209338,513979705,514213434,"decoded_payload_last_chip",1,697.132369,697.441051,262,0.000000,-1673.824816,"Decawave DW-8",0.958785,1,12,0x95E8,0x95E8,1,"618860F2F00200010000E895"
1360,514306300,514360224,514587808,514558318,514574197,514574198,514587808,514358176,514591904,"decoded_payload_last_chip",1,697.645703,697.954384,262,-0.000000,-1643.021150,"Decawave DW-8",0.958633,1,12,0x1457,0x1457,1,"618861F2F002000100005714"
1361,514684700,514738694,514966278,514936789,514952667,514952668,514966278,514736646,514970374,"decoded_payload_last_chip",1,698.159036,698.467716,262,0.000000,-1641.985999,"Decawave DW-8",0.958355,1,12,0x9E87,0x9E87,1,"618862F2F00200010000879E"
1362,515063200,515117165,515344749,515315259,515331137,515331139,515344749,515115117,515348845,"decoded_payload_last_chip",1,698.672370,698.981051,262,0.000000,-1649.540431,"Decawave DW-8",0.958249,1,12,0x1F38,0x1F38,1,"618863F2F00200010000381F"
1363,515441700,515495635,515723219,515693730,515709608,515709609,515723219,515493587,515727315,"decoded_payload_last_chip",1,699.185703,699.494383,262,0.000000,-1630.549679,"Decawave DW-8",0.959142,1,12,0x8336,0x8336,1,"618864F2F002000100003683"
1364,515820200,515874105,516101691,516072201,516088080,516088081,516101691,515872057,516105787,"decoded_payload_last_chip",1,699.699036,700.007719,262,5.580603,-1973.732177,"Decawave DW-8",0.951434,1,12,0x0289,0x0289,1,"618865F2F002000100008902"
1365,516198600,516252576,516480161,516450671,516466549,516466551,516480161,516250528,516484257,"decoded_payload_last_chip",1,700.212370,700.521052,262,0.000000,-1638.401783,"Decawave DW-8",0.958384,1,12,0x8859,0x8859,1,"618866F2F002000100005988"
1366,516577100,516631047,516858631,516829141,516845020,516845021,516858631,516628999,516862727,"decoded_payload_last_chip",1,700.725704,701.034384,262,0.000000,-1636.738020,"Decawave DW-8",0.958207,1,12,0x09E6,0x09E6,1,"618867F2F00200010000E609"
1367,516955600,517009517,517237102,517207612,517223490,517223492,517237102,517007469,517241198,"decoded_payload_last_chip",1,701.239037,701.547719,262,0.000000,-1659.913896,"Decawave DW-8",0.958966,1,12,0xB854,0xB854,1,"618868F2F0020001000054B8"
1368,517334200,517387988,517615572,517586083,517601961,517601962,517615572,517385940,517619668,"decoded_payload_last_chip",1,701.752371,702.061051,262,0.000000,-1647.906168,"Decawave DW-8",0.958630,1,12,0x39EB,0x39EB,1,"618869F2F00200010000EB39"
1369,517712500,517766459,517994043,517964553,517980432,517980433,517994043,517764411,517998139,"decoded_payload_last_chip",1,702.265705,702.574386,262,-0.000000,-1670.545091,"Decawave DW-8",0.958102,1,12,0xB33B,0xB33B,1,"61886AF2F002000100003BB3"
1370,518090000,518144929,518372513,518343024,518358902,518358903,518372513,518142881,518376609,"decoded_payload_last_chip",1,702.779038,703.087718,262,0.000000,-1647.895293,"Decawave DW-8",0.958407,1,12,0x3284,0x3284,1,"61886BF2F002000100008432"
1371,518464500,518523399,518750984,518721495,518737373,518737375,518750984,518521351,518755080,"decoded_payload_last_chip",1,703.292371,703.601053,262,5.630187,-1911.257400,"Decawave DW-8",0.950640,1,12,0xAE8A,0xAE8A,1,"61886CF2F002000100008AAE"
1372,518847600,518901870,519129454,519099964,519115842,519115844,519129454,518899822,519133550,"decoded_payload_last_chip",1,703.805705,704.114385,262,0.000000,-1637.186856,"Decawave DW-8",0.958054,1,12,0x2F35,0x2F35,1,"61886DF2F00200010000352F"
1373,519226400,519280340,519507924,519478435,519494313,519494315,519507924,519278292,519512020,"decoded_payload_last_chip",1,704.319038,704.627718,262,0.000000,-1637.578734,"Decawave DW-8",0.958707,1,12,0xA5E5,0xA5E5,1,"61886EF2F00200010000E5A5"
1374,519604900,519658811,519886395,519856905,519872784,519872785,519886395,519656763,519890491,"decoded_payload_last_chip",1,704.832372,705.141052,262,0.000000,-1628.869706,"Decawave DW-8",0.958434,1,12,0x245A,0x245A,1,"61886FF2F002000100005A24"
1375,519983300,520037282,520264866,520235376,520251254,520251256,520264866,520035234,520268962,"decoded_payload_last_chip",1,705.345706,705.654386,262,0.000000,-1647.251128,"Decawave DW-8",0.958741,1,12,0xCE90,0xCE90,1,"618870F2F0020001000090CE"
1376,520361800,520415752,520643336,520613847,520629725,520629726,520643336,520413704,520647432,"decoded_payload_last_chip",1,705.859039,706.167719,262,0.000000,-1657.847195,"Decawave DW-8",0.957951,1,12,0x4F2F,0x4F2F,1,"618871F2F002000100002F4F"
1377,520740300,520794222,521021807,520992317,521008195,521008197,521021807,520792174,521025903,"decoded_payload_last_chip",1,706.372371,706.681053,262,-0.000000,-1641.737458,"Decawave DW-8",0.958605,1,12,0xC5FF,0xC5FF,1,"618872F2F00200010000FFC5"
1378,521118700,521172693,521400277,521370787,521386666,521386667,521400277,521170645,521404373,"decoded_payload_last_chip",1,706.885706,707.194386,262,0.000000,-1644.059332,"Decawave DW-8",0.959176,1,12,0x4440,0x4440,1,"618873F2F002000100004044"
1379,521497200,521551163,521778747,521749258,521765136,521765137,521778747,521549115,521782843,"decoded_payload_last_chip",1,707.399038,707.707719,262,0.000000,-1637.269465,"Decawave DW-8",0.958658,1,12,0xD84E,0xD84E,1,"618874F2F002000100004ED8"
1380,521875700,521929634,522157218,522127728,522143606,522143608,522157218,521927586,522161314,"decoded_payload_last_chip",1,707.912373,708.221053,262,0.000000,-1645.789170,"Decawave DW-8",0.958759,1,12,0x59F1,0x59F1,1,"618875F2F00200010000F159"
1381,522254200,522308104,522535688,522506199,522522077,522522078,522535688,522306056,522539784,"decoded_payload_last_chip",1,708.425705,708.734386,262,0.000000,-1663.417932,"Decawave DW-8",0.958120,1,12,0xD321,0xD321,1,"618876F2F0020001000021D3"
1382,522632600,522686575,522914159,522884669,522900548,522900549,522914159,522684527,522918255,"decoded_payload_last_chip",1,708.939039,709.247720,262,0.000000,-1641.163941,"Decawave DW-8",0.958464,1,12,0x529E,0x529E,1,"618877F2F002000100009E52"
1383,523011100,523065045,523292630,523263140,523279018,523279020,523292630,523062997,523296726,"decoded_payload_last_chip",1,709.452372,709.761054,262,0.000000,-1668.267758,"Decawave DW-8",0.957595,1,12,0xE32C,0xE32C,1,"618878F2F002000100002CE3"
1384,523389600,523443516,523671100,523641610,523657489,523657490,523671100,523441468,523675196,"decoded_payload_last_chip",1,709.965706,710.274387,262,0.000000,-1640.508007,"Decawave DW-8",0.957942,1,12,0x6293,0x6293,1,"618879F2F002000100009362"
1385,523768000,523821986,524049570,524020080,524035959,524035960,524049570,523819938,524053666,"decoded_payload_last_chip",1,710.479039,710.787720,262,0.000000,-1655.317284,"Decawave DW-8",0.958938,1,12,0xE843,0xE843,1,"61887AF2F0020001000043E8"
1386,524146500,524200457,524428042,524398552,524414430,524414432,524428042,524198409,524432138,"decoded_payload_last_chip",1,710.992373,711.301055,262,1.347291,-1712.097987,"Decawave DW-8",0.960107,1,12,0x69FC,0x69FC,1,"61887BF2F00200010000FC69"
1387,524525100,524578927,524806511,524777022,524792900,524792902,524806511,524576879,524810607,"decoded_payload_last_chip",1,711.505706,711.814387,262,0.000000,-1684.975448,"Decawave DW-8",0.958576,1,12,0xF5F2,0xF5F2,1,"61887CF2F00200010000F2F5"
1388,524903400,524957398,525184982,525155492,525171371,525171372,525184982,524955350,525189078,"decoded_payload_last_chip",1,712.019040,712.327721,262,-0.000000,-1621.077057,"Decawave DW-8",0.957986,1,12,0x744D,0x744D,1,"61887DF2F002000100004D74"
1389,525281924,525335869,525563453,525533963,525549842,525549843,525563453,525333821,525567549,"decoded_payload_last_chip",1,712.532374,712.841055,262,1.049462,-1656.444292,"Decawave DW-8",0.961477,1,12,0xFE9D,0xFE9D,1,"61887EF2F002000100009DFE"
1390,525660400,525714339,525941923,525912433,525928312,525928313,525941923,525712291,525946019,"decoded_payload_last_chip",1,713.045707,713.354388,262,0.000000,-1650.901030,"Decawave DW-8",0.958443,1,12,0x7F22,0x7F22,1,"61887FF2F00200010000227F"
1391,526039000,526092809,526320394,526290904,526306782,526306784,526320394,526090761,526324490,"decoded_payload_last_chip",1,713.559040,713.867722,262,0.000000,-1644.885712,"Decawave DW-8",0.957966,1,12,0x8D0B,0x8D0B,1,"618880F2F002000100000B8D"
1392,526417300,526471280,526698864,526669375,526685253,526685254,526698864,526469232,526702960,"decoded_payload_last_chip",1,714.072374,714.381055,262,0.000000,-1621.722142,"Decawave DW-8",0.958401,1,12,0x0CB4,0x0CB4,1,"618881F2F00200010000B40C"
1393,526795800,526849751,527077335,527047845,527063723,527063725,527077335,526847703,527081431,"decoded_payload_last_chip",1,714.585708,714.894389,262,0.000000,-1639.841614,"Decawave DW-8",0.958130,1,12,0x8664,0x8664,1,"618882F2F002000100006486"
1394,527174300,527228221,527455805,527426316,527442194,527442195,527455805,527226173,527459901,"decoded_payload_last_chip",1,715.099041,715.407722,262,0.000000,-1649.237291,"Decawave DW-8",0.958175,1,12,0x07DB,0x07DB,1,"618883F2F00200010000DB07"
1395,527552700,527606691,527834275,527804786,527820664,527820666,527834275,527604643,527838371,"decoded_payload_last_chip",1,715.612374,715.921054,262,0.000000,-1614.324830,"Decawave DW-8",0.958607,1,12,0x9BD5,0x9BD5,1,"618884F2F00200010000D59B"
1396,527931200,527985162,528212746,528183256,528199135,528199136,528212746,527983114,528216842,"decoded_payload_last_chip",1,716.125708,716.434389,262,0.000000,-1623.963424,"Decawave DW-8",0.958598,1,12,0x1A6A,0x1A6A,1,"618885F2F002000100006A1A"
1397,528309800,528363632,528591217,528561727,528577605,528577607,528591217,528361584,528595313,"decoded_payload_last_chip",1,716.639041,716.947723,262,0.000000,-1672.688850,"Decawave DW-8",0.958206,1,12,0x90BA,0x90BA,1,"618886F2F00200010000BA90"
1398,528688400,528742102,528969687,528940197,528956075,528956077,528969687,528740054,528973783,"decoded_payload_last_chip",1,717.152374,717.461056,262,0.000000,-1644.108166,"Decawave DW-8",0.958204,1,12,0x1105,0x1105,1,"618887F2F002000100000511"
1399,529066600,529120573,529348158,529318668,529334546,529334548,529348158,529118525,529352254,"decoded_payload_last_chip",1,717.665708,717.974390,262,0.000000,-1636.629769,"Decawave DW-8",0.958652,1,12,0xA0B7,0xA0B7,1,"618888F2F00200010000B7A0"
1400,529445100,529499044,529726628,529697138,529713017,529713018,529726628,529496996,529730724,"decoded_payload_last_chip",1,718.179042,718.487722,262,0.000000,-1630.929791,"Decawave DW-8",0.958393,1,12,0x2108,0x2108,1,"618889F2F002000100000821"
1401,529823900,529877515,530105099,530075609,530091487,530091489,530105099,529875467,530109195,"decoded_payload_last_chip",1,718.692376,719.001057,262,0.000000,-1633.569175,"Decawave DW-8",0.958500,1,12,0xABD8,0xABD8,1,"61888AF2F00200010000D8AB"
1402,530202200,530255984,530483570,530454080,530469958,530469960,530483570,530253936,530487666,"decoded_payload_last_chip",1,719.205707,719.514391,262,4.950138,-1927.058884,"Decawave DW-8",0.957420,1,12,0x2A67,0x2A67,1,"61888BF2F00200010000672A"
1403,530580500,530634455,530862039,530832549,530848428,530848429,530862039,530632407,530866135,"decoded_payload_last_chip",1,719.719042,720.027722,262,0.000000,-1637.531490,"Decawave DW-8",0.958495,1,12,0xB669,0xB669,1,"61888CF2F0020001000069B6"
1404,530959200,531012926,531240510,531211021,531226899,531226900,531240510,531010878,531244606,"decoded_payload_last_chip",1,720.232376,720.541056,262,0.000000,-1637.736964,"Decawave DW-8",0.958238,1,12,0x37D6,0x37D6,1,"61888DF2F00200010000D637"
1405,531337400,531391396,531618981,531589491,531605369,531605371,531618981,531389348,531623077,"decoded_payload_last_chip",1,720.745709,721.054390,262,0.000000,-1623.921014,"Decawave DW-8",0.958881,1,12,0xBD06,0xBD06,1,"61888EF2F0020001000006BD"
1406,531716200,531769867,531997451,531967961,531983840,531983841,531997451,531767819,532001547,"decoded_payload_last_chip",1,721.259043,721.567723,262,0.000000,-1673.738275,"Decawave DW-8",0.958175,1,12,0x3CB9,0x3CB9,1,"61888FF2F00200010000B93C"
1407,532094400,532148337,532375921,532346432,532362310,532362312,532375921,532146289,532380017,"decoded_payload_last_chip",1,721.772375,722.081056,262,0.000000,-1644.666398,"Decawave DW-8",0.958700,1,12,0xD673,0xD673,1,"618890F2F0020001000073D6"
1408,532472952,532526808,532754392,532724903,532740781,532740782,532754392,532524760,532758488,"decoded_payload_last_chip",1,722.285710,722.594390,262,0.000000,-1644.053010,"Decawave DW-8",0.958362,1,12,0x57CC,0x57CC,1,"618891F2F00200010000CC57"
1409,532851300,532905278,533132863,533103373,533119252,533119253,533132863,532903230,533136959,"decoded_payload_last_chip",1,722.799042,723.107724,262,4.927152,-1912.673161,"Decawave DW-8",0.956569,1,12,0xDD1C,0xDD1C,1,"618892F2F002000100001CDD"
1410,533229800,533283749,533511333,533481844,533497722,533497723,533511333,533281701,533515429,"decoded_payload_last_chip",1,723.312377,723.621057,262,0.000000,-1631.237884,"Decawave DW-8",0.958356,1,12,0x5CA3,0x5CA3,1,"618893F2F00200010000A35C"
1411,533608300,533662220,533889804,533860314,533876192,533876194,533889804,533660172,533893900,"decoded_payload_last_chip",1,723.825711,724.134391,262,0.000000,-1663.676657,"Decawave DW-8",0.958306,1,12,0xC0AD,0xC0AD,1,"618894F2F00200010000ADC0"
1412,533986700,534040690,534268274,534238784,534254663,534254664,534268274,534038642,534272370,"decoded_payload_last_chip",1,724.339044,724.647724,262,0.000000,-1640.451751,"Decawave DW-8",0.958489,1,12,0x4112,0x4112,1,"618895F2F002000100001241"
1413,534365200,534419160,534646744,534617255,534633133,534633135,534646744,534417112,534650840,"decoded_payload_last_chip",1,724.852376,725.161057,262,0.000000,-1658.820535,"Decawave DW-8",0.958617,1,12,0xCBC2,0xCBC2,1,"618896F2F00200010000C2CB"
1414,534743800,534797631,535025215,534995725,535011604,535011605,535025215,534795583,535029311,"decoded_payload_last_chip",1,725.365710,725.674391,262,0.000000,-1641.711350,"Decawave DW-8",0.958435,1,12,0x4A7D,0x4A7D,1,"618897F2F002000100007D4A"
1415,535122200,535176101,535403685,535374196,535390074,535390075,535403685,535174053,535407781,"decoded_payload_last_chip",1,725.879043,726.187724,262,0.000000,-1639.739814,"Decawave DW-8",0.958163,1,12,0xFBCF,0xFBCF,1,"618898F2F00200010000CFFB"
1416,535500600,535554572,535782156,535752666,535768545,535768546,535782156,535552524,535786252,"decoded_payload_last_chip",1,726.392377,726.701058,262,0.000000,-1669.252384,"Decawave DW-8",0.957987,1,12,0x7A70,0x7A70,1,"618899F2F00200010000707A"
1417,535879100,535933042,536160627,536131137,536147015,536147017,536160627,535930994,536164723,"decoded_payload_last_chip",1,726.905710,727.214392,262,0.000000,-1616.203408,"Decawave DW-8",0.958681,1,12,0xF0A0,0xF0A0,1,"61889AF2F00200010000A0F0"
1418,536257700,536311512,536539097,536509607,536525485,536525487,536539097,536309464,536543193,"decoded_payload_last_chip",1,727.419043,727.727725,262,0.000000,-1657.454464,"Decawave DW-8",0.958594,1,12,0x711F,0x711F,1,"61889BF2F002000100001F71"
1419,536636000,536689983,536917567,536888078,536903956,536903957,536917567,536687935,536921663,"decoded_payload_last_chip",1,727.932377,728.241058,262,0.000000,-1652.415006,"Decawave DW-8",0.958537,1,12,0xED11,0xED11,1,"61889CF2F0020001000011ED"
1420,537014500,537068453,537296038,537266548,537282426,537282428,537296038,537066405,537300134,"decoded_payload_last_chip",1,728.445710,728.754392,262,0.000000,-1675.267258,"Decawave DW-8",0.959210,1,12,0x6CAE,0x6CAE,1,"61889DF2F00200010000AE6C"
1421,537393000,537446924,537674508,537645018,537660897,537660898,537674508,537444876,537678604,"decoded_payload_last_chip",1,728.959044,729.267725,262,-0.000000,-1672.882330,"Decawave DW-8",0.958549,1,12,0xE67E,0xE67E,1,"61889EF2F002000100007EE6"
1422,537771400,537825395,538052979,538023489,538039368,538039369,538052979,537823347,538057075,"decoded_payload_last_chip",1,729.472378,729.781059,262,0.000000,-1644.621688,"Decawave DW-8",0.958261,1,12,0x67C1,0x67C1,1,"61889FF2F00200010000C167"
1423,538149900,538203865,538431450,538401960,538417838,538417840,538431450,538201817,538435546,"decoded_payload_last_chip",1,729.985711,730.294393,262,0.000000,-1624.388637,"Decawave DW-8",0.958107,1,12,0x3BFB,0x3BFB,1,"6188A0F2F00200010000FB3B"
1424,538528400,538582336,538809920,538780430,538796309,538796310,538809920,538580288,538814016,"decoded_payload_last_chip",1,730.499045,730.807726,262,0.000000,-1657.416133,"Decawave DW-8",0.958032,1,12,0xBA44,0xBA44,1,"6188A1F2F0020001000044BA"
1425,538901700,538960806,539188391,539158901,539174779,539174781,539188391,538958758,539192487,"decoded_payload_last_chip",1,731.012378,731.321060,262,0.000000,-1637.549512,"Decawave DW-8",0.958425,1,12,0x3094,0x3094,1,"6188A2F2F002000100009430"
1426,539285300,539339276,539566861,539537371,539553249,539553251,539566861,539337228,539570957,"decoded_payload_last_chip",1,731.525711,731.834393,262,0.000000,-1623.643122,"Decawave DW-8",0.958049,1,12,0xB12B,0xB12B,1,"6188A3F2F002000100002BB1"
1427,539663800,539717747,539945331,539915841,539931720,539931721,539945331,539715699,539949427,"decoded_payload_last_chip",1,732.039045,732.347725,262,0.000000,-1650.680870,"Decawave DW-8",0.958266,1,12,0x2D25,0x2D25,1,"6188A4F2F00200010000252D"
1428,540042300,540096217,540323803,540294313,540310191,540310193,540323803,540094169,540327899,"decoded_payload_last_chip",1,732.552378,732.861061,262,4.492394,-1914.230553,"Decawave DW-8",0.959045,1,12,0xAC9A,0xAC9A,1,"6188A5F2F002000100009AAC"
1429,540418300,540474688,540702272,540672783,540688661,540688663,540702272,540472640,540706368,"decoded_payload_last_chip",1,733.065712,733.374392,262,0.000000,-1653.224743,"Decawave DW-8",0.958575,1,12,0x264A,0x264A,1,"6188A6F2F002000100004A26"
1430,540799200,540853159,541080743,541051253,541067132,541067133,541080743,540851111,541084839,"decoded_payload_last_chip",1,733.579046,733.887727,262,0.000000,-1628.496643,"Decawave DW-8",0.958629,1,12,0xA7F5,0xA7F5,1,"6188A7F2F00200010000F5A7"
1431,541177800,541231629,541459214,541429724,541445602,541445604,541459214,541229581,541463310,"decoded_payload_last_chip",1,734.092379,734.401061,262,0.000000,-1639.967360,"Decawave DW-8",0.957943,1,12,0x1647,0x1647,1,"6188A8F2F002000100004716"
1432,541556100,541610099,541837685,541808195,541824073,541824075,541837685,541608051,541841781,"decoded_payload_last_chip",1,734.605712,734.914395,262,4.889062,-1862.935109,"Decawave DW-8",0.954946,1,12,0x97F8,0x97F8,1,"6188A9F2F00200010000F897"
1433,541934800,541988570,542216155,542186665,542202543,542202545,542216155,541986522,542220251,"decoded_payload_last_chip",1,735.119046,735.427728,262,-0.000000,-1675.227253,"Decawave DW-8",0.958262,1,12,0x1D28,0x1D28,1,"6188AAF2F00200010000281D"
1434,542313100,542367041,542594625,542565135,542581014,542581015,542594625,542364993,542598721,"decoded_payload_last_chip",1,735.632380,735.941060,262,0.000000,-1625.724226,"Decawave DW-8",0.958187,1,12,0x9C97,0x9C97,1,"6188ABF2F00200010000979C"
1435,542691700,542745511,542973095,542943605,542959484,542959485,542973095,542743463,542977191,"decoded_payload_last_chip",1,736.145713,736.454393,262,0.000000,-1657.679836,"Decawave DW-8",0.958403,1,12,0x0099,0x0099,1,"6188ACF2F002000100009900"
1436,543070000,543123982,543351566,543322076,543337954,543337956,543351566,543121934,543355662,"decoded_payload_last_chip",1,736.659047,736.967727,262,0.000000,-1633.661376,"Decawave DW-8",0.958088,1,12,0x8126,0x8126,1,"6188ADF2F002000100002681"
1437,543447940,543502452,543730037,543700547,543716426,543716427,543730037,543500404,543734133,"decoded_payload_last_chip",1,737.172380,737.481061,262,5.504094,-1926.953064,"Decawave DW-8",0.952063,1,12,0x0BF6,0x0BF6,1,"6188AEF2F00200010000F60B"
1438,543827000,543880922,544108507,544079017,544094895,544094897,544108507,543878874,544112603,"decoded_payload_last_chip",1,737.685712,737.994394,262,-0.000000,-1646.455593,"Decawave DW-8",0.958788,1,12,0x8A49,0x8A49,1,"6188AFF2F00200010000498A"
1439,544205400,544259393,544486978,544457488,544473366,544473368,544486978,544257345,544491074,"decoded_payload_last_chip",1,738.199046,738.507728,262,0.000000,-1641.294048,"Decawave DW-8",0.957924,1,12,0x6083,0x6083,1,"6188B0F2F002000100008360"
1440,544582800,544637863,544865448,544835958,544851836,544851838,544865448,544635815,544869544,"decoded_payload_last_chip",1,738.712379,739.021061,262,0.000000,-1643.272430,"Decawave DW-8",0.958483,1,12,0xE13C,0xE13C,1,"6188B1F2F002000100003CE1"
1441,544962400,545016334,545243919,545214429,545230307,545230309,545243919,545014286,545248015,"decoded_payload_last_chip",1,739.225713,739.534395,262,-0.000000,-1642.040991,"Decawave DW-8",0.957993,1,12,0x6BEC,0x6BEC,1,"6188B2F2F00200010000EC6B"
1442,545340900,545394805,545622389,545592899,545608778,545608779,545622389,545392757,545626485,"decoded_payload_last_chip",1,739.739048,740.047728,262,0.000000,-1662.346739,"Decawave DW-8",0.958197,1,12,0xEA53,0xEA53,1,"6188B3F2F0020001000053EA"
1443,545719300,545773275,546000859,545971369,545987248,545987249,546000859,545771227,546004955,"decoded_payload_last_chip",1,740.252380,740.561061,262,0.000000,-1644.406345,"Decawave DW-8",0.958320,1,12,0x765D,0x765D,1,"6188B4F2F002000100005D76"
1444,546097800,546151745,546379330,546349840,546365718,546365720,546379330,546149697,546383426,"decoded_payload_last_chip",1,740.765713,741.074395,262,0.000000,-1674.612356,"Decawave DW-8",0.958000,1,12,0xF7E2,0xF7E2,1,"6188B5F2F00200010000E2F7"
1445,546476300,546530216,546757800,546728310,546744189,546744190,546757800,546528168,546761896,"decoded_payload_last_chip",1,741.279047,741.587728,262,0.000000,-1670.233224,"Decawave DW-8",0.958697,1,12,0x7D32,0x7D32,1,"6188B6F2F00200010000327D"
1446,546854700,546908687,547136271,547106781,547122660,547122661,547136271,546906639,547140367,"decoded_payload_last_chip",1,741.792381,742.101062,262,0.000000,-1664.439551,"Decawave DW-8",0.958238,1,12,0xFC8D,0xFC8D,1,"6188B7F2F002000100008DFC"
1447,547233200,547287157,547514741,547485252,547501130,547501132,547514741,547285109,547518837,"decoded_payload_last_chip",1,742.305714,742.614395,262,-0.000000,-1648.046710,"Decawave DW-8",0.958039,1,12,0x4D3F,0x4D3F,1,"6188B8F2F002000100003F4D"
1448,547611800,547665628,547893213,547863723,547879601,547879603,547893213,547663580,547897309,"decoded_payload_last_chip",1,742.819048,743.127730,262,1.452697,-1672.595204,"Decawave DW-8",0.959941,1,12,0xCC80,0xCC80,1,"6188B9F2F0020001000080CC"
1449,547990100,548044098,548271682,548242192,548258071,548258072,548271682,548042050,548275778,"decoded_payload_last_chip",1,743.332381,743.641062,262,-0.000000,-1636.157458,"Decawave DW-8",0.958664,1,12,0x4650,0x4650,1,"6188BAF2F002000100005046"
1450,548368600,548422568,548650152,548620663,548636541,548636543,548650152,548420520,548654248,"decoded_payload_last_chip",1,743.845714,744.154395,262,0.000000,-1644.936282,"Decawave DW-8",0.958652,1,12,0xC7EF,0xC7EF,1,"6188BBF2F00200010000EFC7"
1451,548747100,548801039,549028624,548999134,549015013,549015014,549028624,548798991,549032720,"decoded_payload_last_chip",1,744.359048,744.667730,262,5.337612,-1920.540191,"Decawave DW-8",0.953814,1,12,0x5BE1,0x5BE1,1,"6188BCF2F00200010000E15B"
1452,549125012,549179510,549407094,549377604,549393483,549393484,549407094,549177462,549411190,"decoded_payload_last_chip",1,744.872382,745.181063,262,0.000000,-1638.247358,"Decawave DW-8",0.958453,1,12,0xDA5E,0xDA5E,1,"6188BDF2F002000100005EDA"
1453,549504000,549557980,549785564,549756075,549771953,549771954,549785564,549555932,549789660,"decoded_payload_last_chip",1,745.385715,745.694396,262,0.000000,-1623.815905,"Decawave DW-8",0.958174,1,12,0x508E,0x508E,1,"6188BEF2F002000100008E50"
1454,549882500,549936451,550164035,550134545,550150423,550150425,550164035,549934403,550168131,"decoded_payload_last_chip",1,745.899049,746.207730,262,0.000000,-1644.607966,"Decawave DW-8",0.958350,1,12,0xD131,0xD131,1,"6188BFF2F0020001000031D1"
1455,550261000,550314921,550542505,550513016,550528894,550528895,550542505,550312873,550546601,"decoded_payload_last_chip",1,746.412382,746.721063,262,0.000000,-1618.793703,"Decawave DW-8",0.958712,1,12,0xE8FA,0xE8FA,1,"6188C0F2F00200010000FAE8"
1456,550639400,550693392,550920976,550891486,550907365,550907366,550920976,550691344,550925072,"decoded_payload_last_chip",1,746.925716,747.234397,262,0.000000,-1630.976216,"Decawave DW-8",0.958070,1,12,0x6945,0x6945,1,"6188C1F2F002000100004569"
1457,551017900,551071862,551299447,551269957,551285835,551285837,551299447,551069814,551303543,"decoded_payload_last_chip",1,747.439049,747.747731,262,0.000000,-1641.299939,"Decawave DW-8",0.958234,1,12,0xE395,0xE395,1,"6188C2F2F0020001000095E3"
1458,551396500,551450332,551677917,551648427,551664305,551664307,551677917,551448284,551682013,"decoded_payload_last_chip",1,747.952382,748.261064,262,0.000000,-1651.042397,"Decawave DW-8",0.958330,1,12,0x622A,0x622A,1,"6188C3F2F002000100002A62"
1459,551775000,551828803,552056387,552026897,552042776,552042777,552056387,551826755,552060483,"decoded_payload_last_chip",1,748.465716,748.774396,262,0.000000,-1652.229343,"Decawave DW-8",0.958310,1,12,0xFE24,0xFE24,1,"6188C4F2F0020001000024FE"
1460,552153300,552207273,552434858,552405368,552421246,552421248,552434858,552205225,552438954,"decoded_payload_last_chip",1,748.979049,749.287731,262,0.000000,-1667.495652,"Decawave DW-8",0.958278,1,12,0x7F9B,0x7F9B,1,"6188C5F2F002000100009B7F"
1461,552531800,552585744,552813328,552783838,552799717,552799718,552813328,552583696,552817424,"decoded_payload_last_chip",1,749.492383,749.801063,262,0.000000,-1634.768243,"Decawave DW-8",0.958302,1,12,0xF54B,0xF54B,1,"6188C6F2F002000100004BF5"
1462,552910600,552964215,553191799,553162309,553178187,553178189,553191799,552962167,553195895,"decoded_payload_last_chip",1,750.005717,750.314398,262,0.000000,-1658.308006,"Decawave DW-8",0.957897,1,12,0x74F4,0x74F4,1,"6188C7F2F00200010000F474"
1463,553288900,553342685,553570269,553540780,553556658,553556660,553570269,553340637,553574365,"decoded_payload_last_chip",1,750.519050,750.827730,262,0.000000,-1657.201723,"Decawave DW-8",0.958537,1,12,0xC546,0xC546,1,"6188C8F2F0020001000046C5"
1464,553667200,553721156,553948740,553919250,553935129,553935130,553948740,553719108,553952836,"decoded_payload_last_chip",1,751.032384,751.341064,262,0.000000,-1666.418953,"Decawave DW-8",0.957644,1,12,0x44F9,0x44F9,1,"6188C9F2F00200010000F944"
1465,554045900,554099626,554327210,554297721,554313599,554313600,554327210,554097578,554331306,"decoded_payload_last_chip",1,751.545717,751.854397,262,0.000000,-1647.065530,"Decawave DW-8",0.958375,1,12,0xCE29,0xCE29,1,"6188CAF2F0020001000029CE"
1466,554424100,554478096,554705681,554676191,554692069,554692071,554705681,554476048,554709777,"decoded_payload_last_chip",1,752.059049,752.367731,262,0.000000,-1644.611642,"Decawave DW-8",0.958539,1,12,0x4F96,0x4F96,1,"6188CBF2F00200010000964F"
1467,554802900,554856567,555084151,555054661,555070540,555070541,555084151,554854519,555088247,"decoded_payload_last_chip",1,752.572384,752.881064,262,0.000000,-1650.189769,"Decawave DW-8",0.958289,1,12,0xD398,0xD398,1,"6188CCF2F0020001000098D3"
1468,555180540,555235038,555462622,555433132,555449011,555449012,555462622,555232990,555466718,"decoded_payload_last_chip",1,753.085718,753.394398,262,0.000000,-1649.511171,"Decawave DW-8",0.957941,1,12,0x5227,0x5227,1,"6188CDF2F002000100002752"
1469,555559600,555613508,555841092,555811602,555827481,555827482,555841092,555611460,555845188,"decoded_payload_last_chip",1,753.599051,753.907731,262,0.000000,-1678.450372,"Decawave DW-8",0.958330,1,12,0xD8F7,0xD8F7,1,"6188CEF2F00200010000F7D8"
1470,555938100,555991978,556219564,556190074,556205952,556205954,556219564,555989930,556223660,"decoded_payload_last_chip",1,754.112383,754.421067,262,5.440719,-1920.308983,"Decawave DW-8",0.954147,1,12,0x5948,0x5948,1,"6188CFF2F002000100004859"
1471,556316500,556370449,556598033,556568544,556584422,556584423,556598033,556368401,556602129,"decoded_payload_last_chip",1,754.625718,754.934398,262,0.000000,-1663.866786,"Decawave DW-8",0.958278,1,12,0xB382,0xB382,1,"6188D0F2F0020001000082B3"
1472,556695000,556748920,556976504,556947014,556962892,556962894,556976504,556746872,556980600,"decoded_payload_last_chip",1,755.139052,755.447732,262,0.000000,-1660.852712,"Decawave DW-8",0.958120,1,12,0x323D,0x323D,1,"6188D1F2F002000100003D32"
1473,557073400,557127390,557354975,557325485,557341363,557341365,557354975,557125342,557359071,"decoded_payload_last_chip",1,755.652384,755.961066,262,3.133281,-1816.515277,"Decawave DW-8",0.959997,1,12,0xB8ED,0xB8ED,1,"6188D2F2F00200010000EDB8"
1474,557451900,557505860,557733445,557703955,557719834,557719835,557733445,557503812,557737541,"decoded_payload_last_chip",1,756.165717,756.474399,262,2.480815,-1689.158434,"Decawave DW-8",0.959080,1,12,0x3952,0x3952,1,"6188D3F2F002000100005239"
1475,557830500,557884331,558111915,558082425,558098304,558098305,558111915,557882283,558116011,"decoded_payload_last_chip",1,756.679051,756.987732,262,0.000000,-1642.203219,"Decawave DW-8",0.958062,1,12,0xA55C,0xA55C,1,"6188D4F2F002000100005CA5"
1476,558208500,558262801,558490386,558460896,558476774,558476776,558490386,558260753,558494482,"decoded_payload_last_chip",1,757.192384,757.501066,262,0.000000,-1641.177716,"Decawave DW-8",0.958184,1,12,0x24E3,0x24E3,1,"6188D5F2F00200010000E324"
1477,558587300,558641272,558868856,558839366,558855245,558855246,558868856,558639224,558872952,"decoded_payload_last_chip",1,757.705718,758.014399,262,0.000000,-1650.424148,"Decawave DW-8",0.958432,1,12,0xAE33,0xAE33,1,"6188D6F2F0020001000033AE"
1478,558966000,559019742,559247327,559217837,559233715,559233717,559247327,559017694,559251423,"decoded_payload_last_chip",1,758.219051,758.527733,262,0.000000,-1645.350781,"Decawave DW-8",0.958384,1,12,0x2F8C,0x2F8C,1,"6188D7F2F002000100008C2F"
1479,559344600,559398213,559625797,559596308,559612186,559612187,559625797,559396165,559629893,"decoded_payload_last_chip",1,758.732385,759.041066,262,0.000000,-1655.071881,"Decawave DW-8",0.957689,1,12,0x9E3E,0x9E3E,1,"6188D8F2F002000100003E9E"
1480,559722700,559776684,560004268,559974778,559990657,559990658,560004268,559774636,560008364,"decoded_payload_last_chip",1,759.245719,759.554400,262,0.000000,-1643.391481,"Decawave DW-8",0.958377,1,12,0x1F81,0x1F81,1,"6188D9F2F00200010000811F"
1481,560101200,560155154,560382738,560353249,560369127,560369129,560382738,560153106,560386834,"decoded_payload_last_chip",1,759.759052,760.067733,262,0.000000,-1639.337853,"Decawave DW-8",0.957591,1,12,0x9551,0x9551,1,"6188DAF2F002000100005195"
1482,560479700,560533625,560761209,560731719,560747598,560747599,560761209,560531577,560765305,"decoded_payload_last_chip",1,760.272386,760.581067,262,0.000000,-1638.937351,"Decawave DW-8",0.958363,1,12,0x14EE,0x14EE,1,"6188DBF2F00200010000EE14"
1483,560858100,560912095,561139679,561110189,561126068,561126069,561139679,560910047,561143775,"decoded_payload_last_chip",1,760.785719,761.094400,262,0.000000,-1655.197375,"Decawave DW-8",0.957994,1,12,0x88E0,0x88E0,1,"6188DCF2F00200010000E088"
1484,561236700,561290566,561518150,561488660,561504539,561504540,561518150,561288518,561522246,"decoded_payload_last_chip",1,761.299053,761.607734,262,0.000000,-1645.877962,"Decawave DW-8",0.958560,1,12,0x095F,0x095F,1,"6188DDF2F002000100005F09"
1485,561615100,561669036,561896620,561867130,561883009,561883010,561896620,561666988,561900716,"decoded_payload_last_chip",1,761.812386,762.121067,262,0.000000,-1641.926993,"Decawave DW-8",0.958460,1,12,0x838F,0x838F,1,"6188DEF2F002000100008F83"
1486,561993600,562047506,562275090,562245601,562261479,562261481,562275090,562045458,562279186,"decoded_payload_last_chip",1,762.325719,762.634399,262,-0.000000,-1645.730636,"Decawave DW-8",0.958479,1,12,0x0230,0x0230,1,"6188DFF2F002000100003002"
1487,562372000,562425977,562653561,562624072,562639950,562639952,562653561,562423929,562657657,"decoded_payload_last_chip",1,762.839053,763.147734,262,-0.000000,-1644.115900,"Decawave DW-8",0.958365,1,12,0x5E0A,0x5E0A,1,"6188E0F2F002000100000A5E"
1488,562750500,562804448,563032032,563002542,563018420,563018422,563032032,562802400,563036128,"decoded_payload_last_chip",1,763.352387,763.661068,262,0.000000,-1654.607965,"Decawave DW-8",0.958462,1,12,0xDFB5,0xDFB5,1,"6188E1F2F00200010000B5DF"
1489,563129000,563182918,563410502,563381013,563396891,563396892,563410502,563180870,563414598,"decoded_payload_last_chip",1,763.865720,764.174400,262,-0.000000,-1651.272758,"Decawave DW-8",0.958224,1,12,0x5565,0x5565,1,"6188E2F2F002000100006555"
1490,563507400,563561388,563788972,563759483,563775361,563775363,563788972,563559340,563793068,"decoded_payload_last_chip",1,764.379053,764.687733,262,0.000000,-1647.013005,"Decawave DW-8",0.958629,1,12,0xD4DA,0xD4DA,1,"6188E3F2F00200010000DAD4"
1491,563886000,563939859,564167443,564137953,564153832,564153833,564167443,563937811,564171539,"decoded_payload_last_chip",1,764.892387,765.201067,262,0.000000,-1676.806269,"Decawave DW-8",0.958051,1,12,0x48D4,0x48D4,1,"6188E4F2F00200010000D448"
1492,564264500,564318329,564545914,564516424,564532302,564532304,564545914,564316281,564550010,"decoded_payload_last_chip",1,765.405720,765.714402,262,0.000000,-1646.875898,"Decawave DW-8",0.958337,1,12,0xC96B,0xC96B,1,"6188E5F2F002000100006BC9"
1493,564642800,564696800,564924384,564894895,564910773,564910774,564924384,564694752,564928480,"decoded_payload_last_chip",1,765.919054,766.227734,262,0.000000,-1618.971624,"Decawave DW-8",0.958460,1,12,0x43BB,0x43BB,1,"6188E6F2F00200010000BB43"
1494,565021500,565075270,565302855,565273365,565289243,565289245,565302855,565073222,565306951,"decoded_payload_last_chip",1,766.432387,766.741069,262,-0.000000,-1659.723603,"Decawave DW-8",0.957564,1,12,0xC204,0xC204,1,"6188E7F2F0020001000004C2"
1495,565399800,565453741,565681325,565651835,565667714,565667715,565681325,565451693,565685421,"decoded_payload_last_chip",1,766.945721,767.254401,262,0.000000,-1633.696865,"Decawave DW-8",0.958070,1,12,0x73B6,0x73B6,1,"6188E8F2F00200010000B673"
1496,565778400,565832212,566059796,566030306,566046185,566046186,566059796,565830164,566063892,"decoded_payload_last_chip",1,767.459055,767.767735,262,0.000000,-1653.484338,"Decawave DW-8",0.958142,1,12,0xF209,0xF209,1,"6188E9F2F0020001000009F2"
1497,566156700,566210682,566438267,566408777,566424655,566424657,566438267,566208634,566442363,"decoded_payload_last_chip",1,767.972388,768.281070,262,-0.000000,-1676.905685,"Decawave DW-8",0.958315,1,12,0x78D9,0x78D9,1,"6188EAF2F00200010000D978"
1498,566535200,566589153,566816737,566787247,566803126,566803127,566816737,566587105,566820833,"decoded_payload_last_chip",1,768.485722,768.794402,262,0.000000,-1617.914297,"Decawave DW-8",0.958237,1,12,0xF966,0xF966,1,"6188EBF2F0020001000066F9"
1499,566913700,566967623,567195207,567165718,567181596,567181598,567195207,566965575,567199303,"decoded_payload_last_chip",1,768.999055,769.307735,262,0.000000,-1637.733040,"Decawave DW-8",0.958261,1,12,0x6568,0x6568,1,"6188ECF2F002000100006865"
1500,567292100,567346093,567573678,567544188,567560066,567560068,567573678,567344045,567577774,"decoded_payload_last_chip",1,769.512387,769.821069,262,0.000000,-1662.245681,"Decawave DW-8",0.957724,1,12,0xE4D7,0xE4D7,1,"6188EDF2F00200010000D7E4"
1501,567670600,567724564,567952148,567922658,567938537,567938538,567952148,567722516,567956244,"decoded_payload_last_chip",1,770.025722,770.334402,262,0.000000,-1657.291315,"Decawave DW-8",0.958518,1,12,0x6E07,0x6E07,1,"6188EEF2F00200010000076E"
1502,568049100,568103034,568330619,568301129,568317007,568317009,568330619,568100986,568334715,"decoded_payload_last_chip",1,770.539054,770.847736,262,-0.000000,-1639.427513,"Decawave DW-8",0.957541,1,12,0xEFB8,0xEFB8,1,"6188EFF2F00200010000B8EF"
1503,568427600,568481505,568709089,568679599,568695478,568695479,568709089,568479457,568713185,"decoded_payload_last_chip",1,771.052389,771.361069,262,0.000000,-1644.084877,"Decawave DW-8",0.957734,1,12,0x0572,0x0572,1,"6188F0F2F002000100007205"
1504,568806000,568859976,569087560,569058070,569073949,569073950,569087560,568857928,569091656,"decoded_payload_last_chip",1,771.565723,771.874403,262,0.000000,-1635.469141,"Decawave DW-8",0.958117,1,12,0x84CD,0x84CD,1,"6188F1F2F00200010000CD84"
1505,569184500,569238446,569466030,569436541,569452419,569452420,569466030,569236398,569470126,"decoded_payload_last_chip",1,772.079055,772.387736,262,0.000000,-1667.237393,"Decawave DW-8",0.958104,1,12,0x0E1D,0x0E1D,1,"6188F2F2F002000100001D0E"
1506,569563000,569616917,569844501,569815011,569830889,569830891,569844501,569614869,569848597,"decoded_payload_last_chip",1,772.592390,772.901070,262,0.000000,-1659.717760,"Decawave DW-8",0.958011,1,12,0x8FA2,0x8FA2,1,"6188F3F2F00200010000A28F"
1507,569941400,569995387,570222971,570193481,570209360,570209361,570222971,569993339,570227067,"decoded_payload_last_chip",1,773.105722,773.414403,262,0.000000,-1633.859611,"Decawave DW-8",0.958580,1,12,0x13AC,0x13AC,1,"6188F4F2F00200010000AC13"
1508,570319900,570373857,570601441,570571952,570587830,570587832,570601441,570371809,570605537,"decoded_payload_last_chip",1,773.619055,773.927736,262,0.000000,-1679.090271,"Decawave DW-8",0.958297,1,12,0x9213,0x9213,1,"6188F5F2F002000100001392"
1509,570698500,570752328,570979912,570950422,570966301,570966302,570979912,570750280,570984008,"decoded_payload_last_chip",1,774.132389,774.441070,262,0.000000,-1635.155201,"Decawave DW-8",0.958434,1,12,0x18C3,0x18C3,1,"6188F6F2F00200010000C318"
1510,571076800,571130799,571358383,571328893,571344771,571344773,571358383,571128751,571362479,"decoded_payload_last_chip",1,774.645723,774.954404,262,0.000000,-1640.141036,"Decawave DW-8",0.958125,1,12,0x997C,0x997C,1,"6188F7F2F002000100007C99"
1511,571455300,571509269,571736853,571707364,571723242,571723243,571736853,571507221,571740949,"decoded_payload_last_chip",1,775.159056,775.467737,262,0.000000,-1664.884659,"Decawave DW-8",0.957956,1,12,0x28CE,0x28CE,1,"6188F8F2F00200010000CE28"
1512,571833800,571887739,572115324,572085834,572101712,572101714,572115324,571885691,572119420,"decoded_payload_last_chip",1,775.672389,775.981071,262,0.000000,-1635.389942,"Decawave DW-8",0.957919,1,12,0xA971,0xA971,1,"6188F9F2F0020001000071A9"
1513,572212400,572266210,572493794,572464305,572480183,572480185,572493794,572264162,572497890,"decoded_payload_last_chip",1,776.185723,776.494404,262,0.000000,-1640.940928,"Decawave DW-8",0.957902,1,12,0x23A1,0x23A1,1,"6188FAF2F00200010000A123"
1514,572590700,572644680,572872264,572842775,572858653,572858654,572872264,572642632,572876360,"decoded_payload_last_chip",1,776.699056,777.007737,262,0.000000,-1657.096254,"Decawave DW-8",0.958664,1,12,0xA21E,0xA21E,1,"6188FBF2F002000100001EA2"
1515,572969200,573023151,573250736,573221246,573237125,573237126,573250736,573021103,573254832,"decoded_payload_last_chip",1,777.212390,777.521072,262,5.140591,-1931.670359,"Decawave DW-8",0.956597,1,12,0x3E10,0x3E10,1,"6188FCF2F00200010000103E"
1516,573347700,573401622,573629206,573599716,573615595,573615596,573629206,573399574,573633302,"decoded_payload_last_chip",1,777.725724,778.034405,262,0.000000,-1641.753672,"Decawave DW-8",0.958061,1,12,0xBFAF,0xBFAF,1,"6188FDF2F00200010000AFBF"
1517,573726100,573780092,574007676,573978186,573994065,573994066,574007676,573778044,574011772,"decoded_payload_last_chip",1,778.239057,778.547738,262,0.000000,-1657.970348,"Decawave DW-8",0.957538,1,12,0x357F,0x357F,1,"6188FEF2F002000100007F35"
1518,574104600,574158562,574386147,574356657,574372535,574372537,574386147,574156514,574390243,"decoded_payload_last_chip",1,778.752390,779.061072,262,0.000000,-1664.579585,"Decawave DW-8",0.958094,1,12,0xB4C0,0xB4C0,1,"6188FFF2F00200010000C0B4"
1519,574483100,574537033,574764617,574735127,574751006,574751007,574764617,574534985,574768713,"decoded_payload_last_chip",1,779.265724,779.574405,262,0.000000,-1668.204199,"Decawave DW-8",0.958164,1,12,0x46E9,0x46E9,1,"618800F2F00200010000E946"
1520,574861700,574915504,575143088,575113598,575129476,575129478,575143088,574913456,575147184,"decoded_payload_last_chip",1,779.779058,780.087739,262,0.000000,-1641.854052,"Decawave DW-8",0.957891,1,12,0xC756,0xC756,1,"618801F2F0020001000056C7"
1521,575240000,575293974,575521558,575492069,575507947,575507949,575521558,575291926,575525654,"decoded_payload_last_chip",1,780.292391,780.601072,262,0.000000,-1644.621882,"Decawave DW-8",0.957448,1,12,0x4D86,0x4D86,1,"618802F2F00200010000864D"
1522,575618600,575672444,575900028,575870539,575886417,575886419,575900028,575670396,575904124,"decoded_payload_last_chip",1,780.805724,781.114404,262,0.000000,-1642.169902,"Decawave DW-8",0.957867,1,12,0xCC39,0xCC39,1,"618803F2F0020001000039CC"
1523,575996164,576050915,576278499,576249010,576264888,576264889,576278499,576048867,576282595,"decoded_payload_last_chip",1,781.319058,781.627738,262,0.000000,-1640.914890,"Decawave DW-8",0.957798,1,12,0x5037,0x5037,1,"618804F2F002000100003750"
1524,576375400,576429385,576656969,576627480,576643358,576643360,576656969,576427337,576661065,"decoded_payload_last_chip",1,781.832391,782.141071,262,0.000000,-1665.281916,"Decawave DW-8",0.958275,1,12,0xD188,0xD188,1,"618805F2F0020001000088D1"
1525,576753900,576807856,577035440,577005950,577021829,577021830,577035440,576805808,577039536,"decoded_payload_last_chip",1,782.345725,782.654405,262,-0.000000,-1635.747018,"Decawave DW-8",0.957864,1,12,0x5B58,0x5B58,1,"618806F2F00200010000585B"
1526,577132400,577186326,577413910,577384421,577400299,577400301,577413910,577184278,577418006,"decoded_payload_last_chip",1,782.859058,783.167738,262,0.000000,-1658.649438,"Decawave DW-8",0.958051,1,12,0xDAE7,0xDAE7,1,"618807F2F00200010000E7DA"
1527,577510800,577564797,577792381,577762892,577778770,577778771,577792381,577562749,577796477,"decoded_payload_last_chip",1,783.372392,783.681072,262,0.000000,-1649.652626,"Decawave DW-8",0.958507,1,12,0x6B55,0x6B55,1,"618808F2F00200010000556B"
1528,577889500,577943267,578170852,578141362,578157240,578157242,578170852,577941219,578174948,"decoded_payload_last_chip",1,783.885725,784.194406,262,0.000000,-1639.117380,"Decawave DW-8",0.958513,1,12,0xEAEA,0xEAEA,1,"618809F2F00200010000EAEA"
1529,578267800,578321738,578549322,578519832,578535711,578535712,578549322,578319690,578553418,"decoded_payload_last_chip",1,784.399059,784.707739,262,-0.000000,-1640.361299,"Decawave DW-8",0.957897,1,12,0x603A,0x603A,1,"61880AF2F002000100003A60"
1530,578646400,578700208,578927792,578898303,578914181,578914182,578927792,578698160,578931888,"decoded_payload_last_chip",1,784.912391,785.221072,262,0.000000,-1672.420568,"Decawave DW-8",0.957730,1,12,0xE185,0xE185,1,"61880BF2F0020001000085E1"
1531,579024800,579078679,579306263,579276773,579292652,579292653,579306263,579076631,579310359,"decoded_payload_last_chip",1,785.425726,785.734406,262,0.000000,-1658.015648,"Decawave DW-8",0.957909,1,12,0x7D8B,0x7D8B,1,"61880CF2F002000100008B7D"
1532,579403400,579457150,579684734,579655244,579671123,579671124,579684734,579455102,579688830,"decoded_payload_last_chip",1,785.939060,786.247740,262,0.000000,-1645.567167,"Decawave DW-8",0.957742,1,12,0xFC34,0xFC34,1,"61880DF2F0020001000034FC"
1533,579781700,579835620,580063204,580033714,580049592,580049594,580063204,579833572,580067300,"decoded_payload_last_chip",1,786.452393,786.761073,262,0.000000,-1622.273663,"Decawave DW-8",0.957602,1,12,0x76E4,0x76E4,1,"61880EF2F00200010000E476"
1534,580160100,580214090,580441675,580412185,580428063,580428065,580441675,580212042,580445771,"decoded_payload_last_chip",1,786.965725,787.274407,262,0.000000,-1662.806461,"Decawave DW-8",0.958098,1,12,0xF75B,0xF75B,1,"61880FF2F002000100005BF7"
1535,580538600,580592561,580820145,580790655,580806534,580806535,580820145,580590513,580824241,"decoded_payload_last_chip",1,787.479060,787.787740,262,0.000000,-1629.496143,"Decawave DW-8",0.957639,1,12,0x1D91,0x1D91,1,"618810F2F00200010000911D"
1536,580917200,580971032,581198616,581169126,581185005,581185006,581198616,580968984,581202712,"decoded_payload_last_chip",1,787.992394,788.301074,262,0.000000,-1617.672791,"Decawave DW-8",0.957777,1,12,0x9C2E,0x9C2E,1,"618811F2F002000100002E9C"
1537,581294700,581349502,581577086,581547596,581563475,581563476,581577086,581347454,581581182,"decoded_payload_last_chip",1,788.505726,788.814407,262,0.000000,-1661.422669,"Decawave DW-8",0.957771,1,12,0x16FE,0x16FE,1,"618812F2F00200010000FE16"
1538,581673900,581727972,581955557,581926067,581941945,581941947,581955557,581725924,581959653,"decoded_payload_last_chip",1,789.019059,789.327741,262,0.000000,-1667.343924,"Decawave DW-8",0.957586,1,12,0x9741,0x9741,1,"618813F2F002000100004197"
1539,582052600,582106443,582334027,582304537,582320416,582320417,582334027,582104395,582338123,"decoded_payload_last_chip",1,789.532393,789.841074,262,0.000000,-1641.347203,"Decawave DW-8",0.957786,1,12,0x0B4F,0x0B4F,1,"618814F2F002000100004F0B"
1540,582431400,582484913,582712498,582683008,582698886,582698888,582712498,582482865,582716594,"decoded_payload_last_chip",1,790.045726,790.354408,262,0.000000,-1630.701090,"Decawave DW-8",0.958050,1,12,0x8AF0,0x8AF0,1,"618815F2F00200010000F08A"
1541,582809400,582863384,583090968,583061478,583077357,583077358,583090968,582861336,583095064,"decoded_payload_last_chip",1,790.559060,790.867741,262,0.000000,-1643.326407,"Decawave DW-8",0.957447,1,12,0x0020,0x0020,1,"618816F2F002000100002000"
1542,583187900,583241854,583469438,583439949,583455827,583455829,583469438,583239806,583473534,"decoded_payload_last_chip",1,791.072393,791.381074,262,0.000000,-1656.614276,"Decawave DW-8",0.958408,1,12,0x819F,0x819F,1,"618817F2F002000100009F81"
1543,583566400,583620325,583847909,583818419,583834298,583834299,583847909,583618277,583852005,"decoded_payload_last_chip",1,791.585727,791.894408,262,0.000000,-1653.165082,"Decawave DW-8",0.958118,1,12,0x302D,0x302D,1,"618818F2F002000100002D30"
1544,583944800,583998796,584226380,584196890,584212768,584212770,584226380,583996748,584230476,"decoded_payload_last_chip",1,792.099061,792.407742,262,0.000000,-1648.058007,"Decawave DW-8",0.957757,1,12,0xB192,0xB192,1,"618819F2F0020001000092B1"
1545,584323400,584377266,584604850,584575360,584591239,584591240,584604850,584375218,584608946,"decoded_payload_last_chip",1,792.612394,792.921075,262,0.000000,-1648.807660,"Decawave DW-8",0.957926,1,12,0x3B42,0x3B42,1,"61881AF2F00200010000423B"
1546,584701800,584755736,584983321,584953831,584969709,584969711,584983321,584753688,584987417,"decoded_payload_last_chip",1,793.125727,793.434409,262,0.000000,-1637.026069,"Decawave DW-8",0.957829,1,12,0xBAFD,0xBAFD,1,"61881BF2F00200010000FDBA"
1547,585080300,585134207,585361791,585332301,585348180,585348181,585361791,585132159,585365887,"decoded_payload_last_chip",1,793.639061,793.947742,262,0.000000,-1654.963855,"Decawave DW-8",0.957821,1,12,0x26F3,0x26F3,1,"61881CF2F00200010000F326"
1548,585458700,585512677,585740261,585710772,585726650,585726652,585740261,585510629,585744357,"decoded_payload_last_chip",1,794.152394,794.461074,262,-0.000000,-1634.643986,"Decawave DW-8",0.957950,1,12,0xA74C,0xA74C,1,"61881DF2F002000100004CA7"
1549,585837200,585891148,586118732,586089242,586105120,586105122,586118732,585889100,586122828,"decoded_payload_last_chip",1,794.665728,794.974409,262,0.000000,-1647.159766,"Decawave DW-8",0.957991,1,12,0x2D9C,0x2D9C,1,"61881EF2F002000100009C2D"
1550,586215700,586269618,586497202,586467713,586483591,586483592,586497202,586267570,586501298,"decoded_payload_last_chip",1,795.179061,795.487741,262,-0.000000,-1641.278550,"Decawave DW-8",0.957754,1,12,0xAC23,0xAC23,1,"61881FF2F0020001000023AC"
1551,586594100,586648089,586875673,586846183,586862062,586862063,586875673,586646041,586879769,"decoded_payload_last_chip",1,795.692395,796.001076,262,0.000000,-1627.230703,"Decawave DW-8",0.958192,1,12,0xF019,0xF019,1,"618820F2F0020001000019F0"
1552,586972600,587026559,587254144,587224654,587240532,587240534,587254144,587024511,587258240,"decoded_payload_last_chip",1,796.205728,796.514410,262,0.000000,-1627.856861,"Decawave DW-8",0.957258,1,12,0x71A6,0x71A6,1,"618821F2F00200010000A671"
1553,587351200,587405029,587632614,587603125,587619003,587619005,587632614,587402981,587636710,"decoded_payload_last_chip",1,796.719061,797.027743,262,3.615981,-1832.625159,"Decawave DW-8",0.959360,1,12,0xFB76,0xFB76,1,"618822F2F0020001000076FB"
1554,587729500,587783500,588011084,587981595,587997473,587997474,588011084,587781452,588015180,"decoded_payload_last_chip",1,797.232395,797.541075,262,0.000000,-1633.850388,"Decawave DW-8",0.958219,1,12,0x7AC9,0x7AC9,1,"618823F2F00200010000C97A"
1555,588108000,588161970,588389555,588360065,588375943,588375945,588389555,588159922,588393651,"decoded_payload_last_chip",1,797.745728,798.054409,262,0.000000,-1634.178519,"Decawave DW-8",0.957042,1,12,0xE6C7,0xE6C7,1,"618824F2F00200010000C7E6"
1556,588486500,588540441,588768025,588738535,588754414,588754415,588768025,588538393,588772121,"decoded_payload_last_chip",1,798.259062,798.567742,262,0.000000,-1644.452928,"Decawave DW-8",0.957689,1,12,0x6778,0x6778,1,"618825F2F002000100007867"
1557,588865100,588918912,589146496,589117006,589132885,589132886,589146496,588916864,589150592,"decoded_payload_last_chip",1,798.772396,799.081076,262,0.000000,-1671.925278,"Decawave DW-8",0.957070,1,12,0xEDA8,0xEDA8,1,"618826F2F00200010000A8ED"
1558,589243400,589297382,589524967,589495477,589511355,589511357,589524967,589295334,589529063,"decoded_payload_last_chip",1,799.285729,799.594411,262,0.000000,-1629.736385,"Decawave DW-8",0.958064,1,12,0x6C17,0x6C17,1,"618827F2F00200010000176C"
1559,589622000,589675853,589903437,589873948,589889826,589889827,589903437,589673805,589907533,"decoded_payload_last_chip",1,799.799063,800.107743,262,0.000000,-1639.357251,"Decawave DW-8",0.957284,1,12,0xDDA5,0xDDA5,1,"618828F2F00200010000A5DD"
1560,590000400,590054323,590281907,590252418,590268296,590268298,590281907,590052275,590286003,"decoded_payload_last_chip",1,800.312396,800.621076,262,0.000000,-1660.376744,"Decawave DW-8",0.957306,1,12,0x5C1A,0x5C1A,1,"618829F2F002000100001A5C"
1561,590378800,590432794,590660379,590630889,590646767,590646769,590660379,590430746,590664475,"decoded_payload_last_chip",1,800.825730,801.134412,262,1.104956,-1651.848908,"Decawave DW-8",0.960943,1,12,0xD6CA,0xD6CA,1,"61882AF2F00200010000CAD6"
1562,590757300,590811265,591038849,591009359,591025237,591025239,591038849,590809217,591042945,"decoded_payload_last_chip",1,801.339064,801.647744,262,0.000000,-1645.714153,"Decawave DW-8",0.957427,1,12,0x5775,0x5775,1,"61882BF2F002000100007557"
1563,591135800,591189735,591417319,591387830,591403708,591403709,591417319,591187687,591421415,"decoded_payload_last_chip",1,801.852397,802.161077,262,0.000000,-1643.162821,"Decawave DW-8",0.957172,1,12,0xCB7B,0xCB7B,1,"61882CF2F002000100007BCB"
1564,591514300,591568205,591795790,591766300,591782178,591782180,591795790,591566157,591799886,"decoded_payload_last_chip",1,802.365729,802.674411,262,0.000000,-1661.417651,"Decawave DW-8",0.957387,1,12,0x4AC4,0x4AC4,1,"61882DF2F00200010000C44A"
1565,591892700,591946676,592174260,592144770,592160649,592160650,592174260,591944628,592178356,"decoded_payload_last_chip",1,802.879064,803.187744,262,0.000000,-1645.844949,"Decawave DW-8",0.957975,1,12,0xC014,0xC014,1,"61882EF2F0020001000014C0"
1566,592271200,592325146,592552730,592523241,592539119,592539120,592552730,592323098,592556826,"decoded_payload_last_chip",1,803.392396,803.701077,262,0.000000,-1638.504305,"Decawave DW-8",0.957701,1,12,0x41AB,0x41AB,1,"61882FF2F00200010000AB41"
1567,592649700,592703617,592931201,592901711,592917589,592917591,592931201,592701569,592935297,"decoded_payload_last_chip",1,803.905731,804.214411,262,0.000000,-1647.319559,"Decawave DW-8",0.957725,1,12,0xAB61,0xAB61,1,"618830F2F0020001000061AB"
1568,593028100,593082087,593309672,593280182,593296060,593296062,593309672,593080039,593313768,"decoded_payload_last_chip",1,804.419063,804.727745,262,0.000000,-1669.770920,"Decawave DW-8",0.957650,1,12,0x2ADE,0x2ADE,1,"618831F2F00200010000DE2A"
1569,593406600,593460558,593688142,593658652,593674531,593674532,593688142,593458510,593692238,"decoded_payload_last_chip",1,804.932397,805.241078,262,0.000000,-1653.602741,"Decawave DW-8",0.957280,1,12,0xA00E,0xA00E,1,"618832F2F002000100000EA0"
1570,593785100,593839028,594066613,594037123,594053001,594053003,594066613,593836980,594070709,"decoded_payload_last_chip",1,805.445730,805.754412,262,0.000000,-1644.410677,"Decawave DW-8",0.957747,1,12,0x21B1,0x21B1,1,"618833F2F00200010000B121"
1571,594163500,594217499,594445083,594415593,594431471,594431473,594445083,594215451,594449179,"decoded_payload_last_chip",1,805.959064,806.267745,262,0.000000,-1636.389229,"Decawave DW-8",0.957807,1,12,0xBDBF,0xBDBF,1,"618834F2F00200010000BFBD"
1572,594542000,594595969,594823553,594794064,594809942,594809943,594823553,594593921,594827649,"decoded_payload_last_chip",1,806.472397,806.781078,262,0.000000,-1645.796217,"Decawave DW-8",0.957693,1,12,0x3C00,0x3C00,1,"618835F2F00200010000003C"
1573,594920500,594974439,595202024,595172534,595188412,595188414,595202024,594972391,595206120,"decoded_payload_last_chip",1,806.985730,807.294412,262,0.000000,-1654.636187,"Decawave DW-8",0.958301,1,12,0xB6D0,0xB6D0,1,"618836F2F00200010000D0B6"
1574,595299000,595352910,595580494,595551004,595566883,595566884,595580494,595350862,595584590,"decoded_payload_last_chip",1,807.499064,807.807745,262,0.000000,-1652.156528,"Decawave DW-8",0.957946,1,12,0x376F,0x376F,1,"618837F2F002000100006F37"
1575,595677400,595731381,595958965,595929475,595945354,595945355,595958965,595729333,595963061,"decoded_payload_last_chip",1,808.012398,808.321079,262,0.000000,-1656.597028,"Decawave DW-8",0.957559,1,12,0x86DD,0x86DD,1,"618838F2F00200010000DD86"
1576,596056000,596109851,596337436,596307946,596323825,596323826,596337436,596107803,596341532,"decoded_payload_last_chip",1,808.525731,808.834413,262,5.514273,-1921.044327,"Decawave DW-8",0.950582,1,12,0x0762,0x0762,1,"618839F2F002000100006207"
1577,596434400,596488322,596715906,596686416,596702295,596702296,596715906,596486274,596720002,"decoded_payload_last_chip",1,809.039065,809.347746,262,0.000000,-1643.466782,"Decawave DW-8",0.957550,1,12,0x8DB2,0x8DB2,1,"61883AF2F00200010000B28D"
1578,596812800,596866792,597094376,597064886,597080765,597080766,597094376,596864744,597098472,"decoded_payload_last_chip",1,809.552398,809.861079,262,0.000000,-1663.265373,"Decawave DW-8",0.958308,1,12,0x0C0D,0x0C0D,1,"61883BF2F002000100000D0C"
1579,597191300,597245262,597472847,597443357,597459236,597459237,597472847,597243214,597476943,"decoded_payload_last_chip",1,810.065731,810.374413,262,2.277556,-1756.942061,"Decawave DW-8",0.958153,1,12,0x9003,0x9003,1,"61883CF2F002000100000390"
1580,597569800,597623733,597851318,597821828,597837706,597837708,597851318,597621685,597855414,"decoded_payload_last_chip",1,810.579065,810.887747,262,2.846288,-1744.458256,"Decawave DW-8",0.959133,1,12,0x11BC,0x11BC,1,"61883DF2F00200010000BC11"
1581,597948300,598002204,598229788,598200299,598216177,598216178,598229788,598000156,598233884,"decoded_payload_last_chip",1,811.092399,811.401080,262,0.000000,-1614.278622,"Decawave DW-8",0.957748,1,12,0x9B6C,0x9B6C,1,"61883EF2F002000100006C9B"
1582,598326700,598380674,598608258,598578769,598594647,598594649,598608258,598378626,598612354,"decoded_payload_last_chip",1,811.605732,811.914412,262,0.000000,-1646.891884,"Decawave DW-8",0.957790,1,12,0x1AD3,0x1AD3,1,"61883FF2F00200010000D31A"
1583,598705400,598759144,598986729,598957239,598973117,598973119,598986729,598757096,598990825,"decoded_payload_last_chip",1,812.119065,812.427747,262,0.000000,-1650.620447,"Decawave DW-8",0.957994,1,12,0x2318,0x2318,1,"618840F2F002000100001823"
1584,599083700,599137615,599365199,599335710,599351588,599351589,599365199,599135567,599369295,"decoded_payload_last_chip",1,812.632399,812.941079,262,0.000000,-1635.709558,"Decawave DW-8",0.957363,1,12,0xA2A7,0xA2A7,1,"618841F2F00200010000A7A2"
1585,599462100,599516086,599743670,599714180,599730059,599730060,599743670,599514038,599747766,"decoded_payload_last_chip",1,813.145733,813.454414,262,0.000000,-1644.333940,"Decawave DW-8",0.957273,1,12,0x2877,0x2877,1,"618842F2F002000100007728"
1586,599840600,599894556,600122141,600092651,600108529,600108531,600122141,599892508,600126237,"decoded_payload_last_chip",1,813.659066,813.967748,262,-0.000000,-1640.201089,"Decawave DW-8",0.957770,1,12,0xA9C8,0xA9C8,1,"618843F2F00200010000C8A9"
1587,600219200,600273026,600500611,600471121,600486999,600487001,600500611,600270978,600504707,"decoded_payload_last_chip",1,814.172399,814.481080,262,0.000000,-1644.960233,"Decawave DW-8",0.957240,1,12,0x35C6,0x35C6,1,"618844F2F00200010000C635"
1588,600597500,600651497,600879081,600849592,600865470,600865471,600879081,600649449,600883177,"decoded_payload_last_chip",1,814.685733,814.994413,262,-0.000000,-1645.951438,"Decawave DW-8",0.957753,1,12,0xB479,0xB479,1,"618845F2F0020001000079B4"
1589,600976200,601029967,601257552,601228062,601243940,601243942,601257552,601027919,601261648,"decoded_payload_last_chip",1,815.199065,815.507747,262,0.000000,-1652.954590,"Decawave DW-8",0.957874,1,12,0x3EA9,0x3EA9,1,"618846F2F00200010000A93E"
1590,601354500,601408438,601636022,601606532,601622411,601622412,601636022,601406390,601640118,"decoded_payload_last_chip",1,815.712400,816.021080,262,0.000000,-1662.348224,"Decawave DW-8",0.958006,1,12,0xBF16,0xBF16,1,"618847F2F0020001000016BF"
1591,601733000,601786908,602014493,601985003,602000881,602000883,602014493,601784860,602018589,"decoded_payload_last_chip",1,816.225732,816.534414,262,0.000000,-1624.050854,"Decawave DW-8",0.957683,1,12,0x0EA4,0x0EA4,1,"618848F2F00200010000A40E"
1592,602111500,602165379,602392963,602363473,602379352,602379353,602392963,602163331,602397059,"decoded_payload_last_chip",1,816.739067,817.047747,262,0.000000,-1641.682336,"Decawave DW-8",0.957489,1,12,0x8F1B,0x8F1B,1,"618849F2F002000100001B8F"
1593,602490100,602543850,602771434,602741944,602757823,602757824,602771434,602541802,602775530,"decoded_payload_last_chip",1,817.252401,817.561081,262,0.000000,-1694.795759,"Decawave DW-8",0.957683,1,12,0x05CB,0x05CB,1,"61884AF2F00200010000CB05"
1594,602868400,602922320,603149904,603120415,603136293,603136295,603149904,602920272,603154000,"decoded_payload_last_chip",1,817.765734,818.074414,262,0.000000,-1644.004976,"Decawave DW-8",0.957353,1,12,0x8474,0x8474,1,"61884BF2F002000100007484"
1595,603246800,603300790,603528375,603498885,603514763,603514765,603528375,603298742,603532471,"decoded_payload_last_chip",1,818.279066,818.587748,262,0.000000,-1644.802586,"Decawave DW-8",0.957494,1,12,0x187A,0x187A,1,"61884CF2F002000100007A18"
1596,603625300,603679261,603906845,603877355,603893234,603893235,603906845,603677213,603910941,"decoded_payload_last_chip",1,818.792400,819.101081,262,0.000000,-1657.372978,"Decawave DW-8",0.957777,1,12,0x99C5,0x99C5,1,"61884DF2F00200010000C599"
1597,604003900,604057732,604285316,604255826,604271705,604271706,604285316,604055684,604289412,"decoded_payload_last_chip",1,819.305735,819.614415,262,0.000000,-1662.963545,"Decawave DW-8",0.957408,1,12,0x1315,0x1315,1,"61884EF2F002000100001513"
1598,604382500,604436202,604663787,604634297,604650175,604650177,604663787,604434154,604667883,"decoded_payload_last_chip",1,819.819067,820.127749,262,0.000000,-1627.638905,"Decawave DW-8",0.957636,1,12,0x92AA,0x92AA,1,"61884FF2F00200010000AA92"
1599,604760700,604814673,605042257,605012767,605028646,605028647,605042257,604812625,605046353,"decoded_payload_last_chip",1,820.332402,820.641082,262,0.000000,-1657.681237,"Decawave DW-8",0.957369,1,12,0x7860,0x7860,1,"618850F2F002000100006078"
1600,605139400,605193143,605420727,605391238,605407116,605407117,605420727,605191095,605424823,"decoded_payload_last_chip",1,820.845734,821.154415,262,0.000000,-1638.526970,"Decawave DW-8",0.956649,1,12,0xF9DF,0xF9DF,1,"618851F2F00200010000DFF9"
1601,605518000,605571614,605799198,605769708,605785587,605785588,605799198,605569566,605803294,"decoded_payload_last_chip",1,821.359068,821.667749,262,0.000000,-1653.512996,"Decawave DW-8",0.957753,1,12,0x730F,0x730F,1,"618852F2F002000100000F73"
1602,605896100,605950084,606177669,606148179,606164058,606164059,606177669,605948036,606181765,"decoded_payload_last_chip",1,821.872401,822.181083,262,5.433495,-1919.021523,"Decawave DW-8",0.952631,1,12,0xF2B0,0xF2B0,1,"618853F2F00200010000B0F2"
1603,606274600,606328555,606556139,606526649,606542528,606542529,606556139,606326507,606560235,"decoded_payload_last_chip",1,822.385735,822.694416,262,0.000000,-1634.695856,"Decawave DW-8",0.957448,1,12,0x6EBE,0x6EBE,1,"618854F2F00200010000BE6E"
1604,606653200,606707025,606934609,606905120,606920998,606920999,606934609,606704977,606938705,"decoded_payload_last_chip",1,822.899068,823.207749,262,0.000000,-1647.310629,"Decawave DW-8",0.956798,1,12,0xEF01,0xEF01,1,"618855F2F0020001000001EF"
1605,607031500,607085496,607313080,607283590,607299468,607299470,607313080,607083448,607317176,"decoded_payload_last_chip",1,823.412402,823.721083,262,0.000000,-1654.449738,"Decawave DW-8",0.957844,1,12,0x65D1,0x65D1,1,"618856F2F00200010000D165"
1606,607410100,607463966,607691551,607662061,607677939,607677941,607691551,607461918,607695647,"decoded_payload_last_chip",1,823.925735,824.234417,262,0.000000,-1639.064588,"Decawave DW-8",0.957177,1,12,0xE46E,0xE46E,1,"618857F2F002000100006EE4"
1607,607788500,607842436,608070021,608040531,608056409,608056411,608070021,607840388,608074117,"decoded_payload_last_chip",1,824.439068,824.747750,262,0.000000,-1656.420859,"Decawave DW-8",0.957447,1,12,0x55DC,0x55DC,1,"618858F2F00200010000DC55"
1608,608167000,608220907,608448491,608419001,608434880,608434881,608448491,608218859,608452587,"decoded_payload_last_chip",1,824.952402,825.261083,262,0.000000,-1620.687656,"Decawave DW-8",0.957527,1,12,0xD463,0xD463,1,"618859F2F0020001000063D4"
1609,608545400,608599378,608826962,608797472,608813351,608813352,608826962,608597330,608831058,"decoded_payload_last_chip",1,825.465736,825.774417,262,0.000000,-1630.078652,"Decawave DW-8",0.957477,1,12,0x5EB3,0x5EB3,1,"61885AF2F00200010000B35E"
1610,608923900,608977848,609205433,609175943,609191821,609191823,609205433,608975800,609209529,"decoded_payload_last_chip",1,825.979069,826.287751,262,0.000000,-1640.403776,"Decawave DW-8",0.957721,1,12,0xDF0C,0xDF0C,1,"61885BF2F002000100000CDF"
1611,609302400,609356319,609583903,609554413,609570292,609570293,609583903,609354271,609587999,"decoded_payload_last_chip",1,826.492403,826.801084,262,0.000000,-1650.201681,"Decawave DW-8",0.957239,1,12,0x4302,0x4302,1,"61885CF2F002000100000243"
1612,609680800,609734789,609962373,609932883,609948762,609948763,609962373,609732741,609966469,"decoded_payload_last_chip",1,827.005736,827.314417,262,0.000000,-1657.230386,"Decawave DW-8",0.957462,1,12,0xC2BD,0xC2BD,1,"61885DF2F00200010000BDC2"
1613,610059300,610113259,610340844,610311354,610327232,610327234,610340844,610111211,610344940,"decoded_payload_last_chip",1,827.519069,827.827751,262,0.000000,-1680.616789,"Decawave DW-8",0.957293,1,12,0x486D,0x486D,1,"61885EF2F002000100006D48"
1614,610437900,610491730,610719314,610689825,610705703,610705705,610719314,610489682,610723410,"decoded_payload_last_chip",1,828.032403,828.341083,262,0.000000,-1655.343535,"Decawave DW-8",0.957641,1,12,0xC9D2,0xC9D2,1,"61885FF2F00200010000D2C9"
1615,610816200,610870201,611097785,611068295,611084174,611084175,611097785,610868153,611101881,"decoded_payload_last_chip",1,828.545737,828.854418,262,0.000000,-1653.847233,"Decawave DW-8",0.957161,1,12,0x95E8,0x95E8,1,"618860F2F00200010000E895"
1616,611194700,611248671,611476255,611446766,611462644,611462646,611476255,611246623,611480351,"decoded_payload_last_chip",1,829.059070,829.367750,262,0.000000,-1630.667200,"Decawave DW-8",0.957692,1,12,0x1457,0x1457,1,"618861F2F002000100005714"
1617,611573200,611627142,611854726,611825236,611841115,611841116,611854726,611625094,611858822,"decoded_payload_last_chip",1,829.572404,829.881085,262,0.000000,-1650.980555,"Decawave DW-8",0.957115,1,12,0x9E87,0x9E87,1,"618862F2F00200010000879E"
1618,611951800,612005612,612233197,612203707,612219586,612219587,612233197,612003564,612237293,"decoded_payload_last_chip",1,830.085737,830.394419,262,4.650339,-1848.127529,"Decawave DW-8",0.957928,1,12,0x1F38,0x1F38,1,"618863F2F00200010000381F"
1619,612330100,612384082,612611667,612582177,612598055,612598057,612611667,612382034,612615763,"decoded_payload_last_chip",1,830.599070,830.907751,262,0.000000,-1632.027474,"Decawave DW-8",0.957731,1,12,0x8336,0x8336,1,"618864F2F002000100003683"
1620,612708600,612762553,612990137,612960647,612976526,612976527,612990137,612760505,612994233,"decoded_payload_last_chip",1,831.112404,831.421084,262,0.000000,-1628.524930,"Decawave DW-8",0.957132,1,12,0x0289,0x0289,1,"618865F2F002000100008902"
1621,613087100,613141023,613368609,613339119,613354997,613354999,613368609,613138975,613372705,"decoded_payload_last_chip",1,831.625736,831.934420,262,5.000050,-1913.757024,"Decawave DW-8",0.956085,1,12,0x8859,0x8859,1,"618866F2F002000100005988"
1622,613465500,613519494,613747078,613717589,613733467,613733468,613747078,613517446,613751174,"decoded_payload_last_chip",1,832.139071,832.447751,262,0.000000,-1641.118245,"Decawave DW-8",0.957947,1,12,0x09E6,0x09E6,1,"618867F2F00200010000E609"
1623,613844000,613897965,614125549,614096059,614111937,614111939,614125549,613895917,614129645,"decoded_payload_last_chip",1,832.652405,832.961085,262,0.000000,-1648.678271,"Decawave DW-8",0.957042,1,12,0xB854,0xB854,1,"618868F2F0020001000054B8"
1624,614222500,614276435,614504019,614474530,614490408,614490409,614504019,614274387,614508115,"decoded_payload_last_chip",1,833.165738,833.474418,262,0.000000,-1643.403512,"Decawave DW-8",0.957704,1,12,0x39EB,0x39EB,1,"618869F2F00200010000EB39"
1625,614601000,614654905,614882490,614853000,614868878,614868880,614882490,614652857,614886586,"decoded_payload_last_chip",1,833.679070,833.987752,262,0.000000,-1654.378890,"Decawave DW-8",0.957635,1,12,0xB33B,0xB33B,1,"61886AF2F002000100003BB3"
1626,614979400,615033376,615260961,615231471,615247349,615247351,615260961,615031328,615265057,"decoded_payload_last_chip",1,834.192405,834.501086,262,0.000000,-1659.303953,"Decawave DW-8",0.957156,1,12,0x3284,0x3284,1,"61886BF2F002000100008432"
1627,615357900,615411847,615639431,615609941,615625820,615625821,615639431,615409799,615643527,"decoded_payload_last_chip",1,834.705739,835.014419,262,0.000000,-1668.252994,"Decawave DW-8",0.957073,1,12,0xAE8A,0xAE8A,1,"61886CF2F002000100008AAE"
1628,615736400,615790317,616017902,615988412,616004290,616004292,616017902,615788269,616021998,"decoded_payload_last_chip",1,835.219071,835.527753,262,0.000000,-1653.899932,"Decawave DW-8",0.957745,1,12,0x2F35,0x2F35,1,"61886DF2F00200010000352F"
1629,616115000,616168787,616396372,616366882,616382760,616382762,616396372,616166739,616400468,"decoded_payload_last_chip",1,835.732404,836.041086,262,0.000000,-1647.554279,"Decawave DW-8",0.957769,1,12,0xA5E5,0xA5E5,1,"61886EF2F00200010000E5A5"
1630,616493300,616547258,616774842,616745352,616761231,616761232,616774842,616545210,616778938,"decoded_payload_last_chip",1,836.245738,836.554419,262,0.000000,-1634.961166,"Decawave DW-8",0.957451,1,12,0x245A,0x245A,1,"61886FF2F002000100005A24"
1631,616871900,616925729,617153313,617123823,617139702,617139703,617153313,616923681,617157409,"decoded_payload_last_chip",1,836.759073,837.067753,262,0.000000,-1640.124392,"Decawave DW-8",0.956869,1,12,0xCE90,0xCE90,1,"618870F2F0020001000090CE"
1632,617250200,617304199,617531784,617502294,617518172,617518174,617531784,617302151,617535880,"decoded_payload_last_chip",1,837.272405,837.581087,262,-0.000000,-1630.958688,"Decawave DW-8",0.957637,1,12,0x4F2F,0x4F2F,1,"618871F2F002000100002F4F"
1633,617628700,617682670,617910254,617880764,617896643,617896644,617910254,617680622,617914350,"decoded_payload_last_chip",1,837.785739,838.094420,262,0.000000,-1655.041129,"Decawave DW-8",0.957357,1,12,0xC5FF,0xC5FF,1,"618872F2F00200010000FFC5"
1634,618007200,618061140,618288724,618259235,618275113,618275115,618288724,618059092,618292820,"decoded_payload_last_chip",1,838.299072,838.607753,262,0.000000,-1646.800740,"Decawave DW-8",0.957451,1,12,0x4440,0x4440,1,"618873F2F002000100004044"
1635,618385800,618439610,618667194,618637705,618653583,618653585,618667194,618437562,618671290,"decoded_payload_last_chip",1,838.812405,839.121086,262,0.000000,-1638.037544,"Decawave DW-8",0.957677,1,12,0xD84E,0xD84E,1,"618874F2F002000100004ED8"
1636,618764100,618818081,619045665,619016175,619032054,619032055,619045665,618816033,619049761,"decoded_payload_last_chip",1,839.325739,839.634420,262,-0.000000,-1642.068787,"Decawave DW-8",0.957225,1,12,0x59F1,0x59F1,1,"618875F2F00200010000F159"
1637,619142600,619196551,619424136,619394646,619410524,619410526,619424136,619194503,619428232,"decoded_payload_last_chip",1,839.839072,840.147754,262,0.000000,-1661.392196,"Decawave DW-8",0.956906,1,12,0xD321,0xD321,1,"618876F2F0020001000021D3"
1638,619521100,619575022,619802606,619773116,619788995,619788996,619802606,619572974,619806702,"decoded_payload_last_chip",1,840.352406,840.661087,262,0.000000,-1648.399719,"Decawave DW-8",0.957080,1,12,0x529E,0x529E,1,"618877F2F002000100009E52"
1639,619899500,619953493,620181077,620151587,620167466,620167467,620181077,619951445,620185173,"decoded_payload_last_chip",1,840.865740,841.174421,262,0.000000,-1627.331102,"Decawave DW-8",0.957489,1,12,0xE32C,0xE32C,1,"618878F2F002000100002CE3"
1640,620278000,620331963,620559547,620530058,620545936,620545937,620559547,620329915,620563643,"decoded_payload_last_chip",1,841.379073,841.687754,262,0.000000,-1669.746451,"Decawave DW-8",0.957313,1,12,0x6293,0x6293,1,"618879F2F002000100009362"
1641,620656500,620710434,620938018,620908528,620924406,620924408,620938018,620708386,620942114,"decoded_payload_last_chip",1,841.892407,842.201088,262,0.000000,-1652.946619,"Decawave DW-8",0.957317,1,12,0xE843,0xE843,1,"61887AF2F0020001000043E8"
1642,621035000,621088904,621316488,621286999,621302877,621302878,621316488,621086856,621320584,"decoded_payload_last_chip",1,842.405740,842.714421,262,0.000000,-1672.044177,"Decawave DW-8",0.957525,1,12,0x69FC,0x69FC,1,"61887BF2F00200010000FC69"
1643,621413400,621467374,621694958,621665469,621681347,621681349,621694958,621465326,621699054,"decoded_payload_last_chip",1,842.919073,843.227753,262,0.000000,-1634.440411,"Decawave DW-8",0.957640,1,12,0xF5F2,0xF5F2,1,"61887CF2F00200010000F2F5"
1644,621792100,621845845,622073429,622043940,622059818,622059820,622073429,621843797,622077525,"decoded_payload_last_chip",1,843.432407,843.741088,262,0.000000,-1652.700522,"Decawave DW-8",0.957166,1,12,0x744D,0x744D,1,"61887DF2F002000100004D74"
1645,622170400,622224316,622451900,622422410,622438289,622438290,622451900,622222268,622455996,"decoded_payload_last_chip",1,843.945741,844.254422,262,0.000000,-1647.953401,"Decawave DW-8",0.957463,1,12,0xFE9D,0xFE9D,1,"61887EF2F002000100009DFE"
1646,622548800,622602786,622830370,622800880,622816759,622816760,622830370,622600738,622834466,"decoded_payload_last_chip",1,844.459074,844.767754,262,0.000000,-1630.496874,"Decawave DW-8",0.957406,1,12,0x7F22,0x7F22,1,"61887FF2F00200010000227F"
1647,622927300,622981256,623208841,623179351,623195229,623195231,623208841,622979208,623212937,"decoded_payload_last_chip",1,844.972407,845.281089,262,-0.000000,-1650.361979,"Decawave DW-8",0.956574,1,12,0x8D0B,0x8D0B,1,"618880F2F002000100000B8D"
1648,623305900,623359727,623587311,623557822,623573700,623573702,623587311,623357679,623591407,"decoded_payload_last_chip",1,845.485741,845.794421,262,0.000000,-1633.869331,"Decawave DW-8",0.957240,1,12,0x0CB4,0x0CB4,1,"618881F2F00200010000B40C"
1649,623684200,623738198,623965782,623936292,623952171,623952172,623965782,623736150,623969878,"decoded_payload_last_chip",1,845.999075,846.307756,262,0.000000,-1619.490971,"Decawave DW-8",0.957745,1,12,0x8664,0x8664,1,"618882F2F002000100006486"
1650,624056900,624116668,624344252,624314763,624330641,624330643,624344252,624114620,624348348,"decoded_payload_last_chip",1,846.512408,846.821088,262,0.000000,-1668.302112,"Decawave DW-8",0.956819,1,12,0x07DB,0x07DB,1,"618883F2F00200010000DB07"
1651,624441200,624495139,624722723,624693233,624709112,624709113,624722723,624493091,624726819,"decoded_payload_last_chip",1,847.025742,847.334422,262,0.000000,-1655.840402,"Decawave DW-8",0.957316,1,12,0x9BD5,0x9BD5,1,"618884F2F00200010000D59B"
1652,624819800,624873609,625101193,625071703,625087582,625087583,625101193,624871561,625105289,"decoded_payload_last_chip",1,847.539075,847.847755,262,0.000000,-1625.389742,"Decawave DW-8",0.957742,1,12,0x1A6A,0x1A6A,1,"618885F2F002000100006A1A"
1653,625198200,625252080,625479664,625450174,625466053,625466054,625479664,625250032,625483760,"decoded_payload_last_chip",1,848.052409,848.361089,262,0.000000,-1667.636246,"Decawave DW-8",0.957305,1,12,0x90BA,0x90BA,1,"618886F2F00200010000BA90"
1654,625576600,625630550,625858134,625828644,625844523,625844524,625858134,625628502,625862230,"decoded_payload_last_chip",1,848.565742,848.874422,262,0.000000,-1637.609604,"Decawave DW-8",0.956912,1,12,0x1105,0x1105,1,"618887F2F002000100000511"
1655,625955100,626009020,626236604,626207115,626222993,626222995,626236604,626006972,626240700,"decoded_payload_last_chip",1,849.079074,849.387755,262,0.000000,-1639.187136,"Decawave DW-8",0.957368,1,12,0xA0B7,0xA0B7,1,"618888F2F00200010000B7A0"
1656,626333500,626387491,626615075,626585586,626601464,626601466,626615075,626385443,626619171,"decoded_payload_last_chip",1,849.592409,849.901089,262,0.000000,-1690.157275,"Decawave DW-8",0.957161,1,12,0x2108,0x2108,1,"618889F2F002000100000821"
1657,626712000,626765962,626993546,626964056,626979935,626979936,626993546,626763914,626997642,"decoded_payload_last_chip",1,850.105743,850.414423,262,0.000000,-1642.507656,"Decawave DW-8",0.957403,1,12,0xABD8,0xABD8,1,"61888AF2F00200010000D8AB"
1658,627090600,627144432,627372016,627342526,627358405,627358406,627372016,627142384,627376112,"decoded_payload_last_chip",1,850.619076,850.927756,262,0.000000,-1664.027708,"Decawave DW-8",0.957241,1,12,0x2A67,0x2A67,1,"61888BF2F00200010000672A"
1659,627469200,627522902,627750487,627720997,627736875,627736877,627750487,627520854,627754583,"decoded_payload_last_chip",1,851.132408,851.441090,262,0.000000,-1645.175442,"Decawave DW-8",0.957258,1,12,0xB669,0xB669,1,"61888CF2F0020001000069B6"
1660,627847400,627901373,628128957,628099467,628115346,628115347,628128957,627899325,628133053,"decoded_payload_last_chip",1,851.645742,851.954423,262,0.000000,-1657.759671,"Decawave DW-8",0.957580,1,12,0x37D6,0x37D6,1,"61888DF2F00200010000D637"
1661,628225900,628279843,628507427,628477938,628493816,628493818,628507427,628277795,628511523,"decoded_payload_last_chip",1,852.159075,852.467756,262,0.000000,-1642.910795,"Decawave DW-8",0.957210,1,12,0xBD06,0xBD06,1,"61888EF2F0020001000006BD"
1662,628604700,628658314,628885898,628856408,628872287,628872288,628885898,628656266,628889994,"decoded_payload_last_chip",1,852.672409,852.981090,262,0.000000,-1638.076134,"Decawave DW-8",0.957048,1,12,0x3CB9,0x3CB9,1,"61888FF2F00200010000B93C"
1663,628983000,629036784,629264369,629234879,629250757,629250759,629264369,629034736,629268465,"decoded_payload_last_chip",1,853.185742,853.494424,262,0.000000,-1654.896926,"Decawave DW-8",0.957947,1,12,0xD673,0xD673,1,"618890F2F0020001000073D6"
1664,629361300,629415255,629642839,629613349,629629228,629629229,629642839,629413207,629646935,"decoded_payload_last_chip",1,853.699076,854.007757,262,0.000000,-1632.486956,"Decawave DW-8",0.957423,1,12,0x57CC,0x57CC,1,"618891F2F00200010000CC57"
1665,629740000,629793725,630021310,629991820,630007698,630007700,630021310,629791677,630025406,"decoded_payload_last_chip",1,854.212409,854.521091,262,0.000000,-1659.993286,"Decawave DW-8",0.957358,1,12,0xDD1C,0xDD1C,1,"618892F2F002000100001CDD"
1666,630118200,630172196,630399781,630370291,630386169,630386171,630399781,630170148,630403877,"decoded_payload_last_chip",1,854.725743,855.034425,262,3.585115,-1833.295528,"Decawave DW-8",0.959979,1,12,0x5CA3,0x5CA3,1,"618893F2F00200010000A35C"
1667,630497000,630550666,630778250,630748761,630764639,630764641,630778250,630548618,630782346,"decoded_payload_last_chip",1,855.239076,855.547757,262,0.000000,-1658.551163,"Decawave DW-8",0.957411,1,12,0xC0AD,0xC0AD,1,"618894F2F00200010000ADC0"
1668,630875200,630929137,631156721,631127232,631143110,631143112,631156721,630927089,631160817,"decoded_payload_last_chip",1,855.752410,856.061091,262,0.000000,-1614.259157,"Decawave DW-8",0.957198,1,12,0x4112,0x4112,1,"618895F2F002000100001241"
1669,631253700,631307608,631535192,631505702,631521581,631521582,631535192,631305560,631539288,"decoded_payload_last_chip",1,856.265744,856.574425,262,0.000000,-1645.091510,"Decawave DW-8",0.957369,1,12,0xCBC2,0xCBC2,1,"618896F2F00200010000C2CB"
1670,631632100,631686078,631913662,631884172,631900051,631900052,631913662,631684030,631917758,"decoded_payload_last_chip",1,856.779077,857.087758,262,0.000000,-1648.825220,"Decawave DW-8",0.957370,1,12,0x4A7D,0x4A7D,1,"618897F2F002000100007D4A"
1671,632010600,632064548,632292133,632262643,632278521,632278523,632292133,632062500,632296229,"decoded_payload_last_chip",1,857.292410,857.601092,262,0.000000,-1641.458872,"Decawave DW-8",0.957163,1,12,0xFBCF,0xFBCF,1,"618898F2F00200010000CFFB"
1672,632389100,632443019,632670603,632641113,632656992,632656993,632670603,632440971,632674699,"decoded_payload_last_chip",1,857.805744,858.114425,262,0.000000,-1616.373646,"Decawave DW-8",0.957278,1,12,0x7A70,0x7A70,1,"618899F2F00200010000707A"
1673,632767500,632821490,633049074,633019584,633035463,633035464,633049074,632819442,633053170,"decoded_payload_last_chip",1,858.319078,858.627759,262,0.000000,-1674.145152,"Decawave DW-8",0.957020,1,12,0xF0A0,0xF0A0,1,"61889AF2F00200010000A0F0"
1674,633146000,633199960,633427544,633398055,633413933,633413935,633427544,633197912,633431640,"decoded_payload_last_chip",1,858.832411,859.141092,262,0.000000,-1647.770509,"Decawave DW-8",0.957743,1,12,0x711F,0x711F,1,"61889BF2F002000100001F71"
1675,633524500,633578431,633806015,633776525,633792404,633792405,633806015,633576383,633810111,"decoded_payload_last_chip",1,859.345745,859.654426,262,0.000000,-1651.130050,"Decawave DW-8",0.957402,1,12,0xED11,0xED11,1,"61889CF2F0020001000011ED"
1676,633903200,633956901,634184485,634154995,634170874,634170875,634184485,633954853,634188581,"decoded_payload_last_chip",1,859.859078,860.167759,262,0.000000,-1656.759709,"Decawave DW-8",0.956521,1,12,0x6CAE,0x6CAE,1,"61889DF2F00200010000AE6C"
1677,634281400,634335371,634562955,634533466,634549344,634549346,634562955,634333323,634567051,"decoded_payload_last_chip",1,860.372411,860.681091,262,0.000000,-1626.118749,"Decawave DW-8",0.957420,1,12,0xE67E,0xE67E,1,"61889EF2F002000100007EE6"
1678,634659900,634713842,634941426,634911936,634927815,634927816,634941426,634711794,634945522,"decoded_payload_last_chip",1,860.885745,861.194425,262,0.000000,-1628.782126,"Decawave DW-8",0.956940,1,12,0x67C1,0x67C1,1,"61889FF2F00200010000C167"
1679,635038500,635092312,635319897,635290407,635306285,635306287,635319897,635090264,635323993,"decoded_payload_last_chip",1,861.399078,861.707760,262,0.000000,-1647.630215,"Decawave DW-8",0.956959,1,12,0x3BFB,0x3BFB,1,"6188A0F2F00200010000FB3B"
1680,635416800,635470783,635698367,635668878,635684756,635684757,635698367,635468735,635702463,"decoded_payload_last_chip",1,861.912412,862.221092,262,0.000000,-1658.749796,"Decawave DW-8",0.957217,1,12,0xBA44,0xBA44,1,"6188A1F2F0020001000044BA"
1681,635795300,635849253,636076838,636047348,636063226,636063228,636076838,635847205,636080934,"decoded_payload_last_chip",1,862.425745,862.734427,262,0.000000,-1618.925201,"Decawave DW-8",0.957182,1,12,0x3094,0x3094,1,"6188A2F2F002000100009430"
1682,636173800,636227724,636455308,636425818,636441697,636441698,636455308,636225676,636459404,"decoded_payload_last_chip",1,862.939079,863.247759,262,-0.000000,-1640.471858,"Decawave DW-8",0.957416,1,12,0xB12B,0xB12B,1,"6188A3F2F002000100002BB1"
1683,636552200,636606194,636833778,636804289,636820167,636820168,636833778,636604146,636837874,"decoded_payload_last_chip",1,863.452412,863.761092,262,0.000000,-1621.526447,"Decawave DW-8",0.957509,1,12,0x2D25,0x2D25,1,"6188A4F2F00200010000252D"
1684,636930700,636984665,637212249,637182759,637198637,637198639,637212249,636982617,637216345,"decoded_payload_last_chip",1,863.965746,864.274426,262,0.000000,-1642.078803,"Decawave DW-8",0.956822,1,12,0xAC9A,0xAC9A,1,"6188A5F2F002000100009AAC"
1685,637309200,637363135,637590720,637561230,637577108,637577110,637590720,637361087,637594816,"decoded_payload_last_chip",1,864.479079,864.787760,262,2.394783,-1757.740186,"Decawave DW-8",0.957915,1,12,0x264A,0x264A,1,"6188A6F2F002000100004A26"
1686,637687108,637741606,637969190,637939700,637955579,637955580,637969190,637739558,637973286,"decoded_payload_last_chip",1,864.992413,865.301093,262,0.000000,-1662.173370,"Decawave DW-8",0.957356,1,12,0xA7F5,0xA7F5,1,"6188A7F2F00200010000F5A7"
1687,638066100,638120076,638347661,638318171,638334049,638334051,638347661,638118028,638351757,"decoded_payload_last_chip",1,865.505745,865.814427,262,0.000000,-1655.518465,"Decawave DW-8",0.957084,1,12,0x1647,0x1647,1,"6188A8F2F002000100004716"
1688,638444600,638498547,638726131,638696641,638712520,638712521,638726131,638496499,638730227,"decoded_payload_last_chip",1,866.019080,866.327760,262,0.000000,-1664.387676,"Decawave DW-8",0.957713,1,12,0x97F8,0x97F8,1,"6188A9F2F00200010000F897"
1689,638823100,638877017,639104602,639075112,639090990,639090992,639104602,638874969,639108698,"decoded_payload_last_chip",1,866.532412,866.841094,262,-0.000000,-1648.312317,"Decawave DW-8",0.957430,1,12,0x1D28,0x1D28,1,"6188AAF2F00200010000281D"
1690,639201600,639255488,639483072,639453582,639469461,639469462,639483072,639253440,639487168,"decoded_payload_last_chip",1,867.045747,867.354427,262,0.000000,-1636.422207,"Decawave DW-8",0.957229,1,12,0x9C97,0x9C97,1,"6188ABF2F00200010000979C"
1691,639580000,639633959,639861543,639832053,639847932,639847933,639861543,639631911,639865639,"decoded_payload_last_chip",1,867.559081,867.867761,262,-0.000000,-1660.220052,"Decawave DW-8",0.957421,1,12,0x0099,0x0099,1,"6188ACF2F002000100009900"
1692,639958600,640012429,640240013,640210523,640226402,640226403,640240013,640010381,640244109,"decoded_payload_last_chip",1,868.072413,868.381094,262,0.000000,-1641.999157,"Decawave DW-8",0.957502,1,12,0x8126,0x8126,1,"6188ADF2F002000100002681"
1693,640336900,640390899,640618484,640588994,640604872,640604874,640618484,640388851,640622580,"decoded_payload_last_chip",1,868.585746,868.894428,262,-0.000000,-1664.827663,"Decawave DW-8",0.957245,1,12,0x0BF6,0x0BF6,1,"6188AEF2F00200010000F60B"
1694,640715400,640769370,640996954,640967464,640983343,640983344,640996954,640767322,641001050,"decoded_payload_last_chip",1,869.099080,869.407761,262,0.000000,-1661.598386,"Decawave DW-8",0.957371,1,12,0x8A49,0x8A49,1,"6188AFF2F00200010000498A"
1695,641093900,641147840,641375424,641345935,641361813,641361815,641375424,641145792,641379520,"decoded_payload_last_chip",1,869.612413,869.921094,262,0.000000,-1659.960971,"Decawave DW-8",0.957530,1,12,0x6083,0x6083,1,"6188B0F2F002000100008360"
1696,641472500,641526311,641753895,641724405,641740284,641740285,641753895,641524263,641757991,"decoded_payload_last_chip",1,870.125747,870.434428,262,0.000000,-1664.556855,"Decawave DW-8",0.957242,1,12,0xE13C,0xE13C,1,"6188B1F2F002000100003CE1"
1697,641850800,641904782,642132366,642102876,642118754,642118756,642132366,641902734,642136462,"decoded_payload_last_chip",1,870.639081,870.947762,262,0.000000,-1609.811846,"Decawave DW-8",0.957389,1,12,0x6BEC,0x6BEC,1,"6188B2F2F00200010000EC6B"
1698,642229300,642283252,642510836,642481347,642497225,642497226,642510836,642281204,642514932,"decoded_payload_last_chip",1,871.152414,871.461095,262,0.000000,-1639.277706,"Decawave DW-8",0.957545,1,12,0xEA53,0xEA53,1,"6188B3F2F0020001000053EA"
1699,642607800,642661722,642889307,642859817,642875695,642875697,642889307,642659674,642893403,"decoded_payload_last_chip",1,871.665747,871.974429,262,-0.000000,-1648.747945,"Decawave DW-8",0.957724,1,12,0x765D,0x765D,1,"6188B4F2F002000100005D76"
1700,642986100,643040193,643267777,643238288,643254166,643254167,643267777,643038145,643271873,"decoded_payload_last_chip",1,872.179081,872.487762,262,0.000000,-1637.024283,"Decawave DW-8",0.957144,1,12,0xF7E2,0xF7E2,1,"6188B5F2F00200010000E2F7"
1701,643364700,643418663,643646247,643616758,643632636,643632637,643646247,643416615,643650343,"decoded_payload_last_chip",1,872.692414,873.001095,262,0.000000,-1649.034271,"Decawave DW-8",0.957520,1,12,0x7D32,0x7D32,1,"6188B6F2F00200010000327D"
1702,643743200,643797134,644024718,643995228,644011106,644011108,644024718,643795086,644028814,"decoded_payload_last_chip",1,873.205748,873.514429,262,0.000000,-1660.123017,"Decawave DW-8",0.956745,1,12,0xFC8D,0xFC8D,1,"6188B7F2F002000100008DFC"
1703,644121700,644175604,644403188,644373699,644389577,644389578,644403188,644173556,644407284,"decoded_payload_last_chip",1,873.719081,874.027762,262,0.000000,-1649.146631,"Decawave DW-8",0.957314,1,12,0x4D3F,0x4D3F,1,"6188B8F2F002000100003F4D"
1704,644500100,644554075,644781659,644752169,644768048,644768049,644781659,644552027,644785755,"decoded_payload_last_chip",1,874.232415,874.541096,262,0.000000,-1649.856926,"Decawave DW-8",0.957036,1,12,0xCC80,0xCC80,1,"6188B9F2F0020001000080CC"
1705,644878600,644932545,645160130,645130640,645146518,645146520,645160130,644930497,645164226,"decoded_payload_last_chip",1,874.745748,875.054430,262,0.000000,-1663.285465,"Decawave DW-8",0.956892,1,12,0x4650,0x4650,1,"6188BAF2F002000100005046"
1706,645257100,645311016,645538600,645509110,645524989,645524990,645538600,645308968,645542696,"decoded_payload_last_chip",1,875.259082,875.567763,262,0.000000,-1628.840247,"Decawave DW-8",0.956783,1,12,0xC7EF,0xC7EF,1,"6188BBF2F00200010000EFC7"
1707,645635500,645689486,645917070,645887580,645903459,645903460,645917070,645687438,645921166,"decoded_payload_last_chip",1,875.772415,876.081095,262,0.000000,-1650.568197,"Decawave DW-8",0.957474,1,12,0x5BE1,0x5BE1,1,"6188BCF2F00200010000E15B"
1708,646014000,646067956,646295542,646266052,646281931,646281932,646295542,646065908,646299638,"decoded_payload_last_chip",1,876.285748,876.594431,262,5.557946,-1932.023765,"Decawave DW-8",0.949012,1,12,0xDA5E,0xDA5E,1,"6188BDF2F002000100005EDA"
1709,646392600,646446427,646674011,646644522,646660400,646660402,646674011,646444379,646678107,"decoded_payload_last_chip",1,876.799082,877.107762,262,0.000000,-1639.985445,"Decawave DW-8",0.957707,1,12,0x508E,0x508E,1,"6188BEF2F002000100008E50"
1710,646770900,646824898,647052482,647022992,647038871,647038872,647052482,646822850,647056578,"decoded_payload_last_chip",1,877.312416,877.621096,262,-0.000000,-1676.710390,"Decawave DW-8",0.957445,1,12,0xD131,0xD131,1,"6188BFF2F0020001000031D1"
1711,647149400,647203368,647430952,647401463,647417341,647417343,647430952,647201320,647435048,"decoded_payload_last_chip",1,877.825749,878.134429,262,0.000000,-1617.465584,"Decawave DW-8",0.957307,1,12,0xE8FA,0xE8FA,1,"6188C0F2F00200010000FAE8"
1712,647527900,647581839,647809423,647779933,647795812,647795813,647809423,647579791,647813519,"decoded_payload_last_chip",1,878.339083,878.647763,262,0.000000,-1650.527791,"Decawave DW-8",0.957005,1,12,0x6945,0x6945,1,"6188C1F2F002000100004569"
1713,647906300,647960310,648187894,648158404,648174283,648174284,648187894,647958262,648191990,"decoded_payload_last_chip",1,878.852417,879.161098,262,0.000000,-1652.821350,"Decawave DW-8",0.957268,1,12,0xE395,0xE395,1,"6188C2F2F0020001000095E3"
1714,648284800,648338780,648566364,648536875,648552753,648552754,648566364,648336732,648570460,"decoded_payload_last_chip",1,879.365750,879.674430,262,0.000000,-1652.314373,"Decawave DW-8",0.957313,1,12,0x622A,0x622A,1,"6188C3F2F002000100002A62"
1715,648663300,648717251,648944835,648915345,648931223,648931225,648944835,648715203,648948931,"decoded_payload_last_chip",1,879.879084,880.187764,262,0.000000,-1652.786426,"Decawave DW-8",0.956612,1,12,0xFE24,0xFE24,1,"6188C4F2F0020001000024FE"
1716,649041800,649095721,649323305,649293816,649309694,649309695,649323305,649093673,649327401,"decoded_payload_last_chip",1,880.392417,880.701097,262,0.000000,-1653.981015,"Decawave DW-8",0.956575,1,12,0x7F9B,0x7F9B,1,"6188C5F2F002000100009B7F"
1717,649420200,649474191,649701775,649672286,649688164,649688166,649701775,649472143,649705871,"decoded_payload_last_chip",1,880.905750,881.214430,262,0.000000,-1656.140075,"Decawave DW-8",0.956374,1,12,0xF54B,0xF54B,1,"6188C6F2F002000100004BF5"
1718,649798700,649852662,650080246,650050756,650066635,650066636,650080246,649850614,650084342,"decoded_payload_last_chip",1,881.419084,881.727764,262,0.000000,-1640.981279,"Decawave DW-8",0.957022,1,12,0x74F4,0x74F4,1,"6188C7F2F00200010000F474"
1719,650177300,650231132,650458717,650429227,650445105,650445107,650458717,650229084,650462813,"decoded_payload_last_chip",1,881.932416,882.241098,262,0.000000,-1640.342940,"Decawave DW-8",0.956882,1,12,0xC546,0xC546,1,"6188C8F2F0020001000046C5"
1720,650555900,650609602,650837188,650807698,650823576,650823578,650837188,650607554,650841284,"decoded_payload_last_chip",1,882.445749,882.754433,262,5.019752,-1881.287706,"Decawave DW-8",0.954059,1,12,0x44F9,0x44F9,1,"6188C9F2F00200010000F944"
1721,650934100,650988073,651215658,651186168,651202046,651202048,651215658,650986025,651219754,"decoded_payload_last_chip",1,882.959083,883.267765,262,-0.000000,-1636.943854,"Decawave DW-8",0.956639,1,12,0xCE29,0xCE29,1,"6188CAF2F0020001000029CE"
1722,651312600,651366544,651594128,651564638,651580517,651580518,651594128,651364496,651598224,"decoded_payload_last_chip",1,883.472418,883.781098,262,0.000000,-1628.197246,"Decawave DW-8",0.956990,1,12,0x4F96,0x4F96,1,"6188CBF2F00200010000964F"
1723,651691400,651745015,651972599,651943109,651958987,651958989,651972599,651742967,651976695,"decoded_payload_last_chip",1,883.985752,884.294432,262,0.000000,-1651.279457,"Decawave DW-8",0.956886,1,12,0xD398,0xD398,1,"6188CCF2F0020001000098D3"
1724,652069700,652123484,652351070,652321580,652337458,652337460,652351070,652121436,652355166,"decoded_payload_last_chip",1,884.499083,884.807766,262,4.287164,-1867.301410,"Decawave DW-8",0.958482,1,12,0x5227,0x5227,1,"6188CDF2F002000100002752"
1725,652448000,652501955,652729539,652700049,652715928,652715929,652729539,652499907,652733635,"decoded_payload_last_chip",1,885.012417,885.321098,262,0.000000,-1646.136895,"Decawave DW-8",0.957016,1,12,0xD8F7,0xD8F7,1,"6188CEF2F00200010000F7D8"
1726,652826700,652880426,653108010,653078521,653094399,653094400,653108010,652878378,653112106,"decoded_payload_last_chip",1,885.525751,885.834432,262,0.000000,-1638.423671,"Decawave DW-8",0.956840,1,12,0x5948,0x5948,1,"6188CFF2F002000100004859"
1727,653204900,653258896,653486481,653456991,653472869,653472871,653486481,653256848,653490577,"decoded_payload_last_chip",1,886.039084,886.347766,262,0.000000,-1639.523915,"Decawave DW-8",0.957388,1,12,0xB382,0xB382,1,"6188D0F2F0020001000082B3"
1728,653583700,653637367,653864951,653835461,653851340,653851341,653864951,653635319,653869047,"decoded_payload_last_chip",1,886.552418,886.861099,262,0.000000,-1664.116073,"Decawave DW-8",0.957097,1,12,0x323D,0x323D,1,"6188D1F2F002000100003D32"
1729,653961900,654015837,654243421,654213932,654229810,654229812,654243421,654013789,654247517,"decoded_payload_last_chip",1,887.065751,887.374432,262,0.000000,-1668.806392,"Decawave DW-8",0.956683,1,12,0xB8ED,0xB8ED,1,"6188D2F2F00200010000EDB8"
1730,654340400,654394308,654621892,654592402,654608281,654608282,654621892,654392260,654625988,"decoded_payload_last_chip",1,887.579085,887.887766,262,0.000000,-1641.817355,"Decawave DW-8",0.957407,1,12,0x3952,0x3952,1,"6188D3F2F002000100005239"
1731,654718800,654772778,655000363,654970873,654986752,654986753,655000363,654770730,655004459,"decoded_payload_last_chip",1,888.092418,888.401100,262,3.885571,-1790.989660,"Decawave DW-8",0.957892,1,12,0xA55C,0xA55C,1,"6188D4F2F002000100005CA5"
1732,655097300,655151249,655378833,655349344,655365222,655365223,655378833,655149201,655382929,"decoded_payload_last_chip",1,888.605752,888.914433,262,0.000000,-1628.246675,"Decawave DW-8",0.957206,1,12,0x24E3,0x24E3,1,"6188D5F2F00200010000E324"
1733,655475800,655529720,655757304,655727814,655743692,655743694,655757304,655527672,655761400,"decoded_payload_last_chip",1,889.119086,889.427767,262,0.000000,-1647.931575,"Decawave DW-8",0.956864,1,12,0xAE33,0xAE33,1,"6188D6F2F0020001000033AE"
1734,655854200,655908190,656135774,656106284,656122163,656122164,656135774,655906142,656139870,"decoded_payload_last_chip",1,889.632419,889.941100,262,0.000000,-1644.338680,"Decawave DW-8",0.956981,1,12,0x2F8C,0x2F8C,1,"6188D7F2F002000100008C2F"
1735,656232700,656286660,656514244,656484755,656500633,656500635,656514244,656284612,656518340,"decoded_payload_last_chip",1,890.145752,890.454433,262,0.000000,-1651.086406,"Decawave DW-8",0.957085,1,12,0x9E3E,0x9E3E,1,"6188D8F2F002000100003E9E"
1736,656611300,656665131,656892715,656863225,656879104,656879105,656892715,656663083,656896811,"decoded_payload_last_chip",1,890.659086,890.967767,262,0.000000,-1625.271148,"Decawave DW-8",0.957072,1,12,0x1F81,0x1F81,1,"6188D9F2F00200010000811F"
1737,656989900,657043601,657271185,657241695,657257574,657257575,657271185,657041553,657275281,"decoded_payload_last_chip",1,891.172419,891.481099,262,0.000000,-1634.533698,"Decawave DW-8",0.956851,1,12,0x9551,0x9551,1,"6188DAF2F002000100005195"
1738,657368100,657422072,657649656,657620166,657636045,657636046,657649656,657420024,657653752,"decoded_payload_last_chip",1,891.685753,891.994434,262,0.000000,-1658.795502,"Decawave DW-8",0.956596,1,12,0x14EE,0x14EE,1,"6188DBF2F00200010000EE14"
1739,657746700,657800542,658028126,657998636,658014515,658014516,658028126,657798494,658032222,"decoded_payload_last_chip",1,892.199086,892.507766,262,0.000000,-1648.756098,"Decawave DW-8",0.957373,1,12,0x88E0,0x88E0,1,"6188DCF2F00200010000E088"
1740,658125400,658179013,658406597,658377108,658392986,658392988,658406597,658176965,658410693,"decoded_payload_last_chip",1,892.712420,893.021101,262,0.892503,-1648.106884,"Decawave DW-8",0.961029,1,12,0x095F,0x095F,1,"6188DDF2F002000100005F09"
1741,658503500,658557483,658785067,658755578,658771456,658771457,658785067,658555435,658789163,"decoded_payload_last_chip",1,893.225753,893.534433,262,0.000000,-1638.913679,"Decawave DW-8",0.956992,1,12,0x838F,0x838F,1,"6188DEF2F002000100008F83"
1742,658882000,658935953,659163538,659134048,659149926,659149928,659163538,658933905,659167634,"decoded_payload_last_chip",1,893.739086,894.047767,262,0.000000,-1635.941933,"Decawave DW-8",0.957256,1,12,0x0230,0x0230,1,"6188DFF2F002000100003002"
1743,659260500,659314424,659542008,659512518,659528397,659528398,659542008,659312376,659546104,"decoded_payload_last_chip",1,894.252420,894.561100,262,-0.000000,-1621.800064,"Decawave DW-8",0.956571,1,12,0x5E0A,0x5E0A,1,"6188E0F2F002000100000A5E"
1744,659638900,659692895,659920479,659890989,659906868,659906869,659920479,659690847,659924575,"decoded_payload_last_chip",1,894.765754,895.074434,262,0.000000,-1656.083751,"Decawave DW-8",0.956470,1,12,0xDFB5,0xDFB5,1,"6188E1F2F00200010000B5DF"
1745,660017400,660071365,660298950,660269460,660285338,660285340,660298950,660069317,660303046,"decoded_payload_last_chip",1,895.279087,895.587769,262,0.000000,-1633.101331,"Decawave DW-8",0.956989,1,12,0x5565,0x5565,1,"6188E2F2F002000100006555"
1746,660395900,660449836,660677420,660647930,660663809,660663810,660677420,660447788,660681516,"decoded_payload_last_chip",1,895.792421,896.101101,262,0.000000,-1666.351090,"Decawave DW-8",0.957054,1,12,0xD4DA,0xD4DA,1,"6188E3F2F00200010000DAD4"
1747,660774400,660828306,661055890,661026401,661042279,661042281,661055890,660826258,661059986,"decoded_payload_last_chip",1,896.305754,896.614434,262,-0.000000,-1662.704775,"Decawave DW-8",0.956841,1,12,0x48D4,0x48D4,1,"6188E4F2F00200010000D448"
1748,661152800,661206776,661434361,661404871,661420749,661420751,661434361,661204728,661438457,"decoded_payload_last_chip",1,896.819086,897.127768,262,0.000000,-1614.631983,"Decawave DW-8",0.956982,1,12,0xC96B,0xC96B,1,"6188E5F2F002000100006BC9"
1749,661531300,661585247,661812831,661783341,661799220,661799221,661812831,661583199,661816927,"decoded_payload_last_chip",1,897.332421,897.641101,262,0.160900,-1646.771645,"Decawave DW-8",0.958570,1,12,0x43BB,0x43BB,1,"6188E6F2F00200010000BB43"
1750,661909800,661963717,662191303,662161813,662177691,662177693,662191303,661961669,662195399,"decoded_payload_last_chip",1,897.845753,898.154437,262,5.010229,-1897.034243,"Decawave DW-8",0.953774,1,12,0xC204,0xC204,1,"6188E7F2F0020001000004C2"
1751,662288200,662342188,662569772,662540283,662556161,662556163,662569772,662340140,662573868,"decoded_payload_last_chip",1,898.359087,898.667768,262,0.000000,-1651.226992,"Decawave DW-8",0.957330,1,12,0x73B6,0x73B6,1,"6188E8F2F00200010000B673"
1752,662666700,662720659,662948243,662918753,662934632,662934633,662948243,662718611,662952339,"decoded_payload_last_chip",1,898.872422,899.181102,262,0.000000,-1650.449863,"Decawave DW-8",0.957454,1,12,0xF209,0xF209,1,"6188E9F2F0020001000009F2"
1753,663045300,663099129,663326714,663297224,663313102,663313104,663326714,663097081,663330810,"decoded_payload_last_chip",1,899.385754,899.694436,262,0.000000,-1659.279497,"Decawave DW-8",0.957624,1,12,0x78D9,0x78D9,1,"6188EAF2F00200010000D978"
1754,663423600,663477600,663705184,663675695,663691573,663691574,663705184,663475552,663709280,"decoded_payload_last_chip",1,899.899089,900.207769,262,0.158273,-1646.459174,"Decawave DW-8",0.958683,1,12,0xF966,0xF966,1,"6188EBF2F0020001000066F9"
1755,663802300,663856070,664083655,664054165,664070043,664070045,664083655,663854022,664087751,"decoded_payload_last_chip",1,900.412421,900.721103,262,-0.000000,-1663.471729,"Decawave DW-8",0.956994,1,12,0x6568,0x6568,1,"6188ECF2F002000100006865"
1756,664180600,664234541,664462125,664432635,664448514,664448515,664462125,664232493,664466221,"decoded_payload_last_chip",1,900.925755,901.234436,262,0.000000,-1646.100213,"Decawave DW-8",0.957234,1,12,0xE4D7,0xE4D7,1,"6188EDF2F00200010000D7E4"
1757,664559200,664613011,664840595,664811105,664826984,664826985,664840595,664610963,664844691,"decoded_payload_last_chip",1,901.439088,901.747769,262,0.000000,-1624.681443,"Decawave DW-8",0.956842,1,12,0x6E07,0x6E07,1,"6188EEF2F00200010000076E"
1758,664937500,664991482,665219066,665189576,665205454,665205456,665219066,664989434,665223162,"decoded_payload_last_chip",1,901.952422,902.261103,262,0.000000,-1650.202795,"Decawave DW-8",0.956900,1,12,0xEFB8,0xEFB8,1,"6188EFF2F00200010000B8EF"
1759,665315440,665369952,665597537,665568047,665583925,665583927,665597537,665367904,665601633,"decoded_payload_last_chip",1,902.465755,902.774437,262,2.243406,-1701.747350,"Decawave DW-8",0.956672,1,12,0x0572,0x0572,1,"6188F0F2F002000100007205"
1760,665694500,665748422,665976007,665946517,665962395,665962397,665976007,665746374,665980103,"decoded_payload_last_chip",1,902.979088,903.287770,262,-0.000000,-1661.109407,"Decawave DW-8",0.957429,1,12,0x84CD,0x84CD,1,"6188F1F2F00200010000CD84"
1761,666072900,666126893,666354478,666324988,666340866,666340868,666354478,666124845,666358574,"decoded_payload_last_chip",1,903.492422,903.801104,262,0.000000,-1662.227722,"Decawave DW-8",0.957316,1,12,0x0E1D,0x0E1D,1,"6188F2F2F002000100001D0E"
1762,666451400,666505364,666732948,666703458,666719337,666719338,666732948,666503316,666737044,"decoded_payload_last_chip",1,904.005756,904.314437,262,0.000000,-1632.243504,"Decawave DW-8",0.957296,1,12,0x8FA2,0x8FA2,1,"6188F3F2F00200010000A28F"
1763,666829900,666883834,667111419,667081929,667097807,667097809,667111419,666881786,667115515,"decoded_payload_last_chip",1,904.519089,904.827771,262,-0.000000,-1655.704053,"Decawave DW-8",0.957147,1,12,0x13AC,0x13AC,1,"6188F4F2F00200010000AC13"
1764,667208400,667262305,667489889,667460399,667476278,667476279,667489889,667260257,667493985,"decoded_payload_last_chip",1,905.032423,905.341104,262,0.000000,-1641.849788,"Decawave DW-8",0.956437,1,12,0x9213,0x9213,1,"6188F5F2F002000100001392"
1765,667586800,667640775,667868359,667838869,667854748,667854749,667868359,667638727,667872455,"decoded_payload_last_chip",1,905.545756,905.854437,262,0.000000,-1649.375664,"Decawave DW-8",0.957534,1,12,0x18C3,0x18C3,1,"6188F6F2F00200010000C318"
1766,667965484,668019245,668246830,668217340,668233218,668233220,668246830,668017197,668250926,"decoded_payload_last_chip",1,906.059089,906.367771,262,0.000000,-1639.839639,"Decawave DW-8",0.957048,1,12,0x997C,0x997C,1,"6188F7F2F002000100007C99"
1767,668343800,668397716,668625300,668595810,668611689,668611690,668625300,668395668,668629396,"decoded_payload_last_chip",1,906.572423,906.881104,262,0.000000,-1670.513369,"Decawave DW-8",0.957239,1,12,0x28CE,0x28CE,1,"6188F8F2F00200010000CE28"
1768,668722200,668776187,669003771,668974281,668990160,668990161,669003771,668774139,669007867,"decoded_payload_last_chip",1,907.085757,907.394438,262,0.000000,-1619.666374,"Decawave DW-8",0.957144,1,12,0xA971,0xA971,1,"6188F9F2F0020001000071A9"
1769,669100700,669154657,669382241,669352752,669368630,669368632,669382241,669152609,669386337,"decoded_payload_last_chip",1,907.599090,907.907770,262,0.000000,-1669.260972,"Decawave DW-8",0.956879,1,12,0x23A1,0x23A1,1,"6188FAF2F00200010000A123"
1770,669479300,669533128,669760712,669731222,669747101,669747102,669760712,669531080,669764808,"decoded_payload_last_chip",1,908.112424,908.421105,262,0.000000,-1658.027225,"Decawave DW-8",0.956676,1,12,0xA21E,0xA21E,1,"6188FBF2F002000100001EA2"
1771,669857600,669911598,670139182,670109692,670125571,670125572,670139182,669909550,670143278,"decoded_payload_last_chip",1,908.625757,908.934437,262,-0.000000,-1635.126907,"Decawave DW-8",0.957223,1,12,0x3E10,0x3E10,1,"6188FCF2F00200010000103E"
1772,670236100,670290068,670517654,670488164,670504042,670504044,670517654,670288020,670521750,"decoded_payload_last_chip",1,909.139090,909.447773,262,4.564635,-1889.528580,"Decawave DW-8",0.957551,1,12,0xBFAF,0xBFAF,1,"6188FDF2F00200010000AFBF"
1773,670614600,670668539,670896124,670866634,670882513,670882514,670896124,670666491,670900220,"decoded_payload_last_chip",1,909.652424,909.961106,262,0.653123,-1659.301751,"Decawave DW-8",0.961648,1,12,0x357F,0x357F,1,"6188FEF2F002000100007F35"
1774,670993200,671047009,671274594,671245104,671260982,671260984,671274594,671044961,671278690,"decoded_payload_last_chip",1,910.165757,910.474438,262,0.000000,-1647.904296,"Decawave DW-8",0.957417,1,12,0xB4C0,0xB4C0,1,"6188FFF2F00200010000C0B4"
1775,671371600,671425480,671653065,671623575,671639453,671639455,671653065,671423432,671657161,"decoded_payload_last_chip",1,910.679091,910.987773,262,0.000000,-1626.450857,"Decawave DW-8",0.957003,1,12,0x46E9,0x46E9,1,"618800F2F00200010000E946"
1776,671750000,671803951,672031535,672002045,672017923,672017925,672031535,671801903,672035631,"decoded_payload_last_chip",1,911.192425,911.501105,262,0.000000,-1666.538586,"Decawave DW-8",0.957161,1,12,0xC756,0xC756,1,"618801F2F0020001000056C7"
1777,672128500,672182421,672410005,672380516,672396394,672396395,672410005,672180373,672414101,"decoded_payload_last_chip",1,911.705758,912.014438,262,0.000000,-1631.731113,"Decawave DW-8",0.957322,1,12,0x4D86,0x4D86,1,"618802F2F00200010000864D"
1778,672506500,672560891,672788476,672758986,672774864,672774866,672788476,672558843,672792572,"decoded_payload_last_chip",1,912.219090,912.527772,262,0.000000,-1646.018988,"Decawave DW-8",0.956960,1,12,0xCC39,0xCC39,1,"618803F2F0020001000039CC"
1779,672885400,672939362,673166947,673137457,673153335,673153337,673166947,672937314,673171043,"decoded_payload_last_chip",1,912.732425,913.041106,262,0.000000,-1652.820066,"Decawave DW-8",0.956914,1,12,0x5037,0x5037,1,"618804F2F002000100003750"
1780,673264000,673317832,673545417,673515927,673531805,673531807,673545417,673315784,673549513,"decoded_payload_last_chip",1,913.245757,913.554439,262,0.000000,-1619.444438,"Decawave DW-8",0.956898,1,12,0xD188,0xD188,1,"618805F2F0020001000088D1"
1781,673642600,673696303,673923887,673894398,673910276,673910278,673923887,673694255,673927983,"decoded_payload_last_chip",1,913.759092,914.067772,262,0.000000,-1668.530785,"Decawave DW-8",0.957372,1,12,0x5B58,0x5B58,1,"618806F2F00200010000585B"
1782,674020800,674074773,674302358,674272868,674288746,674288748,674302358,674072725,674306454,"decoded_payload_last_chip",1,914.272424,914.581106,262,0.000000,-1644.877157,"Decawave DW-8",0.956855,1,12,0xDAE7,0xDAE7,1,"618807F2F00200010000E7DA"
1783,674399300,674453244,674680828,674651338,674667217,674667218,674680828,674451196,674684924,"decoded_payload_last_chip",1,914.785758,915.094439,262,0.000000,-1638.032501,"Decawave DW-8",0.956721,1,12,0x6B55,0x6B55,1,"618808F2F00200010000556B"
1784,674778100,674831715,675059299,675029809,675045687,675045689,675059299,674829667,675063395,"decoded_payload_last_chip",1,915.299093,915.607773,262,0.000000,-1676.107254,"Decawave DW-8",0.957243,1,12,0xEAEA,0xEAEA,1,"618809F2F00200010000EAEA"
1785,675156300,675210185,675437769,675408279,675424158,675424159,675437769,675208137,675441865,"decoded_payload_last_chip",1,915.812425,916.121106,262,-0.000000,-1663.662473,"Decawave DW-8",0.956718,1,12,0x603A,0x603A,1,"61880AF2F002000100003A60"
1786,675534700,675588656,675816240,675786750,675802629,675802630,675816240,675586608,675820336,"decoded_payload_last_chip",1,916.325760,916.634440,262,0.000000,-1651.564709,"Decawave DW-8",0.956744,1,12,0xE185,0xE185,1,"61880BF2F0020001000085E1"
1787,675913400,675967126,676194710,676165221,676181099,676181100,676194710,675965078,676198806,"decoded_payload_last_chip",1,916.839092,917.147773,262,0.000000,-1650.095970,"Decawave DW-8",0.957104,1,12,0x7D8B,0x7D8B,1,"61880CF2F002000100008B7D"
1788,676291600,676345596,676573181,676543691,676559569,676559571,676573181,676343548,676577277,"decoded_payload_last_chip",1,917.352425,917.661107,262,0.000000,-1647.211970,"Decawave DW-8",0.957203,1,12,0xFC34,0xFC34,1,"61880DF2F0020001000034FC"
1789,676670200,676724067,676951651,676922162,676938040,676938041,676951651,676722019,676955747,"decoded_payload_last_chip",1,917.865759,918.174440,262,0.000000,-1654.034276,"Decawave DW-8",0.957181,1,12,0x76E4,0x76E4,1,"61880EF2F00200010000E476"
1790,677048600,677102537,677330121,677300632,677316510,677316512,677330121,677100489,677334217,"decoded_payload_last_chip",1,918.379092,918.687773,262,0.000000,-1645.894218,"Decawave DW-8",0.957152,1,12,0xF75B,0xF75B,1,"61880FF2F002000100005BF7"
1791,677427200,677481008,677708592,677679103,677694981,677694982,677708592,677478960,677712688,"decoded_payload_last_chip",1,918.892426,919.201107,262,0.000000,-1636.825218,"Decawave DW-8",0.957203,1,12,0x1D91,0x1D91,1,"618810F2F00200010000911D"
1792,677805500,677859479,678087063,678057573,678073452,678073453,678087063,677857431,678091159,"decoded_payload_last_chip",1,919.405760,919.714441,262,0.000000,-1658.625880,"Decawave DW-8",0.956968,1,12,0x9C2E,0x9C2E,1,"618811F2F002000100002E9C"
1793,678184200,678237949,678465533,678436043,678451922,678451923,678465533,678235901,678469629,"decoded_payload_last_chip",1,919.919093,920.227774,262,0.000000,-1673.690289,"Decawave DW-8",0.956667,1,12,0x16FE,0x16FE,1,"618812F2F00200010000FE16"
1794,678562500,678616420,678844004,678814514,678830392,678830394,678844004,678614372,678848100,"decoded_payload_last_chip",1,920.432427,920.741108,262,0.000000,-1641.705232,"Decawave DW-8",0.956408,1,12,0x9741,0x9741,1,"618813F2F002000100004197"
1795,678940900,678994890,679222475,679192985,679208864,679208865,679222475,678992842,679226571,"decoded_payload_last_chip",1,920.945760,921.254442,262,5.365851,-1931.474075,"Decawave DW-8",0.954371,1,12,0x0B4F,0x0B4F,1,"618814F2F002000100004F0B"
1796,679319400,679373361,679600945,679571455,679587334,679587335,679600945,679371313,679605041,"decoded_payload_last_chip",1,921.459094,921.767775,262,0.000000,-1629.075146,"Decawave DW-8",0.957213,1,12,0x8AF0,0x8AF0,1,"618815F2F00200010000F08A"
1797,679698000,679751831,679979415,679949925,679965804,679965805,679979415,679749783,679983511,"decoded_payload_last_chip",1,921.972427,922.281108,262,0.000000,-1630.372886,"Decawave DW-8",0.957029,1,12,0x0020,0x0020,1,"618816F2F002000100002000"
1798,680076600,680130302,680357886,680328396,680344275,680344276,680357886,680128254,680361982,"decoded_payload_last_chip",1,922.485761,922.794442,262,0.000000,-1648.065548,"Decawave DW-8",0.956868,1,12,0x819F,0x819F,1,"618817F2F002000100009F81"
1799,680454800,680508772,680736356,680706866,680722745,680722746,680736356,680506724,680740452,"decoded_payload_last_chip",1,922.999094,923.307775,262,0.000000,-1637.796915,"Decawave DW-8",0.956199,1,12,0x302D,0x302D,1,"618818F2F002000100002D30"
1800,680833400,680887243,681114827,681085337,681101216,681101217,681114827,680885195,681118923,"decoded_payload_last_chip",1,923.512428,923.821109,262,0.000000,-1633.973634,"Decawave DW-8",0.956521,1,12,0xB192,0xB192,1,"618819F2F0020001000092B1"
1801,681212200,681265713,681493298,681463808,681479686,681479688,681493298,681263665,681497394,"decoded_payload_last_chip",1,924.025761,924.334443,262,0.000000,-1648.990400,"Decawave DW-8",0.957046,1,12,0x3B42,0x3B42,1,"61881AF2F00200010000423B"
1802,681590200,681644184,681871768,681842278,681858157,681858158,681871768,681642136,681875864,"decoded_payload_last_chip",1,924.539095,924.847776,262,0.000000,-1621.428727,"Decawave DW-8",0.956896,1,12,0xBAFD,0xBAFD,1,"61881BF2F00200010000FDBA"
1803,681968700,682022654,682250238,682220749,682236627,682236629,682250238,682020606,682254334,"decoded_payload_last_chip",1,925.052428,925.361108,262,0.000000,-1630.397897,"Decawave DW-8",0.956959,1,12,0x26F3,0x26F3,1,"61881CF2F00200010000F326"
1804,682347200,682401125,682628709,682599219,682615098,682615099,682628709,682399077,682632805,"decoded_payload_last_chip",1,925.565762,925.874443,262,0.000000,-1638.303684,"Decawave DW-8",0.956798,1,12,0xA74C,0xA74C,1,"61881DF2F002000100004CA7"
1805,682725600,682779595,683007179,682977689,682993568,682993569,683007179,682777547,683011275,"decoded_payload_last_chip",1,926.079095,926.387775,262,0.000000,-1658.753589,"Decawave DW-8",0.957367,1,12,0x2D9C,0x2D9C,1,"61881EF2F002000100009C2D"
1806,683104200,683158066,683385650,683356160,683372039,683372040,683385650,683156018,683389746,"decoded_payload_last_chip",1,926.592429,926.901109,262,0.000000,-1644.451474,"Decawave DW-8",0.956982,1,12,0xAC23,0xAC23,1,"61881FF2F0020001000023AC"
1807,683482600,683536536,683764120,683734630,683750509,683750510,683764120,683534488,683768216,"decoded_payload_last_chip",1,927.105762,927.414442,262,0.000000,-1648.968318,"Decawave DW-8",0.957378,1,12,0xF019,0xF019,1,"618820F2F0020001000019F0"
1808,683861100,683915006,684142590,684113101,684128979,684128981,684142590,683912958,684146686,"decoded_payload_last_chip",1,927.619095,927.927775,262,-0.000000,-1629.789355,"Decawave DW-8",0.957601,1,12,0x71A6,0x71A6,1,"618821F2F00200010000A671"
1809,684239500,684293477,684521061,684491572,684507450,684507452,684521061,684291429,684525157,"decoded_payload_last_chip",1,928.132429,928.441109,262,-0.000000,-1649.344106,"Decawave DW-8",0.956786,1,12,0xFB76,0xFB76,1,"618822F2F0020001000076FB"
1810,684618000,684671948,684899532,684870042,684885920,684885922,684899532,684669900,684903628,"decoded_payload_last_chip",1,928.645763,928.954443,262,0.000000,-1646.298390,"Decawave DW-8",0.956231,1,12,0x7AC9,0x7AC9,1,"618823F2F00200010000C97A"
1811,684996500,685050418,685278002,685248513,685264391,685264392,685278002,685048370,685282098,"decoded_payload_last_chip",1,929.159096,929.467776,262,-0.000000,-1650.260387,"Decawave DW-8",0.956777,1,12,0xE6C7,0xE6C7,1,"618824F2F00200010000C7E6"
1812,685374900,685428888,685656472,685626983,685642861,685642863,685656472,685426840,685660568,"decoded_payload_last_chip",1,929.672428,929.981109,262,-0.000000,-1665.379516,"Decawave DW-8",0.956655,1,12,0x6778,0x6778,1,"618825F2F002000100007867"
1813,685753500,685807359,686034943,686005453,686021332,686021333,686034943,685805311,686039039,"decoded_payload_last_chip",1,930.185763,930.494443,262,0.000000,-1637.991631,"Decawave DW-8",0.956454,1,12,0xEDA8,0xEDA8,1,"618826F2F00200010000A8ED"
1814,686131900,686185829,686413415,686383925,686399803,686399805,686413415,686183781,686417511,"decoded_payload_last_chip",1,930.699095,931.007779,262,5.533319,-1914.692310,"Decawave DW-8",0.953514,1,12,0x6C17,0x6C17,1,"618827F2F00200010000176C"
1815,686510300,686564300,686791884,686762395,686778273,686778274,686791884,686562252,686795980,"decoded_payload_last_chip",1,931.212429,931.521110,262,0.000000,-1678.423176,"Decawave DW-8",0.956847,1,12,0xDDA5,0xDDA5,1,"618828F2F00200010000A5DD"
1816,686888800,686942770,687170355,687140865,687156743,687156745,687170355,686940722,687174451,"decoded_payload_last_chip",1,931.725762,932.034444,262,0.000000,-1658.300340,"Decawave DW-8",0.956289,1,12,0x5C1A,0x5C1A,1,"618829F2F002000100001A5C"
1817,687267300,687321241,687548825,687519335,687535214,687535215,687548825,687319193,687552921,"decoded_payload_last_chip",1,932.239096,932.547777,262,0.000000,-1667.211462,"Decawave DW-8",0.956843,1,12,0xD6CA,0xD6CA,1,"61882AF2F00200010000CAD6"
1818,687645900,687699712,687927296,687897806,687913685,687913686,687927296,687697664,687931392,"decoded_payload_last_chip",1,932.752431,933.061111,262,0.000000,-1656.246345,"Decawave DW-8",0.956278,1,12,0x5775,0x5775,1,"61882BF2F002000100007557"
1819,688024200,688078182,688305767,688276277,688292155,688292157,688305767,688076134,688309863,"decoded_payload_last_chip",1,933.265763,933.574445,262,-0.000000,-1647.677600,"Decawave DW-8",0.956409,1,12,0xCB7B,0xCB7B,1,"61882CF2F002000100007BCB"
1820,688402700,688456653,688684237,688654747,688670626,688670627,688684237,688454605,688688333,"decoded_payload_last_chip",1,933.779097,934.087778,262,0.000000,-1611.879997,"Decawave DW-8",0.956828,1,12,0x4AC4,0x4AC4,1,"61882DF2F00200010000C44A"
1821,688781200,688835123,689062707,689033218,689049096,689049098,689062707,688833075,689066803,"decoded_payload_last_chip",1,934.292430,934.601111,262,0.000000,-1671.596310,"Decawave DW-8",0.956557,1,12,0xC014,0xC014,1,"61882EF2F0020001000014C0"
1822,689159600,689213593,689441178,689411688,689427566,689427568,689441178,689211545,689445274,"decoded_payload_last_chip",1,934.805763,935.114445,262,0.000000,-1647.594332,"Decawave DW-8",0.957495,1,12,0x41AB,0x41AB,1,"61882FF2F00200010000AB41"
1823,689538100,689592064,689819648,689790158,689806037,689806038,689819648,689590016,689823744,"decoded_payload_last_chip",1,935.319097,935.627778,262,0.000000,-1658.515434,"Decawave DW-8",0.956626,1,12,0xAB61,0xAB61,1,"618830F2F0020001000061AB"
1824,689916600,689970534,690198119,690168629,690184507,690184509,690198119,689968486,690202215,"decoded_payload_last_chip",1,935.832430,936.141112,262,-0.000000,-1668.976596,"Decawave DW-8",0.956905,1,12,0x2ADE,0x2ADE,1,"618831F2F00200010000DE2A"
1825,690295100,690349005,690576589,690547099,690562978,690562979,690576589,690346957,690580685,"decoded_payload_last_chip",1,936.345764,936.654445,262,0.000000,-1633.178957,"Decawave DW-8",0.956851,1,12,0xA00E,0xA00E,1,"618832F2F002000100000EA0"
1826,690673500,690727476,690955060,690925570,690941449,690941450,690955060,690725428,690959156,"decoded_payload_last_chip",1,936.859098,937.167779,262,0.000000,-1662.329709,"Decawave DW-8",0.956697,1,12,0x21B1,0x21B1,1,"618833F2F00200010000B121"
1827,691052000,691105946,691333530,691304041,691319919,691319920,691333530,691103898,691337626,"decoded_payload_last_chip",1,937.372431,937.681112,262,0.000000,-1644.120223,"Decawave DW-8",0.956826,1,12,0xBDBF,0xBDBF,1,"618834F2F00200010000BFBD"
1828,691430500,691484417,691712001,691682511,691698389,691698391,691712001,691482369,691716097,"decoded_payload_last_chip",1,937.885765,938.194446,262,0.000000,-1623.602252,"Decawave DW-8",0.956605,1,12,0x3C00,0x3C00,1,"618835F2F00200010000003C"
1829,691808900,691862887,692090471,692060981,692076860,692076861,692090471,691860839,692094567,"decoded_payload_last_chip",1,938.399098,938.707779,262,0.000000,-1661.812816,"Decawave DW-8",0.955604,1,12,0xB6D0,0xB6D0,1,"618836F2F00200010000D0B6"
1830,692187400,692241357,692468941,692439452,692455330,692455332,692468941,692239309,692473037,"decoded_payload_last_chip",1,938.912431,939.221111,262,0.000000,-1670.436077,"Decawave DW-8",0.956568,1,12,0x376F,0x376F,1,"618837F2F002000100006F37"
1831,692566000,692619828,692847412,692817922,692833801,692833802,692847412,692617780,692851508,"decoded_payload_last_chip",1,939.425765,939.734446,262,0.000000,-1664.703506,"Decawave DW-8",0.956888,1,12,0x86DD,0x86DD,1,"618838F2F00200010000DD86"
1832,692944300,692998299,693225883,693196393,693212271,693212273,693225883,692996251,693229979,"decoded_payload_last_chip",1,939.939099,940.247780,262,0.000000,-1635.339304,"Decawave DW-8",0.956575,1,12,0x0762,0x0762,1,"618839F2F002000100006207"
1833,693322800,693376769,693604353,693574864,693590742,693590743,693604353,693374721,693608449,"decoded_payload_last_chip",1,940.452432,940.761112,262,0.000000,-1663.245934,"Decawave DW-8",0.956395,1,12,0x8DB2,0x8DB2,1,"61883AF2F00200010000B28D"
1834,693701300,693755239,693982824,693953334,693969212,693969214,693982824,693753191,693986920,"decoded_payload_last_chip",1,940.965765,941.274447,262,0.000000,-1656.030493,"Decawave DW-8",0.956657,1,12,0x0C0D,0x0C0D,1,"61883BF2F002000100000D0C"
1835,694079900,694133710,694361294,694331805,694347683,694347685,694361294,694131662,694365390,"decoded_payload_last_chip",1,941.479099,941.787779,262,0.000000,-1636.138545,"Decawave DW-8",0.956511,1,12,0x9003,0x9003,1,"61883CF2F002000100000390"
1836,694458200,694512181,694739765,694710276,694726154,694726155,694739765,694510133,694743861,"decoded_payload_last_chip",1,941.992433,942.301114,262,0.896771,-1642.430005,"Decawave DW-8",0.961081,1,12,0x11BC,0x11BC,1,"61883DF2F00200010000BC11"
1837,694836700,694890651,695118236,695088746,695104624,695104626,695118236,694888603,695122332,"decoded_payload_last_chip",1,942.505766,942.814448,262,3.972917,-1799.030579,"Decawave DW-8",0.956718,1,12,0x9B6C,0x9B6C,1,"61883EF2F002000100006C9B"
1838,695215200,695269122,695496706,695467216,695483095,695483096,695496706,695267074,695500802,"decoded_payload_last_chip",1,943.019100,943.327780,262,0.000000,-1647.742764,"Decawave DW-8",0.956865,1,12,0x1AD3,0x1AD3,1,"61883FF2F00200010000D31A"
1839,695593600,695647592,695875176,695845686,695861565,695861566,695875176,695645544,695879272,"decoded_payload_last_chip",1,943.532433,943.841113,262,0.000000,-1657.511238,"Decawave DW-8",0.956919,1,12,0x2318,0x2318,1,"618840F2F002000100001823"
1840,695972100,696026062,696253647,696224157,696240035,696240037,696253647,696024014,696257743,"decoded_payload_last_chip",1,944.045766,944.354447,262,0.000000,-1614.596529,"Decawave DW-8",0.956511,1,12,0xA2A7,0xA2A7,1,"618841F2F00200010000A7A2"
1841,696350600,696404533,696632117,696602627,696618506,696618507,696632117,696402485,696636213,"decoded_payload_last_chip",1,944.559100,944.867780,262,0.000000,-1679.360942,"Decawave DW-8",0.956771,1,12,0x2877,0x2877,1,"618842F2F002000100007728"
1842,696729300,696783003,697010587,696981098,696996976,696996978,697010587,696780955,697014683,"decoded_payload_last_chip",1,945.072432,945.381113,262,0.000000,-1651.819868,"Decawave DW-8",0.956373,1,12,0xA9C8,0xA9C8,1,"618843F2F00200010000C8A9"
1843,697107500,697161474,697389058,697359569,697375447,697375449,697389058,697159426,697393154,"decoded_payload_last_chip",1,945.585767,945.894447,262,0.000000,-1624.747535,"Decawave DW-8",0.956661,1,12,0x35C6,0x35C6,1,"618844F2F00200010000C635"
1844,697486100,697539944,697767528,697738039,697753917,697753919,697767528,697537896,697771624,"decoded_payload_last_chip",1,946.099099,946.407780,262,0.000000,-1663.368709,"Decawave DW-8",0.957122,1,12,0xB479,0xB479,1,"618845F2F0020001000079B4"
1845,697864500,697918415,698145999,698116510,698132388,698132389,698145999,697916367,698150095,"decoded_payload_last_chip",1,946.612434,946.921114,262,0.000000,-1653.538895,"Decawave DW-8",0.957545,1,12,0x3EA9,0x3EA9,1,"618846F2F00200010000A93E"
1846,698242900,698296885,698524469,698494980,698510858,698510860,698524469,698294837,698528565,"decoded_payload_last_chip",1,947.125766,947.434447,262,0.000000,-1667.293746,"Decawave DW-8",0.957262,1,12,0xBF16,0xBF16,1,"618847F2F0020001000016BF"
1847,698621400,698675356,698902940,698873450,698889329,698889330,698902940,698673308,698907036,"decoded_payload_last_chip",1,947.639100,947.947781,262,0.000000,-1635.930314,"Decawave DW-8",0.956634,1,12,0x0EA4,0x0EA4,1,"618848F2F00200010000A40E"
1848,698999900,699053826,699281410,699251921,699267799,699267801,699281410,699051778,699285506,"decoded_payload_last_chip",1,948.152433,948.461114,262,0.000000,-1645.862566,"Decawave DW-8",0.957061,1,12,0x8F1B,0x8F1B,1,"618849F2F002000100001B8F"
1849,699378300,699432297,699659881,699630392,699646270,699646271,699659881,699430249,699663977,"decoded_payload_last_chip",1,948.665767,948.974448,262,0.000000,-1664.464322,"Decawave DW-8",0.956222,1,12,0x05CB,0x05CB,1,"61884AF2F00200010000CB05"
1850,699756900,699810767,700038351,700008862,700024740,700024741,700038351,699808719,700042447,"decoded_payload_last_chip",1,949.179100,949.487781,262,-0.000000,-1661.836965,"Decawave DW-8",0.956917,1,12,0x8474,0x8474,1,"61884BF2F002000100007484"
1851,700135300,700189238,700416822,700387332,700403211,700403212,700416822,700187190,700420918,"decoded_payload_last_chip",1,949.692434,950.001115,262,0.000000,-1633.424181,"Decawave DW-8",0.956631,1,12,0x187A,0x187A,1,"61884CF2F002000100007A18"
1852,700513800,700567708,700795293,700765803,700781681,700781683,700795293,700565660,700799389,"decoded_payload_last_chip",1,950.205767,950.514449,262,0.000000,-1635.420531,"Decawave DW-8",0.956942,1,12,0x99C5,0x99C5,1,"61884DF2F00200010000C599"
1853,700892300,700946179,701173763,701144273,701160152,701160153,701173763,700944131,701177859,"decoded_payload_last_chip",1,950.719101,951.027782,262,0.000000,-1651.194601,"Decawave DW-8",0.956815,1,12,0x1315,0x1315,1,"61884EF2F002000100001513"
1854,701270900,701324650,701552234,701522744,701538623,701538624,701552234,701322602,701556330,"decoded_payload_last_chip",1,951.232435,951.541116,262,0.000000,-1648.951943,"Decawave DW-8",0.956000,1,12,0x92AA,0x92AA,1,"61884FF2F00200010000AA92"
1855,701649200,701703120,701930704,701901214,701917092,701917094,701930704,701701072,701934800,"decoded_payload_last_chip",1,951.745768,952.054449,262,0.000000,-1652.285358,"Decawave DW-8",0.956256,1,12,0x7860,0x7860,1,"618850F2F002000100006078"
1856,702027600,702081590,702309175,702279685,702295563,702295565,702309175,702079542,702313271,"decoded_payload_last_chip",1,952.259101,952.567783,262,0.000000,-1650.007053,"Decawave DW-8",0.956821,1,12,0xF9DF,0xF9DF,1,"618851F2F00200010000DFF9"
1857,702406100,702460061,702687645,702658155,702674034,702674035,702687645,702458013,702691741,"decoded_payload_last_chip",1,952.772435,953.081116,262,0.000000,-1674.064989,"Decawave DW-8",0.956954,1,12,0x730F,0x730F,1,"618852F2F002000100000F73"
1858,702784700,702838532,703066116,703036626,703052505,703052506,703066116,702836484,703070212,"decoded_payload_last_chip",1,953.285769,953.594450,262,0.000000,-1652.810696,"Decawave DW-8",0.956913,1,12,0xF2B0,0xF2B0,1,"618853F2F00200010000B0F2"
1859,703163300,703217002,703444586,703415096,703430975,703430976,703444586,703214954,703448682,"decoded_payload_last_chip",1,953.799102,954.107783,262,0.000000,-1666.114327,"Decawave DW-8",0.956527,1,12,0x6EBE,0x6EBE,1,"618854F2F00200010000BE6E"
1860,703541500,703595473,703823057,703793567,703809446,703809447,703823057,703593425,703827153,"decoded_payload_last_chip",1,954.312436,954.621117,262,0.311949,-1652.819621,"Decawave DW-8",0.959682,1,12,0xEF01,0xEF01,1,"618855F2F0020001000001EF"
1861,703920200,703973943,704201527,704172038,704187916,704187917,704201527,703971895,704205623,"decoded_payload_last_chip",1,954.825769,955.134450,262,0.000000,-1643.803321,"Decawave DW-8",0.957435,1,12,0x65D1,0x65D1,1,"618856F2F00200010000D165"
1862,704298900,704352413,704579998,704550508,704566386,704566388,704579998,704350365,704584094,"decoded_payload_last_chip",1,955.339102,955.647784,262,0.000000,-1638.446162,"Decawave DW-8",0.956949,1,12,0xE46E,0xE46E,1,"618857F2F002000100006EE4"
1863,704676900,704730884,704958468,704928978,704944857,704944858,704958468,704728836,704962564,"decoded_payload_last_chip",1,955.852436,956.161117,262,0.000000,-1659.574369,"Decawave DW-8",0.956545,1,12,0x55DC,0x55DC,1,"618858F2F00200010000DC55"
1864,705055400,705109354,705336938,705307449,705323327,705323329,705336938,705107306,705341034,"decoded_payload_last_chip",1,956.365769,956.674449,262,0.000000,-1660.760277,"Decawave DW-8",0.956747,1,12,0xD463,0xD463,1,"618859F2F0020001000063D4"
1865,705433900,705487825,705715409,705685919,705701798,705701799,705715409,705485777,705719505,"decoded_payload_last_chip",1,956.879103,957.187783,262,0.000000,-1643.895827,"Decawave DW-8",0.956110,1,12,0x5EB3,0x5EB3,1,"61885AF2F00200010000B35E"
1866,705812300,705866296,706093880,706064390,706080268,706080270,706093880,705864248,706097976,"decoded_payload_last_chip",1,957.392437,957.701118,262,0.000000,-1645.691621,"Decawave DW-8",0.956594,1,12,0xDF0C,0xDF0C,1,"61885BF2F002000100000CDF"
1867,706190900,706244766,706472350,706442860,706458739,706458740,706472350,706242718,706476446,"decoded_payload_last_chip",1,957.905770,958.214450,262,0.000000,-1655.192724,"Decawave DW-8",0.956495,1,12,0x4302,0x4302,1,"61885CF2F002000100000243"
1868,706569300,706623236,706850821,706821331,706837209,706837211,706850821,706621188,706854917,"decoded_payload_last_chip",1,958.419103,958.727785,262,0.000000,-1646.829364,"Decawave DW-8",0.956243,1,12,0xC2BD,0xC2BD,1,"61885DF2F00200010000BDC2"
1869,706947800,707001707,707229291,707199801,707215680,707215681,707229291,706999659,707233387,"decoded_payload_last_chip",1,958.932437,959.241117,262,0.000000,-1642.081392,"Decawave DW-8",0.956426,1,12,0x486D,0x486D,1,"61885EF2F002000100006D48"
1870,707326200,707380177,707607761,707578272,707594150,707594152,707607761,707378129,707611857,"decoded_payload_last_chip",1,959.445770,959.754450,262,-0.000000,-1658.281812,"Decawave DW-8",0.957154,1,12,0xC9D2,0xC9D2,1,"61885FF2F00200010000D2C9"
1871,707704700,707758648,707986232,707956742,707972620,707972622,707986232,707756600,707990328,"decoded_payload_last_chip",1,959.959104,960.267784,262,0.000000,-1623.817915,"Decawave DW-8",0.957069,1,12,0x95E8,0x95E8,1,"618860F2F00200010000E895"
1872,708083200,708137118,708364702,708335213,708351091,708351092,708364702,708135070,708368798,"decoded_payload_last_chip",1,960.472437,960.781117,262,-0.000000,-1647.565115,"Decawave DW-8",0.956719,1,12,0x1457,0x1457,1,"618861F2F002000100005714"
1873,708461600,708515589,708743173,708713683,708729562,708729563,708743173,708513541,708747269,"decoded_payload_last_chip",1,960.985771,961.294451,262,0.000000,-1642.296241,"Decawave DW-8",0.956850,1,12,0x9E87,0x9E87,1,"618862F2F00200010000879E"
1874,708840100,708894059,709121644,709092154,709108032,709108034,709121644,708892011,709125740,"decoded_payload_last_chip",1,961.499103,961.807785,262,0.000000,-1650.769134,"Decawave DW-8",0.956526,1,12,0x1F38,0x1F38,1,"618863F2F00200010000381F"
1875,709218600,709272530,709500114,709470624,709486503,709486504,709500114,709270482,709504210,"decoded_payload_last_chip",1,962.012438,962.321118,262,-0.000000,-1658.951876,"Decawave DW-8",0.956620,1,12,0x8336,0x8336,1,"618864F2F002000100003683"
1876,709597000,709651000,709878584,709849095,709864973,709864974,709878584,709648952,709882680,"decoded_payload_last_chip",1,962.525770,962.834451,262,0.000000,-1645.046534,"Decawave DW-8",0.956252,1,12,0x0289,0x0289,1,"618865F2F002000100008902"
1877,709975500,710029470,710257055,710227565,710243443,710243445,710257055,710027422,710261151,"decoded_payload_last_chip",1,963.039103,963.347785,262,0.000000,-1649.864360,"Decawave DW-8",0.956710,1,12,0x8859,0x8859,1,"618866F2F002000100005988"
1878,710354000,710407941,710635526,710606036,710621915,710621916,710635526,710405893,710639622,"decoded_payload_last_chip",1,963.552437,963.861119,262,3.498426,-1828.064026,"Decawave DW-8",0.958730,1,12,0x09E6,0x09E6,1,"618867F2F00200010000E609"
1879,710732600,710786412,711013996,710984506,711000385,711000386,711013996,710784364,711018092,"decoded_payload_last_chip",1,964.065771,964.374452,262,0.000000,-1650.077288,"Decawave DW-8",0.957017,1,12,0xB854,0xB854,1,"618868F2F0020001000054B8"
1880,711110900,711164882,711392467,711362977,711378855,711378857,711392467,711162834,711396563,"decoded_payload_last_chip",1,964.579104,964.887786,262,0.000000,-1645.521964,"Decawave DW-8",0.956903,1,12,0x39EB,0x39EB,1,"618869F2F00200010000EB39"
1881,711489400,711543353,711770937,711741447,711757326,711757327,711770937,711541305,711775033,"decoded_payload_last_chip",1,965.092438,965.401119,262,0.000000,-1654.494907,"Decawave DW-8",0.956542,1,12,0xB33B,0xB33B,1,"61886AF2F002000100003BB3"
1882,711867900,711921823,712149407,712119918,712135796,712135798,712149407,711919775,712153503,"decoded_payload_last_chip",1,965.605771,965.914452,262,-0.000000,-1606.368802,"Decawave DW-8",0.956799,1,12,0x3284,0x3284,1,"61886BF2F002000100008432"
1883,712246300,712300294,712527878,712498389,712514267,712514268,712527878,712298246,712531974,"decoded_payload_last_chip",1,966.119105,966.427786,262,0.000000,-1650.538513,"Decawave DW-8",0.957111,1,12,0xAE8A,0xAE8A,1,"61886CF2F002000100008AAE"
1884,712624800,712678765,712906349,712876859,712892737,712892739,712906349,712676717,712910445,"decoded_payload_last_chip",1,966.632440,966.941120,262,0.000000,-1642.865240,"Decawave DW-8",0.957257,1,12,0x2F35,0x2F35,1,"61886DF2F00200010000352F"
1885,713003300,713057235,713284819,713255330,713271208,713271209,713284819,713055187,713288915,"decoded_payload_last_chip",1,967.145772,967.454453,262,0.000000,-1650.718633,"Decawave DW-8",0.956677,1,12,0xA5E5,0xA5E5,1,"61886EF2F00200010000E5A5"
1886,713381800,713435705,713663290,713633800,713649678,713649680,713663290,713433657,713667386,"decoded_payload_last_chip",1,967.659105,967.967787,262,0.000000,-1647.270364,"Decawave DW-8",0.956561,1,12,0x245A,0x245A,1,"61886FF2F002000100005A24"
1887,713760200,713814176,714041760,714012270,714028149,714028150,714041760,713812128,714045856,"decoded_payload_last_chip",1,968.172439,968.481120,262,0.000000,-1649.159913,"Decawave DW-8",0.957016,1,12,0xCE90,0xCE90,1,"618870F2F0020001000090CE"
1888,714138700,714192646,714420230,714390741,714406619,714406620,714420230,714190598,714424326,"decoded_payload_last_chip",1,968.685772,968.994453,262,0.000000,-1667.224262,"Decawave DW-8",0.956506,1,12,0x4F2F,0x4F2F,1,"618871F2F002000100002F4F"
1889,714516600,714571117,714798701,714769211,714785090,714785091,714798701,714569069,714802797,"decoded_payload_last_chip",1,969.199106,969.507787,262,0.000000,-1643.426094,"Decawave DW-8",0.957080,1,12,0xC5FF,0xC5FF,1,"618872F2F00200010000FFC5"
1890,714895600,714949587,715177172,715147682,715163560,715163562,715177172,714947539,715181268,"decoded_payload_last_chip",1,969.712439,970.021121,262,0.000000,-1650.402803,"Decawave DW-8",0.956097,1,12,0x4440,0x4440,1,"618873F2F002000100004044"
1891,715274100,715328058,715555642,715526152,715542031,715542032,715555642,715326010,715559738,"decoded_payload_last_chip",1,970.225773,970.534454,262,0.000000,-1638.304272,"Decawave DW-8",0.956678,1,12,0xD84E,0xD84E,1,"618874F2F002000100004ED8"
1892,715652700,715706528,715934112,715904622,715920501,715920502,715934112,715704480,715938208,"decoded_payload_last_chip",1,970.739106,971.047786,262,0.000000,-1646.455784,"Decawave DW-8",0.956990,1,12,0x59F1,0x59F1,1,"618875F2F00200010000F159"
1893,716031000,716084999,716312583,716283093,716298971,716298973,716312583,716082951,716316679,"decoded_payload_last_chip",1,971.252440,971.561121,262,0.000000,-1655.377709,"Decawave DW-8",0.956413,1,12,0xD321,0xD321,1,"618876F2F0020001000021D3"
1894,716408972,716463469,716691053,716661564,716677442,716677443,716691053,716461421,716695149,"decoded_payload_last_chip",1,971.765773,972.074453,262,0.000000,-1637.603055,"Decawave DW-8",0.957067,1,12,0x529E,0x529E,1,"618877F2F002000100009E52"
1895,716788000,716841939,717069524,717040034,717055912,717055914,717069524,716839891,717073620,"decoded_payload_last_chip",1,972.279106,972.587788,262,0.000000,-1659.401088,"Decawave DW-8",0.956794,1,12,0xE32C,0xE32C,1,"618878F2F002000100002CE3"
1896,717166500,717220410,717447994,717418504,717434383,717434384,717447994,717218362,717452090,"decoded_payload_last_chip",1,972.792440,973.101120,262,0.000000,-1651.481964,"Decawave DW-8",0.956916,1,12,0x6293,0x6293,1,"618879F2F002000100009362"
1897,717544900,717598881,717826465,717796975,717812854,717812855,717826465,717596833,717830561,"decoded_payload_last_chip",1,973.305774,973.614454,262,0.000000,-1651.163973,"Decawave DW-8",0.956218,1,12,0xE843,0xE843,1,"61887AF2F0020001000043E8"
1898,717923500,717977351,718204936,718175446,718191324,718191326,718204936,717975303,718209032,"decoded_payload_last_chip",1,973.819107,974.127789,262,2.442068,-1702.600373,"Decawave DW-8",0.957048,1,12,0x69FC,0x69FC,1,"61887BF2F00200010000FC69"
1899,718301900,718355822,718583406,718553916,718569795,718569796,718583406,718353774,718587502,"decoded_payload_last_chip",1,974.332441,974.641121,262,0.000000,-1656.730477,"Decawave DW-8",0.956445,1,12,0xF5F2,0xF5F2,1,"61887CF2F00200010000F2F5"
1900,718680300,718734292,718961876,718932386,718948265,718948266,718961876,718732244,718965972,"decoded_payload_last_chip",1,974.845774,975.154454,262,0.000000,-1635.911365,"Decawave DW-8",0.956463,1,12,0x744D,0x744D,1,"61887DF2F002000100004D74"
1901,719058800,719112762,719340348,719310858,719326736,719326738,719340348,719110714,719344444,"decoded_payload_last_chip",1,975.359106,975.667790,262,5.399016,-1937.300079,"Decawave DW-8",0.953574,1,12,0xFE9D,0xFE9D,1,"61887EF2F002000100009DFE"
1902,719437300,719491234,719718818,719689328,719705206,719705208,719718818,719489186,719722914,"decoded_payload_last_chip",1,975.872442,976.181123,262,0.000000,-1636.557107,"Decawave DW-8",0.956320,1,12,0x7F22,0x7F22,1,"61887FF2F00200010000227F"
1903,719815800,719869704,720097288,720067799,720083677,720083678,720097288,719867656,720101384,"decoded_payload_last_chip",1,976.385775,976.694455,262,0.000000,-1652.252238,"Decawave DW-8",0.955825,1,12,0x8D0B,0x8D0B,1,"618880F2F002000100000B8D"
1904,720194200,720248174,720475758,720446269,720462147,720462149,720475758,720246126,720479854,"decoded_payload_last_chip",1,976.899108,977.207788,262,0.000000,-1632.112220,"Decawave DW-8",0.955915,1,12,0x0CB4,0x0CB4,1,"618881F2F00200010000B40C"
1905,720572900,720626644,720854229,720824739,720840617,720840619,720854229,720624596,720858325,"decoded_payload_last_chip",1,977.412440,977.721122,262,0.000000,-1634.032104,"Decawave DW-8",0.956484,1,12,0x8664,0x8664,1,"618882F2F002000100006486"
1906,720951200,721005115,721232699,721203210,721219088,721219089,721232699,721003067,721236795,"decoded_payload_last_chip",1,977.925774,978.234455,262,0.000000,-1650.493504,"Decawave DW-8",0.956371,1,12,0x07DB,0x07DB,1,"618883F2F00200010000DB07"
1907,721329600,721383586,721611170,721581680,721597559,721597560,721611170,721381538,721615266,"decoded_payload_last_chip",1,978.439109,978.747789,262,0.000000,-1642.659617,"Decawave DW-8",0.956525,1,12,0x9BD5,0x9BD5,1,"618884F2F00200010000D59B"
1908,721708100,721762056,721989641,721960151,721976029,721976031,721989641,721760008,721993737,"decoded_payload_last_chip",1,978.952441,979.261123,262,0.000000,-1645.991390,"Decawave DW-8",0.956147,1,12,0x1A6A,0x1A6A,1,"618885F2F002000100006A1A"
1909,722086600,722140527,722368111,722338621,722354500,722354501,722368111,722138479,722372207,"decoded_payload_last_chip",1,979.465776,979.774456,262,0.000000,-1629.278007,"Decawave DW-8",0.956424,1,12,0x90BA,0x90BA,1,"618886F2F00200010000BA90"
1910,722465000,722518997,722746581,722717092,722732970,722732971,722746581,722516949,722750677,"decoded_payload_last_chip",1,979.979108,980.287789,262,0.000000,-1652.274614,"Decawave DW-8",0.956572,1,12,0x1105,0x1105,1,"618887F2F002000100000511"
1911,722843700,722897467,723125052,723095562,723111440,723111442,723125052,722895419,723129148,"decoded_payload_last_chip",1,980.492441,980.801123,262,0.000000,-1657.205664,"Decawave DW-8",0.956041,1,12,0xA0B7,0xA0B7,1,"618888F2F00200010000B7A0"
1912,723222000,723275938,723503522,723474032,723489911,723489912,723503522,723273890,723507618,"decoded_payload_last_chip",1,981.005775,981.314456,262,0.000000,-1666.151944,"Decawave DW-8",0.956901,1,12,0x2108,0x2108,1,"618889F2F002000100000821"
1913,723600500,723654408,723881993,723852503,723868381,723868383,723881993,723652360,723886089,"decoded_payload_last_chip",1,981.519108,981.827790,262,-0.000000,-1650.420895,"Decawave DW-8",0.956617,1,12,0xABD8,0xABD8,1,"61888AF2F00200010000D8AB"
1914,723979000,724032879,724260463,724230973,724246852,724246853,724260463,724030831,724264559,"decoded_payload_last_chip",1,982.032442,982.341123,262,0.000000,-1668.103664,"Decawave DW-8",0.956917,1,12,0x2A67,0x2A67,1,"61888BF2F00200010000672A"
1915,724357600,724411350,724638934,724609444,724625323,724625324,724638934,724409302,724643030,"decoded_payload_last_chip",1,982.545776,982.854457,262,0.000000,-1638.284717,"Decawave DW-8",0.957019,1,12,0xB669,0xB669,1,"61888CF2F0020001000069B6"
1916,724734572,724789820,725017404,724987915,725003793,725003794,725017404,724787772,725021500,"decoded_payload_last_chip",1,983.059109,983.367790,262,0.000000,-1636.836435,"Decawave DW-8",0.957182,1,12,0x37D6,0x37D6,1,"61888DF2F00200010000D637"
1917,725114300,725168290,725395875,725366385,725382263,725382265,725395875,725166242,725399971,"decoded_payload_last_chip",1,983.572442,983.881124,262,0.000000,-1645.443211,"Decawave DW-8",0.956575,1,12,0xBD06,0xBD06,1,"61888EF2F0020001000006BD"
1918,725492800,725546761,725774345,725744855,725760734,725760735,725774345,725544713,725778441,"decoded_payload_last_chip",1,984.085776,984.394457,262,0.000000,-1655.109615,"Decawave DW-8",0.956637,1,12,0x3CB9,0x3CB9,1,"61888FF2F00200010000B93C"
1919,725871400,725925232,726152816,726123326,726139205,726139206,726152816,725923184,726156912,"decoded_payload_last_chip",1,984.599110,984.907791,262,0.000000,-1672.981057,"Decawave DW-8",0.956539,1,12,0xD673,0xD673,1,"618890F2F0020001000073D6"
1920,726249900,726303702,726531286,726501797,726517675,726517676,726531286,726301654,726535382,"decoded_payload_last_chip",1,985.112443,985.421124,262,0.000000,-1642.602178,"Decawave DW-8",0.956647,1,12,0x57CC,0x57CC,1,"618891F2F00200010000CC57"
1921,726628200,726682173,726909757,726880267,726896146,726896147,726909757,726680125,726913853,"decoded_payload_last_chip",1,985.625777,985.934458,262,0.000000,-1645.111908,"Decawave DW-8",0.956615,1,12,0xDD1C,0xDD1C,1,"618892F2F002000100001CDD"
1922,727006900,727060643,727288227,727258738,727274616,727274617,727288227,727058595,727292323,"decoded_payload_last_chip",1,986.139110,986.447791,262,0.000000,-1648.202159,"Decawave DW-8",0.956597,1,12,0x5CA3,0x5CA3,1,"618893F2F00200010000A35C"
1923,727385500,727439114,727666698,727637208,727653087,727653088,727666698,727437066,727670794,"decoded_payload_last_chip",1,986.652444,986.961125,262,0.000000,-1655.959001,"Decawave DW-8",0.956967,1,12,0xC0AD,0xC0AD,1,"618894F2F00200010000ADC0"
1924,727763600,727817584,728045169,728015679,728031558,728031559,728045169,727815536,728049265,"decoded_payload_last_chip",1,987.165777,987.474459,262,3.918079,-1815.091332,"Decawave DW-8",0.956090,1,12,0x4112,0x4112,1,"618895F2F002000100001241"
1925,728142100,728196055,728423639,728394149,728410028,728410029,728423639,728194007,728427735,"decoded_payload_last_chip",1,987.679111,987.987792,262,0.000000,-1658.750345,"Decawave DW-8",0.956211,1,12,0xCBC2,0xCBC2,1,"618896F2F00200010000C2CB"
1926,728520600,728574525,728802110,728772620,728788498,728788500,728802110,728572477,728806206,"decoded_payload_last_chip",1,988.192444,988.501126,262,0.000000,-1664.180833,"Decawave DW-8",0.956496,1,12,0x4A7D,0x4A7D,1,"618897F2F002000100007D4A"
1927,728899000,728952996,729180580,729151090,729166968,729166970,729180580,728950948,729184676,"decoded_payload_last_chip",1,988.705778,989.014459,262,0.000000,-1648.199865,"Decawave DW-8",0.957102,1,12,0xFBCF,0xFBCF,1,"618898F2F00200010000CFFB"
1928,729277600,729331466,729559051,729529561,729545439,729545441,729559051,729329418,729563147,"decoded_payload_last_chip",1,989.219111,989.527793,262,-0.000000,-1636.718935,"Decawave DW-8",0.956268,1,12,0x7A70,0x7A70,1,"618899F2F00200010000707A"
1929,729656000,729709936,729937521,729908031,729923909,729923911,729937521,729707888,729941617,"decoded_payload_last_chip",1,989.732444,990.041125,262,0.000000,-1659.280301,"Decawave DW-8",0.956891,1,12,0xF0A0,0xF0A0,1,"61889AF2F00200010000A0F0"
1930,730034500,730088407,730315991,730286501,730302380,730302381,730315991,730086359,730320087,"decoded_payload_last_chip",1,990.245778,990.554458,262,0.000000,-1648.046365,"Decawave DW-8",0.956459,1,12,0x711F,0x711F,1,"61889BF2F002000100001F71"
1931,730412900,730466878,730694462,730664972,730680851,730680852,730694462,730464830,730698558,"decoded_payload_last_chip",1,990.759112,991.067792,262,0.000000,-1651.436091,"Decawave DW-8",0.957275,1,12,0xED11,0xED11,1,"61889CF2F0020001000011ED"
1932,730791400,730845348,731072933,731043443,731059321,731059323,731072933,730843300,731077029,"decoded_payload_last_chip",1,991.272445,991.581127,262,0.000000,-1641.764582,"Decawave DW-8",0.956831,1,12,0x6CAE,0x6CAE,1,"61889DF2F00200010000AE6C"
1933,731169900,731223819,731451403,731421913,731437792,731437793,731451403,731221771,731455499,"decoded_payload_last_chip",1,991.785779,992.094459,262,0.000000,-1681.081527,"Decawave DW-8",0.956164,1,12,0xE67E,0xE67E,1,"61889EF2F002000100007EE6"
1934,731548300,731602289,731829873,731800383,731816262,731816263,731829873,731600241,731833969,"decoded_payload_last_chip",1,992.299112,992.607792,262,0.000000,-1639.207155,"Decawave DW-8",0.956423,1,12,0x67C1,0x67C1,1,"61889FF2F00200010000C167"
1935,731926800,731980759,732208344,732178854,732194732,732194734,732208344,731978711,732212440,"decoded_payload_last_chip",1,992.812444,993.121126,262,0.000000,-1670.810493,"Decawave DW-8",0.956809,1,12,0x3BFB,0x3BFB,1,"6188A0F2F00200010000FB3B"
1936,732305400,732359230,732586814,732557325,732573203,732573205,732586814,732357182,732590910,"decoded_payload_last_chip",1,993.325779,993.634459,262,0.000000,-1642.613067,"Decawave DW-8",0.956684,1,12,0xBA44,0xBA44,1,"6188A1F2F0020001000044BA"
1937,732683700,732737701,732965285,732935795,732951674,732951675,732965285,732735653,732969381,"decoded_payload_last_chip",1,993.839113,994.147793,262,0.000000,-1650.272715,"Decawave DW-8",0.956377,1,12,0x3094,0x3094,1,"6188A2F2F002000100009430"
1938,733062200,733116171,733343755,733314266,733330144,733330146,733343755,733114123,733347851,"decoded_payload_last_chip",1,994.352445,994.661126,262,0.000000,-1632.381611,"Decawave DW-8",0.956131,1,12,0xB12B,0xB12B,1,"6188A3F2F002000100002BB1"
1939,733440700,733494642,733722226,733692736,733708615,733708616,733722226,733492594,733726322,"decoded_payload_last_chip",1,994.865780,995.174460,262,0.000000,-1645.585177,"Decawave DW-8",0.956481,1,12,0x2D25,0x2D25,1,"6188A4F2F00200010000252D"
1940,733818400,733873112,734100696,734071206,734087085,734087086,734100696,733871064,734104792,"decoded_payload_last_chip",1,995.379112,995.687793,262,0.000000,-1658.970305,"Decawave DW-8",0.956787,1,12,0xAC9A,0xAC9A,1,"6188A5F2F002000100009AAC"
1941,734197600,734251582,734479167,734449677,734465555,734465557,734479167,734249534,734483263,"decoded_payload_last_chip",1,995.892445,996.201127,262,0.000000,-1638.666466,"Decawave DW-8",0.957054,1,12,0x264A,0x264A,1,"6188A6F2F002000100004A26"
1942,734576100,734630053,734857637,734828147,734844026,734844027,734857637,734628005,734861733,"decoded_payload_last_chip",1,996.405779,996.714460,262,0.244634,-1662.341299,"Decawave DW-8",0.958983,1,12,0xA7F5,0xA7F5,1,"6188A7F2F00200010000F5A7"
1943,734954600,735008523,735236108,735206619,735222497,735222499,735236108,735006475,735240204,"decoded_payload_last_chip",1,996.919112,997.227794,262,4.586635,-1861.805041,"Decawave DW-8",0.955573,1,12,0x1647,0x1647,1,"6188A8F2F002000100004716"
1944,735333000,735386994,735614578,735585089,735600967,735600968,735614578,735384946,735618674,"decoded_payload_last_chip",1,997.432446,997.741127,262,0.000000,-1613.732513,"Decawave DW-8",0.955996,1,12,0x97F8,0x97F8,1,"6188A9F2F00200010000F897"
1945,735711500,735765465,735993049,735963559,735979437,735979439,735993049,735763417,735997145,"decoded_payload_last_chip",1,997.945780,998.254461,262,0.000000,-1646.607666,"Decawave DW-8",0.956605,1,12,0x1D28,0x1D28,1,"6188AAF2F00200010000281D"
1946,736090000,736143935,736371519,736342030,736357908,736357909,736371519,736141887,736375615,"decoded_payload_last_chip",1,998.459113,998.767794,262,0.000000,-1636.398142,"Decawave DW-8",0.956655,1,12,0x9C97,0x9C97,1,"6188ABF2F00200010000979C"
1947,736468500,736522405,736749990,736720500,736736378,736736380,736749990,736520357,736754086,"decoded_payload_last_chip",1,998.972446,999.281128,262,0.000000,-1660.798643,"Decawave DW-8",0.956546,1,12,0x0099,0x0099,1,"6188ACF2F002000100009900"
1948,736846900,736900876,737128461,737098971,737114849,737114851,737128461,736898828,737132557,"decoded_payload_last_chip",1,999.485780,999.794462,262,0.000000,-1634.639276,"Decawave DW-8",0.956881,1,12,0x8126,0x8126,1,"6188ADF2F002000100002681"
